_id,collision_id,accdate,stname1,stname2,stname3,per_inv,acclass,accloc,traffictl,impactype,visible,light,rdsfcond,road_class,failtorem,longitude,latitude,veh_no,vehtype,initdir,per_no,invage,injury,safequip,drivact,drivcond,pedact,pedcond,manoeuvre,pedtype,cyclistype,cycact,cyccond,road_user,fatal_no,wardname,division,neighbourhood,aggressive,distracted,cyclist,motorcyclist,other_micromobility,older_adult,pedestrian,red_light,school_child,heavy_truck,geometry
241,2006:898163,2006-03-19T17:43:00,STEELES AVE E,WARDEN AVE,,6,Non-Fatal Injury,At Intersection,Traffic Signal,Angle,Clear,Daylight,Dry,Major Arterial,FALSE,-79.32439056,43.819644089106994,2,Automobile or Station Wagon,East,2,43,Minor,Lap and Shoulder Belt,Disobeyed traffic control,Inattentive,,,Going Ahead,,,,,driver,,Scarborough-Agincourt (22),42 Division,,TRUE,TRUE,FALSE,FALSE,FALSE,TRUE,FALSE,TRUE,FALSE,FALSE,"{""coordinates"": [[-79.32439055987501, 43.819644089106994]], ""type"": ""MultiPoint""}"
242,2006:898163,2006-03-19T17:43:00,STEELES AVE E,WARDEN AVE,,6,Non-Fatal Injury,At Intersection,Traffic Signal,Angle,Clear,Daylight,Dry,Major Arterial,FALSE,-79.32439056,43.819644089106994,4,Automobile or Station Wagon,West,6,21,None,Lap and Shoulder Belt,Driving properly,Normal,,,Stopped,,,,,driver,,Scarborough-Agincourt (22),42 Division,,TRUE,TRUE,FALSE,FALSE,FALSE,TRUE,FALSE,TRUE,FALSE,FALSE,"{""coordinates"": [[-79.32439055987501, 43.819644089106994]], ""type"": ""MultiPoint""}"
243,2006:898163,2006-03-19T17:43:00,STEELES AVE E,WARDEN AVE,,6,Non-Fatal Injury,At Intersection,Traffic Signal,Angle,Clear,Daylight,Dry,Major Arterial,FALSE,-79.32439056,43.819644089106994,3,Automobile or Station Wagon,North,5,52,Major,Lap and Shoulder Belt,Driving properly,Normal,,,Going Ahead,,,,,driver,,Scarborough-Agincourt (22),42 Division,,TRUE,TRUE,FALSE,FALSE,FALSE,TRUE,FALSE,TRUE,FALSE,FALSE,"{""coordinates"": [[-79.32439055987501, 43.819644089106994]], ""type"": ""MultiPoint""}"
244,2006:893964,2006-03-20T07:55:00,941 PROGRESS AVE,,,2,Non-Fatal Injury,,Traffic Signal,Pedestrian Collision(internal code),Clear,Daylight,Dry,Minor Arterial,FALSE,-79.23179045,43.78384398114806,2,,,2,62,Major,Other Safety Equipment Used,,,Running onto roadway,Normal,,Other,,,,pedestrian,,Scarborough-Guildwood (24),43 Division,Woburn North,FALSE,FALSE,FALSE,FALSE,FALSE,FALSE,TRUE,FALSE,FALSE,FALSE,"{""coordinates"": [[-79.23179044825541, 43.78384398114806]], ""type"": ""MultiPoint""}"
245,2006:893964,2006-03-20T07:55:00,941 PROGRESS AVE,,,2,Non-Fatal Injury,,Traffic Signal,Pedestrian Collision(internal code),Clear,Daylight,Dry,Minor Arterial,FALSE,-79.23179045,43.78384398114806,1,Automobile or Station Wagon,East,1,22,None,Other Safety Equipment Used,Driving properly,Normal,,,Going Ahead,,,,,driver,,Scarborough-Guildwood (24),43 Division,Woburn North,FALSE,FALSE,FALSE,FALSE,FALSE,FALSE,TRUE,FALSE,FALSE,FALSE,"{""coordinates"": [[-79.23179044825541, 43.78384398114806]], ""type"": ""MultiPoint""}"
246,2006:894030,2006-03-20T21:00:00,BLACK CREEK DR,LAWRENCE AVE W,,1,Non-Fatal Injury,,Traffic Signal,Rear End,Clear,Dark,Dry,Major Arterial,FALSE,-79.49409099,43.70494432,1,Automobile or Station Wagon,North,2,25,Major,Lap and Shoulder Belt,Driving properly,Normal,,,Slowing or Stopping,,,,,driver,,York South-Weston (5),12 Division,Brookhaven-Amesbury,TRUE,TRUE,FALSE,FALSE,FALSE,FALSE,FALSE,FALSE,FALSE,FALSE,"{""coordinates"": [[-79.49409099393253, 43.7049443203318]], ""type"": ""MultiPoint""}"
247,2010:1181618,2010-06-17T19:27:00,350 MIDWEST RD,,,4,Non-Fatal Injury,,No Control,Turning Movement,Clear,Dark,Dry,Collector,FALSE,-79.27159053,43.761744022055204,2,,,2,,,Other Safety Equipment Used,,,,,,,,,,owner,,Scarborough Centre (21),41 Division,Dorset Park,TRUE,TRUE,FALSE,TRUE,FALSE,FALSE,FALSE,FALSE,FALSE,TRUE,"{""coordinates"": [[-79.27159052650777, 43.761744022055204]], ""type"": ""MultiPoint""}"
248,2006:894030,2006-03-20T21:00:00,BLACK CREEK DR,LAWRENCE AVE W,,1,Non-Fatal Injury,,Traffic Signal,Rear End,Clear,Dark,Dry,Major Arterial,FALSE,-79.49409099,43.70494432,2,Automobile or Station Wagon,North,3,34,None,Lap and Shoulder Belt,Failed to yield right-of-way,Inattentive,,,Going Ahead,,,,,driver,,York South-Weston (5),12 Division,Brookhaven-Amesbury,TRUE,TRUE,FALSE,FALSE,FALSE,FALSE,FALSE,FALSE,FALSE,FALSE,"{""coordinates"": [[-79.49409099393253, 43.7049443203318]], ""type"": ""MultiPoint""}"
249,2006:894030,2006-03-20T21:00:00,BLACK CREEK DR,LAWRENCE AVE W,,1,Non-Fatal Injury,,Traffic Signal,Rear End,Clear,Dark,Dry,Major Arterial,FALSE,-79.49409099,43.70494432,1,,,1,24,Minimal,Lap and Shoulder Belt,,,,,,,,,,passenger,,York South-Weston (5),12 Division,Brookhaven-Amesbury,TRUE,TRUE,FALSE,FALSE,FALSE,FALSE,FALSE,FALSE,FALSE,FALSE,"{""coordinates"": [[-79.49409099393253, 43.7049443203318]], ""type"": ""MultiPoint""}"
250,2006:894423,2006-03-22T14:35:00,2423 KEELE ST,,,3,Non-Fatal Injury,,No Control,SMV Unattended Vehicle,Clear,Daylight,Dry,Major Arterial,FALSE,-79.47849096,43.71064429667104,2,Automobile or Station Wagon,South,2,72,Major,Lap and Shoulder Belt,Lost control,Medical or Physical Disability,,,Going Ahead,,,,,driver,,York South-Weston (5),12 Division,Maple Leaf,FALSE,FALSE,FALSE,FALSE,FALSE,TRUE,FALSE,FALSE,FALSE,FALSE,"{""coordinates"": [[-79.47849095556339, 43.71064429667104]], ""type"": ""MultiPoint""}"
251,2006:894423,2006-03-22T14:35:00,2423 KEELE ST,,,3,Non-Fatal Injury,,No Control,SMV Unattended Vehicle,Clear,Daylight,Dry,Major Arterial,FALSE,-79.47849096,43.71064429667104,1,Automobile or Station Wagon,North,1,52,None,Other Safety Equipment Used,Driving properly,Normal,,,Going Ahead,,,,,driver,,York South-Weston (5),12 Division,Maple Leaf,FALSE,FALSE,FALSE,FALSE,FALSE,TRUE,FALSE,FALSE,FALSE,FALSE,"{""coordinates"": [[-79.47849095556339, 43.71064429667104]], ""type"": ""MultiPoint""}"
252,2006:894423,2006-03-22T14:35:00,2423 KEELE ST,,,3,Non-Fatal Injury,,No Control,SMV Unattended Vehicle,Clear,Daylight,Dry,Major Arterial,FALSE,-79.47849096,43.71064429667104,3,,,3,,None,Other Safety Equipment Used,,,,,Parked,,,,,other,,York South-Weston (5),12 Division,Maple Leaf,FALSE,FALSE,FALSE,FALSE,FALSE,TRUE,FALSE,FALSE,FALSE,FALSE,"{""coordinates"": [[-79.47849095556339, 43.71064429667104]], ""type"": ""MultiPoint""}"
253,2006:898778,2006-03-25T11:39:00,WESTON RD,ROGERS RD,,5,Non-Fatal Injury,,No Control,Turning Movement,Rain,Daylight,Wet,Major Arterial,FALSE,-79.477991,43.682544308425335,2,,,4,,None,Other Safety Equipment Used,,,,,,,,,,owner,,York South-Weston (5),12 Division,Rockcliffe-Smythe,FALSE,TRUE,FALSE,FALSE,FALSE,FALSE,FALSE,FALSE,TRUE,FALSE,"{""coordinates"": [[-79.47799100473651, 43.682544308425335]], ""type"": ""MultiPoint""}"
254,2006:898778,2006-03-25T11:39:00,WESTON RD,ROGERS RD,,5,Non-Fatal Injury,,No Control,Turning Movement,Rain,Daylight,Wet,Major Arterial,FALSE,-79.477991,43.682544308425335,2,Automobile or Station Wagon,North,5,17,Major,Lap and Shoulder Belt,Other,Inattentive,,,Making U-Turn,,,,,driver,,York South-Weston (5),12 Division,Rockcliffe-Smythe,FALSE,TRUE,FALSE,FALSE,FALSE,FALSE,FALSE,FALSE,TRUE,FALSE,"{""coordinates"": [[-79.47799100473651, 43.682544308425335]], ""type"": ""MultiPoint""}"
255,2006:898778,2006-03-25T11:39:00,WESTON RD,ROGERS RD,,5,Non-Fatal Injury,,No Control,Turning Movement,Rain,Daylight,Wet,Major Arterial,FALSE,-79.477991,43.682544308425335,1,,,2,41,Minor,Lap and Shoulder Belt,,,,,,,,,,passenger,,York South-Weston (5),12 Division,Rockcliffe-Smythe,FALSE,TRUE,FALSE,FALSE,FALSE,FALSE,FALSE,FALSE,TRUE,FALSE,"{""coordinates"": [[-79.47799100473651, 43.682544308425335]], ""type"": ""MultiPoint""}"
256,2006:898778,2006-03-25T11:39:00,WESTON RD,ROGERS RD,,5,Non-Fatal Injury,,No Control,Turning Movement,Rain,Daylight,Wet,Major Arterial,FALSE,-79.477991,43.682544308425335,1,,,1,,None,Other Safety Equipment Used,,,,,,,,,,owner,,York South-Weston (5),12 Division,Rockcliffe-Smythe,FALSE,TRUE,FALSE,FALSE,FALSE,FALSE,FALSE,FALSE,TRUE,FALSE,"{""coordinates"": [[-79.47799100473651, 43.682544308425335]], ""type"": ""MultiPoint""}"
257,2006:898778,2006-03-25T11:39:00,WESTON RD,ROGERS RD,,5,Non-Fatal Injury,,No Control,Turning Movement,Rain,Daylight,Wet,Major Arterial,FALSE,-79.477991,43.682544308425335,1,Automobile or Station Wagon,North,3,46,None,Lap and Shoulder Belt,Driving properly,Normal,,,Going Ahead,,,,,driver,,York South-Weston (5),12 Division,Rockcliffe-Smythe,FALSE,TRUE,FALSE,FALSE,FALSE,FALSE,FALSE,FALSE,TRUE,FALSE,"{""coordinates"": [[-79.47799100473651, 43.682544308425335]], ""type"": ""MultiPoint""}"
258,2006:894735,2006-03-25T18:50:00,910 DUNDAS ST E,,,2,Non-Fatal Injury,,No Control,Pedestrian Collision(internal code),Rain,Dark,Wet,Minor Arterial,FALSE,-79.34979079,43.66284413091448,1,,,2,26,Major,Other Safety Equipment Used,,,Other,Unknown,,Driver hits pedestrian at midblock,,,,pedestrian,,Toronto-Danforth (14),55 Division,South Riverdale,TRUE,FALSE,FALSE,FALSE,FALSE,FALSE,TRUE,FALSE,FALSE,FALSE,"{""coordinates"": [[-79.34979079351457, 43.66284413091448]], ""type"": ""MultiPoint""}"
259,2006:894735,2006-03-25T18:50:00,910 DUNDAS ST E,,,2,Non-Fatal Injury,,No Control,Pedestrian Collision(internal code),Rain,Dark,Wet,Minor Arterial,FALSE,-79.34979079,43.66284413091448,1,Automobile or Station Wagon,,1,,None,Other Safety Equipment Used,Failed to yield right-of-way,Unknown,,,Unknown,,,,,driver,,Toronto-Danforth (14),55 Division,South Riverdale,TRUE,FALSE,FALSE,FALSE,FALSE,FALSE,TRUE,FALSE,FALSE,FALSE,"{""coordinates"": [[-79.34979079351457, 43.66284413091448]], ""type"": ""MultiPoint""}"
260,2006:899126,2006-03-26T16:14:00,CALEDONIA RD,NORMAN AVE,,3,Non-Fatal Injury,,No Control,SMV Other,Clear,Daylight,Dry,Minor Arterial,FALSE,-79.45579097,43.67774427906921,2,,,2,,None,Other Safety Equipment Used,,,,,,,,,,owner,,Davenport (9),13 Division,Corso Italia-Davenport,FALSE,FALSE,FALSE,FALSE,FALSE,FALSE,FALSE,FALSE,FALSE,FALSE,"{""coordinates"": [[-79.45579097152503, 43.67774427906921]], ""type"": ""MultiPoint""}"
261,2006:899126,2006-03-26T16:14:00,CALEDONIA RD,NORMAN AVE,,3,Non-Fatal Injury,,No Control,SMV Other,Clear,Daylight,Dry,Minor Arterial,FALSE,-79.45579097,43.67774427906921,1,Automobile or Station Wagon,North,1,35,Major,Lap and Shoulder Belt,Lost control,Had Been Drinking,,,Going Ahead,,,,,driver,,Davenport (9),13 Division,Corso Italia-Davenport,FALSE,FALSE,FALSE,FALSE,FALSE,FALSE,FALSE,FALSE,FALSE,FALSE,"{""coordinates"": [[-79.45579097152503, 43.67774427906921]], ""type"": ""MultiPoint""}"
262,2006:899126,2006-03-26T16:14:00,CALEDONIA RD,NORMAN AVE,,3,Non-Fatal Injury,,No Control,SMV Other,Clear,Daylight,Dry,Minor Arterial,FALSE,-79.45579097,43.67774427906921,2,,,3,,None,Other Safety Equipment Used,,,,,,,,,,owner,,Davenport (9),13 Division,Corso Italia-Davenport,FALSE,FALSE,FALSE,FALSE,FALSE,FALSE,FALSE,FALSE,FALSE,FALSE,"{""coordinates"": [[-79.45579097152503, 43.67774427906921]], ""type"": ""MultiPoint""}"
263,2006:899369,2006-03-31T16:40:00,BLOOR ST W,CHRISTIE ST,,2,Non-Fatal Injury,,No Control,Pedestrian Collision(internal code),Clear,Daylight,Dry,Major Arterial,FALSE,-79.41769092,43.66374422927333,2,,North,2,73,Major,Other Safety Equipment Used,,,Crossing with right-of-way (intersection),Normal,,Driver hits pedestrian at midblock,,,,pedestrian,,University-Rosedale (11),14 Division,Annex,FALSE,FALSE,FALSE,FALSE,FALSE,TRUE,TRUE,FALSE,FALSE,FALSE,"{""coordinates"": [[-79.41769092252044, 43.66374422927333]], ""type"": ""MultiPoint""}"
264,2006:899369,2006-03-31T16:40:00,BLOOR ST W,CHRISTIE ST,,2,Non-Fatal Injury,,No Control,Pedestrian Collision(internal code),Clear,Daylight,Dry,Major Arterial,FALSE,-79.41769092,43.66374422927333,1,Automobile or Station Wagon,West,1,45,None,Lap and Shoulder Belt,Driving properly,Normal,,,Going Ahead,,,,,driver,,University-Rosedale (11),14 Division,Annex,FALSE,FALSE,FALSE,FALSE,FALSE,TRUE,TRUE,FALSE,FALSE,FALSE,"{""coordinates"": [[-79.41769092252044, 43.66374422927333]], ""type"": ""MultiPoint""}"
265,2006:899537,2006-04-01T22:05:00,JANE ST,EGLINTON AVE W,,5,Non-Fatal Injury,At Intersection,Traffic Signal,Sideswipe,Clear,Dark,Dry,Major Arterial,FALSE,-79.49879104,43.68444433675469,1,Automobile or Station Wagon,North,2,33,None,Other Safety Equipment Used,Driving properly,Normal,,,Stopped,,,,,driver,,York South-Weston (5),12 Division,Mount Dennis,FALSE,FALSE,FALSE,FALSE,FALSE,FALSE,FALSE,FALSE,FALSE,FALSE,"{""coordinates"": [[-79.49879104010617, 43.68444433675469]], ""type"": ""MultiPoint""}"
266,2006:899537,2006-04-01T22:05:00,JANE ST,EGLINTON AVE W,,5,Non-Fatal Injury,At Intersection,Traffic Signal,Sideswipe,Clear,Dark,Dry,Major Arterial,FALSE,-79.49879104,43.68444433675469,1,,,1,33,Major,Lap and Shoulder Belt,,,,,,,,,,passenger,,York South-Weston (5),12 Division,Mount Dennis,FALSE,FALSE,FALSE,FALSE,FALSE,FALSE,FALSE,FALSE,FALSE,FALSE,"{""coordinates"": [[-79.49879104010617, 43.68444433675469]], ""type"": ""MultiPoint""}"
267,2006:899537,2006-04-01T22:05:00,JANE ST,EGLINTON AVE W,,5,Non-Fatal Injury,At Intersection,Traffic Signal,Sideswipe,Clear,Dark,Dry,Major Arterial,FALSE,-79.49879104,43.68444433675469,1,,,5,,,Other Safety Equipment Used,,,,,,,,,,owner,,York South-Weston (5),12 Division,Mount Dennis,FALSE,FALSE,FALSE,FALSE,FALSE,FALSE,FALSE,FALSE,FALSE,FALSE,"{""coordinates"": [[-79.49879104010617, 43.68444433675469]], ""type"": ""MultiPoint""}"
268,2010:1205835,2010-12-05T04:21:00,422 BRIMORTON DR,,,4,Fatal Injury,,No Control,SMV Other,Clear,Dark,Dry,Collector,FALSE,-79.23759047,43.76904398423685,1,,,1,27,Major,Use Unknown,,,,,,,,,,passenger,,Scarborough-Guildwood (24),43 Division,Woburn North,FALSE,FALSE,FALSE,FALSE,FALSE,FALSE,FALSE,FALSE,FALSE,FALSE,"{""coordinates"": [[-79.23759046763203, 43.76904398423685]], ""type"": ""MultiPoint""}"
269,2006:899537,2006-04-01T22:05:00,JANE ST,EGLINTON AVE W,,5,Non-Fatal Injury,At Intersection,Traffic Signal,Sideswipe,Clear,Dark,Dry,Major Arterial,FALSE,-79.49879104,43.68444433675469,2,,,3,,,Other Safety Equipment Used,,,,,,,,,,owner,,York South-Weston (5),12 Division,Mount Dennis,FALSE,FALSE,FALSE,FALSE,FALSE,FALSE,FALSE,FALSE,FALSE,FALSE,"{""coordinates"": [[-79.49879104010617, 43.68444433675469]], ""type"": ""MultiPoint""}"
270,2006:899537,2006-04-01T22:05:00,JANE ST,EGLINTON AVE W,,5,Non-Fatal Injury,At Intersection,Traffic Signal,Sideswipe,Clear,Dark,Dry,Major Arterial,FALSE,-79.49879104,43.68444433675469,2,Automobile or Station Wagon,North,4,31,None,Lap and Shoulder Belt,Lost control,Normal,,,Overtaking,,,,,driver,,York South-Weston (5),12 Division,Mount Dennis,FALSE,FALSE,FALSE,FALSE,FALSE,FALSE,FALSE,FALSE,FALSE,FALSE,"{""coordinates"": [[-79.49879104010617, 43.68444433675469]], ""type"": ""MultiPoint""}"
271,2006:895615,2006-04-01T23:44:00,F G GARDINER XY E E,SPADINA AVE,,6,Non-Fatal Injury,,No Control,Rear End,Clear,Dark,Dry,Major Arterial,FALSE,-79.39129091,43.638744196996335,5,Automobile or Station Wagon,East,6,31,None,Lap and Shoulder Belt,Driving properly,Normal,,,Going Ahead,,,,,driver,,Spadina-Fort York (10),52 Division,Harbourfront-CityPlace,TRUE,TRUE,FALSE,FALSE,FALSE,FALSE,FALSE,FALSE,FALSE,FALSE,"{""coordinates"": [[-79.39129091056732, 43.638744196996335]], ""type"": ""MultiPoint""}"
272,2006:895615,2006-04-01T23:44:00,F G GARDINER XY E E,SPADINA AVE,,6,Non-Fatal Injury,,No Control,Rear End,Clear,Dark,Dry,Major Arterial,FALSE,-79.39129091,43.638744196996335,3,Automobile or Station Wagon,East,4,24,Major,Lap and Shoulder Belt,Driving properly,Normal,,,Stopped,,,,,driver,,Spadina-Fort York (10),52 Division,Harbourfront-CityPlace,TRUE,TRUE,FALSE,FALSE,FALSE,FALSE,FALSE,FALSE,FALSE,FALSE,"{""coordinates"": [[-79.39129091056732, 43.638744196996335]], ""type"": ""MultiPoint""}"
273,2006:895615,2006-04-01T23:44:00,F G GARDINER XY E E,SPADINA AVE,,6,Non-Fatal Injury,,No Control,Rear End,Clear,Dark,Dry,Major Arterial,FALSE,-79.39129091,43.638744196996335,2,,East,2,25,Minimal,Lap and Shoulder Belt,,,,,,,,,,passenger,,Spadina-Fort York (10),52 Division,Harbourfront-CityPlace,TRUE,TRUE,FALSE,FALSE,FALSE,FALSE,FALSE,FALSE,FALSE,FALSE,"{""coordinates"": [[-79.39129091056732, 43.638744196996335]], ""type"": ""MultiPoint""}"
274,2006:895615,2006-04-01T23:44:00,F G GARDINER XY E E,SPADINA AVE,,6,Non-Fatal Injury,,No Control,Rear End,Clear,Dark,Dry,Major Arterial,FALSE,-79.39129091,43.638744196996335,3,,,3,26,Minimal,Lap and Shoulder Belt,,,,,,,,,,passenger,,Spadina-Fort York (10),52 Division,Harbourfront-CityPlace,TRUE,TRUE,FALSE,FALSE,FALSE,FALSE,FALSE,FALSE,FALSE,FALSE,"{""coordinates"": [[-79.39129091056732, 43.638744196996335]], ""type"": ""MultiPoint""}"
275,2006:895615,2006-04-01T23:44:00,F G GARDINER XY E E,SPADINA AVE,,6,Non-Fatal Injury,,No Control,Rear End,Clear,Dark,Dry,Major Arterial,FALSE,-79.39129091,43.638744196996335,1,Automobile or Station Wagon,East,1,51,Minimal,Lap and Shoulder Belt,Driving properly,Unknown,,,Going Ahead,,,,,driver,,Spadina-Fort York (10),52 Division,Harbourfront-CityPlace,TRUE,TRUE,FALSE,FALSE,FALSE,FALSE,FALSE,FALSE,FALSE,FALSE,"{""coordinates"": [[-79.39129091056732, 43.638744196996335]], ""type"": ""MultiPoint""}"
276,2006:895615,2006-04-01T23:44:00,F G GARDINER XY E E,SPADINA AVE,,6,Non-Fatal Injury,,No Control,Rear End,Clear,Dark,Dry,Major Arterial,FALSE,-79.39129091,43.638744196996335,4,Automobile or Station Wagon,East,5,29,Minimal,Lap and Shoulder Belt,Following too closely,Inattentive,,,Going Ahead,,,,,driver,,Spadina-Fort York (10),52 Division,Harbourfront-CityPlace,TRUE,TRUE,FALSE,FALSE,FALSE,FALSE,FALSE,FALSE,FALSE,FALSE,"{""coordinates"": [[-79.39129091056732, 43.638744196996335]], ""type"": ""MultiPoint""}"
277,2006:895818,2006-04-02T17:17:00,DON MILLS RD,GATEWAY BLVD,,2,Non-Fatal Injury,,No Control,SMV Other,Clear,Daylight,Dry,Major Arterial,FALSE,-79.3357907,43.71304410497414,2,,,2,,None,Other Safety Equipment Used,,,,,,,,,,owner,,Don Valley East (16),55 Division,Flemingdon Park,FALSE,FALSE,FALSE,FALSE,FALSE,FALSE,FALSE,FALSE,FALSE,FALSE,"{""coordinates"": [[-79.33579069639322, 43.71304410497414]], ""type"": ""MultiPoint""}"
278,2006:895818,2006-04-02T17:17:00,DON MILLS RD,GATEWAY BLVD,,2,Non-Fatal Injury,,No Control,SMV Other,Clear,Daylight,Dry,Major Arterial,FALSE,-79.3357907,43.71304410497414,1,Automobile or Station Wagon,South,1,58,Major,Other Safety Equipment Used,Lost control,Medical or Physical Disability,,,Going Ahead,,,,,driver,,Don Valley East (16),55 Division,Flemingdon Park,FALSE,FALSE,FALSE,FALSE,FALSE,FALSE,FALSE,FALSE,FALSE,FALSE,"{""coordinates"": [[-79.33579069639322, 43.71304410497414]], ""type"": ""MultiPoint""}"
279,2006:899747,2006-04-03T16:15:00,DUNDAS ST W,BLOOR ST W,,2,Non-Fatal Injury,At Intersection,Traffic Signal,Pedestrian Collision(internal code),Rain,Daylight,Wet,Major Arterial,FALSE,-79.452491,43.65634428,2,,West,1,75,Major,Other Safety Equipment Used,,,Crossing without right-of-way (intersection),Normal,,Driver going straight hits pedestrian crossing without right-of-way (at intersection),,,,pedestrian,,Parkdale-High Park (4),11 Division,High Park North,FALSE,FALSE,FALSE,FALSE,FALSE,TRUE,TRUE,FALSE,FALSE,FALSE,"{""coordinates"": [[-79.45249100197823, 43.656344282584]], ""type"": ""MultiPoint""}"
280,2006:899747,2006-04-03T16:15:00,DUNDAS ST W,BLOOR ST W,,2,Non-Fatal Injury,At Intersection,Traffic Signal,Pedestrian Collision(internal code),Rain,Daylight,Wet,Major Arterial,FALSE,-79.452491,43.65634428,1,Automobile or Station Wagon,North,2,54,None,Lap and Shoulder Belt,Driving properly,Normal,,,Going Ahead,,,,,driver,,Parkdale-High Park (4),11 Division,High Park North,FALSE,FALSE,FALSE,FALSE,FALSE,TRUE,TRUE,FALSE,FALSE,FALSE,"{""coordinates"": [[-79.45249100197823, 43.656344282584]], ""type"": ""MultiPoint""}"
281,2006:895926,2006-04-04T02:30:00,1340 LESLIE ST,,,2,Non-Fatal Injury,,No Control,SMV Other,Clear,Dark,Dry,Major Arterial,FALSE,-79.3555907,43.73274412831905,1,,,1,,,Other Safety Equipment Used,,,,,,,,,,owner,,Don Valley West (15),33 Division,Banbury-Don Mills,FALSE,FALSE,FALSE,FALSE,FALSE,FALSE,FALSE,FALSE,FALSE,FALSE,"{""coordinates"": [[-79.35559070315226, 43.73274412831905]], ""type"": ""MultiPoint""}"
282,2006:895926,2006-04-04T02:30:00,1340 LESLIE ST,,,2,Non-Fatal Injury,,No Control,SMV Other,Clear,Dark,Dry,Major Arterial,FALSE,-79.3555907,43.73274412831905,1,Automobile or Station Wagon,South,2,41,Major,Other Safety Equipment Used,Lost control,Ability Impaired - Alcohol Over .08,,,Going Ahead,,,,,driver,,Don Valley West (15),33 Division,Banbury-Don Mills,FALSE,FALSE,FALSE,FALSE,FALSE,FALSE,FALSE,FALSE,FALSE,FALSE,"{""coordinates"": [[-79.35559070315226, 43.73274412831905]], ""type"": ""MultiPoint""}"
283,2006:896072,2006-04-04T13:25:00,WALMER RD,HEATH ST W,,2,Non-Fatal Injury,At Intersection,Stop Sign,Pedestrian Collision(internal code),Clear,Daylight,Dry,Collector,FALSE,-79.41319088,43.68654422,1,Automobile or Station Wagon,North,2,60,None,Other Safety Equipment Used,Other,Normal,,,Turning Right,,,,,driver,,Toronto-St. Paul's (12),13 Division,Forest Hill South,FALSE,FALSE,FALSE,FALSE,FALSE,FALSE,TRUE,FALSE,TRUE,FALSE,"{""coordinates"": [[-79.4131908772385, 43.6865442160988]], ""type"": ""MultiPoint""}"
284,2006:896072,2006-04-04T13:25:00,WALMER RD,HEATH ST W,,2,Non-Fatal Injury,At Intersection,Stop Sign,Pedestrian Collision(internal code),Clear,Daylight,Dry,Collector,FALSE,-79.41319088,43.68654422,2,,,1,16,Major,Other Safety Equipment Used,,,Running onto roadway,Normal,,Driver turns right into pedestrian crossing without right-of-way (at intersection),,,,pedestrian,,Toronto-St. Paul's (12),13 Division,Forest Hill South,FALSE,FALSE,FALSE,FALSE,FALSE,FALSE,TRUE,FALSE,TRUE,FALSE,"{""coordinates"": [[-79.4131908772385, 43.6865442160988]], ""type"": ""MultiPoint""}"
285,2006:899910,2006-04-06T15:40:00,BAY ST,GERRARD ST W,,2,Non-Fatal Injury,At Intersection,Traffic Signal,Cyclist Collision,Clear,Daylight,Dry,Major Arterial,FALSE,-79.38489087,43.65854418287108,1,Automobile or Station Wagon,South,1,49,None,Lap and Shoulder Belt,Driving properly,Normal,,,Stopped,,,,,driver,,University-Rosedale (11),52 Division,Yonge-Bay Corridor,FALSE,TRUE,TRUE,FALSE,FALSE,FALSE,FALSE,FALSE,FALSE,FALSE,"{""coordinates"": [[-79.3848908675395, 43.65854418287108]], ""type"": ""MultiPoint""}"
286,2006:899910,2006-04-06T15:40:00,BAY ST,GERRARD ST W,,2,Non-Fatal Injury,At Intersection,Traffic Signal,Cyclist Collision,Clear,Daylight,Dry,Major Arterial,FALSE,-79.38489087,43.65854418287108,2,Bicycle,South,2,25,Major,No Equipment Available,,,,,Going Ahead,,Rear end with cyclist and driver travelling in same direction,Other,Inattentive,cyclist,,University-Rosedale (11),52 Division,Yonge-Bay Corridor,FALSE,TRUE,TRUE,FALSE,FALSE,FALSE,FALSE,FALSE,FALSE,FALSE,"{""coordinates"": [[-79.3848908675395, 43.65854418287108]], ""type"": ""MultiPoint""}"
287,2006:899914,2006-04-06T18:25:00,232 VIEWMOUNT AVE,,,2,Non-Fatal Injury,,No Control,Pedestrian Collision(internal code),Clear,Daylight,Dry,Local,FALSE,-79.43919089,43.708044244866095,2,,South,2,61,Major,Other Safety Equipment Used,,,Coming from behind parked vehicle or object,Unknown,Other,Driver hits pedestrian walking or running out from between parked vehicles (at midblock),,,,pedestrian,,Eglinton-Lawrence (8),13 Division,Englemount-Lawrence,FALSE,FALSE,FALSE,FALSE,FALSE,FALSE,TRUE,FALSE,TRUE,FALSE,"{""coordinates"": [[-79.43919088947281, 43.708044244866095]], ""type"": ""MultiPoint""}"
288,2006:899914,2006-04-06T18:25:00,232 VIEWMOUNT AVE,,,2,Non-Fatal Injury,,No Control,Pedestrian Collision(internal code),Clear,Daylight,Dry,Local,FALSE,-79.43919089,43.708044244866095,1,Automobile or Station Wagon,West,1,18,None,Lap and Shoulder Belt,Driving properly,Normal,,,Going Ahead,,,,,driver,,Eglinton-Lawrence (8),13 Division,Englemount-Lawrence,FALSE,FALSE,FALSE,FALSE,FALSE,FALSE,TRUE,FALSE,TRUE,FALSE,"{""coordinates"": [[-79.43919088947281, 43.708044244866095]], ""type"": ""MultiPoint""}"
289,2006:897350,2006-04-07T15:55:00,KINGSTON RD,EGLINTON AVE E,,4,Non-Fatal Injury,,No Control,Rear End,Rain,Daylight,Wet,Major Arterial,FALSE,-79.20959045,43.74574395139295,1,,,1,,None,Other Safety Equipment Used,,,,,,,,,,owner,,Scarborough-Guildwood (24),43 Division,Scarborough Village,TRUE,FALSE,FALSE,FALSE,FALSE,FALSE,FALSE,FALSE,FALSE,FALSE,"{""coordinates"": [[-79.20959044744897, 43.74574395139295]], ""type"": ""MultiPoint""}"
290,2006:897350,2006-04-07T15:55:00,KINGSTON RD,EGLINTON AVE E,,4,Non-Fatal Injury,,No Control,Rear End,Rain,Daylight,Wet,Major Arterial,FALSE,-79.20959045,43.74574395139295,1,Automobile or Station Wagon,East,2,41,None,Other Safety Equipment Used,Speed too fast for conditions,Normal,,,Slowing or Stopping,,,,,driver,,Scarborough-Guildwood (24),43 Division,Scarborough Village,TRUE,FALSE,FALSE,FALSE,FALSE,FALSE,FALSE,FALSE,FALSE,FALSE,"{""coordinates"": [[-79.20959044744897, 43.74574395139295]], ""type"": ""MultiPoint""}"