_id,collision_id,accdate,stname1,stname2,stname3,per_inv,acclass,accloc,traffictl,impactype,visible,light,rdsfcond,road_class,failtorem,longitude,latitude,veh_no,vehtype,initdir,per_no,invage,injury,safequip,drivact,drivcond,pedact,pedcond,manoeuvre,pedtype,cyclistype,cycact,cyccond,road_user,fatal_no,wardname,division,neighbourhood,aggressive,distracted,cyclist,motorcyclist,other_micromobility,older_adult,pedestrian,red_light,school_child,heavy_truck,geometry
486,2006:908832,2006-05-29T21:49:00,YONGE ST,LORD SEATON RD,,5,Non-Fatal Injury,,Traffic Signal,Turning Movement,Clear,Dark,Dry,Major Arterial,FALSE,-79.40809076,43.75244419,1,Automobile or Station Wagon,South,3,30,Major,Use Unknown,Improper turn,Unknown,,,Turning Left,,,,,driver,,Don Valley West (15),32 Division,St.Andrew-Windfields,FALSE,FALSE,FALSE,FALSE,FALSE,FALSE,FALSE,FALSE,FALSE,FALSE,"{""coordinates"": [[-79.40809076396116, 43.7524441909706]], ""type"": ""MultiPoint""}"
487,2006:908832,2006-05-29T21:49:00,YONGE ST,LORD SEATON RD,,5,Non-Fatal Injury,,Traffic Signal,Turning Movement,Clear,Dark,Dry,Major Arterial,FALSE,-79.40809076,43.75244419,1,,,1,,Minimal,Use Unknown,,,,,,,,,,passenger,,Don Valley West (15),32 Division,St.Andrew-Windfields,FALSE,FALSE,FALSE,FALSE,FALSE,FALSE,FALSE,FALSE,FALSE,FALSE,"{""coordinates"": [[-79.40809076396116, 43.7524441909706]], ""type"": ""MultiPoint""}"
488,2006:908832,2006-05-29T21:49:00,YONGE ST,LORD SEATON RD,,5,Non-Fatal Injury,,Traffic Signal,Turning Movement,Clear,Dark,Dry,Major Arterial,FALSE,-79.40809076,43.75244419,2,,North,5,24,Minimal,Lap and Shoulder Belt,Driving properly,Normal,,,Going Ahead,,,,,driver,,Don Valley West (15),32 Division,St.Andrew-Windfields,FALSE,FALSE,FALSE,FALSE,FALSE,FALSE,FALSE,FALSE,FALSE,FALSE,"{""coordinates"": [[-79.40809076396116, 43.7524441909706]], ""type"": ""MultiPoint""}"
489,2006:908832,2006-05-29T21:49:00,YONGE ST,LORD SEATON RD,,5,Non-Fatal Injury,,Traffic Signal,Turning Movement,Clear,Dark,Dry,Major Arterial,FALSE,-79.40809076,43.75244419,2,,,4,,None,Other Safety Equipment Used,,,,,,,,,,owner,,Don Valley West (15),32 Division,St.Andrew-Windfields,FALSE,FALSE,FALSE,FALSE,FALSE,FALSE,FALSE,FALSE,FALSE,FALSE,"{""coordinates"": [[-79.40809076396116, 43.7524441909706]], ""type"": ""MultiPoint""}"
490,2006:908832,2006-05-29T21:49:00,YONGE ST,LORD SEATON RD,,5,Non-Fatal Injury,,Traffic Signal,Turning Movement,Clear,Dark,Dry,Major Arterial,FALSE,-79.40809076,43.75244419,1,,,2,,None,Other Safety Equipment Used,,,,,,,,,,owner,,Don Valley West (15),32 Division,St.Andrew-Windfields,FALSE,FALSE,FALSE,FALSE,FALSE,FALSE,FALSE,FALSE,FALSE,FALSE,"{""coordinates"": [[-79.40809076396116, 43.7524441909706]], ""type"": ""MultiPoint""}"
491,2006:905761,2006-05-30T23:28:00,ROSEDALE VALLEY RD,BAYVIEW AVE,,1,Fatal Injury,,No Control,SMV Other,Clear,Dark,Dry,Minor Arterial,FALSE,-79.36609081,43.67164415298946,1,Motorcycle,East,1,28,Fatal,Other Safety Equipment Used,Lost control,Normal,,,Going Ahead,,,,,motorcyclist,28,Toronto Centre (13),51 Division,Cabbagetown-South St.James Town,FALSE,FALSE,FALSE,TRUE,FALSE,FALSE,FALSE,FALSE,FALSE,FALSE,"{""coordinates"": [[-79.36609081180552, 43.67164415298946]], ""type"": ""MultiPoint""}"
492,2006:909606,2006-06-01T12:03:00,MCCOWAN RD,EGLINTON AVE E,,5,Non-Fatal Injury,At Intersection,Traffic Signal,Turning Movement,Clear,Daylight,Dry,Major Arterial,FALSE,-79.2383905,43.738843980422494,1,,,2,17,Minor,Lap and Shoulder Belt,,,,,,,,,,passenger,,Scarborough Southwest (20),43 Division,Eglinton East,TRUE,FALSE,FALSE,FALSE,FALSE,FALSE,FALSE,FALSE,TRUE,FALSE,"{""coordinates"": [[-79.23839049624837, 43.738843980422494]], ""type"": ""MultiPoint""}"
493,2006:909606,2006-06-01T12:03:00,MCCOWAN RD,EGLINTON AVE E,,5,Non-Fatal Injury,At Intersection,Traffic Signal,Turning Movement,Clear,Daylight,Dry,Major Arterial,FALSE,-79.2383905,43.738843980422494,2,Automobile or Station Wagon,North,5,27,None,Use Unknown,Failed to yield right-of-way,Ability Impaired - Alcohol,,,Turning Left,,,,,driver,,Scarborough Southwest (20),43 Division,Eglinton East,TRUE,FALSE,FALSE,FALSE,FALSE,FALSE,FALSE,FALSE,TRUE,FALSE,"{""coordinates"": [[-79.23839049624837, 43.738843980422494]], ""type"": ""MultiPoint""}"
494,2006:909606,2006-06-01T12:03:00,MCCOWAN RD,EGLINTON AVE E,,5,Non-Fatal Injury,At Intersection,Traffic Signal,Turning Movement,Clear,Daylight,Dry,Major Arterial,FALSE,-79.2383905,43.738843980422494,1,,,3,19,Major,Lap and Shoulder Belt,,,,,,,,,,passenger,,Scarborough Southwest (20),43 Division,Eglinton East,TRUE,FALSE,FALSE,FALSE,FALSE,FALSE,FALSE,FALSE,TRUE,FALSE,"{""coordinates"": [[-79.23839049624837, 43.738843980422494]], ""type"": ""MultiPoint""}"
495,2006:909606,2006-06-01T12:03:00,MCCOWAN RD,EGLINTON AVE E,,5,Non-Fatal Injury,At Intersection,Traffic Signal,Turning Movement,Clear,Daylight,Dry,Major Arterial,FALSE,-79.2383905,43.738843980422494,1,Automobile or Station Wagon,South,4,21,Major,Lap and Shoulder Belt,Driving properly,Normal,,,Going Ahead,,,,,driver,,Scarborough Southwest (20),43 Division,Eglinton East,TRUE,FALSE,FALSE,FALSE,FALSE,FALSE,FALSE,FALSE,TRUE,FALSE,"{""coordinates"": [[-79.23839049624837, 43.738843980422494]], ""type"": ""MultiPoint""}"
496,2006:909606,2006-06-01T12:03:00,MCCOWAN RD,EGLINTON AVE E,,5,Non-Fatal Injury,At Intersection,Traffic Signal,Turning Movement,Clear,Daylight,Dry,Major Arterial,FALSE,-79.2383905,43.738843980422494,1,,,1,17,Minor,Lap and Shoulder Belt,,,,,,,,,,passenger,,Scarborough Southwest (20),43 Division,Eglinton East,TRUE,FALSE,FALSE,FALSE,FALSE,FALSE,FALSE,FALSE,TRUE,FALSE,"{""coordinates"": [[-79.23839049624837, 43.738843980422494]], ""type"": ""MultiPoint""}"
497,2006:906207,2006-06-02T07:34:00,KINGSTON RD,DUNDAS ST E,,2,Fatal Injury,,Traffic Signal,Pedestrian Collision(internal code),Clear,Daylight,Dry,Major Arterial,FALSE,-79.31119071,43.669944074457995,2,,East,1,52,Fatal,Other Safety Equipment Used,,,Crossing without right-of-way (intersection),Inattentive,,Driver going straight hits pedestrian crossing without right-of-way (at intersection),,,,pedestrian,29,Beaches-East York (19),55 Division,The Beaches,FALSE,TRUE,FALSE,FALSE,FALSE,FALSE,TRUE,FALSE,FALSE,FALSE,"{""coordinates"": [[-79.31119070988706, 43.669944074457995]], ""type"": ""MultiPoint""}"
498,2006:906207,2006-06-02T07:34:00,KINGSTON RD,DUNDAS ST E,,2,Fatal Injury,,Traffic Signal,Pedestrian Collision(internal code),Clear,Daylight,Dry,Major Arterial,FALSE,-79.31119071,43.669944074457995,1,Automobile or Station Wagon,South,2,37,None,Lap and Shoulder Belt,Driving properly,Normal,,,Going Ahead,,,,,driver,,Beaches-East York (19),55 Division,The Beaches,FALSE,TRUE,FALSE,FALSE,FALSE,FALSE,TRUE,FALSE,FALSE,FALSE,"{""coordinates"": [[-79.31119070988706, 43.669944074457995]], ""type"": ""MultiPoint""}"
499,2006:906410,2006-06-03T18:15:00,ST CLAIR AVE W,WINONA DR,,3,Non-Fatal Injury,At Intersection,Traffic Signal,Pedestrian Collision(internal code),Rain,Daylight,Wet,Major Arterial,FALSE,-79.43249092,43.68024424518989,1,Automobile or Station Wagon,North,2,22,None,Other Safety Equipment Used,Failed to yield right-of-way,Unknown,,,Turning Left,,,,,driver,,Toronto-St. Paul's (12),13 Division,Wychwood,TRUE,FALSE,FALSE,FALSE,FALSE,TRUE,TRUE,FALSE,FALSE,FALSE,"{""coordinates"": [[-79.43249092354314, 43.68024424518989]], ""type"": ""MultiPoint""}"
500,2006:906410,2006-06-03T18:15:00,ST CLAIR AVE W,WINONA DR,,3,Non-Fatal Injury,At Intersection,Traffic Signal,Pedestrian Collision(internal code),Rain,Daylight,Wet,Major Arterial,FALSE,-79.43249092,43.68024424518989,2,,South,3,79,Major,Other Safety Equipment Used,,,Crossing with right-of-way (intersection),Normal,,Driver turns left into pedestrian crossing with right-of-way (at intersection),,,,pedestrian,,Toronto-St. Paul's (12),13 Division,Wychwood,TRUE,FALSE,FALSE,FALSE,FALSE,TRUE,TRUE,FALSE,FALSE,FALSE,"{""coordinates"": [[-79.43249092354314, 43.68024424518989]], ""type"": ""MultiPoint""}"
501,2006:906410,2006-06-03T18:15:00,ST CLAIR AVE W,WINONA DR,,3,Non-Fatal Injury,At Intersection,Traffic Signal,Pedestrian Collision(internal code),Rain,Daylight,Wet,Major Arterial,FALSE,-79.43249092,43.68024424518989,1,,,1,,None,Other Safety Equipment Used,,,,,,,,,,owner,,Toronto-St. Paul's (12),13 Division,Wychwood,TRUE,FALSE,FALSE,FALSE,FALSE,TRUE,TRUE,FALSE,FALSE,FALSE,"{""coordinates"": [[-79.43249092354314, 43.68024424518989]], ""type"": ""MultiPoint""}"
502,2006:906526,2006-06-04T16:55:00,BRIMLEY RD,CHARTLAND BLVD S,,1,Non-Fatal Injury,At Intersection,No Control,SMV Other,Clear,Daylight,Dry,Major Arterial,FALSE,-79.2766905,43.804744033297574,1,Automobile or Station Wagon,South,1,48,Major,Other Safety Equipment Used,Lost control,Medical or Physical Disability,,,Slowing or Stopping,,,,,driver,,Scarborough North (23),42 Division,Agincourt North,FALSE,FALSE,FALSE,FALSE,FALSE,FALSE,FALSE,FALSE,FALSE,FALSE,"{""coordinates"": [[-79.27669049831768, 43.804744033297574]], ""type"": ""MultiPoint""}"
503,2006:906553,2006-06-05T01:10:00,WILLIAM R ALLEN RD N,RIDELLE AVE,,8,Non-Fatal Injury,,No Control,SMV Other,Clear,Dark,Dry,,FALSE,-79.43839089,43.705544244663386,1,,,3,23,Minor,Lap and Shoulder Belt,,,,,,,,,,passenger,,Eglinton-Lawrence (8),13 Division,Forest Hill North,FALSE,FALSE,FALSE,FALSE,FALSE,FALSE,FALSE,FALSE,FALSE,FALSE,"{""coordinates"": [[-79.43839089222101, 43.705544244663386]], ""type"": ""MultiPoint""}"
504,2006:906553,2006-06-05T01:10:00,WILLIAM R ALLEN RD N,RIDELLE AVE,,8,Non-Fatal Injury,,No Control,SMV Other,Clear,Dark,Dry,,FALSE,-79.43839089,43.705544244663386,1,,,1,22,Minor,Equipment Not Used But Available,,,,,,,,,,passenger,,Eglinton-Lawrence (8),13 Division,Forest Hill North,FALSE,FALSE,FALSE,FALSE,FALSE,FALSE,FALSE,FALSE,FALSE,FALSE,"{""coordinates"": [[-79.43839089222101, 43.705544244663386]], ""type"": ""MultiPoint""}"
505,2006:906553,2006-06-05T01:10:00,WILLIAM R ALLEN RD N,RIDELLE AVE,,8,Non-Fatal Injury,,No Control,SMV Other,Clear,Dark,Dry,,FALSE,-79.43839089,43.705544244663386,2,,,8,,None,Other Safety Equipment Used,,,,,,,,,,owner,,Eglinton-Lawrence (8),13 Division,Forest Hill North,FALSE,FALSE,FALSE,FALSE,FALSE,FALSE,FALSE,FALSE,FALSE,FALSE,"{""coordinates"": [[-79.43839089222101, 43.705544244663386]], ""type"": ""MultiPoint""}"
506,2006:906553,2006-06-05T01:10:00,WILLIAM R ALLEN RD N,RIDELLE AVE,,8,Non-Fatal Injury,,No Control,SMV Other,Clear,Dark,Dry,,FALSE,-79.43839089,43.705544244663386,1,,,4,20,Major,Equipment Not Used But Available,,,,,,,,,,passenger,,Eglinton-Lawrence (8),13 Division,Forest Hill North,FALSE,FALSE,FALSE,FALSE,FALSE,FALSE,FALSE,FALSE,FALSE,FALSE,"{""coordinates"": [[-79.43839089222101, 43.705544244663386]], ""type"": ""MultiPoint""}"
507,2006:906553,2006-06-05T01:10:00,WILLIAM R ALLEN RD N,RIDELLE AVE,,8,Non-Fatal Injury,,No Control,SMV Other,Clear,Dark,Dry,,FALSE,-79.43839089,43.705544244663386,1,,,6,20,Minor,Equipment Not Used But Available,,,,,,,,,,passenger,,Eglinton-Lawrence (8),13 Division,Forest Hill North,FALSE,FALSE,FALSE,FALSE,FALSE,FALSE,FALSE,FALSE,FALSE,FALSE,"{""coordinates"": [[-79.43839089222101, 43.705544244663386]], ""type"": ""MultiPoint""}"
508,2006:906553,2006-06-05T01:10:00,WILLIAM R ALLEN RD N,RIDELLE AVE,,8,Non-Fatal Injury,,No Control,SMV Other,Clear,Dark,Dry,,FALSE,-79.43839089,43.705544244663386,1,,,5,,None,Other Safety Equipment Used,,,,,,,,,,owner,,Eglinton-Lawrence (8),13 Division,Forest Hill North,FALSE,FALSE,FALSE,FALSE,FALSE,FALSE,FALSE,FALSE,FALSE,FALSE,"{""coordinates"": [[-79.43839089222101, 43.705544244663386]], ""type"": ""MultiPoint""}"
509,2006:906553,2006-06-05T01:10:00,WILLIAM R ALLEN RD N,RIDELLE AVE,,8,Non-Fatal Injury,,No Control,SMV Other,Clear,Dark,Dry,,FALSE,-79.43839089,43.705544244663386,1,,,2,22,Minor,Lap and Shoulder Belt,,,,,,,,,,passenger,,Eglinton-Lawrence (8),13 Division,Forest Hill North,FALSE,FALSE,FALSE,FALSE,FALSE,FALSE,FALSE,FALSE,FALSE,FALSE,"{""coordinates"": [[-79.43839089222101, 43.705544244663386]], ""type"": ""MultiPoint""}"
510,2006:906553,2006-06-05T01:10:00,WILLIAM R ALLEN RD N,RIDELLE AVE,,8,Non-Fatal Injury,,No Control,SMV Other,Clear,Dark,Dry,,FALSE,-79.43839089,43.705544244663386,1,Automobile or Station Wagon,North,7,24,Minor,Lap and Shoulder Belt,Lost control,Ability Impaired - Alcohol,,,Going Ahead,,,,,driver,,Eglinton-Lawrence (8),13 Division,Forest Hill North,FALSE,FALSE,FALSE,FALSE,FALSE,FALSE,FALSE,FALSE,FALSE,FALSE,"{""coordinates"": [[-79.43839089222101, 43.705544244663386]], ""type"": ""MultiPoint""}"
511,2006:906767,2006-06-05T19:06:00,BLOOR ST W,HAVELOCK ST,,2,Fatal Injury,At Intersection,Traffic Signal,Pedestrian Collision(internal code),Clear,Daylight,Dry,Major Arterial,FALSE,-79.43239096,43.660444251704995,2,,South,2,75,Fatal,Other Safety Equipment Used,,,Crossing with right-of-way (intersection),Had Been Drinking,,Driver turns left into pedestrian crossing with right-of-way (at intersection),,,,pedestrian,30,Davenport (9),14 Division,Dufferin Grove,TRUE,FALSE,FALSE,FALSE,FALSE,TRUE,TRUE,FALSE,FALSE,FALSE,"{""coordinates"": [[-79.43239095620417, 43.660444251704995]], ""type"": ""MultiPoint""}"
512,2006:906767,2006-06-05T19:06:00,BLOOR ST W,HAVELOCK ST,,2,Fatal Injury,At Intersection,Traffic Signal,Pedestrian Collision(internal code),Clear,Daylight,Dry,Major Arterial,FALSE,-79.43239096,43.660444251704995,1,Automobile or Station Wagon,North,1,45,None,Lap and Shoulder Belt,Failed to yield right-of-way,Normal,,,Turning Left,,,,,driver,,Davenport (9),14 Division,Dufferin Grove,TRUE,FALSE,FALSE,FALSE,FALSE,TRUE,TRUE,FALSE,FALSE,FALSE,"{""coordinates"": [[-79.43239095620417, 43.660444251704995]], ""type"": ""MultiPoint""}"
513,2006:907009,2006-06-06T15:15:00,SPADINA AVE,CECIL ST,,3,Non-Fatal Injury,,No Control,Pedestrian Collision(internal code),Clear,Daylight,Dry,Major Arterial,FALSE,-79.3993909,43.65634420464936,1,,,1,,,Other Safety Equipment Used,,,,,,,,,,owner,,University-Rosedale (11),52 Division,Kensington-Chinatown,FALSE,FALSE,FALSE,FALSE,FALSE,FALSE,TRUE,FALSE,FALSE,TRUE,"{""coordinates"": [[-79.39939089902211, 43.65634420464936]], ""type"": ""MultiPoint""}"
514,2006:907009,2006-06-06T15:15:00,SPADINA AVE,CECIL ST,,3,Non-Fatal Injury,,No Control,Pedestrian Collision(internal code),Clear,Daylight,Dry,Major Arterial,FALSE,-79.3993909,43.65634420464936,1,Municipal Transit Bus (TTC),South,2,36,None,Lap Belt Only,Driving properly,Normal,,,Going Ahead,,,,,driver,,University-Rosedale (11),52 Division,Kensington-Chinatown,FALSE,FALSE,FALSE,FALSE,FALSE,FALSE,TRUE,FALSE,FALSE,TRUE,"{""coordinates"": [[-79.39939089902211, 43.65634420464936]], ""type"": ""MultiPoint""}"
515,2006:907009,2006-06-06T15:15:00,SPADINA AVE,CECIL ST,,3,Non-Fatal Injury,,No Control,Pedestrian Collision(internal code),Clear,Daylight,Dry,Major Arterial,FALSE,-79.3993909,43.65634420464936,2,,East,3,51,Major,Other Safety Equipment Used,,,Crossing - no traffic control,Unknown,,Transit vehicle driver hits pedestrian anywhere along roadway,,,,pedestrian,,University-Rosedale (11),52 Division,Kensington-Chinatown,FALSE,FALSE,FALSE,FALSE,FALSE,FALSE,TRUE,FALSE,FALSE,TRUE,"{""coordinates"": [[-79.39939089902211, 43.65634420464936]], ""type"": ""MultiPoint""}"
516,2006:911791,2006-06-06T15:30:00,YONGE ST,DAVENPORT RD,,2,Non-Fatal Injury,At Intersection,No Control,Cyclist Collision,Clear,Daylight,Dry,Major Arterial,FALSE,-79.38809085,43.67334418409992,1,Automobile or Station Wagon,North,1,,None,Other Safety Equipment Used,Driving properly,Unknown,,,Turning Right,,,,,driver,,University-Rosedale (11),53 Division,Annex,FALSE,FALSE,TRUE,FALSE,FALSE,FALSE,FALSE,FALSE,FALSE,FALSE,"{""coordinates"": [[-79.3880908509375, 43.67334418409992]], ""type"": ""MultiPoint""}"
517,2006:911791,2006-06-06T15:30:00,YONGE ST,DAVENPORT RD,,2,Non-Fatal Injury,At Intersection,No Control,Cyclist Collision,Clear,Daylight,Dry,Major Arterial,FALSE,-79.38809085,43.67334418409992,1,Bicycle,North,2,42,Major,Helmet,,,,,Going Ahead,,"Driver turns right at non-signalized intersection (e.g. stop, yield, no control, driveway) and hits cyclist",Driving Properly,Unknown,cyclist,,University-Rosedale (11),53 Division,Annex,FALSE,FALSE,TRUE,FALSE,FALSE,FALSE,FALSE,FALSE,FALSE,FALSE,"{""coordinates"": [[-79.3880908509375, 43.67334418409992]], ""type"": ""MultiPoint""}"
518,2006:909380,2006-06-07T08:31:00,2275 MARKHAM RD,FINCH Aven E,,4,Non-Fatal Injury,,No Control,Approaching Head On,Clear,Daylight,Dry,Major Arterial,FALSE,-79.24289044,43.81124399668181,1,,,1,42,Minor,Air Bag Deployed,,,,,,,,,,passenger,,Scarborough North (23),42 Division,Agincourt North,FALSE,FALSE,FALSE,FALSE,FALSE,FALSE,FALSE,FALSE,FALSE,TRUE,"{""coordinates"": [[-79.24289044156632, 43.81124399668181]], ""type"": ""MultiPoint""}"
519,2006:909380,2006-06-07T08:31:00,2275 MARKHAM RD,FINCH Aven E,,4,Non-Fatal Injury,,No Control,Approaching Head On,Clear,Daylight,Dry,Major Arterial,FALSE,-79.24289044,43.81124399668181,1,Automobile or Station Wagon,North,3,56,Major,Air Bag Deployed,Driving properly,Normal,,,Going Ahead,,,,,driver,,Scarborough North (23),42 Division,Agincourt North,FALSE,FALSE,FALSE,FALSE,FALSE,FALSE,FALSE,FALSE,FALSE,TRUE,"{""coordinates"": [[-79.24289044156632, 43.81124399668181]], ""type"": ""MultiPoint""}"
520,2006:909380,2006-06-07T08:31:00,2275 MARKHAM RD,FINCH Aven E,,4,Non-Fatal Injury,,No Control,Approaching Head On,Clear,Daylight,Dry,Major Arterial,FALSE,-79.24289044,43.81124399668181,2,Truck - Open (Flatbed),South,4,41,Minor,Air Bag Deployed,Lost control,Medical or Physical Disability,,,Going Ahead,,,,,driver,,Scarborough North (23),42 Division,Agincourt North,FALSE,FALSE,FALSE,FALSE,FALSE,FALSE,FALSE,FALSE,FALSE,TRUE,"{""coordinates"": [[-79.24289044156632, 43.81124399668181]], ""type"": ""MultiPoint""}"
521,2006:909380,2006-06-07T08:31:00,2275 MARKHAM RD,FINCH Aven E,,4,Non-Fatal Injury,,No Control,Approaching Head On,Clear,Daylight,Dry,Major Arterial,FALSE,-79.24289044,43.81124399668181,1,,,2,,None,Other Safety Equipment Used,,,,,,,,,,owner,,Scarborough North (23),42 Division,Agincourt North,FALSE,FALSE,FALSE,FALSE,FALSE,FALSE,FALSE,FALSE,FALSE,TRUE,"{""coordinates"": [[-79.24289044156632, 43.81124399668181]], ""type"": ""MultiPoint""}"
522,2006:907251,2006-06-07T21:41:00,ISLINGTON AVE,STEELES AVE W,,3,Non-Fatal Injury,At Intersection,Traffic Signal,Sideswipe,Clear,Dark,Dry,Major Arterial,FALSE,-79.574891,43.764344383834846,3,Automobile or Station Wagon,North,3,44,Major,Other Safety Equipment Used,Exceeding speed limit,Had Been Drinking,,,Going Ahead,,,,,driver,,,31 Division,,TRUE,FALSE,FALSE,FALSE,FALSE,FALSE,FALSE,FALSE,FALSE,FALSE,"{""coordinates"": [[-79.57489099644124, 43.764344383834846]], ""type"": ""MultiPoint""}"
523,2006:907251,2006-06-07T21:41:00,ISLINGTON AVE,STEELES AVE W,,3,Non-Fatal Injury,At Intersection,Traffic Signal,Sideswipe,Clear,Dark,Dry,Major Arterial,FALSE,-79.574891,43.764344383834846,2,Automobile or Station Wagon,West,2,47,None,Other Safety Equipment Used,Driving properly,Normal,,,Going Ahead,,,,,driver,,,31 Division,,TRUE,FALSE,FALSE,FALSE,FALSE,FALSE,FALSE,FALSE,FALSE,FALSE,"{""coordinates"": [[-79.57489099644124, 43.764344383834846]], ""type"": ""MultiPoint""}"
524,2006:907409,2006-06-08T15:43:00,LAKE SHORE BLVD W,PARK LAWN RD,,4,Non-Fatal Injury,At Intersection,Traffic Signal,Turning Movement,Clear,Daylight,Dry,Major Arterial,FALSE,-79.48119112,43.622944339723865,2,,,2,2,Major,Other Safety Equipment Used,,,,,,,,,,passenger,,Etobicoke-Lakeshore (3),22 Division,Humber Bay Shores,FALSE,FALSE,FALSE,FALSE,FALSE,FALSE,FALSE,FALSE,FALSE,FALSE,"{""coordinates"": [[-79.481191117426, 43.622944339723865]], ""type"": ""MultiPoint""}"
525,2006:907409,2006-06-08T15:43:00,LAKE SHORE BLVD W,PARK LAWN RD,,4,Non-Fatal Injury,At Intersection,Traffic Signal,Turning Movement,Clear,Daylight,Dry,Major Arterial,FALSE,-79.48119112,43.622944339723865,2,Automobile or Station Wagon,West,3,60,Minimal,Other Safety Equipment Used,Driving properly,Normal,,,Going Ahead,,,,,driver,,Etobicoke-Lakeshore (3),22 Division,Humber Bay Shores,FALSE,FALSE,FALSE,FALSE,FALSE,FALSE,FALSE,FALSE,FALSE,FALSE,"{""coordinates"": [[-79.481191117426, 43.622944339723865]], ""type"": ""MultiPoint""}"
526,2006:907409,2006-06-08T15:43:00,LAKE SHORE BLVD W,PARK LAWN RD,,4,Non-Fatal Injury,At Intersection,Traffic Signal,Turning Movement,Clear,Daylight,Dry,Major Arterial,FALSE,-79.48119112,43.622944339723865,3,Automobile or Station Wagon,East,4,40,None,Other Safety Equipment Used,Improper turn,Normal,,,Turning Left,,,,,driver,,Etobicoke-Lakeshore (3),22 Division,Humber Bay Shores,FALSE,FALSE,FALSE,FALSE,FALSE,FALSE,FALSE,FALSE,FALSE,FALSE,"{""coordinates"": [[-79.481191117426, 43.622944339723865]], ""type"": ""MultiPoint""}"
527,2006:907409,2006-06-08T15:43:00,LAKE SHORE BLVD W,PARK LAWN RD,,4,Non-Fatal Injury,At Intersection,Traffic Signal,Turning Movement,Clear,Daylight,Dry,Major Arterial,FALSE,-79.48119112,43.622944339723865,1,,,1,2,None,Other Safety Equipment Used,,,,,,,,,,passenger,,Etobicoke-Lakeshore (3),22 Division,Humber Bay Shores,FALSE,FALSE,FALSE,FALSE,FALSE,FALSE,FALSE,FALSE,FALSE,FALSE,"{""coordinates"": [[-79.481191117426, 43.622944339723865]], ""type"": ""MultiPoint""}"
528,2006:910258,2006-06-08T23:40:00,KING ST E,ST LAWRENCE ST,,1,Non-Fatal Injury,,No Control,SMV Other,Rain,Dark,Wet,Major Arterial,FALSE,-79.35749082,43.65614414318532,1,Motorcycle,East,1,53,Major,Helmet,Driving properly,Normal,,,Changing Lanes,,,,,motorcyclist,,Toronto Centre (13),51 Division,Moss Park,FALSE,FALSE,FALSE,TRUE,FALSE,FALSE,FALSE,FALSE,FALSE,FALSE,"{""coordinates"": [[-79.35749081807319, 43.65614414318532]], ""type"": ""MultiPoint""}"
529,2006:910277,2006-06-09T17:04:00,CREEKWOOD DR,SILVERSAND PL,,3,Non-Fatal Injury,,No Control,Pedestrian Collision(internal code),Clear,Dark,Dry,Local,FALSE,-79.21999043,43.786543970099814,1,,,3,,,Other Safety Equipment Used,,,,,,,,,,owner,,Scarborough-Guildwood (24),43 Division,Morningside,TRUE,FALSE,FALSE,FALSE,FALSE,TRUE,TRUE,FALSE,FALSE,FALSE,"{""coordinates"": [[-79.21999043032167, 43.786543970099814]], ""type"": ""MultiPoint""}"
530,2006:910277,2006-06-09T17:04:00,CREEKWOOD DR,SILVERSAND PL,,3,Non-Fatal Injury,,No Control,Pedestrian Collision(internal code),Clear,Dark,Dry,Local,FALSE,-79.21999043,43.786543970099814,2,,Unknown,2,71,Minor,Other Safety Equipment Used,,,Crossing - no traffic control,Normal,,Driver reversing hits pedestrian,,,,pedestrian,,Scarborough-Guildwood (24),43 Division,Morningside,TRUE,FALSE,FALSE,FALSE,FALSE,TRUE,TRUE,FALSE,FALSE,FALSE,"{""coordinates"": [[-79.21999043032167, 43.786543970099814]], ""type"": ""MultiPoint""}"
531,2006:910277,2006-06-09T17:04:00,CREEKWOOD DR,SILVERSAND PL,,3,Non-Fatal Injury,,No Control,Pedestrian Collision(internal code),Clear,Dark,Dry,Local,FALSE,-79.21999043,43.786543970099814,1,Automobile or Station Wagon,West,1,25,Major,Lap and Shoulder Belt,Failed to yield right-of-way,Normal,,,Reversing,,,,,driver,,Scarborough-Guildwood (24),43 Division,Morningside,TRUE,FALSE,FALSE,FALSE,FALSE,TRUE,TRUE,FALSE,FALSE,FALSE,"{""coordinates"": [[-79.21999043032167, 43.786543970099814]], ""type"": ""MultiPoint""}"
532,2006:907646,2006-06-10T09:34:00,MIDLAND AVE,ROMULUS DR,,2,Fatal Injury,,No Control,SMV Other,Clear,Daylight,Dry,Major Arterial,FALSE,-79.26339053,43.74704401018121,1,Automobile or Station Wagon,South,1,78,Minor,Lap and Shoulder Belt,Lost control,Normal,,,Going Ahead,,,,,driver,,Scarborough Centre (21),41 Division,Bendale South,FALSE,FALSE,FALSE,FALSE,FALSE,TRUE,FALSE,FALSE,FALSE,FALSE,"{""coordinates"": [[-79.2633905261418, 43.74704401018121]], ""type"": ""MultiPoint""}"
533,2006:907646,2006-06-10T09:34:00,MIDLAND AVE,ROMULUS DR,,2,Fatal Injury,,No Control,SMV Other,Clear,Daylight,Dry,Major Arterial,FALSE,-79.26339053,43.74704401018121,1,,,2,88,Fatal,Equipment Not Used But Available,,,,,,,,,,passenger,31,Scarborough Centre (21),41 Division,Bendale South,FALSE,FALSE,FALSE,FALSE,FALSE,TRUE,FALSE,FALSE,FALSE,FALSE,"{""coordinates"": [[-79.2633905261418, 43.74704401018121]], ""type"": ""MultiPoint""}"
534,2006:926382,2006-06-10T16:46:00,OSSINGTON AVE,DUPONT ST,,3,Non-Fatal Injury,At Intersection,Traffic Signal,Cyclist Collision,Clear,Daylight,Dry,Major Arterial,FALSE,-79.42898993,43.67004224359501,1,Municipal Transit Bus (TTC),South,2,60,None,Lap and Shoulder Belt,Driving properly,Normal,,,Going Ahead,,,,,driver,,University-Rosedale (11),14 Division,Dovercourt Village,FALSE,FALSE,TRUE,FALSE,FALSE,FALSE,FALSE,FALSE,FALSE,TRUE,"{""coordinates"": [[-79.42898993381219, 43.67004224359501]], ""type"": ""MultiPoint""}"
535,2026:6991301938,2026-06-23T15:53:00,KINGSTON RD,RASPBERRY RD,,1,Fatal Injury,Non-Intersection,,Cyclist Collision,,,,,FALSE,-79.14234032,43.80141889858673,1,E-Bike (Power-Assisted Bicycle),,1,73,Fatal,,,,,,,,,Lost control,Unknown,cyclist,27,Scarborough-Rouge Park (25),42 Division,West Rouge,FALSE,FALSE,TRUE,FALSE,FALSE,TRUE,FALSE,FALSE,FALSE,FALSE,"{""coordinates"": [[-79.142340316955, 43.80141889858673]], ""type"": ""MultiPoint""}"