_id,collision_id,accdate,stname1,stname2,stname3,per_inv,acclass,accloc,traffictl,impactype,visible,light,rdsfcond,road_class,failtorem,longitude,latitude,veh_no,vehtype,initdir,per_no,invage,injury,safequip,drivact,drivcond,pedact,pedcond,manoeuvre,pedtype,cyclistype,cycact,cyccond,road_user,fatal_no,wardname,division,neighbourhood,aggressive,distracted,cyclist,motorcyclist,other_micromobility,older_adult,pedestrian,red_light,school_child,heavy_truck,geometry
729,2006:918775,2006-07-24T14:28:00,STEELES AVE W,ALNESS ST,,6,Non-Fatal Injury,At Intersection,Traffic Signal,Sideswipe,Clear,Daylight,Dry,Major Arterial,FALSE,-79.48109085,43.78464427467328,3,Automobile or Station Wagon,North,6,60,Major,Lap and Shoulder Belt,Driving properly,Normal,,,Going Ahead,,,,,driver,,York Centre (6),32 Division,York University Heights,FALSE,TRUE,FALSE,FALSE,FALSE,FALSE,FALSE,FALSE,TRUE,FALSE,"{""coordinates"": [[-79.48109084703114, 43.78464427467328]], ""type"": ""MultiPoint""}"
730,2006:918775,2006-07-24T14:28:00,STEELES AVE W,ALNESS ST,,6,Non-Fatal Injury,At Intersection,Traffic Signal,Sideswipe,Clear,Daylight,Dry,Major Arterial,FALSE,-79.48109085,43.78464427467328,2,Automobile or Station Wagon,North,4,17,None,Lap and Shoulder Belt,Improper lane change,Inattentive,,,Turning Right,,,,,driver,,York Centre (6),32 Division,York University Heights,FALSE,TRUE,FALSE,FALSE,FALSE,FALSE,FALSE,FALSE,TRUE,FALSE,"{""coordinates"": [[-79.48109084703114, 43.78464427467328]], ""type"": ""MultiPoint""}"
731,2006:918775,2006-07-24T14:28:00,STEELES AVE W,ALNESS ST,,6,Non-Fatal Injury,At Intersection,Traffic Signal,Sideswipe,Clear,Daylight,Dry,Major Arterial,FALSE,-79.48109085,43.78464427467328,1,Automobile or Station Wagon,South,2,36,None,Lap and Shoulder Belt,Driving properly,Unknown,,,Stopped,,,,,driver,,York Centre (6),32 Division,York University Heights,FALSE,TRUE,FALSE,FALSE,FALSE,FALSE,FALSE,FALSE,TRUE,FALSE,"{""coordinates"": [[-79.48109084703114, 43.78464427467328]], ""type"": ""MultiPoint""}"
732,2006:918775,2006-07-24T14:28:00,STEELES AVE W,ALNESS ST,,6,Non-Fatal Injury,At Intersection,Traffic Signal,Sideswipe,Clear,Daylight,Dry,Major Arterial,FALSE,-79.48109085,43.78464427467328,3,,,5,20,Minor,Lap and Shoulder Belt,,,,,,,,,,passenger,,York Centre (6),32 Division,York University Heights,FALSE,TRUE,FALSE,FALSE,FALSE,FALSE,FALSE,FALSE,TRUE,FALSE,"{""coordinates"": [[-79.48109084703114, 43.78464427467328]], ""type"": ""MultiPoint""}"
733,2006:919231,2006-07-24T23:48:00,DON MILLS RD,DON VALLEY PARKWAY S S,,4,Non-Fatal Injury,,No Control,Approaching Head On,Clear,Dark,Dry,Major Arterial,FALSE,-79.33769072,43.70024410899782,1,Automobile or Station Wagon,North,1,32,None,Use Unknown,Other,Ability Impaired - Alcohol Over .08,,,Other,,,,,driver,,Toronto-Danforth (14),55 Division,Old East York,FALSE,FALSE,FALSE,FALSE,FALSE,FALSE,FALSE,FALSE,FALSE,FALSE,"{""coordinates"": [[-79.33769071775764, 43.70024410899782]], ""type"": ""MultiPoint""}"
734,2006:919231,2006-07-24T23:48:00,DON MILLS RD,DON VALLEY PARKWAY S S,,4,Non-Fatal Injury,,No Control,Approaching Head On,Clear,Dark,Dry,Major Arterial,FALSE,-79.33769072,43.70024410899782,2,,,2,25,Major,Lap and Shoulder Belt,,,,,,,,,,passenger,,Toronto-Danforth (14),55 Division,Old East York,FALSE,FALSE,FALSE,FALSE,FALSE,FALSE,FALSE,FALSE,FALSE,FALSE,"{""coordinates"": [[-79.33769071775764, 43.70024410899782]], ""type"": ""MultiPoint""}"
735,2006:919231,2006-07-24T23:48:00,DON MILLS RD,DON VALLEY PARKWAY S S,,4,Non-Fatal Injury,,No Control,Approaching Head On,Clear,Dark,Dry,Major Arterial,FALSE,-79.33769072,43.70024410899782,2,,,3,,None,Other Safety Equipment Used,,,,,,,,,,owner,,Toronto-Danforth (14),55 Division,Old East York,FALSE,FALSE,FALSE,FALSE,FALSE,FALSE,FALSE,FALSE,FALSE,FALSE,"{""coordinates"": [[-79.33769071775764, 43.70024410899782]], ""type"": ""MultiPoint""}"
736,2006:919231,2006-07-24T23:48:00,DON MILLS RD,DON VALLEY PARKWAY S S,,4,Non-Fatal Injury,,No Control,Approaching Head On,Clear,Dark,Dry,Major Arterial,FALSE,-79.33769072,43.70024410899782,2,Automobile or Station Wagon,South,4,27,Minor,Lap and Shoulder Belt,Driving properly,Normal,,,Going Ahead,,,,,driver,,Toronto-Danforth (14),55 Division,Old East York,FALSE,FALSE,FALSE,FALSE,FALSE,FALSE,FALSE,FALSE,FALSE,FALSE,"{""coordinates"": [[-79.33769071775764, 43.70024410899782]], ""type"": ""MultiPoint""}"
737,2006:915543,2006-07-26T05:44:00,NUGGET AVE,SHORTING RD,,1,Non-Fatal Injury,,Stop Sign,Approaching Head On,Clear,Daylight,Other,Minor Arterial,FALSE,-79.25089046,43.796344002070086,1,Truck - Open (Flatbed),East,1,64,None,Use Unknown,Driving properly,Normal,,,Going Ahead,,,,,driver,,Scarborough North (23),42 Division,Agincourt South-Malvern West,FALSE,FALSE,FALSE,FALSE,FALSE,FALSE,FALSE,FALSE,FALSE,TRUE,"{""coordinates"": [[-79.25089046419384, 43.796344002070086]], ""type"": ""MultiPoint""}"
738,2006:915543,2006-07-26T05:44:00,NUGGET AVE,SHORTING RD,,1,Non-Fatal Injury,,Stop Sign,Approaching Head On,Clear,Daylight,Other,Minor Arterial,FALSE,-79.25089046,43.796344002070086,2,Automobile or Station Wagon,West,2,30,Major,Use Unknown,Other,Normal,,,Going Ahead,,,,,driver,,Scarborough North (23),42 Division,Agincourt South-Malvern West,FALSE,FALSE,FALSE,FALSE,FALSE,FALSE,FALSE,FALSE,FALSE,TRUE,"{""coordinates"": [[-79.25089046419384, 43.796344002070086]], ""type"": ""MultiPoint""}"
739,2006:919514,2006-07-26T21:35:00,ALBION RD,ARMEL CRT,,4,Non-Fatal Injury,At Intersection,Traffic Signal,Angle,Rain,Dark,Wet,Major Arterial,FALSE,-79.54559103,43.721344372188476,2,,,3,64,Minor,Lap and Shoulder Belt,,,,,,,,,,passenger,,Etobicoke North (1),23 Division,Elms-Old Rexdale,FALSE,FALSE,FALSE,FALSE,FALSE,TRUE,FALSE,FALSE,FALSE,FALSE,"{""coordinates"": [[-79.54559103215698, 43.721344372188476]], ""type"": ""MultiPoint""}"
740,2006:919514,2006-07-26T21:35:00,ALBION RD,ARMEL CRT,,4,Non-Fatal Injury,At Intersection,Traffic Signal,Angle,Rain,Dark,Wet,Major Arterial,FALSE,-79.54559103,43.721344372188476,2,Automobile or Station Wagon,North,4,69,Minor,Lap and Shoulder Belt,Other,Normal,,,Going Ahead,,,,,driver,,Etobicoke North (1),23 Division,Elms-Old Rexdale,FALSE,FALSE,FALSE,FALSE,FALSE,TRUE,FALSE,FALSE,FALSE,FALSE,"{""coordinates"": [[-79.54559103215698, 43.721344372188476]], ""type"": ""MultiPoint""}"
741,2006:919514,2006-07-26T21:35:00,ALBION RD,ARMEL CRT,,4,Non-Fatal Injury,At Intersection,Traffic Signal,Angle,Rain,Dark,Wet,Major Arterial,FALSE,-79.54559103,43.721344372188476,1,,,1,,None,Other Safety Equipment Used,,,,,,,,,,owner,,Etobicoke North (1),23 Division,Elms-Old Rexdale,FALSE,FALSE,FALSE,FALSE,FALSE,TRUE,FALSE,FALSE,FALSE,FALSE,"{""coordinates"": [[-79.54559103215698, 43.721344372188476]], ""type"": ""MultiPoint""}"
742,2006:919514,2006-07-26T21:35:00,ALBION RD,ARMEL CRT,,4,Non-Fatal Injury,At Intersection,Traffic Signal,Angle,Rain,Dark,Wet,Major Arterial,FALSE,-79.54559103,43.721344372188476,1,Automobile or Station Wagon,West,2,24,Major,Lap and Shoulder Belt,Other,Normal,,,Going Ahead,,,,,driver,,Etobicoke North (1),23 Division,Elms-Old Rexdale,FALSE,FALSE,FALSE,FALSE,FALSE,TRUE,FALSE,FALSE,FALSE,FALSE,"{""coordinates"": [[-79.54559103215698, 43.721344372188476]], ""type"": ""MultiPoint""}"
743,2006:919835,2006-07-28T16:10:00,225 BIRMINGHAM ST,,,3,Non-Fatal Injury,,No Control,Cyclist Collision,Clear,Daylight,Dry,Collector,FALSE,-79.51169121,43.60204439406325,1,,,3,,,Other Safety Equipment Used,,,,,,,,,,owner,,Etobicoke-Lakeshore (3),22 Division,New Toronto,TRUE,TRUE,TRUE,FALSE,FALSE,FALSE,FALSE,FALSE,FALSE,FALSE,"{""coordinates"": [[-79.51169120955997, 43.60204439406325]], ""type"": ""MultiPoint""}"
744,2006:919835,2006-07-28T16:10:00,225 BIRMINGHAM ST,,,3,Non-Fatal Injury,,No Control,Cyclist Collision,Clear,Daylight,Dry,Collector,FALSE,-79.51169121,43.60204439406325,2,Bicycle,East,2,48,Major,No Equipment Available,,,,,Going Ahead,,Driver turns left into path of cyclist,Driving Properly,Normal,cyclist,,Etobicoke-Lakeshore (3),22 Division,New Toronto,TRUE,TRUE,TRUE,FALSE,FALSE,FALSE,FALSE,FALSE,FALSE,FALSE,"{""coordinates"": [[-79.51169120955997, 43.60204439406325]], ""type"": ""MultiPoint""}"
745,2006:919835,2006-07-28T16:10:00,225 BIRMINGHAM ST,,,3,Non-Fatal Injury,,No Control,Cyclist Collision,Clear,Daylight,Dry,Collector,FALSE,-79.51169121,43.60204439406325,1,Automobile or Station Wagon,North,1,58,None,Lap and Shoulder Belt,Failed to yield right-of-way,Inattentive,,,Turning Left,,,,,driver,,Etobicoke-Lakeshore (3),22 Division,New Toronto,TRUE,TRUE,TRUE,FALSE,FALSE,FALSE,FALSE,FALSE,FALSE,FALSE,"{""coordinates"": [[-79.51169120955997, 43.60204439406325]], ""type"": ""MultiPoint""}"
746,2006:915991,2006-07-28T16:26:00,ISLINGTON AVE,DIXON RD,,4,Fatal Injury,,No Control,Pedestrian Collision(internal code),Clear,Daylight,Dry,Major Arterial,FALSE,-79.54549108,43.694444386786444,1,,,4,7,None,Other Safety Equipment Used,,,,,,,,,,passenger,,Etobicoke Centre (2),23 Division,Kingsview Village-The Westway,FALSE,FALSE,FALSE,FALSE,FALSE,FALSE,TRUE,FALSE,TRUE,FALSE,"{""coordinates"": [[-79.54549108215991, 43.694444386786444]], ""type"": ""MultiPoint""}"
747,2006:915991,2006-07-28T16:26:00,ISLINGTON AVE,DIXON RD,,4,Fatal Injury,,No Control,Pedestrian Collision(internal code),Clear,Daylight,Dry,Major Arterial,FALSE,-79.54549108,43.694444386786444,1,,,1,,,Other Safety Equipment Used,,,,,,,,,,owner,,Etobicoke Centre (2),23 Division,Kingsview Village-The Westway,FALSE,FALSE,FALSE,FALSE,FALSE,FALSE,TRUE,FALSE,TRUE,FALSE,"{""coordinates"": [[-79.54549108215991, 43.694444386786444]], ""type"": ""MultiPoint""}"
748,2006:915991,2006-07-28T16:26:00,ISLINGTON AVE,DIXON RD,,4,Fatal Injury,,No Control,Pedestrian Collision(internal code),Clear,Daylight,Dry,Major Arterial,FALSE,-79.54549108,43.694444386786444,2,,South,3,22,Fatal,Other Safety Equipment Used,,,On sidewalk or shoulder,Normal,,Driver hits pedestrian on sidewalk or shoulder,,,,pedestrian,36,Etobicoke Centre (2),23 Division,Kingsview Village-The Westway,FALSE,FALSE,FALSE,FALSE,FALSE,FALSE,TRUE,FALSE,TRUE,FALSE,"{""coordinates"": [[-79.54549108215991, 43.694444386786444]], ""type"": ""MultiPoint""}"
749,2006:915991,2006-07-28T16:26:00,ISLINGTON AVE,DIXON RD,,4,Fatal Injury,,No Control,Pedestrian Collision(internal code),Clear,Daylight,Dry,Major Arterial,FALSE,-79.54549108,43.694444386786444,1,Automobile or Station Wagon,North,2,39,None,Other Safety Equipment Used,Lost control,Unknown,,,Going Ahead,,,,,driver,,Etobicoke Centre (2),23 Division,Kingsview Village-The Westway,FALSE,FALSE,FALSE,FALSE,FALSE,FALSE,TRUE,FALSE,TRUE,FALSE,"{""coordinates"": [[-79.54549108215991, 43.694444386786444]], ""type"": ""MultiPoint""}"
750,2006:924338,2006-07-30T07:20:00,LAWRENCE AVE W,JANE ST,,2,Non-Fatal Injury,At Intersection,Traffic Signal,Pedestrian Collision(internal code),Clear,Daylight,Dry,Major Arterial,FALSE,-79.50379101,43.70284433377479,1,Automobile or Station Wagon,East,1,22,None,Other Safety Equipment Used,Failed to yield right-of-way,Unknown,,,Turning Right,,,,,driver,,York South-Weston (5),12 Division,Brookhaven-Amesbury,TRUE,FALSE,FALSE,FALSE,FALSE,TRUE,TRUE,FALSE,FALSE,FALSE,"{""coordinates"": [[-79.50379101331832, 43.70284433377479]], ""type"": ""MultiPoint""}"
751,2006:924338,2006-07-30T07:20:00,LAWRENCE AVE W,JANE ST,,2,Non-Fatal Injury,At Intersection,Traffic Signal,Pedestrian Collision(internal code),Clear,Daylight,Dry,Major Arterial,FALSE,-79.50379101,43.70284433377479,2,,East,2,82,Major,Other Safety Equipment Used,,,Crossing with right-of-way (intersection),Normal,,Driver turns right into pedestrian crossing with right-of-way (at intersection),,,,pedestrian,,York South-Weston (5),12 Division,Brookhaven-Amesbury,TRUE,FALSE,FALSE,FALSE,FALSE,TRUE,TRUE,FALSE,FALSE,FALSE,"{""coordinates"": [[-79.50379101331832, 43.70284433377479]], ""type"": ""MultiPoint""}"
752,2006:922598,2006-07-30T14:35:00,DON MILLS RD,MCNICOLL AVE,,5,Non-Fatal Injury,At Intersection,Traffic Signal,Turning Movement,Clear,Daylight,Dry,Major Arterial,FALSE,-79.35409063,43.79964412305423,1,Automobile or Station Wagon,North,2,45,Minimal,Lap and Shoulder Belt,Driving properly,Normal,,,Going Ahead,,,,,driver,,Don Valley North (17),33 Division,Hillcrest Village,FALSE,FALSE,FALSE,FALSE,FALSE,FALSE,FALSE,FALSE,FALSE,FALSE,"{""coordinates"": [[-79.35409062606051, 43.79964412305423]], ""type"": ""MultiPoint""}"
753,2006:922598,2006-07-30T14:35:00,DON MILLS RD,MCNICOLL AVE,,5,Non-Fatal Injury,At Intersection,Traffic Signal,Turning Movement,Clear,Daylight,Dry,Major Arterial,FALSE,-79.35409063,43.79964412305423,3,Automobile or Station Wagon,South,4,37,None,Lap and Shoulder Belt,Improper turn,Normal,,,Turning Left,,,,,driver,,Don Valley North (17),33 Division,Hillcrest Village,FALSE,FALSE,FALSE,FALSE,FALSE,FALSE,FALSE,FALSE,FALSE,FALSE,"{""coordinates"": [[-79.35409062606051, 43.79964412305423]], ""type"": ""MultiPoint""}"
754,2006:922598,2006-07-30T14:35:00,DON MILLS RD,MCNICOLL AVE,,5,Non-Fatal Injury,At Intersection,Traffic Signal,Turning Movement,Clear,Daylight,Dry,Major Arterial,FALSE,-79.35409063,43.79964412305423,4,,,5,,None,Other Safety Equipment Used,,,,,,,,,,owner,,Don Valley North (17),33 Division,Hillcrest Village,FALSE,FALSE,FALSE,FALSE,FALSE,FALSE,FALSE,FALSE,FALSE,FALSE,"{""coordinates"": [[-79.35409062606051, 43.79964412305423]], ""type"": ""MultiPoint""}"
755,2006:922598,2006-07-30T14:35:00,DON MILLS RD,MCNICOLL AVE,,5,Non-Fatal Injury,At Intersection,Traffic Signal,Turning Movement,Clear,Daylight,Dry,Major Arterial,FALSE,-79.35409063,43.79964412305423,2,,,3,,None,Other Safety Equipment Used,,,,,,,,,,owner,,Don Valley North (17),33 Division,Hillcrest Village,FALSE,FALSE,FALSE,FALSE,FALSE,FALSE,FALSE,FALSE,FALSE,FALSE,"{""coordinates"": [[-79.35409062606051, 43.79964412305423]], ""type"": ""MultiPoint""}"
756,2006:922598,2006-07-30T14:35:00,DON MILLS RD,MCNICOLL AVE,,5,Non-Fatal Injury,At Intersection,Traffic Signal,Turning Movement,Clear,Daylight,Dry,Major Arterial,FALSE,-79.35409063,43.79964412305423,1,,,1,49,Major,Lap and Shoulder Belt,,,,,,,,,,passenger,,Don Valley North (17),33 Division,Hillcrest Village,FALSE,FALSE,FALSE,FALSE,FALSE,FALSE,FALSE,FALSE,FALSE,FALSE,"{""coordinates"": [[-79.35409062606051, 43.79964412305423]], ""type"": ""MultiPoint""}"
757,2006:916024,2006-07-30T21:55:00,F G GARDINER XY Ramp W,GARDINER W S KINGSWAY RAMP,,1,Fatal Injury,,No Control,SMV Other,Clear,Dark,Dry,,FALSE,-79.47159108,43.63464431988931,1,Motorcycle,West,1,22,Fatal,Helmet,Lost control,Unknown,,,Going Ahead,,,,,motorcyclist,37,Parkdale-High Park (4),11 Division,South Parkdale,FALSE,FALSE,FALSE,TRUE,FALSE,FALSE,FALSE,FALSE,FALSE,FALSE,"{""coordinates"": [[-79.47159107730313, 43.63464431988931]], ""type"": ""MultiPoint""}"
758,2006:916541,2006-07-31T06:32:00,FINCH AVE E,BRAHMS AVE,,3,Non-Fatal Injury,At Intersection,Traffic Signal,Pedestrian Collision(internal code),Clear,Daylight,Dry,Major Arterial,FALSE,-79.35809064,43.791944127878416,1,Automobile or Station Wagon,West,3,33,None,Other Safety Equipment Used,Driving properly,Normal,,,Going Ahead,,,,,driver,,Don Valley North (17),33 Division,Don Valley Village,FALSE,TRUE,FALSE,FALSE,FALSE,FALSE,TRUE,FALSE,TRUE,FALSE,"{""coordinates"": [[-79.35809064017296, 43.791944127878416]], ""type"": ""MultiPoint""}"
759,2006:916541,2006-07-31T06:32:00,FINCH AVE E,BRAHMS AVE,,3,Non-Fatal Injury,At Intersection,Traffic Signal,Pedestrian Collision(internal code),Clear,Daylight,Dry,Major Arterial,FALSE,-79.35809064,43.791944127878416,1,,South,2,18,Major,Other Safety Equipment Used,,,Crossing without right-of-way (intersection),Inattentive,,Driver going straight hits pedestrian crossing without right-of-way (at intersection),,,,pedestrian,,Don Valley North (17),33 Division,Don Valley Village,FALSE,TRUE,FALSE,FALSE,FALSE,FALSE,TRUE,FALSE,TRUE,FALSE,"{""coordinates"": [[-79.35809064017296, 43.791944127878416]], ""type"": ""MultiPoint""}"
760,2006:916541,2006-07-31T06:32:00,FINCH AVE E,BRAHMS AVE,,3,Non-Fatal Injury,At Intersection,Traffic Signal,Pedestrian Collision(internal code),Clear,Daylight,Dry,Major Arterial,FALSE,-79.35809064,43.791944127878416,1,,,1,34,None,Other Safety Equipment Used,,,,,,,,,,passenger,,Don Valley North (17),33 Division,Don Valley Village,FALSE,TRUE,FALSE,FALSE,FALSE,FALSE,TRUE,FALSE,TRUE,FALSE,"{""coordinates"": [[-79.35809064017296, 43.791944127878416]], ""type"": ""MultiPoint""}"
761,2006:920182,2006-07-31T14:40:00,BLOOR ST W,KENNEDY AVE,,3,Non-Fatal Injury,,No Control,Pedestrian Collision(internal code),Clear,Daylight,Dry,Major Arterial,FALSE,-79.47549106,43.65124431856646,1,Automobile or Station Wagon,West,2,42,None,Lap and Shoulder Belt,Improper passing,Normal,,,Going Ahead,,,,,driver,,Parkdale-High Park (4),11 Division,High Park-Swansea,TRUE,FALSE,FALSE,FALSE,FALSE,FALSE,TRUE,FALSE,TRUE,FALSE,"{""coordinates"": [[-79.4754910556262, 43.65124431856646]], ""type"": ""MultiPoint""}"
762,2006:920182,2006-07-31T14:40:00,BLOOR ST W,KENNEDY AVE,,3,Non-Fatal Injury,,No Control,Pedestrian Collision(internal code),Clear,Daylight,Dry,Major Arterial,FALSE,-79.47549106,43.65124431856646,2,,South,3,11,Major,Other Safety Equipment Used,,,Running onto roadway,Normal,,Driver going straight hits pedestrian crossing without right-of-way (at intersection),,,,pedestrian,,Parkdale-High Park (4),11 Division,High Park-Swansea,TRUE,FALSE,FALSE,FALSE,FALSE,FALSE,TRUE,FALSE,TRUE,FALSE,"{""coordinates"": [[-79.4754910556262, 43.65124431856646]], ""type"": ""MultiPoint""}"
763,2006:920182,2006-07-31T14:40:00,BLOOR ST W,KENNEDY AVE,,3,Non-Fatal Injury,,No Control,Pedestrian Collision(internal code),Clear,Daylight,Dry,Major Arterial,FALSE,-79.47549106,43.65124431856646,1,,,1,,,Other Safety Equipment Used,,,,,,,,,,owner,,Parkdale-High Park (4),11 Division,High Park-Swansea,TRUE,FALSE,FALSE,FALSE,FALSE,FALSE,TRUE,FALSE,TRUE,FALSE,"{""coordinates"": [[-79.4754910556262, 43.65124431856646]], ""type"": ""MultiPoint""}"
764,2006:920315,2006-07-31T16:59:00,BAY ST,KING ST W,,1,Non-Fatal Injury,,Traffic Signal,Cyclist Collision,Clear,Daylight,Dry,Major Arterial,FALSE,-79.38029087,43.64864417827244,1,Bicycle,South,1,33,Major,Helmet,,,,,Pulling Onto Shoulder or Toward Curb,,Cyclist loses control and hits object (e.g. pole or TTC track),Lost control,Normal,cyclist,,Spadina-Fort York (10),52 Division,Yonge-Bay Corridor,FALSE,FALSE,TRUE,FALSE,FALSE,FALSE,FALSE,FALSE,FALSE,FALSE,"{""coordinates"": [[-79.38029087368282, 43.64864417827244]], ""type"": ""MultiPoint""}"
765,2006:920756,2006-08-01T18:38:00,HENLEY CRES,KIPLING AVE,,2,Non-Fatal Injury,At Intersection,No Control,Cyclist Collision,Clear,Daylight,Dry,Local,FALSE,-79.57539105,43.73064440072599,2,Bicycle,South,2,63,Major,No Equipment Available,,,,,Going Ahead,,Cyclist rides off sidewalk into road at midblock,Driving Properly,Normal,cyclist,,Etobicoke North (1),23 Division,Rexdale-Kipling,TRUE,FALSE,TRUE,FALSE,FALSE,TRUE,FALSE,FALSE,FALSE,FALSE,"{""coordinates"": [[-79.57539105242626, 43.73064440072599]], ""type"": ""MultiPoint""}"
766,2006:920756,2006-08-01T18:38:00,HENLEY CRES,KIPLING AVE,,2,Non-Fatal Injury,At Intersection,No Control,Cyclist Collision,Clear,Daylight,Dry,Local,FALSE,-79.57539105,43.73064440072599,1,Automobile or Station Wagon,West,1,73,None,Use Unknown,Disobeyed traffic control,Unknown,,,Going Ahead,,,,,driver,,Etobicoke North (1),23 Division,Rexdale-Kipling,TRUE,FALSE,TRUE,FALSE,FALSE,TRUE,FALSE,FALSE,FALSE,FALSE,"{""coordinates"": [[-79.57539105242626, 43.73064440072599]], ""type"": ""MultiPoint""}"
767,2006:916630,2006-08-01T23:45:00,NEILSON RD,WICKSON TRL,,2,Fatal Injury,At Intersection,Traffic Signal,Pedestrian Collision(internal code),Clear,Dark,Dry,Minor Arterial,FALSE,-79.21779042,43.802043971073275,1,Automobile or Station Wagon,North,1,52,Minor,Lap and Shoulder Belt,Driving properly,Normal,,,Going Ahead,,,,,driver,,Scarborough-Rouge Park (25),42 Division,Malvern East,FALSE,FALSE,FALSE,FALSE,FALSE,FALSE,TRUE,FALSE,FALSE,FALSE,"{""coordinates"": [[-79.2177904158217, 43.802043971073275]], ""type"": ""MultiPoint""}"
768,2006:916630,2006-08-01T23:45:00,NEILSON RD,WICKSON TRL,,2,Fatal Injury,At Intersection,Traffic Signal,Pedestrian Collision(internal code),Clear,Dark,Dry,Minor Arterial,FALSE,-79.21779042,43.802043971073275,2,,East,2,32,Fatal,Other Safety Equipment Used,,,Crossing without right-of-way (intersection),Had Been Drinking,,Driver going straight hits pedestrian crossing without right-of-way (at intersection),,,,pedestrian,38,Scarborough-Rouge Park (25),42 Division,Malvern East,FALSE,FALSE,FALSE,FALSE,FALSE,FALSE,TRUE,FALSE,FALSE,FALSE,"{""coordinates"": [[-79.2177904158217, 43.802043971073275]], ""type"": ""MultiPoint""}"
769,2006:916979,2006-08-03T01:22:00,F G GARDINER XY E E,LAKESHORE W GARDINER RAMP E,,6,Non-Fatal Injury,,No Control,Pedestrian Collision(internal code),Rain,Dark,Wet,Major Arterial,FALSE,-79.47169108,43.63414432025489,2,Automobile or Station Wagon,East,4,22,Minor,Other Safety Equipment Used,Lost control,Ability Impaired - Alcohol,,,Going Ahead,,,,,driver,,Parkdale-High Park (4),11 Division,South Parkdale,FALSE,FALSE,FALSE,FALSE,FALSE,FALSE,TRUE,FALSE,TRUE,FALSE,"{""coordinates"": [[-79.47169107838529, 43.63414432025489]], ""type"": ""MultiPoint""}"
770,2006:916979,2006-08-03T01:22:00,F G GARDINER XY E E,LAKESHORE W GARDINER RAMP E,,6,Non-Fatal Injury,,No Control,Pedestrian Collision(internal code),Rain,Dark,Wet,Major Arterial,FALSE,-79.47169108,43.63414432025489,3,,East,5,22,Major,Other Safety Equipment Used,,,On sidewalk or shoulder,Normal,,Driver hits pedestrian on sidewalk or shoulder,,,,pedestrian,,Parkdale-High Park (4),11 Division,South Parkdale,FALSE,FALSE,FALSE,FALSE,FALSE,FALSE,TRUE,FALSE,TRUE,FALSE,"{""coordinates"": [[-79.47169107838529, 43.63414432025489]], ""type"": ""MultiPoint""}"
771,2006:916979,2006-08-03T01:22:00,F G GARDINER XY E E,LAKESHORE W GARDINER RAMP E,,6,Non-Fatal Injury,,No Control,Pedestrian Collision(internal code),Rain,Dark,Wet,Major Arterial,FALSE,-79.47169108,43.63414432025489,3,,East,6,24,Minor,Other Safety Equipment Used,,,On sidewalk or shoulder,Normal,,Driver hits pedestrian on sidewalk or shoulder,,,,pedestrian,,Parkdale-High Park (4),11 Division,South Parkdale,FALSE,FALSE,FALSE,FALSE,FALSE,FALSE,TRUE,FALSE,TRUE,FALSE,"{""coordinates"": [[-79.47169107838529, 43.63414432025489]], ""type"": ""MultiPoint""}"
772,2006:916979,2006-08-03T01:22:00,F G GARDINER XY E E,LAKESHORE W GARDINER RAMP E,,6,Non-Fatal Injury,,No Control,Pedestrian Collision(internal code),Rain,Dark,Wet,Major Arterial,FALSE,-79.47169108,43.63414432025489,1,,,1,,None,Other Safety Equipment Used,,,,,,,,,,owner,,Parkdale-High Park (4),11 Division,South Parkdale,FALSE,FALSE,FALSE,FALSE,FALSE,FALSE,TRUE,FALSE,TRUE,FALSE,"{""coordinates"": [[-79.47169107838529, 43.63414432025489]], ""type"": ""MultiPoint""}"
773,2006:916979,2006-08-03T01:22:00,F G GARDINER XY E E,LAKESHORE W GARDINER RAMP E,,6,Non-Fatal Injury,,No Control,Pedestrian Collision(internal code),Rain,Dark,Wet,Major Arterial,FALSE,-79.47169108,43.63414432025489,1,Automobile or Station Wagon,East,2,46,None,Other Safety Equipment Used,Driving properly,Normal,,,Stopped,,,,,driver,,Parkdale-High Park (4),11 Division,South Parkdale,FALSE,FALSE,FALSE,FALSE,FALSE,FALSE,TRUE,FALSE,TRUE,FALSE,"{""coordinates"": [[-79.47169107838529, 43.63414432025489]], ""type"": ""MultiPoint""}"
774,2006:916979,2006-08-03T01:22:00,F G GARDINER XY E E,LAKESHORE W GARDINER RAMP E,,6,Non-Fatal Injury,,No Control,Pedestrian Collision(internal code),Rain,Dark,Wet,Major Arterial,FALSE,-79.47169108,43.63414432025489,2,,,3,18,Minor,Other Safety Equipment Used,,,,,,,,,,passenger,,Parkdale-High Park (4),11 Division,South Parkdale,FALSE,FALSE,FALSE,FALSE,FALSE,FALSE,TRUE,FALSE,TRUE,FALSE,"{""coordinates"": [[-79.47169107838529, 43.63414432025489]], ""type"": ""MultiPoint""}"
775,2006:917154,2006-08-03T01:30:00,JANE ST,FOXWELL ST,,3,Fatal Injury,,No Control,Pedestrian Collision(internal code),Rain,Dark,Wet,Major Arterial,FALSE,-79.49399105,43.67214433591944,1,,East,1,53,Fatal,Other Safety Equipment Used,,,Running onto roadway,Unknown,,Driver hits pedestrian at midblock,,,,pedestrian,39,York South-Weston (5),12 Division,Rockcliffe-Smythe,FALSE,FALSE,FALSE,FALSE,FALSE,FALSE,TRUE,FALSE,FALSE,FALSE,"{""coordinates"": [[-79.49399105360925, 43.67214433591944]], ""type"": ""MultiPoint""}"
776,2006:917154,2006-08-03T01:30:00,JANE ST,FOXWELL ST,,3,Fatal Injury,,No Control,Pedestrian Collision(internal code),Rain,Dark,Wet,Major Arterial,FALSE,-79.49399105,43.67214433591944,2,Automobile or Station Wagon,South,3,43,None,Other Safety Equipment Used,Driving properly,Normal,,,Going Ahead,,,,,driver,,York South-Weston (5),12 Division,Rockcliffe-Smythe,FALSE,FALSE,FALSE,FALSE,FALSE,FALSE,TRUE,FALSE,FALSE,FALSE,"{""coordinates"": [[-79.49399105360925, 43.67214433591944]], ""type"": ""MultiPoint""}"