_id,collision_id,accdate,stname1,stname2,stname3,per_inv,acclass,accloc,traffictl,impactype,visible,light,rdsfcond,road_class,failtorem,longitude,latitude,veh_no,vehtype,initdir,per_no,invage,injury,safequip,drivact,drivcond,pedact,pedcond,manoeuvre,pedtype,cyclistype,cycact,cyccond,road_user,fatal_no,wardname,division,neighbourhood,aggressive,distracted,cyclist,motorcyclist,other_micromobility,older_adult,pedestrian,red_light,school_child,heavy_truck,geometry
971,2006:921907,2006-09-02T03:15:00,CHURCH ST,COLBORNE ST,,4,Non-Fatal Injury,At Intersection,Stop Sign,SMV Other,Clear,Dark,Dry,Minor Arterial,FALSE,-79.37409086,43.64924416894135,1,,,2,,Minimal,Lap and Shoulder Belt,,,,,,,,,,passenger,,Toronto Centre (13),51 Division,Downtown Yonge East,TRUE,FALSE,FALSE,FALSE,FALSE,FALSE,FALSE,FALSE,FALSE,FALSE,"{""coordinates"": [[-79.37409086063181, 43.64924416894135]], ""type"": ""MultiPoint""}"
972,2006:921907,2006-09-02T03:15:00,CHURCH ST,COLBORNE ST,,4,Non-Fatal Injury,At Intersection,Stop Sign,SMV Other,Clear,Dark,Dry,Minor Arterial,FALSE,-79.37409086,43.64924416894135,1,Automobile or Station Wagon,East,4,33,Major,Lap and Shoulder Belt,Exceeding speed limit,Had Been Drinking,,,Going Ahead,,,,,driver,,Toronto Centre (13),51 Division,Downtown Yonge East,TRUE,FALSE,FALSE,FALSE,FALSE,FALSE,FALSE,FALSE,FALSE,FALSE,"{""coordinates"": [[-79.37409086063181, 43.64924416894135]], ""type"": ""MultiPoint""}"
973,2006:921910,2006-09-02T12:55:00,RENFORTH DR,ERINGATE DR,,3,Non-Fatal Injury,At Intersection,Traffic Signal,Rear End,Rain,Daylight,Wet,Minor Arterial,FALSE,-79.5832912,43.65994445145409,2,,,2,,None,Other Safety Equipment Used,,,,,,,,,,owner,,Etobicoke Centre (2),22 Division,Eringate-Centennial-West Deane,FALSE,FALSE,FALSE,FALSE,FALSE,TRUE,FALSE,FALSE,FALSE,FALSE,"{""coordinates"": [[-79.58329119546583, 43.65994445145409]], ""type"": ""MultiPoint""}"
974,2006:921910,2006-09-02T12:55:00,RENFORTH DR,ERINGATE DR,,3,Non-Fatal Injury,At Intersection,Traffic Signal,Rear End,Rain,Daylight,Wet,Minor Arterial,FALSE,-79.5832912,43.65994445145409,1,Automobile or Station Wagon,North,1,82,Major,Air Bag Deployed,Other,Medical or Physical Disability,,,Going Ahead,,,,,driver,,Etobicoke Centre (2),22 Division,Eringate-Centennial-West Deane,FALSE,FALSE,FALSE,FALSE,FALSE,TRUE,FALSE,FALSE,FALSE,FALSE,"{""coordinates"": [[-79.58329119546583, 43.65994445145409]], ""type"": ""MultiPoint""}"
975,2006:921910,2006-09-02T12:55:00,RENFORTH DR,ERINGATE DR,,3,Non-Fatal Injury,At Intersection,Traffic Signal,Rear End,Rain,Daylight,Wet,Minor Arterial,FALSE,-79.5832912,43.65994445145409,2,Automobile or Station Wagon,North,3,40,Minor,Lap and Shoulder Belt,Driving properly,Normal,,,Stopped,,,,,driver,,Etobicoke Centre (2),22 Division,Eringate-Centennial-West Deane,FALSE,FALSE,FALSE,FALSE,FALSE,TRUE,FALSE,FALSE,FALSE,FALSE,"{""coordinates"": [[-79.58329119546583, 43.65994445145409]], ""type"": ""MultiPoint""}"
976,2006:927513,2006-09-04T12:10:00,70 HUMBERLINE DR,,,4,Non-Fatal Injury,,No Control,Pedestrian Collision(internal code),Clear,Daylight,Dry,Collector,FALSE,-79.6164911,43.73184444634459,1,,,1,10,Major,Lap and Shoulder Belt,,,,,,,,,,passenger,,Etobicoke North (1),23 Division,West Humber-Clairville,FALSE,TRUE,FALSE,FALSE,FALSE,FALSE,TRUE,FALSE,TRUE,FALSE,"{""coordinates"": [[-79.61649110200673, 43.73184444634459]], ""type"": ""MultiPoint""}"
977,2006:927513,2006-09-04T12:10:00,70 HUMBERLINE DR,,,4,Non-Fatal Injury,,No Control,Pedestrian Collision(internal code),Clear,Daylight,Dry,Collector,FALSE,-79.6164911,43.73184444634459,2,,North,3,18,Major,Other Safety Equipment Used,,,Running onto roadway,Inattentive,,Driver hits pedestrian at midblock,,,,pedestrian,,Etobicoke North (1),23 Division,West Humber-Clairville,FALSE,TRUE,FALSE,FALSE,FALSE,FALSE,TRUE,FALSE,TRUE,FALSE,"{""coordinates"": [[-79.61649110200673, 43.73184444634459]], ""type"": ""MultiPoint""}"
978,2006:927513,2006-09-04T12:10:00,70 HUMBERLINE DR,,,4,Non-Fatal Injury,,No Control,Pedestrian Collision(internal code),Clear,Daylight,Dry,Collector,FALSE,-79.6164911,43.73184444634459,1,Automobile or Station Wagon,East,2,18,None,Lap and Shoulder Belt,Driving properly,Normal,,,Going Ahead,,,,,driver,,Etobicoke North (1),23 Division,West Humber-Clairville,FALSE,TRUE,FALSE,FALSE,FALSE,FALSE,TRUE,FALSE,TRUE,FALSE,"{""coordinates"": [[-79.61649110200673, 43.73184444634459]], ""type"": ""MultiPoint""}"
979,2006:927513,2006-09-04T12:10:00,70 HUMBERLINE DR,,,4,Non-Fatal Injury,,No Control,Pedestrian Collision(internal code),Clear,Daylight,Dry,Collector,FALSE,-79.6164911,43.73184444634459,2,,North,4,17,Major,Other Safety Equipment Used,,,Running onto roadway,Inattentive,,Driver hits pedestrian at midblock,,,,pedestrian,,Etobicoke North (1),23 Division,West Humber-Clairville,FALSE,TRUE,FALSE,FALSE,FALSE,FALSE,TRUE,FALSE,TRUE,FALSE,"{""coordinates"": [[-79.61649110200673, 43.73184444634459]], ""type"": ""MultiPoint""}"
980,2006:927585,2006-09-05T09:30:00,400 S JANE ST RAMP S,JANE ST Stre,,3,Non-Fatal Injury,,Traffic Signal,Rear End,Clear,Daylight,Dry,Major Arterial,FALSE,-79.505991,43.71104433222601,1,Automobile or Station Wagon,East,1,37,Major,Lap and Shoulder Belt,Driving properly,Normal,,,Stopped,,,,,driver,,York South-Weston (5),12 Division,Pelmo Park-Humberlea,TRUE,FALSE,FALSE,FALSE,FALSE,FALSE,FALSE,FALSE,FALSE,FALSE,"{""coordinates"": [[-79.50599100100305, 43.71104433222601]], ""type"": ""MultiPoint""}"
981,2006:927585,2006-09-05T09:30:00,400 S JANE ST RAMP S,JANE ST Stre,,3,Non-Fatal Injury,,Traffic Signal,Rear End,Clear,Daylight,Dry,Major Arterial,FALSE,-79.505991,43.71104433222601,2,,,2,,None,Other Safety Equipment Used,,,,,,,,,,owner,,York South-Weston (5),12 Division,Pelmo Park-Humberlea,TRUE,FALSE,FALSE,FALSE,FALSE,FALSE,FALSE,FALSE,FALSE,FALSE,"{""coordinates"": [[-79.50599100100305, 43.71104433222601]], ""type"": ""MultiPoint""}"
982,2006:927585,2006-09-05T09:30:00,400 S JANE ST RAMP S,JANE ST Stre,,3,Non-Fatal Injury,,Traffic Signal,Rear End,Clear,Daylight,Dry,Major Arterial,FALSE,-79.505991,43.71104433222601,2,Automobile or Station Wagon,East,3,31,None,Lap and Shoulder Belt,Following too closely,Normal,,,Going Ahead,,,,,driver,,York South-Weston (5),12 Division,Pelmo Park-Humberlea,TRUE,FALSE,FALSE,FALSE,FALSE,FALSE,FALSE,FALSE,FALSE,FALSE,"{""coordinates"": [[-79.50599100100305, 43.71104433222601]], ""type"": ""MultiPoint""}"
983,2006:922379,2006-09-05T11:15:00,ST CLAIR AVE W,LANSDOWNE AVE,,5,Non-Fatal Injury,At Intersection,Traffic Signal,Approaching Head On,Clear,Daylight,Dry,Major Arterial,FALSE,-79.45059096,43.676344272225734,2,,,4,,None,Other Safety Equipment Used,,,,,,,,,,owner,,Davenport (9),13 Division,Corso Italia-Davenport,FALSE,FALSE,FALSE,FALSE,FALSE,FALSE,FALSE,FALSE,FALSE,FALSE,"{""coordinates"": [[-79.45059096413365, 43.676344272225734]], ""type"": ""MultiPoint""}"
984,2006:922379,2006-09-05T11:15:00,ST CLAIR AVE W,LANSDOWNE AVE,,5,Non-Fatal Injury,At Intersection,Traffic Signal,Approaching Head On,Clear,Daylight,Dry,Major Arterial,FALSE,-79.45059096,43.676344272225734,2,Automobile or Station Wagon,East,3,,None,Other Safety Equipment Used,Lost control,Unknown,,,Going Ahead,,,,,driver,,Davenport (9),13 Division,Corso Italia-Davenport,FALSE,FALSE,FALSE,FALSE,FALSE,FALSE,FALSE,FALSE,FALSE,FALSE,"{""coordinates"": [[-79.45059096413365, 43.676344272225734]], ""type"": ""MultiPoint""}"
985,2006:922379,2006-09-05T11:15:00,ST CLAIR AVE W,LANSDOWNE AVE,,5,Non-Fatal Injury,At Intersection,Traffic Signal,Approaching Head On,Clear,Daylight,Dry,Major Arterial,FALSE,-79.45059096,43.676344272225734,1,Automobile or Station Wagon,West,2,51,Minor,Other Safety Equipment Used,Driving properly,Normal,,,Going Ahead,,,,,driver,,Davenport (9),13 Division,Corso Italia-Davenport,FALSE,FALSE,FALSE,FALSE,FALSE,FALSE,FALSE,FALSE,FALSE,FALSE,"{""coordinates"": [[-79.45059096413365, 43.676344272225734]], ""type"": ""MultiPoint""}"
986,2006:922379,2006-09-05T11:15:00,ST CLAIR AVE W,LANSDOWNE AVE,,5,Non-Fatal Injury,At Intersection,Traffic Signal,Approaching Head On,Clear,Daylight,Dry,Major Arterial,FALSE,-79.45059096,43.676344272225734,1,,,1,33,Major,Other Safety Equipment Used,,,,,,,,,,passenger,,Davenport (9),13 Division,Corso Italia-Davenport,FALSE,FALSE,FALSE,FALSE,FALSE,FALSE,FALSE,FALSE,FALSE,FALSE,"{""coordinates"": [[-79.45059096413365, 43.676344272225734]], ""type"": ""MultiPoint""}"
987,2006:922379,2006-09-05T11:15:00,ST CLAIR AVE W,LANSDOWNE AVE,,5,Non-Fatal Injury,At Intersection,Traffic Signal,Approaching Head On,Clear,Daylight,Dry,Major Arterial,FALSE,-79.45059096,43.676344272225734,3,Automobile or Station Wagon,West,5,40,None,Other Safety Equipment Used,Driving properly,Normal,,,Going Ahead,,,,,driver,,Davenport (9),13 Division,Corso Italia-Davenport,FALSE,FALSE,FALSE,FALSE,FALSE,FALSE,FALSE,FALSE,FALSE,FALSE,"{""coordinates"": [[-79.45059096413365, 43.676344272225734]], ""type"": ""MultiPoint""}"
988,2006:927745,2006-09-05T22:26:00,QUEEN ST E,SPRUCE HILL RD,,3,Non-Fatal Injury,,No Control,Pedestrian Collision(internal code),Clear,Dark,Dry,Minor Arterial,FALSE,-79.28809066,43.67254404128249,3,,South,3,18,Major,Other Safety Equipment Used,,,Crossing without right-of-way (intersection),Had Been Drinking,,Driver hits pedestrian at midblock,,,,pedestrian,,Beaches-East York (19),55 Division,The Beaches,FALSE,FALSE,FALSE,FALSE,FALSE,FALSE,TRUE,FALSE,TRUE,FALSE,"{""coordinates"": [[-79.28809066264141, 43.67254404128249]], ""type"": ""MultiPoint""}"
989,2006:927745,2006-09-05T22:26:00,QUEEN ST E,SPRUCE HILL RD,,3,Non-Fatal Injury,,No Control,Pedestrian Collision(internal code),Clear,Dark,Dry,Minor Arterial,FALSE,-79.28809066,43.67254404128249,1,Automobile or Station Wagon,West,1,26,None,Lap and Shoulder Belt,Driving properly,Normal,,,Going Ahead,,,,,driver,,Beaches-East York (19),55 Division,The Beaches,FALSE,FALSE,FALSE,FALSE,FALSE,FALSE,TRUE,FALSE,TRUE,FALSE,"{""coordinates"": [[-79.28809066264141, 43.67254404128249]], ""type"": ""MultiPoint""}"
990,2006:927745,2006-09-05T22:26:00,QUEEN ST E,SPRUCE HILL RD,,3,Non-Fatal Injury,,No Control,Pedestrian Collision(internal code),Clear,Dark,Dry,Minor Arterial,FALSE,-79.28809066,43.67254404128249,2,,,2,,None,Other Safety Equipment Used,,,,,,,,,,other,,Beaches-East York (19),55 Division,The Beaches,FALSE,FALSE,FALSE,FALSE,FALSE,FALSE,TRUE,FALSE,TRUE,FALSE,"{""coordinates"": [[-79.28809066264141, 43.67254404128249]], ""type"": ""MultiPoint""}"
991,2006:922913,2006-09-08T10:25:00,NEILSON RD,ELLESMERE RD,,4,Non-Fatal Injury,At Intersection,Traffic Signal,Pedestrian Collision(internal code),Clear,Daylight,Dry,Major Arterial,FALSE,-79.20499041,43.78254395,1,,,1,39,Minimal,Other Safety Equipment Used,,,,,,,,,,passenger,,Scarborough-Guildwood (24),43 Division,Morningside,FALSE,FALSE,FALSE,FALSE,FALSE,TRUE,TRUE,FALSE,FALSE,TRUE,"{""coordinates"": [[-79.20499041305419, 43.7825439545526]], ""type"": ""MultiPoint""}"
992,2006:922913,2006-09-08T10:25:00,NEILSON RD,ELLESMERE RD,,4,Non-Fatal Injury,At Intersection,Traffic Signal,Pedestrian Collision(internal code),Clear,Daylight,Dry,Major Arterial,FALSE,-79.20499041,43.78254395,1,,,2,,,Other Safety Equipment Used,,,,,,,,,,owner,,Scarborough-Guildwood (24),43 Division,Morningside,FALSE,FALSE,FALSE,FALSE,FALSE,TRUE,TRUE,FALSE,FALSE,TRUE,"{""coordinates"": [[-79.20499041305419, 43.7825439545526]], ""type"": ""MultiPoint""}"
993,2006:922913,2006-09-08T10:25:00,NEILSON RD,ELLESMERE RD,,4,Non-Fatal Injury,At Intersection,Traffic Signal,Pedestrian Collision(internal code),Clear,Daylight,Dry,Major Arterial,FALSE,-79.20499041,43.78254395,1,Municipal Transit Bus (TTC),North,3,47,None,Other Safety Equipment Used,Other,Normal,,,Turning Left,,,,,driver,,Scarborough-Guildwood (24),43 Division,Morningside,FALSE,FALSE,FALSE,FALSE,FALSE,TRUE,TRUE,FALSE,FALSE,TRUE,"{""coordinates"": [[-79.20499041305419, 43.7825439545526]], ""type"": ""MultiPoint""}"
994,2006:922913,2006-09-08T10:25:00,NEILSON RD,ELLESMERE RD,,4,Non-Fatal Injury,At Intersection,Traffic Signal,Pedestrian Collision(internal code),Clear,Daylight,Dry,Major Arterial,FALSE,-79.20499041,43.78254395,2,,South,4,76,Major,Other Safety Equipment Used,,,Crossing without right-of-way (intersection),Normal,,Transit vehicle driver hits pedestrian anywhere along roadway,,,,pedestrian,,Scarborough-Guildwood (24),43 Division,Morningside,FALSE,FALSE,FALSE,FALSE,FALSE,TRUE,TRUE,FALSE,FALSE,TRUE,"{""coordinates"": [[-79.20499041305419, 43.7825439545526]], ""type"": ""MultiPoint""}"
995,2006:927891,2006-09-08T12:52:00,EGLINTON AVE W,BLACK CREEK DR,,2,Non-Fatal Injury,,No Control,Rear End,Clear,Daylight,Dry,Major Arterial,FALSE,-79.48549101,43.687744316586354,2,Automobile or Station Wagon,West,2,50,Major,Lap and Shoulder Belt,Driving properly,Normal,,,Stopped,,,,,driver,,York South-Weston (5),12 Division,Keelesdale-Eglinton West,TRUE,FALSE,FALSE,FALSE,FALSE,FALSE,FALSE,FALSE,FALSE,FALSE,"{""coordinates"": [[-79.48549100937852, 43.687744316586354]], ""type"": ""MultiPoint""}"
996,2006:927891,2006-09-08T12:52:00,EGLINTON AVE W,BLACK CREEK DR,,2,Non-Fatal Injury,,No Control,Rear End,Clear,Daylight,Dry,Major Arterial,FALSE,-79.48549101,43.687744316586354,1,Automobile or Station Wagon,West,1,30,None,Lap and Shoulder Belt,Following too closely,Normal,,,Going Ahead,,,,,driver,,York South-Weston (5),12 Division,Keelesdale-Eglinton West,TRUE,FALSE,FALSE,FALSE,FALSE,FALSE,FALSE,FALSE,FALSE,FALSE,"{""coordinates"": [[-79.48549100937852, 43.687744316586354]], ""type"": ""MultiPoint""}"
997,2006:922947,2006-09-09T00:19:00,DANFORTH AVE,GILLARD AVE,,5,Non-Fatal Injury,At Intersection,No Control,Pedestrian Collision(internal code),Rain,Dark,Wet,Major Arterial,FALSE,-79.32829073,43.68234409784691,1,,,3,20,None,Other Safety Equipment Used,,,,,,,,,,passenger,,Toronto-Danforth (14),55 Division,Greenwood-Coxwell,FALSE,FALSE,FALSE,FALSE,FALSE,FALSE,TRUE,FALSE,FALSE,FALSE,"{""coordinates"": [[-79.32829072532094, 43.68234409784691]], ""type"": ""MultiPoint""}"
998,2006:922947,2006-09-09T00:19:00,DANFORTH AVE,GILLARD AVE,,5,Non-Fatal Injury,At Intersection,No Control,Pedestrian Collision(internal code),Rain,Dark,Wet,Major Arterial,FALSE,-79.32829073,43.68234409784691,2,,South,2,52,Major,Other Safety Equipment Used,,,Crossing - no traffic control,Unknown,,Driver going straight hits pedestrian crossing without right-of-way (at intersection),,,,pedestrian,,Toronto-Danforth (14),55 Division,Greenwood-Coxwell,FALSE,FALSE,FALSE,FALSE,FALSE,FALSE,TRUE,FALSE,FALSE,FALSE,"{""coordinates"": [[-79.32829072532094, 43.68234409784691]], ""type"": ""MultiPoint""}"
999,2006:922947,2006-09-09T00:19:00,DANFORTH AVE,GILLARD AVE,,5,Non-Fatal Injury,At Intersection,No Control,Pedestrian Collision(internal code),Rain,Dark,Wet,Major Arterial,FALSE,-79.32829073,43.68234409784691,1,Automobile or Station Wagon,West,1,23,None,Other Safety Equipment Used,Driving properly,Normal,,,Going Ahead,,,,,driver,,Toronto-Danforth (14),55 Division,Greenwood-Coxwell,FALSE,FALSE,FALSE,FALSE,FALSE,FALSE,TRUE,FALSE,FALSE,FALSE,"{""coordinates"": [[-79.32829072532094, 43.68234409784691]], ""type"": ""MultiPoint""}"
1000,2006:922947,2006-09-09T00:19:00,DANFORTH AVE,GILLARD AVE,,5,Non-Fatal Injury,At Intersection,No Control,Pedestrian Collision(internal code),Rain,Dark,Wet,Major Arterial,FALSE,-79.32829073,43.68234409784691,1,,,5,20,None,Other Safety Equipment Used,,,,,,,,,,passenger,,Toronto-Danforth (14),55 Division,Greenwood-Coxwell,FALSE,FALSE,FALSE,FALSE,FALSE,FALSE,TRUE,FALSE,FALSE,FALSE,"{""coordinates"": [[-79.32829072532094, 43.68234409784691]], ""type"": ""MultiPoint""}"
1001,2006:922947,2006-09-09T00:19:00,DANFORTH AVE,GILLARD AVE,,5,Non-Fatal Injury,At Intersection,No Control,Pedestrian Collision(internal code),Rain,Dark,Wet,Major Arterial,FALSE,-79.32829073,43.68234409784691,1,,,4,20,None,Other Safety Equipment Used,,,,,,,,,,passenger,,Toronto-Danforth (14),55 Division,Greenwood-Coxwell,FALSE,FALSE,FALSE,FALSE,FALSE,FALSE,TRUE,FALSE,FALSE,FALSE,"{""coordinates"": [[-79.32829072532094, 43.68234409784691]], ""type"": ""MultiPoint""}"
1002,2006:922948,2006-09-09T03:08:00,MORNINGSIDE AVE,SHEPPARD AVE E,,5,Fatal Injury,,Traffic Signal,Angle,Clear,Dark,Wet,Major Arterial,FALSE,-79.19979039,43.80194395380239,2,Automobile or Station Wagon,East,5,29,Major,Other Safety Equipment Used,Disobeyed traffic control,Unknown,,,Going Ahead,,,,,driver,,Scarborough-Rouge Park (25),42 Division,Malvern East,TRUE,FALSE,FALSE,FALSE,FALSE,FALSE,FALSE,TRUE,FALSE,TRUE,"{""coordinates"": [[-79.1997903922158, 43.80194395380239]], ""type"": ""MultiPoint""}"
1003,2006:922948,2006-09-09T03:08:00,MORNINGSIDE AVE,SHEPPARD AVE E,,5,Fatal Injury,,Traffic Signal,Angle,Clear,Dark,Wet,Major Arterial,FALSE,-79.19979039,43.80194395380239,1,,,2,28,None,Other Safety Equipment Used,,,,,,,,,,passenger,,Scarborough-Rouge Park (25),42 Division,Malvern East,TRUE,FALSE,FALSE,FALSE,FALSE,FALSE,FALSE,TRUE,FALSE,TRUE,"{""coordinates"": [[-79.1997903922158, 43.80194395380239]], ""type"": ""MultiPoint""}"
1004,2006:922948,2006-09-09T03:08:00,MORNINGSIDE AVE,SHEPPARD AVE E,,5,Fatal Injury,,Traffic Signal,Angle,Clear,Dark,Wet,Major Arterial,FALSE,-79.19979039,43.80194395380239,1,,,1,,,Other Safety Equipment Used,,,,,,,,,,owner,,Scarborough-Rouge Park (25),42 Division,Malvern East,TRUE,FALSE,FALSE,FALSE,FALSE,FALSE,FALSE,TRUE,FALSE,TRUE,"{""coordinates"": [[-79.1997903922158, 43.80194395380239]], ""type"": ""MultiPoint""}"
1005,2006:922948,2006-09-09T03:08:00,MORNINGSIDE AVE,SHEPPARD AVE E,,5,Fatal Injury,,Traffic Signal,Angle,Clear,Dark,Wet,Major Arterial,FALSE,-79.19979039,43.80194395380239,1,Truck - Open (Flatbed),North,3,56,None,Other Safety Equipment Used,Driving properly,Unknown,,,Going Ahead,,,,,driver,,Scarborough-Rouge Park (25),42 Division,Malvern East,TRUE,FALSE,FALSE,FALSE,FALSE,FALSE,FALSE,TRUE,FALSE,TRUE,"{""coordinates"": [[-79.1997903922158, 43.80194395380239]], ""type"": ""MultiPoint""}"
1006,2006:922948,2006-09-09T03:08:00,MORNINGSIDE AVE,SHEPPARD AVE E,,5,Fatal Injury,,Traffic Signal,Angle,Clear,Dark,Wet,Major Arterial,FALSE,-79.19979039,43.80194395380239,2,,,4,27,Fatal,Other Safety Equipment Used,,,,,,,,,,passenger,46,Scarborough-Rouge Park (25),42 Division,Malvern East,TRUE,FALSE,FALSE,FALSE,FALSE,FALSE,FALSE,TRUE,FALSE,TRUE,"{""coordinates"": [[-79.1997903922158, 43.80194395380239]], ""type"": ""MultiPoint""}"
1007,2006:928049,2006-09-09T20:17:00,1132 LESLIE ST,,,7,Non-Fatal Injury,,Stop Sign,Turning Movement,Clear,Dark,Dry,Major Arterial,FALSE,-79.35039071,43.71864412366306,2,Automobile or Station Wagon,East,4,59,Major,Lap and Shoulder Belt,Improper turn,Had Been Drinking,,,Turning Left,,,,,driver,,Don Valley East (16),33 Division,Banbury-Don Mills,FALSE,FALSE,FALSE,FALSE,FALSE,FALSE,FALSE,FALSE,FALSE,FALSE,"{""coordinates"": [[-79.350390714418, 43.71864412366306]], ""type"": ""MultiPoint""}"
1008,2006:928049,2006-09-09T20:17:00,1132 LESLIE ST,,,7,Non-Fatal Injury,,Stop Sign,Turning Movement,Clear,Dark,Dry,Major Arterial,FALSE,-79.35039071,43.71864412366306,1,Automobile or Station Wagon,South,2,54,Major,Lap and Shoulder Belt,Driving properly,Normal,,,Going Ahead,,,,,driver,,Don Valley East (16),33 Division,Banbury-Don Mills,FALSE,FALSE,FALSE,FALSE,FALSE,FALSE,FALSE,FALSE,FALSE,FALSE,"{""coordinates"": [[-79.350390714418, 43.71864412366306]], ""type"": ""MultiPoint""}"
1009,2006:928049,2006-09-09T20:17:00,1132 LESLIE ST,,,7,Non-Fatal Injury,,Stop Sign,Turning Movement,Clear,Dark,Dry,Major Arterial,FALSE,-79.35039071,43.71864412366306,1,,,1,,,Other Safety Equipment Used,,,,,,,,,,owner,,Don Valley East (16),33 Division,Banbury-Don Mills,FALSE,FALSE,FALSE,FALSE,FALSE,FALSE,FALSE,FALSE,FALSE,FALSE,"{""coordinates"": [[-79.350390714418, 43.71864412366306]], ""type"": ""MultiPoint""}"
1010,2006:928049,2006-09-09T20:17:00,1132 LESLIE ST,,,7,Non-Fatal Injury,,Stop Sign,Turning Movement,Clear,Dark,Dry,Major Arterial,FALSE,-79.35039071,43.71864412366306,4,,,6,,,Other Safety Equipment Used,,,,,,,,,,owner,,Don Valley East (16),33 Division,Banbury-Don Mills,FALSE,FALSE,FALSE,FALSE,FALSE,FALSE,FALSE,FALSE,FALSE,FALSE,"{""coordinates"": [[-79.350390714418, 43.71864412366306]], ""type"": ""MultiPoint""}"
1011,2006:928049,2006-09-09T20:17:00,1132 LESLIE ST,,,7,Non-Fatal Injury,,Stop Sign,Turning Movement,Clear,Dark,Dry,Major Arterial,FALSE,-79.35039071,43.71864412366306,2,,,3,2,Minor,Lap and Shoulder Belt,,,,,,,,,,passenger,,Don Valley East (16),33 Division,Banbury-Don Mills,FALSE,FALSE,FALSE,FALSE,FALSE,FALSE,FALSE,FALSE,FALSE,FALSE,"{""coordinates"": [[-79.350390714418, 43.71864412366306]], ""type"": ""MultiPoint""}"
1012,2006:928049,2006-09-09T20:17:00,1132 LESLIE ST,,,7,Non-Fatal Injury,,Stop Sign,Turning Movement,Clear,Dark,Dry,Major Arterial,FALSE,-79.35039071,43.71864412366306,3,Automobile or Station Wagon,South,5,40,None,Other Safety Equipment Used,Driving properly,Normal,,,Stopped,,,,,driver,,Don Valley East (16),33 Division,Banbury-Don Mills,FALSE,FALSE,FALSE,FALSE,FALSE,FALSE,FALSE,FALSE,FALSE,FALSE,"{""coordinates"": [[-79.350390714418, 43.71864412366306]], ""type"": ""MultiPoint""}"
1013,2006:928049,2006-09-09T20:17:00,1132 LESLIE ST,,,7,Non-Fatal Injury,,Stop Sign,Turning Movement,Clear,Dark,Dry,Major Arterial,FALSE,-79.35039071,43.71864412366306,4,,,7,,,Other Safety Equipment Used,,,,,,,,,,owner,,Don Valley East (16),33 Division,Banbury-Don Mills,FALSE,FALSE,FALSE,FALSE,FALSE,FALSE,FALSE,FALSE,FALSE,FALSE,"{""coordinates"": [[-79.350390714418, 43.71864412366306]], ""type"": ""MultiPoint""}"
1014,2006:923176,2006-09-10T15:05:00,36 GRAYLEE AVE,,,1,Non-Fatal Injury,,No Control,SMV Other,Clear,Daylight,Dry,Local,FALSE,-79.24749051,43.74234399032012,1,Automobile or Station Wagon,East,1,46,Major,Use Unknown,Lost control,Normal,,,Going Ahead,,,,,driver,,Scarborough Centre (21),43 Division,Eglinton East,FALSE,FALSE,FALSE,FALSE,FALSE,FALSE,FALSE,FALSE,FALSE,FALSE,"{""coordinates"": [[-79.24749050533968, 43.74234399032012]], ""type"": ""MultiPoint""}"
1015,2006:923394,2006-09-11T16:29:00,EGLINTON AVE E,LESLIE ST,,3,Fatal Injury,At Intersection,No Control,Cyclist Collision,Clear,Daylight,Dry,Major Arterial,FALSE,-79.35349072,43.71594413,2,Bicycle,West,3,47,Fatal,Helmet,,,,,Going Ahead,,Sideswipe with cyclist and driver travelling in same direction,Driving Properly,Normal,cyclist,47,Don Valley West (15),53 Division,Thorncliffe Park,TRUE,TRUE,TRUE,FALSE,FALSE,FALSE,FALSE,FALSE,FALSE,TRUE,"{""coordinates"": [[-79.35349072381405, 43.7159441281765]], ""type"": ""MultiPoint""}"
1016,2006:923394,2006-09-11T16:29:00,EGLINTON AVE E,LESLIE ST,,3,Fatal Injury,At Intersection,No Control,Cyclist Collision,Clear,Daylight,Dry,Major Arterial,FALSE,-79.35349072,43.71594413,1,Truck - Open (Flatbed),West,2,45,None,Other Safety Equipment Used,Improper passing,Inattentive,,,Overtaking,,,,,driver,,Don Valley West (15),53 Division,Thorncliffe Park,TRUE,TRUE,TRUE,FALSE,FALSE,FALSE,FALSE,FALSE,FALSE,TRUE,"{""coordinates"": [[-79.35349072381405, 43.7159441281765]], ""type"": ""MultiPoint""}"
1017,2006:923394,2006-09-11T16:29:00,EGLINTON AVE E,LESLIE ST,,3,Fatal Injury,At Intersection,No Control,Cyclist Collision,Clear,Daylight,Dry,Major Arterial,FALSE,-79.35349072,43.71594413,1,,,1,,,Other Safety Equipment Used,,,,,,,,,,owner,,Don Valley West (15),53 Division,Thorncliffe Park,TRUE,TRUE,TRUE,FALSE,FALSE,FALSE,FALSE,FALSE,FALSE,TRUE,"{""coordinates"": [[-79.35349072381405, 43.7159441281765]], ""type"": ""MultiPoint""}"
1018,2006:923894,2006-09-12T22:08:00,F G GARDINER XY W,DOWLING AVE,,9,Non-Fatal Injury,,No Control,Pedestrian Collision(internal code),Rain,Dark,Wet,Local,FALSE,-79.43769101,43.63434426852904,2,,,8,,None,Other Safety Equipment Used,,,,,,,,,,passenger,,Parkdale-High Park (4),14 Division,South Parkdale,FALSE,FALSE,FALSE,FALSE,FALSE,FALSE,TRUE,FALSE,FALSE,FALSE,"{""coordinates"": [[-79.43769101009475, 43.63434426852904]], ""type"": ""MultiPoint""}"
1019,2006:923894,2006-09-12T22:08:00,F G GARDINER XY W,DOWLING AVE,,9,Non-Fatal Injury,,No Control,Pedestrian Collision(internal code),Rain,Dark,Wet,Local,FALSE,-79.43769101,43.63434426852904,5,,North,6,22,Major,Other Safety Equipment Used,,,Other,Unknown,,Driver hits pedestrian at midblock,,,,pedestrian,,Parkdale-High Park (4),14 Division,South Parkdale,FALSE,FALSE,FALSE,FALSE,FALSE,FALSE,TRUE,FALSE,FALSE,FALSE,"{""coordinates"": [[-79.43769101009475, 43.63434426852904]], ""type"": ""MultiPoint""}"
1020,2006:923894,2006-09-12T22:08:00,F G GARDINER XY W,DOWLING AVE,,9,Non-Fatal Injury,,No Control,Pedestrian Collision(internal code),Rain,Dark,Wet,Local,FALSE,-79.43769101,43.63434426852904,3,Automobile or Station Wagon,West,9,63,None,Other Safety Equipment Used,Driving properly,Normal,,,Going Ahead,,,,,driver,,Parkdale-High Park (4),14 Division,South Parkdale,FALSE,FALSE,FALSE,FALSE,FALSE,FALSE,TRUE,FALSE,FALSE,FALSE,"{""coordinates"": [[-79.43769101009475, 43.63434426852904]], ""type"": ""MultiPoint""}"