_id,collision_id,accdate,stname1,stname2,stname3,per_inv,acclass,accloc,traffictl,impactype,visible,light,rdsfcond,road_class,failtorem,longitude,latitude,veh_no,vehtype,initdir,per_no,invage,injury,safequip,drivact,drivcond,pedact,pedcond,manoeuvre,pedtype,cyclistype,cycact,cyccond,road_user,fatal_no,wardname,division,neighbourhood,aggressive,distracted,cyclist,motorcyclist,other_micromobility,older_adult,pedestrian,red_light,school_child,heavy_truck,geometry
1164,2006:932028,2006-10-09T10:02:00,PARLIAMENT ST,GERRARD ST E,,2,Non-Fatal Injury,At Intersection,Traffic Signal,Cyclist Collision,Clear,Daylight,Dry,Minor Arterial,FALSE,-79.36699083,43.66194415606473,1,Automobile or Station Wagon,South,1,27,None,Lap and Shoulder Belt,Driving properly,Normal,,,Going Ahead,,,,,driver,,Toronto Centre (13),51 Division,Regent Park,FALSE,FALSE,TRUE,FALSE,FALSE,FALSE,FALSE,FALSE,FALSE,FALSE,"{""coordinates"": [[-79.36699082789733, 43.66194415606473]], ""type"": ""MultiPoint""}"
1165,2006:932028,2006-10-09T10:02:00,PARLIAMENT ST,GERRARD ST E,,2,Non-Fatal Injury,At Intersection,Traffic Signal,Cyclist Collision,Clear,Daylight,Dry,Minor Arterial,FALSE,-79.36699083,43.66194415606473,2,Bicycle,East,2,39,Major,No Equipment Available,,,,,Turning Left,,Cyclist turns left into path of driver,Improper Turn,Normal,cyclist,,Toronto Centre (13),51 Division,Regent Park,FALSE,FALSE,TRUE,FALSE,FALSE,FALSE,FALSE,FALSE,FALSE,FALSE,"{""coordinates"": [[-79.36699082789733, 43.66194415606473]], ""type"": ""MultiPoint""}"
1166,2006:932038,2006-10-09T19:12:00,YONGE ST,CHURCH AVE,,2,Non-Fatal Injury,At Intersection,Traffic Signal,Pedestrian Collision(internal code),Clear,Dark,Dry,Major Arterial,FALSE,-79.41399075,43.77374419590791,1,Automobile or Station Wagon,North,1,60,None,Lap and Shoulder Belt,Disobeyed traffic control,Had Been Drinking,,,Going Ahead,,,,,driver,,Willowdale (18),32 Division,Yonge-Doris,TRUE,FALSE,FALSE,FALSE,FALSE,FALSE,TRUE,TRUE,FALSE,FALSE,"{""coordinates"": [[-79.4139907502699, 43.77374419590791]], ""type"": ""MultiPoint""}"
1167,2006:932038,2006-10-09T19:12:00,YONGE ST,CHURCH AVE,,2,Non-Fatal Injury,At Intersection,Traffic Signal,Pedestrian Collision(internal code),Clear,Dark,Dry,Major Arterial,FALSE,-79.41399075,43.77374419590791,2,,,2,29,Major,Other Safety Equipment Used,,,On sidewalk or shoulder,Normal,,Driver hits pedestrian on sidewalk or shoulder,,,,pedestrian,,Willowdale (18),32 Division,Yonge-Doris,TRUE,FALSE,FALSE,FALSE,FALSE,FALSE,TRUE,TRUE,FALSE,FALSE,"{""coordinates"": [[-79.4139907502699, 43.77374419590791]], ""type"": ""MultiPoint""}"
1168,2006:932044,2006-10-10T07:43:00,CARSLAKE CRES,DANFORTH RD,,2,Non-Fatal Injury,At Intersection,Stop Sign,Cyclist Collision,Clear,Daylight,Dry,Major Arterial,FALSE,-79.2445905,43.74714398777616,1,Automobile or Station Wagon,West,1,52,None,Lap and Shoulder Belt,Failed to yield right-of-way,Normal,,,Turning Right,,,,,driver,,Scarborough Centre (21),43 Division,Bendale South,TRUE,FALSE,TRUE,FALSE,FALSE,FALSE,FALSE,FALSE,TRUE,FALSE,"{""coordinates"": [[-79.24459049565722, 43.74714398777616]], ""type"": ""MultiPoint""}"
1169,2006:932044,2006-10-10T07:43:00,CARSLAKE CRES,DANFORTH RD,,2,Non-Fatal Injury,At Intersection,Stop Sign,Cyclist Collision,Clear,Daylight,Dry,Major Arterial,FALSE,-79.2445905,43.74714398777616,2,Bicycle,South,2,13,Major,Other Safety Equipment Used,,,,,Going Ahead,,"Driver turns right at non-signalized intersection (e.g. stop, yield, no control, driveway) and hits cyclist",Driving Properly,Normal,cyclist,,Scarborough Centre (21),43 Division,Bendale South,TRUE,FALSE,TRUE,FALSE,FALSE,FALSE,FALSE,FALSE,TRUE,FALSE,"{""coordinates"": [[-79.24459049565722, 43.74714398777616]], ""type"": ""MultiPoint""}"
1170,2006:935226,2006-10-10T12:56:00,FINCH Aven W,WESTMORE Driv,,2,Non-Fatal Injury,At Intersection,Traffic Signal,Angle,Clear,Daylight,Dry,Major Arterial,FALSE,-79.60099108,43.73464442716268,2,Automobile or Station Wagon,West,2,49,Minor,Lap and Shoulder Belt,Disobeyed traffic control,Inattentive,,,Going Ahead,,,,,driver,,Etobicoke North (1),23 Division,West Humber-Clairville,TRUE,TRUE,FALSE,FALSE,FALSE,FALSE,FALSE,TRUE,FALSE,FALSE,"{""coordinates"": [[-79.60099107716387, 43.73464442716268]], ""type"": ""MultiPoint""}"
1171,2006:935226,2006-10-10T12:56:00,FINCH Aven W,WESTMORE Driv,,2,Non-Fatal Injury,At Intersection,Traffic Signal,Angle,Clear,Daylight,Dry,Major Arterial,FALSE,-79.60099108,43.73464442716268,1,Automobile or Station Wagon,South,1,63,Major,Lap and Shoulder Belt,Driving properly,Normal,,,Going Ahead,,,,,driver,,Etobicoke North (1),23 Division,West Humber-Clairville,TRUE,TRUE,FALSE,FALSE,FALSE,FALSE,FALSE,TRUE,FALSE,FALSE,"{""coordinates"": [[-79.60099107716387, 43.73464442716268]], ""type"": ""MultiPoint""}"
1172,2006:932096,2006-10-11T14:06:00,SPADINA AVE,BALDWIN ST,,4,Non-Fatal Injury,,No Control,Pedestrian Collision(internal code),Rain,Daylight,Wet,Major Arterial,FALSE,-79.3990909,43.65554420441607,1,,,2,48,Major,Other Safety Equipment Used,,,Other,Had Been Drinking,,Transit vehicle driver hits pedestrian anywhere along roadway,,,,pedestrian,,University-Rosedale (11),52 Division,Kensington-Chinatown,FALSE,FALSE,FALSE,FALSE,FALSE,FALSE,TRUE,FALSE,FALSE,TRUE,"{""coordinates"": [[-79.39909089969588, 43.65554420441607]], ""type"": ""MultiPoint""}"
1173,2006:932096,2006-10-11T14:06:00,SPADINA AVE,BALDWIN ST,,4,Non-Fatal Injury,,No Control,Pedestrian Collision(internal code),Rain,Daylight,Wet,Major Arterial,FALSE,-79.3990909,43.65554420441607,1,,,3,,,Other Safety Equipment Used,,,,,,,,,,owner,,University-Rosedale (11),52 Division,Kensington-Chinatown,FALSE,FALSE,FALSE,FALSE,FALSE,FALSE,TRUE,FALSE,FALSE,TRUE,"{""coordinates"": [[-79.39909089969588, 43.65554420441607]], ""type"": ""MultiPoint""}"
1174,2006:932096,2006-10-11T14:06:00,SPADINA AVE,BALDWIN ST,,4,Non-Fatal Injury,,No Control,Pedestrian Collision(internal code),Rain,Daylight,Wet,Major Arterial,FALSE,-79.3990909,43.65554420441607,1,,,1,,Minimal,Other Safety Equipment Used,,,Other,Had Been Drinking,,Transit vehicle driver hits pedestrian anywhere along roadway,,,,pedestrian,,University-Rosedale (11),52 Division,Kensington-Chinatown,FALSE,FALSE,FALSE,FALSE,FALSE,FALSE,TRUE,FALSE,FALSE,TRUE,"{""coordinates"": [[-79.39909089969588, 43.65554420441607]], ""type"": ""MultiPoint""}"
1175,2006:932096,2006-10-11T14:06:00,SPADINA AVE,BALDWIN ST,,4,Non-Fatal Injury,,No Control,Pedestrian Collision(internal code),Rain,Daylight,Wet,Major Arterial,FALSE,-79.3990909,43.65554420441607,1,Municipal Transit Bus (TTC),North,4,31,None,Lap Belt Only,Driving properly,Normal,,,Slowing or Stopping,,,,,driver,,University-Rosedale (11),52 Division,Kensington-Chinatown,FALSE,FALSE,FALSE,FALSE,FALSE,FALSE,TRUE,FALSE,FALSE,TRUE,"{""coordinates"": [[-79.39909089969588, 43.65554420441607]], ""type"": ""MultiPoint""}"
1176,2006:930421,2006-10-11T22:55:00,STEELES AVE W,KEELE ST,,2,Non-Fatal Injury,At Intersection,Traffic Signal,Pedestrian Collision(internal code),Rain,Dark,Wet,Major Arterial,TRUE,-79.49449087,43.78154429141674,1,,,2,,Major,Other Safety Equipment Used,,,,,Other,Unknown,,,,pedestrian,,,31 Division,York University Heights,FALSE,FALSE,FALSE,FALSE,FALSE,FALSE,TRUE,FALSE,FALSE,FALSE,"{""coordinates"": [[-79.49449087266969, 43.78154429141674]], ""type"": ""MultiPoint""}"
1177,2006:930421,2006-10-11T22:55:00,STEELES AVE W,KEELE ST,,2,Non-Fatal Injury,At Intersection,Traffic Signal,Pedestrian Collision(internal code),Rain,Dark,Wet,Major Arterial,TRUE,-79.49449087,43.78154429141674,1,Automobile or Station Wagon,,1,,None,Other Safety Equipment Used,,,,,Unknown,,,,,driver,,,31 Division,York University Heights,FALSE,FALSE,FALSE,FALSE,FALSE,FALSE,TRUE,FALSE,FALSE,FALSE,"{""coordinates"": [[-79.49449087266969, 43.78154429141674]], ""type"": ""MultiPoint""}"
1178,2006:929542,2006-10-12T12:10:00,LAKE SHORE BLVD W,LEGION RD,,2,Non-Fatal Injury,,No Control,Pedestrian Collision(internal code),Clear,Daylight,Dry,Major Arterial,FALSE,-79.48379113,43.62024434497199,2,,North,2,61,Major,Other Safety Equipment Used,,,Crossing - no traffic control,Unknown,,Driver hits pedestrian at midblock,,,,pedestrian,,Etobicoke-Lakeshore (3),22 Division,Humber Bay Shores,FALSE,FALSE,FALSE,FALSE,FALSE,FALSE,TRUE,FALSE,FALSE,TRUE,"{""coordinates"": [[-79.48379112755417, 43.62024434497199]], ""type"": ""MultiPoint""}"
1179,2006:929542,2006-10-12T12:10:00,LAKE SHORE BLVD W,LEGION RD,,2,Non-Fatal Injury,,No Control,Pedestrian Collision(internal code),Clear,Daylight,Dry,Major Arterial,FALSE,-79.48379113,43.62024434497199,1,Truck - Open (Flatbed),East,1,36,None,Lap and Shoulder Belt,Driving properly,Normal,,,Going Ahead,,,,,driver,,Etobicoke-Lakeshore (3),22 Division,Humber Bay Shores,FALSE,FALSE,FALSE,FALSE,FALSE,FALSE,TRUE,FALSE,FALSE,TRUE,"{""coordinates"": [[-79.48379112755417, 43.62024434497199]], ""type"": ""MultiPoint""}"
1180,2006:934738,2006-10-12T15:00:00,SCARLETT RD,LA ROSE AVE,,4,Non-Fatal Injury,,Traffic Signal,Rear End,Clear,Daylight,Dry,Major Arterial,FALSE,-79.51309105,43.68684435271295,1,,,1,,,Other Safety Equipment Used,,,,,,,,,,owner,,Etobicoke Centre (2),23 Division,Humber Heights-Westmount,TRUE,FALSE,FALSE,FALSE,FALSE,FALSE,FALSE,FALSE,FALSE,TRUE,"{""coordinates"": [[-79.51309105474144, 43.68684435271295]], ""type"": ""MultiPoint""}"
1181,2006:934738,2006-10-12T15:00:00,SCARLETT RD,LA ROSE AVE,,4,Non-Fatal Injury,,Traffic Signal,Rear End,Clear,Daylight,Dry,Major Arterial,FALSE,-79.51309105,43.68684435271295,1,Truck - Open (Flatbed),North,2,38,None,Lap and Shoulder Belt,Driving properly,Unknown,,,Stopped,,,,,driver,,Etobicoke Centre (2),23 Division,Humber Heights-Westmount,TRUE,FALSE,FALSE,FALSE,FALSE,FALSE,FALSE,FALSE,FALSE,TRUE,"{""coordinates"": [[-79.51309105474144, 43.68684435271295]], ""type"": ""MultiPoint""}"
1182,2006:934738,2006-10-12T15:00:00,SCARLETT RD,LA ROSE AVE,,4,Non-Fatal Injury,,Traffic Signal,Rear End,Clear,Daylight,Dry,Major Arterial,FALSE,-79.51309105,43.68684435271295,2,Automobile or Station Wagon,North,4,27,Major,Lap and Shoulder Belt,Following too closely,Ability Impaired - Alcohol Over .08,,,Going Ahead,,,,,driver,,Etobicoke Centre (2),23 Division,Humber Heights-Westmount,TRUE,FALSE,FALSE,FALSE,FALSE,FALSE,FALSE,FALSE,FALSE,TRUE,"{""coordinates"": [[-79.51309105474144, 43.68684435271295]], ""type"": ""MultiPoint""}"
1183,2006:934738,2006-10-12T15:00:00,SCARLETT RD,LA ROSE AVE,,4,Non-Fatal Injury,,Traffic Signal,Rear End,Clear,Daylight,Dry,Major Arterial,FALSE,-79.51309105,43.68684435271295,2,,,3,,,Other Safety Equipment Used,,,,,,,,,,owner,,Etobicoke Centre (2),23 Division,Humber Heights-Westmount,TRUE,FALSE,FALSE,FALSE,FALSE,FALSE,FALSE,FALSE,FALSE,TRUE,"{""coordinates"": [[-79.51309105474144, 43.68684435271295]], ""type"": ""MultiPoint""}"
1184,2006:935297,2006-10-13T23:25:00,ADELAIDE ST E,YONGE ST,,6,Non-Fatal Injury,At Intersection,Traffic Signal,Cyclist Collision,Clear,Dark,Dry,Major Arterial,FALSE,-79.37849087,43.65044417521876,3,Bicycle,South,6,40,Major,Other Safety Equipment Used,,,,,Stopped,,Insufficient information to describe collision,Driving Properly,Normal,cyclist,,Toronto Centre (13),52 Division,Yonge-Bay Corridor,TRUE,TRUE,TRUE,FALSE,FALSE,FALSE,FALSE,FALSE,FALSE,FALSE,"{""coordinates"": [[-79.37849086743054, 43.65044417521876]], ""type"": ""MultiPoint""}"
1185,2006:935297,2006-10-13T23:25:00,ADELAIDE ST E,YONGE ST,,6,Non-Fatal Injury,At Intersection,Traffic Signal,Cyclist Collision,Clear,Dark,Dry,Major Arterial,FALSE,-79.37849087,43.65044417521876,3,,,5,,,Other Safety Equipment Used,,,,,,,,,,owner,,Toronto Centre (13),52 Division,Yonge-Bay Corridor,TRUE,TRUE,TRUE,FALSE,FALSE,FALSE,FALSE,FALSE,FALSE,FALSE,"{""coordinates"": [[-79.37849086743054, 43.65044417521876]], ""type"": ""MultiPoint""}"
1186,2006:935297,2006-10-13T23:25:00,ADELAIDE ST E,YONGE ST,,6,Non-Fatal Injury,At Intersection,Traffic Signal,Cyclist Collision,Clear,Dark,Dry,Major Arterial,FALSE,-79.37849087,43.65044417521876,2,Automobile or Station Wagon,North,4,21,Minimal,Lap and Shoulder Belt,Other,Had Been Drinking,,,Going Ahead,,,,,driver,,Toronto Centre (13),52 Division,Yonge-Bay Corridor,TRUE,TRUE,TRUE,FALSE,FALSE,FALSE,FALSE,FALSE,FALSE,FALSE,"{""coordinates"": [[-79.37849086743054, 43.65044417521876]], ""type"": ""MultiPoint""}"
1187,2006:935297,2006-10-13T23:25:00,ADELAIDE ST E,YONGE ST,,6,Non-Fatal Injury,At Intersection,Traffic Signal,Cyclist Collision,Clear,Dark,Dry,Major Arterial,FALSE,-79.37849087,43.65044417521876,1,,,1,,,Other Safety Equipment Used,,,,,,,,,,owner,,Toronto Centre (13),52 Division,Yonge-Bay Corridor,TRUE,TRUE,TRUE,FALSE,FALSE,FALSE,FALSE,FALSE,FALSE,FALSE,"{""coordinates"": [[-79.37849086743054, 43.65044417521876]], ""type"": ""MultiPoint""}"
1188,2006:935297,2006-10-13T23:25:00,ADELAIDE ST E,YONGE ST,,6,Non-Fatal Injury,At Intersection,Traffic Signal,Cyclist Collision,Clear,Dark,Dry,Major Arterial,FALSE,-79.37849087,43.65044417521876,2,,,3,,,Other Safety Equipment Used,,,,,,,,,,owner,,Toronto Centre (13),52 Division,Yonge-Bay Corridor,TRUE,TRUE,TRUE,FALSE,FALSE,FALSE,FALSE,FALSE,FALSE,FALSE,"{""coordinates"": [[-79.37849086743054, 43.65044417521876]], ""type"": ""MultiPoint""}"
1189,2006:935297,2006-10-13T23:25:00,ADELAIDE ST E,YONGE ST,,6,Non-Fatal Injury,At Intersection,Traffic Signal,Cyclist Collision,Clear,Dark,Dry,Major Arterial,FALSE,-79.37849087,43.65044417521876,1,,East,2,46,None,Lap and Shoulder Belt,Failed to yield right-of-way,Inattentive,,,Going Ahead,,,,,driver,,Toronto Centre (13),52 Division,Yonge-Bay Corridor,TRUE,TRUE,TRUE,FALSE,FALSE,FALSE,FALSE,FALSE,FALSE,FALSE,"{""coordinates"": [[-79.37849086743054, 43.65044417521876]], ""type"": ""MultiPoint""}"
1190,2006:939973,2006-10-14T13:48:00,OSSINGTON AVE,DEWSON ST,,2,Non-Fatal Injury,,Pedestrian Crossover,Rear End,Clear,Daylight,Dry,Minor Arterial,FALSE,-79.42379095,43.65704424,1,Moped,North,1,73,Major,Helmet,Other,Normal,,,Going Ahead,,,,,motorcyclist,,Davenport (9),14 Division,Palmerston-Little Italy,FALSE,FALSE,FALSE,TRUE,FALSE,TRUE,FALSE,FALSE,FALSE,FALSE,"{""coordinates"": [[-79.42379094518643, 43.6570442402398]], ""type"": ""MultiPoint""}"
1191,2006:939973,2006-10-14T13:48:00,OSSINGTON AVE,DEWSON ST,,2,Non-Fatal Injury,,Pedestrian Crossover,Rear End,Clear,Daylight,Dry,Minor Arterial,FALSE,-79.42379095,43.65704424,2,Automobile or Station Wagon,North,2,37,None,Lap and Shoulder Belt,Driving properly,Normal,,,Going Ahead,,,,,driver,,Davenport (9),14 Division,Palmerston-Little Italy,FALSE,FALSE,FALSE,TRUE,FALSE,TRUE,FALSE,FALSE,FALSE,FALSE,"{""coordinates"": [[-79.42379094518643, 43.6570442402398]], ""type"": ""MultiPoint""}"
1192,2007:958900,2007-02-13T09:15:00,ST CLAIR Aven W,KEELE Stre,,4,Non-Fatal Injury,,No Control,SMV Other,Clear,Daylight,Dry,Major Arterial,FALSE,-79.465991,43.6728443,2,,,4,,None,Other Safety Equipment Used,,,,,,,,,,owner,,York South-Weston (5),11 Division,Junction Area,FALSE,FALSE,FALSE,FALSE,FALSE,FALSE,FALSE,FALSE,FALSE,TRUE,"{""coordinates"": [[-79.4659909992866, 43.6728442955623]], ""type"": ""MultiPoint""}"
1193,2006:941113,2006-10-14T22:04:00,DUFFERIN St,CASTLEFIELD Ave,,2,Non-Fatal Injury,,Traffic Signal,Pedestrian Collision(internal code),Clear,Daylight,Dry,Major Arterial,FALSE,-79.45179092,43.70074426462815,2,,West,2,20,Major,Other Safety Equipment Used,,,Crossing with right-of-way (intersection),Normal,,Driver turns left into pedestrian crossing with right-of-way (at intersection),,,,pedestrian,,Eglinton-Lawrence (8),13 Division,Briar Hill-Belgravia,TRUE,FALSE,FALSE,FALSE,FALSE,FALSE,TRUE,FALSE,FALSE,FALSE,"{""coordinates"": [[-79.45179092464082, 43.70074426462815]], ""type"": ""MultiPoint""}"
1194,2006:941113,2006-10-14T22:04:00,DUFFERIN St,CASTLEFIELD Ave,,2,Non-Fatal Injury,,Traffic Signal,Pedestrian Collision(internal code),Clear,Daylight,Dry,Major Arterial,FALSE,-79.45179092,43.70074426462815,1,Automobile or Station Wagon,East,1,27,None,Lap and Shoulder Belt,Failed to yield right-of-way,Normal,,,Turning Left,,,,,driver,,Eglinton-Lawrence (8),13 Division,Briar Hill-Belgravia,TRUE,FALSE,FALSE,FALSE,FALSE,FALSE,TRUE,FALSE,FALSE,FALSE,"{""coordinates"": [[-79.45179092464082, 43.70074426462815]], ""type"": ""MultiPoint""}"
1195,2006:932486,2006-10-15T19:12:00,2650 FINCH AVE W,,,2,Non-Fatal Injury,,No Control,Cyclist Collision,Clear,Dark,Dry,Major Arterial,FALSE,-79.56669101,43.74664438175926,1,Bicycle,East,1,47,Major,No Equipment Available,,,,,Going Ahead,,"Driver without right-of-way drives into path of cyclist (at intersection, laneway, or driveway)",Other,Normal,cyclist,,Humber River-Black Creek (7),31 Division,Humbermede,TRUE,FALSE,TRUE,FALSE,FALSE,FALSE,FALSE,FALSE,FALSE,FALSE,"{""coordinates"": [[-79.56669101146467, 43.74664438175926]], ""type"": ""MultiPoint""}"
1196,2006:932486,2006-10-15T19:12:00,2650 FINCH AVE W,,,2,Non-Fatal Injury,,No Control,Cyclist Collision,Clear,Dark,Dry,Major Arterial,FALSE,-79.56669101,43.74664438175926,2,Automobile or Station Wagon,South,2,44,None,Lap and Shoulder Belt,Failed to yield right-of-way,Normal,,,Turning Right,,,,,driver,,Humber River-Black Creek (7),31 Division,Humbermede,TRUE,FALSE,TRUE,FALSE,FALSE,FALSE,FALSE,FALSE,FALSE,FALSE,"{""coordinates"": [[-79.56669101146467, 43.74664438175926]], ""type"": ""MultiPoint""}"
1197,2006:932574,2006-10-16T07:45:00,CUMMER AVE,WILLOWDALE AVE,,2,Non-Fatal Injury,,No Control,Pedestrian Collision(internal code),Clear,Daylight,Dry,Minor Arterial,FALSE,-79.40909073,43.788844188389064,2,,North,2,78,Major,Other Safety Equipment Used,,,Crossing - no traffic control,Normal,,Driver hits pedestrian at midblock,,,,pedestrian,,Willowdale (18),32 Division,Newtonbrook East,TRUE,FALSE,FALSE,FALSE,FALSE,TRUE,TRUE,FALSE,FALSE,FALSE,"{""coordinates"": [[-79.40909072561806, 43.788844188389064]], ""type"": ""MultiPoint""}"
1198,2006:932574,2006-10-16T07:45:00,CUMMER AVE,WILLOWDALE AVE,,2,Non-Fatal Injury,,No Control,Pedestrian Collision(internal code),Clear,Daylight,Dry,Minor Arterial,FALSE,-79.40909073,43.788844188389064,1,Automobile or Station Wagon,East,1,41,None,Other Safety Equipment Used,Improper passing,Normal,,,Going Ahead,,,,,driver,,Willowdale (18),32 Division,Newtonbrook East,TRUE,FALSE,FALSE,FALSE,FALSE,TRUE,TRUE,FALSE,FALSE,FALSE,"{""coordinates"": [[-79.40909072561806, 43.788844188389064]], ""type"": ""MultiPoint""}"
1199,2006:932797,2006-10-17T10:42:00,RIVERSIDE DR,RIVERSIDE TRL,,5,Non-Fatal Injury,,No Control,SMV Other,Rain,Daylight,Wet,Local,FALSE,-79.48489109,43.643544336002456,1,Automobile or Station Wagon,North,4,17,None,Equipment Not Used But Available,Lost control,Normal,,,Going Ahead,,,,,driver,,Parkdale-High Park (4),11 Division,High Park-Swansea,FALSE,FALSE,FALSE,FALSE,FALSE,FALSE,FALSE,FALSE,TRUE,FALSE,"{""coordinates"": [[-79.48489108784426, 43.643544336002456]], ""type"": ""MultiPoint""}"
1200,2006:932797,2006-10-17T10:42:00,RIVERSIDE DR,RIVERSIDE TRL,,5,Non-Fatal Injury,,No Control,SMV Other,Rain,Daylight,Wet,Local,FALSE,-79.48489109,43.643544336002456,1,,,3,,,Other Safety Equipment Used,,,,,,,,,,owner,,Parkdale-High Park (4),11 Division,High Park-Swansea,FALSE,FALSE,FALSE,FALSE,FALSE,FALSE,FALSE,FALSE,TRUE,FALSE,"{""coordinates"": [[-79.48489108784426, 43.643544336002456]], ""type"": ""MultiPoint""}"
1201,2006:932797,2006-10-17T10:42:00,RIVERSIDE DR,RIVERSIDE TRL,,5,Non-Fatal Injury,,No Control,SMV Other,Rain,Daylight,Wet,Local,FALSE,-79.48489109,43.643544336002456,2,,,5,,,Other Safety Equipment Used,,,,,,,,,,owner,,Parkdale-High Park (4),11 Division,High Park-Swansea,FALSE,FALSE,FALSE,FALSE,FALSE,FALSE,FALSE,FALSE,TRUE,FALSE,"{""coordinates"": [[-79.48489108784426, 43.643544336002456]], ""type"": ""MultiPoint""}"
1202,2006:932797,2006-10-17T10:42:00,RIVERSIDE DR,RIVERSIDE TRL,,5,Non-Fatal Injury,,No Control,SMV Other,Rain,Daylight,Wet,Local,FALSE,-79.48489109,43.643544336002456,1,,,2,15,Minor,Lap and Shoulder Belt,,,,,Other,,,,,passenger,,Parkdale-High Park (4),11 Division,High Park-Swansea,FALSE,FALSE,FALSE,FALSE,FALSE,FALSE,FALSE,FALSE,TRUE,FALSE,"{""coordinates"": [[-79.48489108784426, 43.643544336002456]], ""type"": ""MultiPoint""}"
1203,2006:932797,2006-10-17T10:42:00,RIVERSIDE DR,RIVERSIDE TRL,,5,Non-Fatal Injury,,No Control,SMV Other,Rain,Daylight,Wet,Local,FALSE,-79.48489109,43.643544336002456,1,,,1,13,Major,Equipment Not Used But Available,,,,,Other,,,,,passenger,,Parkdale-High Park (4),11 Division,High Park-Swansea,FALSE,FALSE,FALSE,FALSE,FALSE,FALSE,FALSE,FALSE,TRUE,FALSE,"{""coordinates"": [[-79.48489108784426, 43.643544336002456]], ""type"": ""MultiPoint""}"
1204,2006:930606,2006-10-17T20:28:00,WILSON AVE,GARRATT BLVD,,3,Non-Fatal Injury,At Intersection,Traffic Signal,Pedestrian Collision(internal code),Rain,Dark,Wet,Major Arterial,FALSE,-79.4680909,43.730344274462205,1,Automobile or Station Wagon,West,2,34,None,Other Safety Equipment Used,Driving properly,Normal,,,Slowing or Stopping,,,,,driver,,York Centre (6),32 Division,Downsview,FALSE,FALSE,FALSE,FALSE,FALSE,TRUE,TRUE,FALSE,FALSE,FALSE,"{""coordinates"": [[-79.46809090234291, 43.730344274462205]], ""type"": ""MultiPoint""}"
1205,2006:930606,2006-10-17T20:28:00,WILSON AVE,GARRATT BLVD,,3,Non-Fatal Injury,At Intersection,Traffic Signal,Pedestrian Collision(internal code),Rain,Dark,Wet,Major Arterial,FALSE,-79.4680909,43.730344274462205,2,,South,3,78,Major,Other Safety Equipment Used,,,Crossing without right-of-way (intersection),Normal,,Driver going straight hits pedestrian crossing without right-of-way (at intersection),,,,pedestrian,,York Centre (6),32 Division,Downsview,FALSE,FALSE,FALSE,FALSE,FALSE,TRUE,TRUE,FALSE,FALSE,FALSE,"{""coordinates"": [[-79.46809090234291, 43.730344274462205]], ""type"": ""MultiPoint""}"
1206,2006:930606,2006-10-17T20:28:00,WILSON AVE,GARRATT BLVD,,3,Non-Fatal Injury,At Intersection,Traffic Signal,Pedestrian Collision(internal code),Rain,Dark,Wet,Major Arterial,FALSE,-79.4680909,43.730344274462205,1,,,1,,None,Other Safety Equipment Used,,,,,,,,,,owner,,York Centre (6),32 Division,Downsview,FALSE,FALSE,FALSE,FALSE,FALSE,TRUE,TRUE,FALSE,FALSE,FALSE,"{""coordinates"": [[-79.46809090234291, 43.730344274462205]], ""type"": ""MultiPoint""}"
1207,2006:935384,2006-10-18T06:37:00,MCCOWAN RD,BUSHBY DR,,5,Non-Fatal Injury,At Intersection,Traffic Signal,Pedestrian Collision(internal code),Clear,Dawn,Dry,Major Arterial,FALSE,-79.25219048,43.774544000186246,2,Automobile or Station Wagon,North,4,27,Minor,Lap and Shoulder Belt,Lost control,Inattentive,,,Going Ahead,,,,,driver,,Scarborough-Guildwood (24),43 Division,Woburn North,TRUE,TRUE,FALSE,FALSE,FALSE,FALSE,TRUE,FALSE,FALSE,FALSE,"{""coordinates"": [[-79.25219048387588, 43.774544000186246]], ""type"": ""MultiPoint""}"
1208,2006:935384,2006-10-18T06:37:00,MCCOWAN RD,BUSHBY DR,,5,Non-Fatal Injury,At Intersection,Traffic Signal,Pedestrian Collision(internal code),Clear,Dawn,Dry,Major Arterial,FALSE,-79.25219048,43.774544000186246,3,,,5,31,Major,Other Safety Equipment Used,,,On sidewalk or shoulder,Normal,Other,Driver hits pedestrian on sidewalk or shoulder,,,,pedestrian,,Scarborough-Guildwood (24),43 Division,Woburn North,TRUE,TRUE,FALSE,FALSE,FALSE,FALSE,TRUE,FALSE,FALSE,FALSE,"{""coordinates"": [[-79.25219048387588, 43.774544000186246]], ""type"": ""MultiPoint""}"
1209,2006:935384,2006-10-18T06:37:00,MCCOWAN RD,BUSHBY DR,,5,Non-Fatal Injury,At Intersection,Traffic Signal,Pedestrian Collision(internal code),Clear,Dawn,Dry,Major Arterial,FALSE,-79.25219048,43.774544000186246,1,,,1,,,Other Safety Equipment Used,,,,,,,,,,owner,,Scarborough-Guildwood (24),43 Division,Woburn North,TRUE,TRUE,FALSE,FALSE,FALSE,FALSE,TRUE,FALSE,FALSE,FALSE,"{""coordinates"": [[-79.25219048387588, 43.774544000186246]], ""type"": ""MultiPoint""}"
1210,2006:935384,2006-10-18T06:37:00,MCCOWAN RD,BUSHBY DR,,5,Non-Fatal Injury,At Intersection,Traffic Signal,Pedestrian Collision(internal code),Clear,Dawn,Dry,Major Arterial,FALSE,-79.25219048,43.774544000186246,1,Automobile or Station Wagon,South,2,24,Minimal,Lap and Shoulder Belt,Failed to yield right-of-way,Inattentive,,,Turning Left,,,,,driver,,Scarborough-Guildwood (24),43 Division,Woburn North,TRUE,TRUE,FALSE,FALSE,FALSE,FALSE,TRUE,FALSE,FALSE,FALSE,"{""coordinates"": [[-79.25219048387588, 43.774544000186246]], ""type"": ""MultiPoint""}"
1211,2006:935384,2006-10-18T06:37:00,MCCOWAN RD,BUSHBY DR,,5,Non-Fatal Injury,At Intersection,Traffic Signal,Pedestrian Collision(internal code),Clear,Dawn,Dry,Major Arterial,FALSE,-79.25219048,43.774544000186246,2,,,3,,,Other Safety Equipment Used,,,,,,,,,,owner,,Scarborough-Guildwood (24),43 Division,Woburn North,TRUE,TRUE,FALSE,FALSE,FALSE,FALSE,TRUE,FALSE,FALSE,FALSE,"{""coordinates"": [[-79.25219048387588, 43.774544000186246]], ""type"": ""MultiPoint""}"