_id,collision_id,accdate,stname1,stname2,stname3,per_inv,acclass,accloc,traffictl,impactype,visible,light,rdsfcond,road_class,failtorem,longitude,latitude,veh_no,vehtype,initdir,per_no,invage,injury,safequip,drivact,drivcond,pedact,pedcond,manoeuvre,pedtype,cyclistype,cycact,cyccond,road_user,fatal_no,wardname,division,neighbourhood,aggressive,distracted,cyclist,motorcyclist,other_micromobility,older_adult,pedestrian,red_light,school_child,heavy_truck,geometry
1501,2007:945089,2007-01-02T17:50:00,VICTORIA PARK AVE,HARE GT,,3,Fatal Injury,At Intersection,No Control,Pedestrian Collision(internal code),Clear,Dark,Dry,Major Arterial,FALSE,-79.3326906,43.79594409799283,1,,,1,,,Other Safety Equipment Used,,,,,,,,,,owner,,Don Valley North (17),33 Division,Pleasant View,FALSE,FALSE,FALSE,FALSE,FALSE,FALSE,TRUE,FALSE,FALSE,FALSE,"{""coordinates"": [[-79.33269059548637, 43.79594409799283]], ""type"": ""MultiPoint""}"
1502,2007:948249,2007-01-03T13:35:00,LAKE SHORE Blvd E,CARLAW Ave,,3,Non-Fatal Injury,At Intersection,Traffic Signal,Rear End,Clear,Daylight,Dry,Major Arterial,FALSE,-79.33739078,43.654944113813706,1,Automobile or Station Wagon,East,1,84,Major,Equipment Not Used But Available,Following too closely,Inattentive,,,Going Ahead,,,,,driver,,Toronto-Danforth (14),55 Division,South Riverdale,TRUE,TRUE,FALSE,FALSE,FALSE,TRUE,FALSE,FALSE,FALSE,FALSE,"{""coordinates"": [[-79.33739078077404, 43.654944113813706]], ""type"": ""MultiPoint""}"
1503,2007:948249,2007-01-03T13:35:00,LAKE SHORE Blvd E,CARLAW Ave,,3,Non-Fatal Injury,At Intersection,Traffic Signal,Rear End,Clear,Daylight,Dry,Major Arterial,FALSE,-79.33739078,43.654944113813706,2,,,2,,None,Other Safety Equipment Used,,,,,,,,,,owner,,Toronto-Danforth (14),55 Division,South Riverdale,TRUE,TRUE,FALSE,FALSE,FALSE,TRUE,FALSE,FALSE,FALSE,FALSE,"{""coordinates"": [[-79.33739078077404, 43.654944113813706]], ""type"": ""MultiPoint""}"
1504,2007:948249,2007-01-03T13:35:00,LAKE SHORE Blvd E,CARLAW Ave,,3,Non-Fatal Injury,At Intersection,Traffic Signal,Rear End,Clear,Daylight,Dry,Major Arterial,FALSE,-79.33739078,43.654944113813706,2,Automobile or Station Wagon,East,3,31,Minor,Lap and Shoulder Belt,Driving properly,Normal,,,Stopped,,,,,driver,,Toronto-Danforth (14),55 Division,South Riverdale,TRUE,TRUE,FALSE,FALSE,FALSE,TRUE,FALSE,FALSE,FALSE,FALSE,"{""coordinates"": [[-79.33739078077404, 43.654944113813706]], ""type"": ""MultiPoint""}"
1505,2007:949432,2007-01-04T09:05:00,FINCH AVE W,WESTON RD,,2,Non-Fatal Injury,At Intersection,Traffic Signal,Pedestrian Collision(internal code),Clear,Daylight,Dry,Major Arterial,FALSE,-79.54239097,43.75204435233861,1,Automobile or Station Wagon,South,1,70,None,Lap and Shoulder Belt,Failed to yield right-of-way,Normal,,,Turning Left,,,,,driver,,Humber River-Black Creek (7),31 Division,Humbermede,TRUE,FALSE,FALSE,FALSE,FALSE,TRUE,TRUE,FALSE,FALSE,FALSE,"{""coordinates"": [[-79.54239097208874, 43.75204435233861]], ""type"": ""MultiPoint""}"
1506,2007:949432,2007-01-04T09:05:00,FINCH AVE W,WESTON RD,,2,Non-Fatal Injury,At Intersection,Traffic Signal,Pedestrian Collision(internal code),Clear,Daylight,Dry,Major Arterial,FALSE,-79.54239097,43.75204435233861,2,,North,2,57,Major,Other Safety Equipment Used,,,Crossing with right-of-way (intersection),Normal,,Driver turns left into pedestrian crossing with right-of-way (at intersection),,,,pedestrian,,Humber River-Black Creek (7),31 Division,Humbermede,TRUE,FALSE,FALSE,FALSE,FALSE,TRUE,TRUE,FALSE,FALSE,FALSE,"{""coordinates"": [[-79.54239097208874, 43.75204435233861]], ""type"": ""MultiPoint""}"
1507,2007:948311,2007-01-05T12:07:00,BATHURST St,WARWICK Ave,,5,Non-Fatal Injury,,Traffic Signal,Approaching Head On,Clear,Daylight,Dry,Major Arterial,FALSE,-79.42319088,43.69524422733508,2,Automobile or Station Wagon,South,2,48,None,Other Safety Equipment Used,Driving properly,Normal,,,Slowing or Stopping,,,,,driver,,Toronto-St. Paul's (12),13 Division,Forest Hill South,FALSE,FALSE,FALSE,FALSE,FALSE,TRUE,FALSE,FALSE,TRUE,FALSE,"{""coordinates"": [[-79.42319088159638, 43.69524422733508]], ""type"": ""MultiPoint""}"
1508,2007:948311,2007-01-05T12:07:00,BATHURST St,WARWICK Ave,,5,Non-Fatal Injury,,Traffic Signal,Approaching Head On,Clear,Daylight,Dry,Major Arterial,FALSE,-79.42319088,43.69524422733508,3,,,3,,None,Other Safety Equipment Used,,,,,,,,,,owner,,Toronto-St. Paul's (12),13 Division,Forest Hill South,FALSE,FALSE,FALSE,FALSE,FALSE,TRUE,FALSE,FALSE,TRUE,FALSE,"{""coordinates"": [[-79.42319088159638, 43.69524422733508]], ""type"": ""MultiPoint""}"
1509,2007:948311,2007-01-05T12:07:00,BATHURST St,WARWICK Ave,,5,Non-Fatal Injury,,Traffic Signal,Approaching Head On,Clear,Daylight,Dry,Major Arterial,FALSE,-79.42319088,43.69524422733508,3,Automobile or Station Wagon,South,4,47,Minor,Lap and Shoulder Belt,Driving properly,Normal,,,Going Ahead,,,,,driver,,Toronto-St. Paul's (12),13 Division,Forest Hill South,FALSE,FALSE,FALSE,FALSE,FALSE,TRUE,FALSE,FALSE,TRUE,FALSE,"{""coordinates"": [[-79.42319088159638, 43.69524422733508]], ""type"": ""MultiPoint""}"
1510,2007:948311,2007-01-05T12:07:00,BATHURST St,WARWICK Ave,,5,Non-Fatal Injury,,Traffic Signal,Approaching Head On,Clear,Daylight,Dry,Major Arterial,FALSE,-79.42319088,43.69524422733508,1,,,1,10,None,Other Safety Equipment Used,,,,,,,,,,other,,Toronto-St. Paul's (12),13 Division,Forest Hill South,FALSE,FALSE,FALSE,FALSE,FALSE,TRUE,FALSE,FALSE,TRUE,FALSE,"{""coordinates"": [[-79.42319088159638, 43.69524422733508]], ""type"": ""MultiPoint""}"
1511,2007:948311,2007-01-05T12:07:00,BATHURST St,WARWICK Ave,,5,Non-Fatal Injury,,Traffic Signal,Approaching Head On,Clear,Daylight,Dry,Major Arterial,FALSE,-79.42319088,43.69524422733508,4,Automobile or Station Wagon,South,5,77,Major,Lap and Shoulder Belt,Lost control,Medical or Physical Disability,,,Going Ahead,,,,,driver,,Toronto-St. Paul's (12),13 Division,Forest Hill South,FALSE,FALSE,FALSE,FALSE,FALSE,TRUE,FALSE,FALSE,TRUE,FALSE,"{""coordinates"": [[-79.42319088159638, 43.69524422733508]], ""type"": ""MultiPoint""}"
1512,2007:948322,2007-01-05T14:50:00,KIPLING AVE,WIDDICOMBE HILL,,3,Non-Fatal Injury,,Traffic Signal,Angle,Clear,Daylight,Dry,Major Arterial,FALSE,-79.55169112,43.678944402636844,2,Automobile or Station Wagon,North,3,43,None,Lap and Shoulder Belt,Disobeyed traffic control,Normal,,,Going Ahead,,,,,driver,,Etobicoke Centre (2),23 Division,Willowridge-Martingrove-Richview,TRUE,FALSE,FALSE,FALSE,FALSE,TRUE,FALSE,TRUE,FALSE,FALSE,"{""coordinates"": [[-79.5516911190261, 43.678944402636844]], ""type"": ""MultiPoint""}"
1513,2007:948322,2007-01-05T14:50:00,KIPLING AVE,WIDDICOMBE HILL,,3,Non-Fatal Injury,,Traffic Signal,Angle,Clear,Daylight,Dry,Major Arterial,FALSE,-79.55169112,43.678944402636844,1,Automobile or Station Wagon,East,1,73,Major,Lap and Shoulder Belt,Driving properly,Normal,,,Going Ahead,,,,,driver,,Etobicoke Centre (2),23 Division,Willowridge-Martingrove-Richview,TRUE,FALSE,FALSE,FALSE,FALSE,TRUE,FALSE,TRUE,FALSE,FALSE,"{""coordinates"": [[-79.5516911190261, 43.678944402636844]], ""type"": ""MultiPoint""}"
1514,2007:948322,2007-01-05T14:50:00,KIPLING AVE,WIDDICOMBE HILL,,3,Non-Fatal Injury,,Traffic Signal,Angle,Clear,Daylight,Dry,Major Arterial,FALSE,-79.55169112,43.678944402636844,2,,,2,,None,Other Safety Equipment Used,,,,,,,,,,owner,,Etobicoke Centre (2),23 Division,Willowridge-Martingrove-Richview,TRUE,FALSE,FALSE,FALSE,FALSE,TRUE,FALSE,TRUE,FALSE,FALSE,"{""coordinates"": [[-79.5516911190261, 43.678944402636844]], ""type"": ""MultiPoint""}"
1515,2007:948356,2007-01-06T11:40:00,LAWRENCE AVE E,ORTON PARK RD,,5,Non-Fatal Injury,,Traffic Signal,Turning Movement,Rain,Daylight,Wet,Major Arterial,FALSE,-79.20559043,43.76404395,1,Automobile or Station Wagon,West,2,41,Minor,Lap and Shoulder Belt,Driving properly,Normal,,,Going Ahead,,,,,driver,,Scarborough-Guildwood (24),43 Division,Golfdale-Cedarbrae-Woburn,FALSE,FALSE,FALSE,FALSE,FALSE,FALSE,FALSE,FALSE,FALSE,FALSE,"{""coordinates"": [[-79.20559042723289, 43.7640439511201]], ""type"": ""MultiPoint""}"
1516,2007:948356,2007-01-06T11:40:00,LAWRENCE AVE E,ORTON PARK RD,,5,Non-Fatal Injury,,Traffic Signal,Turning Movement,Rain,Daylight,Wet,Major Arterial,FALSE,-79.20559043,43.76404395,3,,,5,,None,Other Safety Equipment Used,,,,,,,,,,owner,,Scarborough-Guildwood (24),43 Division,Golfdale-Cedarbrae-Woburn,FALSE,FALSE,FALSE,FALSE,FALSE,FALSE,FALSE,FALSE,FALSE,FALSE,"{""coordinates"": [[-79.20559042723289, 43.7640439511201]], ""type"": ""MultiPoint""}"
1517,2007:948356,2007-01-06T11:40:00,LAWRENCE AVE E,ORTON PARK RD,,5,Non-Fatal Injury,,Traffic Signal,Turning Movement,Rain,Daylight,Wet,Major Arterial,FALSE,-79.20559043,43.76404395,1,,,1,,None,Other Safety Equipment Used,,,,,,,,,,owner,,Scarborough-Guildwood (24),43 Division,Golfdale-Cedarbrae-Woburn,FALSE,FALSE,FALSE,FALSE,FALSE,FALSE,FALSE,FALSE,FALSE,FALSE,"{""coordinates"": [[-79.20559042723289, 43.7640439511201]], ""type"": ""MultiPoint""}"
1518,2007:948356,2007-01-06T11:40:00,LAWRENCE AVE E,ORTON PARK RD,,5,Non-Fatal Injury,,Traffic Signal,Turning Movement,Rain,Daylight,Wet,Major Arterial,FALSE,-79.20559043,43.76404395,2,,,3,37,Major,Lap and Shoulder Belt,,,,,,,,,,passenger,,Scarborough-Guildwood (24),43 Division,Golfdale-Cedarbrae-Woburn,FALSE,FALSE,FALSE,FALSE,FALSE,FALSE,FALSE,FALSE,FALSE,FALSE,"{""coordinates"": [[-79.20559042723289, 43.7640439511201]], ""type"": ""MultiPoint""}"
1519,2007:948356,2007-01-06T11:40:00,LAWRENCE AVE E,ORTON PARK RD,,5,Non-Fatal Injury,,Traffic Signal,Turning Movement,Rain,Daylight,Wet,Major Arterial,FALSE,-79.20559043,43.76404395,2,Automobile or Station Wagon,East,4,58,Minimal,Lap and Shoulder Belt,Improper turn,Normal,,,Turning Left,,,,,driver,,Scarborough-Guildwood (24),43 Division,Golfdale-Cedarbrae-Woburn,FALSE,FALSE,FALSE,FALSE,FALSE,FALSE,FALSE,FALSE,FALSE,FALSE,"{""coordinates"": [[-79.20559042723289, 43.7640439511201]], ""type"": ""MultiPoint""}"
1520,2007:946202,2007-01-07T13:36:00,FINCH AVE E,MARKHAM RD,,1,Non-Fatal Injury,Non-Intersection,No Control,SMV Other,Clear,Daylight,Dry,Major Arterial,FALSE,-79.25049145,43.81134200398955,1,Motorcycle,East,1,20,Major,Helmet,Lost control,Normal,,,Changing Lanes,,,,,motorcyclist,,Scarborough North (23),42 Division,Agincourt North,FALSE,FALSE,FALSE,TRUE,FALSE,FALSE,FALSE,FALSE,FALSE,FALSE,"{""coordinates"": [[-79.2504914514932, 43.81134200398955]], ""type"": ""MultiPoint""}"
1521,2007:946528,2007-01-09T21:25:00,DON VALLEY PARKWAY N,LEASIDE BDGE Road,,3,Non-Fatal Injury,,No Control,Pedestrian Collision(internal code),Clear,Dark,Dry,Major Arterial,FALSE,-79.34959074,43.697844125593996,1,,,1,,None,Other Safety Equipment Used,,,,,Other,,,,,passenger,,Toronto-Danforth (14),55 Division,Old East York,FALSE,FALSE,FALSE,FALSE,FALSE,FALSE,TRUE,FALSE,FALSE,FALSE,"{""coordinates"": [[-79.34959074287006, 43.697844125593996]], ""type"": ""MultiPoint""}"
1522,2007:946528,2007-01-09T21:25:00,DON VALLEY PARKWAY N,LEASIDE BDGE Road,,3,Non-Fatal Injury,,No Control,Pedestrian Collision(internal code),Clear,Dark,Dry,Major Arterial,FALSE,-79.34959074,43.697844125593996,2,,,3,,Major,Other Safety Equipment Used,,,,,Other,,,,,pedestrian,,Toronto-Danforth (14),55 Division,Old East York,FALSE,FALSE,FALSE,FALSE,FALSE,FALSE,TRUE,FALSE,FALSE,FALSE,"{""coordinates"": [[-79.34959074287006, 43.697844125593996]], ""type"": ""MultiPoint""}"
1523,2007:946528,2007-01-09T21:25:00,DON VALLEY PARKWAY N,LEASIDE BDGE Road,,3,Non-Fatal Injury,,No Control,Pedestrian Collision(internal code),Clear,Dark,Dry,Major Arterial,FALSE,-79.34959074,43.697844125593996,1,Automobile or Station Wagon,,2,41,None,Other Safety Equipment Used,,,,,Going Ahead,,,,,driver,,Toronto-Danforth (14),55 Division,Old East York,FALSE,FALSE,FALSE,FALSE,FALSE,FALSE,TRUE,FALSE,FALSE,FALSE,"{""coordinates"": [[-79.34959074287006, 43.697844125593996]], ""type"": ""MultiPoint""}"
1524,2007:947325,2007-01-10T15:15:00,HUMBER COLLEGE BLVD,WESTMORE DR,,3,Non-Fatal Injury,,No Control,Pedestrian Collision(internal code),Clear,Daylight,Dry,Minor Arterial,FALSE,-79.59939108,43.73094443,1,Automobile or Station Wagon,East,1,34,None,Other Safety Equipment Used,Driving properly,Normal,,,Going Ahead,,,,,driver,,Etobicoke North (1),23 Division,West Humber-Clairville,FALSE,FALSE,FALSE,FALSE,FALSE,FALSE,TRUE,FALSE,FALSE,FALSE,"{""coordinates"": [[-79.59939108214171, 43.7309444276233]], ""type"": ""MultiPoint""}"
1525,2007:947325,2007-01-10T15:15:00,HUMBER COLLEGE BLVD,WESTMORE DR,,3,Non-Fatal Injury,,No Control,Pedestrian Collision(internal code),Clear,Daylight,Dry,Minor Arterial,FALSE,-79.59939108,43.73094443,2,,North,3,53,Major,Other Safety Equipment Used,,,Running onto roadway,Normal,,Driver going straight hits pedestrian crossing without right-of-way (at intersection),,,,pedestrian,,Etobicoke North (1),23 Division,West Humber-Clairville,FALSE,FALSE,FALSE,FALSE,FALSE,FALSE,TRUE,FALSE,FALSE,FALSE,"{""coordinates"": [[-79.59939108214171, 43.7309444276233]], ""type"": ""MultiPoint""}"
1526,2007:947325,2007-01-10T15:15:00,HUMBER COLLEGE BLVD,WESTMORE DR,,3,Non-Fatal Injury,,No Control,Pedestrian Collision(internal code),Clear,Daylight,Dry,Minor Arterial,FALSE,-79.59939108,43.73094443,1,,,2,,,Other Safety Equipment Used,,,,,,,,,,owner,,Etobicoke North (1),23 Division,West Humber-Clairville,FALSE,FALSE,FALSE,FALSE,FALSE,FALSE,TRUE,FALSE,FALSE,FALSE,"{""coordinates"": [[-79.59939108214171, 43.7309444276233]], ""type"": ""MultiPoint""}"
1527,2007:951904,2007-01-12T01:42:00,F G GARDINER XY Expr E,KIPLING AVE,,1,Non-Fatal Injury,,No Control,SMV Other,Rain,Dark,Wet,,FALSE,-79.5248912,43.617944402646685,1,Automobile or Station Wagon,East,1,22,Major,Air Bag Deployed,Lost control,Had Been Drinking,,,Going Ahead,,,,,driver,,Etobicoke-Lakeshore (3),22 Division,Mimico-Queensway,FALSE,FALSE,FALSE,FALSE,FALSE,FALSE,FALSE,FALSE,FALSE,FALSE,"{""coordinates"": [[-79.52489119758388, 43.617944402646685]], ""type"": ""MultiPoint""}"
1528,2007:954598,2007-01-12T06:40:00,MCNICOLL AVE,PHARMACY AVE,,2,Non-Fatal Injury,At Intersection,Traffic Signal,Pedestrian Collision(internal code),Clear,Dark,Wet,Minor Arterial,FALSE,-79.33069058,43.804144095855214,1,Automobile or Station Wagon,West,1,43,None,Use Unknown,Driving properly,Normal,,,Going Ahead,,,,,driver,,Scarborough-Agincourt (22),42 Division,Steeles,FALSE,TRUE,FALSE,FALSE,FALSE,FALSE,TRUE,FALSE,FALSE,FALSE,"{""coordinates"": [[-79.33069058446468, 43.804144095855214]], ""type"": ""MultiPoint""}"
1529,2007:954598,2007-01-12T06:40:00,MCNICOLL AVE,PHARMACY AVE,,2,Non-Fatal Injury,At Intersection,Traffic Signal,Pedestrian Collision(internal code),Clear,Dark,Wet,Minor Arterial,FALSE,-79.33069058,43.804144095855214,2,,North,2,58,Major,Other Safety Equipment Used,,,Crossing without right-of-way (intersection),Inattentive,,Driver going straight hits pedestrian crossing without right-of-way (at intersection),,,,pedestrian,,Scarborough-Agincourt (22),42 Division,Steeles,FALSE,TRUE,FALSE,FALSE,FALSE,FALSE,TRUE,FALSE,FALSE,FALSE,"{""coordinates"": [[-79.33069058446468, 43.804144095855214]], ""type"": ""MultiPoint""}"
1530,2007:950601,2007-01-12T19:10:00,GERRARD ST E,ENDERBY RD,,2,Non-Fatal Injury,,No Control,Pedestrian Collision(internal code),Rain,Dark,Wet,Minor Arterial,FALSE,-79.30109067,43.68374405952606,2,,North,2,45,Major,Other Safety Equipment Used,,,Crossing - no traffic control,Had Been Drinking,,Driver hits pedestrian at midblock,,,,pedestrian,,Beaches-East York (19),55 Division,East End-Danforth,FALSE,FALSE,FALSE,FALSE,FALSE,FALSE,TRUE,FALSE,FALSE,FALSE,"{""coordinates"": [[-79.30109067265975, 43.68374405952606]], ""type"": ""MultiPoint""}"
1531,2007:950601,2007-01-12T19:10:00,GERRARD ST E,ENDERBY RD,,2,Non-Fatal Injury,,No Control,Pedestrian Collision(internal code),Rain,Dark,Wet,Minor Arterial,FALSE,-79.30109067,43.68374405952606,1,Automobile or Station Wagon,West,1,58,None,Use Unknown,Driving properly,Normal,,,Going Ahead,,,,,driver,,Beaches-East York (19),55 Division,East End-Danforth,FALSE,FALSE,FALSE,FALSE,FALSE,FALSE,TRUE,FALSE,FALSE,FALSE,"{""coordinates"": [[-79.30109067265975, 43.68374405952606]], ""type"": ""MultiPoint""}"
1532,2007:949215,2007-01-12T20:30:00,4071 KINGSTON RD,,,3,Non-Fatal Injury,,No Control,Pedestrian Collision(internal code),Rain,Dark,Wet,Major Arterial,FALSE,-79.20089043,43.755343944440774,2,,North,3,35,Major,Other Safety Equipment Used,,,Running onto roadway,Normal,,Driver hits pedestrian at midblock,,,,pedestrian,,Scarborough-Guildwood (24),43 Division,West Hill,FALSE,FALSE,FALSE,FALSE,FALSE,FALSE,TRUE,FALSE,FALSE,FALSE,"{""coordinates"": [[-79.20089042693824, 43.755343944440774]], ""type"": ""MultiPoint""}"
1533,2007:949215,2007-01-12T20:30:00,4071 KINGSTON RD,,,3,Non-Fatal Injury,,No Control,Pedestrian Collision(internal code),Rain,Dark,Wet,Major Arterial,FALSE,-79.20089043,43.755343944440774,1,,,1,,,Other Safety Equipment Used,,,,,,,,,,owner,,Scarborough-Guildwood (24),43 Division,West Hill,FALSE,FALSE,FALSE,FALSE,FALSE,FALSE,TRUE,FALSE,FALSE,FALSE,"{""coordinates"": [[-79.20089042693824, 43.755343944440774]], ""type"": ""MultiPoint""}"
1534,2007:949215,2007-01-12T20:30:00,4071 KINGSTON RD,,,3,Non-Fatal Injury,,No Control,Pedestrian Collision(internal code),Rain,Dark,Wet,Major Arterial,FALSE,-79.20089043,43.755343944440774,1,Automobile or Station Wagon,East,2,43,None,Lap and Shoulder Belt,Driving properly,Normal,,,Going Ahead,,,,,driver,,Scarborough-Guildwood (24),43 Division,West Hill,FALSE,FALSE,FALSE,FALSE,FALSE,FALSE,TRUE,FALSE,FALSE,FALSE,"{""coordinates"": [[-79.20089042693824, 43.755343944440774]], ""type"": ""MultiPoint""}"
1535,2007:947071,2007-01-14T03:36:00,DON VALLEY PARKWAY N,BAYVIEW BLOOR DVP RAMP,,4,Non-Fatal Injury,,No Control,SMV Other,Clear,Dark,Dry,,FALSE,-79.36189079,43.68324414497578,1,,,1,26,Major,Lap and Shoulder Belt,,,,,,,,,,passenger,,Toronto-Danforth (14),55 Division,Broadview North,FALSE,FALSE,FALSE,FALSE,FALSE,FALSE,FALSE,FALSE,FALSE,FALSE,"{""coordinates"": [[-79.36189078679321, 43.68324414497578]], ""type"": ""MultiPoint""}"
1536,2007:947071,2007-01-14T03:36:00,DON VALLEY PARKWAY N,BAYVIEW BLOOR DVP RAMP,,4,Non-Fatal Injury,,No Control,SMV Other,Clear,Dark,Dry,,FALSE,-79.36189079,43.68324414497578,1,,,2,,None,Other Safety Equipment Used,,,,,,,,,,owner,,Toronto-Danforth (14),55 Division,Broadview North,FALSE,FALSE,FALSE,FALSE,FALSE,FALSE,FALSE,FALSE,FALSE,FALSE,"{""coordinates"": [[-79.36189078679321, 43.68324414497578]], ""type"": ""MultiPoint""}"
1537,2007:947071,2007-01-14T03:36:00,DON VALLEY PARKWAY N,BAYVIEW BLOOR DVP RAMP,,4,Non-Fatal Injury,,No Control,SMV Other,Clear,Dark,Dry,,FALSE,-79.36189079,43.68324414497578,1,Automobile or Station Wagon,North,3,25,Major,Air Bag Deployed,Lost control,Normal,,,Going Ahead,,,,,driver,,Toronto-Danforth (14),55 Division,Broadview North,FALSE,FALSE,FALSE,FALSE,FALSE,FALSE,FALSE,FALSE,FALSE,FALSE,"{""coordinates"": [[-79.36189078679321, 43.68324414497578]], ""type"": ""MultiPoint""}"
1538,2007:947071,2007-01-14T03:36:00,DON VALLEY PARKWAY N,BAYVIEW BLOOR DVP RAMP,,4,Non-Fatal Injury,,No Control,SMV Other,Clear,Dark,Dry,,FALSE,-79.36189079,43.68324414497578,2,,,4,,None,Other Safety Equipment Used,,,,,,,,,,owner,,Toronto-Danforth (14),55 Division,Broadview North,FALSE,FALSE,FALSE,FALSE,FALSE,FALSE,FALSE,FALSE,FALSE,FALSE,"{""coordinates"": [[-79.36189078679321, 43.68324414497578]], ""type"": ""MultiPoint""}"
1539,2007:949730,2007-01-15T14:58:00,DON MILLS RD,DON MILLS N DVP S RAMP RD S,,4,Non-Fatal Injury,,No Control,Approaching Head On,Rain,Daylight,Slush,Major Arterial,FALSE,-79.33679071,43.70184410758639,3,Automobile or Station Wagon,North,2,60,Major,Lap and Shoulder Belt,Driving properly,Normal,,,Going Ahead,,,,,driver,,Toronto-Danforth (14),55 Division,Old East York,TRUE,TRUE,FALSE,FALSE,FALSE,FALSE,FALSE,FALSE,FALSE,FALSE,"{""coordinates"": [[-79.33679071387657, 43.70184410758639]], ""type"": ""MultiPoint""}"
1540,2007:949730,2007-01-15T14:58:00,DON MILLS RD,DON MILLS N DVP S RAMP RD S,,4,Non-Fatal Injury,,No Control,Approaching Head On,Rain,Daylight,Slush,Major Arterial,FALSE,-79.33679071,43.70184410758639,2,Automobile or Station Wagon,North,1,35,None,Lap and Shoulder Belt,Driving properly,Normal,,,Going Ahead,,,,,driver,,Toronto-Danforth (14),55 Division,Old East York,TRUE,TRUE,FALSE,FALSE,FALSE,FALSE,FALSE,FALSE,FALSE,FALSE,"{""coordinates"": [[-79.33679071387657, 43.70184410758639]], ""type"": ""MultiPoint""}"
1541,2007:949730,2007-01-15T14:58:00,DON MILLS RD,DON MILLS N DVP S RAMP RD S,,4,Non-Fatal Injury,,No Control,Approaching Head On,Rain,Daylight,Slush,Major Arterial,FALSE,-79.33679071,43.70184410758639,2,,,4,,,Other Safety Equipment Used,,,,,,,,,,owner,,Toronto-Danforth (14),55 Division,Old East York,TRUE,TRUE,FALSE,FALSE,FALSE,FALSE,FALSE,FALSE,FALSE,FALSE,"{""coordinates"": [[-79.33679071387657, 43.70184410758639]], ""type"": ""MultiPoint""}"
1542,2007:949730,2007-01-15T14:58:00,DON MILLS RD,DON MILLS N DVP S RAMP RD S,,4,Non-Fatal Injury,,No Control,Approaching Head On,Rain,Daylight,Slush,Major Arterial,FALSE,-79.33679071,43.70184410758639,1,Automobile or Station Wagon,South,3,52,Minor,Air Bag Deployed,Speed too fast for conditions,Inattentive,,,Going Ahead,,,,,driver,,Toronto-Danforth (14),55 Division,Old East York,TRUE,TRUE,FALSE,FALSE,FALSE,FALSE,FALSE,FALSE,FALSE,FALSE,"{""coordinates"": [[-79.33679071387657, 43.70184410758639]], ""type"": ""MultiPoint""}"
1543,2007:949724,2007-01-15T17:15:00,150 DISCO RD,,,4,Non-Fatal Injury,,No Control,Approaching Head On,Freezing Rain or Hail,Dark,Slush,Collector,FALSE,-79.60769115,43.70064445577679,2,Automobile or Station Wagon,West,3,47,None,Lap and Shoulder Belt,Driving properly,Normal,,,Going Ahead,,,,,driver,,Etobicoke North (1),23 Division,West Humber-Clairville,FALSE,FALSE,FALSE,FALSE,FALSE,FALSE,FALSE,FALSE,FALSE,FALSE,"{""coordinates"": [[-79.6076911500086, 43.70064445577679]], ""type"": ""MultiPoint""}"
1544,2007:949724,2007-01-15T17:15:00,150 DISCO RD,,,4,Non-Fatal Injury,,No Control,Approaching Head On,Freezing Rain or Hail,Dark,Slush,Collector,FALSE,-79.60769115,43.70064445577679,2,,,2,,None,Other Safety Equipment Used,,,,,,,,,,owner,,Etobicoke North (1),23 Division,West Humber-Clairville,FALSE,FALSE,FALSE,FALSE,FALSE,FALSE,FALSE,FALSE,FALSE,FALSE,"{""coordinates"": [[-79.6076911500086, 43.70064445577679]], ""type"": ""MultiPoint""}"
1545,2007:949724,2007-01-15T17:15:00,150 DISCO RD,,,4,Non-Fatal Injury,,No Control,Approaching Head On,Freezing Rain or Hail,Dark,Slush,Collector,FALSE,-79.60769115,43.70064445577679,1,Automobile or Station Wagon,East,1,36,Major,Lap and Shoulder Belt,Lost control,Normal,,,Going Ahead,,,,,driver,,Etobicoke North (1),23 Division,West Humber-Clairville,FALSE,FALSE,FALSE,FALSE,FALSE,FALSE,FALSE,FALSE,FALSE,FALSE,"{""coordinates"": [[-79.6076911500086, 43.70064445577679]], ""type"": ""MultiPoint""}"
1546,2007:949724,2007-01-15T17:15:00,150 DISCO RD,,,4,Non-Fatal Injury,,No Control,Approaching Head On,Freezing Rain or Hail,Dark,Slush,Collector,FALSE,-79.60769115,43.70064445577679,3,,,4,,None,Other Safety Equipment Used,,,,,,,,,,owner,,Etobicoke North (1),23 Division,West Humber-Clairville,FALSE,FALSE,FALSE,FALSE,FALSE,FALSE,FALSE,FALSE,FALSE,FALSE,"{""coordinates"": [[-79.6076911500086, 43.70064445577679]], ""type"": ""MultiPoint""}"
1547,2007:950308,2007-01-16T15:13:00,HUMBERWOOD BLVD,HULLRICK DR,,5,Non-Fatal Injury,,No Control,Approaching Head On,Clear,Daylight,Slush,Collector,FALSE,-79.61529112,43.72394444996231,2,,,4,,None,Other Safety Equipment Used,,,,,,,,,,owner,,Etobicoke North (1),23 Division,West Humber-Clairville,FALSE,FALSE,FALSE,FALSE,FALSE,FALSE,FALSE,FALSE,FALSE,FALSE,"{""coordinates"": [[-79.61529111548744, 43.72394444996231]], ""type"": ""MultiPoint""}"
1548,2007:950308,2007-01-16T15:13:00,HUMBERWOOD BLVD,HULLRICK DR,,5,Non-Fatal Injury,,No Control,Approaching Head On,Clear,Daylight,Slush,Collector,FALSE,-79.61529112,43.72394444996231,1,,,1,,None,Other Safety Equipment Used,,,,,,,,,,owner,,Etobicoke North (1),23 Division,West Humber-Clairville,FALSE,FALSE,FALSE,FALSE,FALSE,FALSE,FALSE,FALSE,FALSE,FALSE,"{""coordinates"": [[-79.61529111548744, 43.72394444996231]], ""type"": ""MultiPoint""}"