_id,collision_id,accdate,stname1,stname2,stname3,per_inv,acclass,accloc,traffictl,impactype,visible,light,rdsfcond,road_class,failtorem,longitude,latitude,veh_no,vehtype,initdir,per_no,invage,injury,safequip,drivact,drivcond,pedact,pedcond,manoeuvre,pedtype,cyclistype,cycact,cyccond,road_user,fatal_no,wardname,division,neighbourhood,aggressive,distracted,cyclist,motorcyclist,other_micromobility,older_adult,pedestrian,red_light,school_child,heavy_truck,geometry
1889,2007:965074,2007-04-18T17:05:00,SHEPPARD Ave W,LAURA Rd,,1,Non-Fatal Injury,,No Control,Approaching Head On,Clear,Daylight,Dry,Major Arterial,FALSE,-79.51899097,43.73804433327079,1,,,2,30,Minor,Other Safety Equipment Used,,,,,,,,,,passenger,,Humber River-Black Creek (7),31 Division,Oakdale-Beverley Heights,TRUE,FALSE,FALSE,FALSE,FALSE,TRUE,FALSE,FALSE,FALSE,FALSE,"{""coordinates"": [[-79.51899096756883, 43.73804433327079]], ""type"": ""MultiPoint""}"
1890,2007:965074,2007-04-18T17:05:00,SHEPPARD Ave W,LAURA Rd,,1,Non-Fatal Injury,,No Control,Approaching Head On,Clear,Daylight,Dry,Major Arterial,FALSE,-79.51899097,43.73804433327079,1,,,1,78,Minor,Other Safety Equipment Used,,,,,,,,,,passenger,,Humber River-Black Creek (7),31 Division,Oakdale-Beverley Heights,TRUE,FALSE,FALSE,FALSE,FALSE,TRUE,FALSE,FALSE,FALSE,FALSE,"{""coordinates"": [[-79.51899096756883, 43.73804433327079]], ""type"": ""MultiPoint""}"
1891,2007:965074,2007-04-18T17:05:00,SHEPPARD Ave W,LAURA Rd,,1,Non-Fatal Injury,,No Control,Approaching Head On,Clear,Daylight,Dry,Major Arterial,FALSE,-79.51899097,43.73804433327079,1,Automobile or Station Wagon,West,3,39,Minor,Other Safety Equipment Used,Driving properly,Normal,,,Going Ahead,,,,,driver,,Humber River-Black Creek (7),31 Division,Oakdale-Beverley Heights,TRUE,FALSE,FALSE,FALSE,FALSE,TRUE,FALSE,FALSE,FALSE,FALSE,"{""coordinates"": [[-79.51899096756883, 43.73804433327079]], ""type"": ""MultiPoint""}"
1892,2007:965365,2007-04-20T14:30:00,KIPLING AVE,NAMCO RD,,2,Non-Fatal Injury,,No Control,SMV Other,Clear,Daylight,Dry,Major Arterial,FALSE,-79.56519108,43.7084444,1,Automobile or Station Wagon,South,2,23,Major,Lap and Shoulder Belt,Lost control,Normal,,,Going Ahead,,,,,driver,,Etobicoke North (1),23 Division,West Humber-Clairville,FALSE,FALSE,FALSE,FALSE,FALSE,FALSE,FALSE,FALSE,FALSE,FALSE,"{""coordinates"": [[-79.56519108114281, 43.7084444018733]], ""type"": ""MultiPoint""}"
1893,2007:965365,2007-04-20T14:30:00,KIPLING AVE,NAMCO RD,,2,Non-Fatal Injury,,No Control,SMV Other,Clear,Daylight,Dry,Major Arterial,FALSE,-79.56519108,43.7084444,1,,,1,,None,Other Safety Equipment Used,,,,,,,,,,owner,,Etobicoke North (1),23 Division,West Humber-Clairville,FALSE,FALSE,FALSE,FALSE,FALSE,FALSE,FALSE,FALSE,FALSE,FALSE,"{""coordinates"": [[-79.56519108114281, 43.7084444018733]], ""type"": ""MultiPoint""}"
1894,2007:968354,2007-04-20T22:40:00,343 CHEROKEE BLVD,,,4,Non-Fatal Injury,,No Control,Pedestrian Collision(internal code),Clear,Dark,Dry,Collector,FALSE,-79.3375906,43.79934410379027,2,Automobile or Station Wagon,East,2,41,Major,Equipment Not Used But Available,Lost control,Normal,,,Reversing,,,,,driver,,Don Valley North (17),33 Division,Pleasant View,FALSE,FALSE,FALSE,FALSE,FALSE,FALSE,TRUE,FALSE,FALSE,FALSE,"{""coordinates"": [[-79.33759060004587, 43.79934410379027]], ""type"": ""MultiPoint""}"
1895,2007:968354,2007-04-20T22:40:00,343 CHEROKEE BLVD,,,4,Non-Fatal Injury,,No Control,Pedestrian Collision(internal code),Clear,Dark,Dry,Collector,FALSE,-79.3375906,43.79934410379027,3,,,3,38,Minor,Other Safety Equipment Used,,,Other,Normal,,Driver hits pedestrian at private driveway,,,,pedestrian,,Don Valley North (17),33 Division,Pleasant View,FALSE,FALSE,FALSE,FALSE,FALSE,FALSE,TRUE,FALSE,FALSE,FALSE,"{""coordinates"": [[-79.33759060004587, 43.79934410379027]], ""type"": ""MultiPoint""}"
1896,2007:968354,2007-04-20T22:40:00,343 CHEROKEE BLVD,,,4,Non-Fatal Injury,,No Control,Pedestrian Collision(internal code),Clear,Dark,Dry,Collector,FALSE,-79.3375906,43.79934410379027,1,,,1,,,Other Safety Equipment Used,,,,,,,,,,owner,,Don Valley North (17),33 Division,Pleasant View,FALSE,FALSE,FALSE,FALSE,FALSE,FALSE,TRUE,FALSE,FALSE,FALSE,"{""coordinates"": [[-79.33759060004587, 43.79934410379027]], ""type"": ""MultiPoint""}"
1897,2007:968354,2007-04-20T22:40:00,343 CHEROKEE BLVD,,,4,Non-Fatal Injury,,No Control,Pedestrian Collision(internal code),Clear,Dark,Dry,Collector,FALSE,-79.3375906,43.79934410379027,2,,,4,,,Other Safety Equipment Used,,,,,,,,,,owner,,Don Valley North (17),33 Division,Pleasant View,FALSE,FALSE,FALSE,FALSE,FALSE,FALSE,TRUE,FALSE,FALSE,FALSE,"{""coordinates"": [[-79.33759060004587, 43.79934410379027]], ""type"": ""MultiPoint""}"
1898,2007:968451,2007-04-21T13:09:00,BOOTH AVE,LAKE SHORE BLVD E,,2,Non-Fatal Injury,At Intersection,Stop Sign,Pedestrian Collision(internal code),Clear,Daylight,Dry,Major Arterial,FALSE,-79.34079379,43.65354311899204,1,Automobile or Station Wagon,South,2,58,None,Lap and Shoulder Belt,Failed to yield right-of-way,Normal,,,Going Ahead,,,,,driver,,Toronto-Danforth (14),55 Division,South Riverdale,TRUE,FALSE,FALSE,FALSE,FALSE,FALSE,TRUE,FALSE,FALSE,FALSE,"{""coordinates"": [[-79.34079378936364, 43.65354311899204]], ""type"": ""MultiPoint""}"
1899,2007:968451,2007-04-21T13:09:00,BOOTH AVE,LAKE SHORE BLVD E,,2,Non-Fatal Injury,At Intersection,Stop Sign,Pedestrian Collision(internal code),Clear,Daylight,Dry,Major Arterial,FALSE,-79.34079379,43.65354311899204,2,,East,1,28,Major,Other Safety Equipment Used,,,,,Going Ahead,,,,,pedestrian,,Toronto-Danforth (14),55 Division,South Riverdale,TRUE,FALSE,FALSE,FALSE,FALSE,FALSE,TRUE,FALSE,FALSE,FALSE,"{""coordinates"": [[-79.34079378936364, 43.65354311899204]], ""type"": ""MultiPoint""}"
1900,2007:969841,2007-04-21T17:41:00,BLOOR ST W,HURON ST,,3,Non-Fatal Injury,At Intersection,Traffic Signal,Turning Movement,Clear,Daylight,Dry,Major Arterial,TRUE,-79.40149089,43.66714420487651,3,Automobile or Station Wagon,East,3,,None,Other Safety Equipment Used,Failed to yield right-of-way,,,,Turning Left,,,,,driver,,University-Rosedale (11),52 Division,University,TRUE,FALSE,FALSE,TRUE,FALSE,FALSE,FALSE,FALSE,FALSE,FALSE,"{""coordinates"": [[-79.40149088607527, 43.66714420487651]], ""type"": ""MultiPoint""}"
1901,2007:969841,2007-04-21T17:41:00,BLOOR ST W,HURON ST,,3,Non-Fatal Injury,At Intersection,Traffic Signal,Turning Movement,Clear,Daylight,Dry,Major Arterial,TRUE,-79.40149089,43.66714420487651,1,Automobile or Station Wagon,West,1,26,None,Lap and Shoulder Belt,Driving properly,Normal,,,Going Ahead,,,,,driver,,University-Rosedale (11),52 Division,University,TRUE,FALSE,FALSE,TRUE,FALSE,FALSE,FALSE,FALSE,FALSE,FALSE,"{""coordinates"": [[-79.40149088607527, 43.66714420487651]], ""type"": ""MultiPoint""}"
1902,2007:969841,2007-04-21T17:41:00,BLOOR ST W,HURON ST,,3,Non-Fatal Injury,At Intersection,Traffic Signal,Turning Movement,Clear,Daylight,Dry,Major Arterial,TRUE,-79.40149089,43.66714420487651,2,Moped,West,2,54,Major,Helmet,Driving properly,Normal,,,Going Ahead,,,,,motorcyclist,,University-Rosedale (11),52 Division,University,TRUE,FALSE,FALSE,TRUE,FALSE,FALSE,FALSE,FALSE,FALSE,FALSE,"{""coordinates"": [[-79.40149088607527, 43.66714420487651]], ""type"": ""MultiPoint""}"
1903,2007:965369,2007-04-22T00:04:00,WARDEN AVE,SHEPPARD AVE E,,3,Fatal Injury,At Intersection,Traffic Signal,Turning Movement,Clear,Dark,Dry,Major Arterial,FALSE,-79.30788757,43.77874506779586,1,Motorcycle,North,3,20,Fatal,Helmet,Exceeding speed limit,Normal,,,Going Ahead,,,,,motorcyclist,14,Scarborough-Agincourt (22),42 Division,Tam O'Shanter-Sullivan,TRUE,FALSE,FALSE,TRUE,FALSE,FALSE,FALSE,FALSE,FALSE,FALSE,"{""coordinates"": [[-79.30788757144467, 43.77874506779586]], ""type"": ""MultiPoint""}"
1904,2007:965369,2007-04-22T00:04:00,WARDEN AVE,SHEPPARD AVE E,,3,Fatal Injury,At Intersection,Traffic Signal,Turning Movement,Clear,Dark,Dry,Major Arterial,FALSE,-79.30788757,43.77874506779586,2,,,1,,,Lap and Shoulder Belt,,,,,,,,,,owner,,Scarborough-Agincourt (22),42 Division,Tam O'Shanter-Sullivan,TRUE,FALSE,FALSE,TRUE,FALSE,FALSE,FALSE,FALSE,FALSE,FALSE,"{""coordinates"": [[-79.30788757144467, 43.77874506779586]], ""type"": ""MultiPoint""}"
1905,2007:965369,2007-04-22T00:04:00,WARDEN AVE,SHEPPARD AVE E,,3,Fatal Injury,At Intersection,Traffic Signal,Turning Movement,Clear,Dark,Dry,Major Arterial,FALSE,-79.30788757,43.77874506779586,2,Automobile or Station Wagon,South,2,33,None,Lap and Shoulder Belt,Improper turn,Normal,,,Turning Left,,,,,driver,,Scarborough-Agincourt (22),42 Division,Tam O'Shanter-Sullivan,TRUE,FALSE,FALSE,TRUE,FALSE,FALSE,FALSE,FALSE,FALSE,FALSE,"{""coordinates"": [[-79.30788757144467, 43.77874506779586]], ""type"": ""MultiPoint""}"
1906,2007:968739,2007-04-22T12:10:00,KEELE ST,JACKSON PL,,5,Non-Fatal Injury,,Stop Sign,Angle,Clear,Daylight,Dry,Major Arterial,FALSE,-79.46489101,43.66634429666622,1,,,1,,,Other Safety Equipment Used,,,,,,,,,,owner,,Parkdale-High Park (4),11 Division,Junction Area,TRUE,FALSE,FALSE,FALSE,FALSE,FALSE,FALSE,FALSE,FALSE,FALSE,"{""coordinates"": [[-79.46489100855527, 43.66634429666622]], ""type"": ""MultiPoint""}"
1907,2007:968739,2007-04-22T12:10:00,KEELE ST,JACKSON PL,,5,Non-Fatal Injury,,Stop Sign,Angle,Clear,Daylight,Dry,Major Arterial,FALSE,-79.46489101,43.66634429666622,3,Automobile or Station Wagon,West,5,62,None,Lap and Shoulder Belt,Failed to yield right-of-way,Ability Impaired - Alcohol Over .08,,,Going Ahead,,,,,driver,,Parkdale-High Park (4),11 Division,Junction Area,TRUE,FALSE,FALSE,FALSE,FALSE,FALSE,FALSE,FALSE,FALSE,FALSE,"{""coordinates"": [[-79.46489100855527, 43.66634429666622]], ""type"": ""MultiPoint""}"
1908,2007:968739,2007-04-22T12:10:00,KEELE ST,JACKSON PL,,5,Non-Fatal Injury,,Stop Sign,Angle,Clear,Daylight,Dry,Major Arterial,FALSE,-79.46489101,43.66634429666622,1,Automobile or Station Wagon,South,2,51,Major,Lap and Shoulder Belt,Driving properly,Normal,,,Going Ahead,,,,,driver,,Parkdale-High Park (4),11 Division,Junction Area,TRUE,FALSE,FALSE,FALSE,FALSE,FALSE,FALSE,FALSE,FALSE,FALSE,"{""coordinates"": [[-79.46489100855527, 43.66634429666622]], ""type"": ""MultiPoint""}"
1909,2007:968739,2007-04-22T12:10:00,KEELE ST,JACKSON PL,,5,Non-Fatal Injury,,Stop Sign,Angle,Clear,Daylight,Dry,Major Arterial,FALSE,-79.46489101,43.66634429666622,2,,,3,20,Minimal,Lap and Shoulder Belt,,,,,,,,,,passenger,,Parkdale-High Park (4),11 Division,Junction Area,TRUE,FALSE,FALSE,FALSE,FALSE,FALSE,FALSE,FALSE,FALSE,FALSE,"{""coordinates"": [[-79.46489100855527, 43.66634429666622]], ""type"": ""MultiPoint""}"
1910,2007:968739,2007-04-22T12:10:00,KEELE ST,JACKSON PL,,5,Non-Fatal Injury,,Stop Sign,Angle,Clear,Daylight,Dry,Major Arterial,FALSE,-79.46489101,43.66634429666622,2,Automobile or Station Wagon,South,4,50,None,Lap and Shoulder Belt,Driving properly,Normal,,,Going Ahead,,,,,driver,,Parkdale-High Park (4),11 Division,Junction Area,TRUE,FALSE,FALSE,FALSE,FALSE,FALSE,FALSE,FALSE,FALSE,FALSE,"{""coordinates"": [[-79.46489100855527, 43.66634429666622]], ""type"": ""MultiPoint""}"
1911,2007:969630,2007-04-28T00:15:00,GERRARD ST E,GLENMORE RD,,3,Non-Fatal Injury,At Intersection,No Control,Pedestrian Collision(internal code),Rain,Dark,Wet,Minor Arterial,FALSE,-79.3110907,43.68064407373421,2,,South,3,60,Major,Other Safety Equipment Used,,,Running onto roadway,Ability Impaired - Alcohol,,Driver hits pedestrian at midblock,,,,pedestrian,,Beaches-East York (19),55 Division,Woodbine Corridor,FALSE,FALSE,FALSE,FALSE,FALSE,FALSE,TRUE,FALSE,FALSE,FALSE,"{""coordinates"": [[-79.31109069544108, 43.68064407373421]], ""type"": ""MultiPoint""}"
1912,2007:969630,2007-04-28T00:15:00,GERRARD ST E,GLENMORE RD,,3,Non-Fatal Injury,At Intersection,No Control,Pedestrian Collision(internal code),Rain,Dark,Wet,Minor Arterial,FALSE,-79.3110907,43.68064407373421,2,,South,2,50,Minor,Other Safety Equipment Used,,,Running onto roadway,Ability Impaired - Alcohol,,Driver hits pedestrian at midblock,,,,pedestrian,,Beaches-East York (19),55 Division,Woodbine Corridor,FALSE,FALSE,FALSE,FALSE,FALSE,FALSE,TRUE,FALSE,FALSE,FALSE,"{""coordinates"": [[-79.31109069544108, 43.68064407373421]], ""type"": ""MultiPoint""}"
1913,2007:969630,2007-04-28T00:15:00,GERRARD ST E,GLENMORE RD,,3,Non-Fatal Injury,At Intersection,No Control,Pedestrian Collision(internal code),Rain,Dark,Wet,Minor Arterial,FALSE,-79.3110907,43.68064407373421,1,Automobile or Station Wagon,East,1,52,None,Lap and Shoulder Belt,Driving properly,Normal,,,Going Ahead,,,,,driver,,Beaches-East York (19),55 Division,Woodbine Corridor,FALSE,FALSE,FALSE,FALSE,FALSE,FALSE,TRUE,FALSE,FALSE,FALSE,"{""coordinates"": [[-79.31109069544108, 43.68064407373421]], ""type"": ""MultiPoint""}"
1914,2007:966627,2007-04-28T14:15:00,STEELES AVE E,ASHCOTT ST,,2,Non-Fatal Injury,At Intersection,Traffic Signal,Pedestrian Collision(internal code),Clear,Daylight,Dry,Major Arterial,FALSE,-79.2916905,43.82724405271558,1,Automobile or Station Wagon,East,2,38,None,Lap and Shoulder Belt,Driving properly,Normal,,,Going Ahead,,,,,driver,,Scarborough North (23),42 Division,Milliken,FALSE,FALSE,FALSE,FALSE,FALSE,FALSE,TRUE,FALSE,TRUE,FALSE,"{""coordinates"": [[-79.29169050226666, 43.82724405271558]], ""type"": ""MultiPoint""}"
1915,2007:966627,2007-04-28T14:15:00,STEELES AVE E,ASHCOTT ST,,2,Non-Fatal Injury,At Intersection,Traffic Signal,Pedestrian Collision(internal code),Clear,Daylight,Dry,Major Arterial,FALSE,-79.2916905,43.82724405271558,2,,South,1,17,Major,Other Safety Equipment Used,,,Crossing without right-of-way (intersection),Normal,,Driver going straight hits pedestrian crossing without right-of-way (at intersection),,,,pedestrian,,Scarborough North (23),42 Division,Milliken,FALSE,FALSE,FALSE,FALSE,FALSE,FALSE,TRUE,FALSE,TRUE,FALSE,"{""coordinates"": [[-79.29169050226666, 43.82724405271558]], ""type"": ""MultiPoint""}"
1916,2007:966632,2007-04-28T17:34:00,746 OSSINGTON AVE,,,3,Non-Fatal Injury,,No Control,Pedestrian Collision(internal code),Clear,Daylight,Dry,Minor Arterial,FALSE,-79.42579094,43.66234424147151,1,Municipal Transit Bus (TTC),North,1,47,None,Lap Belt Only,Failed to yield right-of-way,Normal,,,Turning Left,,,,,driver,,University-Rosedale (11),14 Division,Dovercourt Village,TRUE,FALSE,FALSE,FALSE,FALSE,TRUE,TRUE,FALSE,FALSE,TRUE,"{""coordinates"": [[-79.42579094036189, 43.66234424147151]], ""type"": ""MultiPoint""}"
1917,2007:966632,2007-04-28T17:34:00,746 OSSINGTON AVE,,,3,Non-Fatal Injury,,No Control,Pedestrian Collision(internal code),Clear,Daylight,Dry,Minor Arterial,FALSE,-79.42579094,43.66234424147151,2,,South,2,75,Major,Other Safety Equipment Used,,,Crossing - no traffic control,Normal,,Transit vehicle driver hits pedestrian anywhere along roadway,,,,pedestrian,,University-Rosedale (11),14 Division,Dovercourt Village,TRUE,FALSE,FALSE,FALSE,FALSE,TRUE,TRUE,FALSE,FALSE,TRUE,"{""coordinates"": [[-79.42579094036189, 43.66234424147151]], ""type"": ""MultiPoint""}"
1918,2007:966632,2007-04-28T17:34:00,746 OSSINGTON AVE,,,3,Non-Fatal Injury,,No Control,Pedestrian Collision(internal code),Clear,Daylight,Dry,Minor Arterial,FALSE,-79.42579094,43.66234424147151,1,,,3,,,Other Safety Equipment Used,,,,,,,,,,owner,,University-Rosedale (11),14 Division,Dovercourt Village,TRUE,FALSE,FALSE,FALSE,FALSE,TRUE,TRUE,FALSE,FALSE,TRUE,"{""coordinates"": [[-79.42579094036189, 43.66234424147151]], ""type"": ""MultiPoint""}"
1919,2007:971237,2007-04-28T19:05:00,EGLINTON AVE E,BRIMLEY RD,,4,Non-Fatal Injury,,Traffic Signal,Angle,Clear,Daylight,Dry,Major Arterial,FALSE,-79.24809051,43.73664399042041,1,Automobile or Station Wagon,East,3,46,Major,Lap and Shoulder Belt,Driving properly,Normal,,,Going Ahead,,,,,driver,,Scarborough Southwest (20),41 Division,Kennedy Park,TRUE,FALSE,FALSE,FALSE,FALSE,FALSE,FALSE,TRUE,TRUE,FALSE,"{""coordinates"": [[-79.24809051282219, 43.73664399042041]], ""type"": ""MultiPoint""}"
1920,2007:971237,2007-04-28T19:05:00,EGLINTON AVE E,BRIMLEY RD,,4,Non-Fatal Injury,,Traffic Signal,Angle,Clear,Daylight,Dry,Major Arterial,FALSE,-79.24809051,43.73664399042041,2,Automobile or Station Wagon,South,4,18,Minor,Lap and Shoulder Belt,Disobeyed traffic control,Normal,,,Going Ahead,,,,,driver,,Scarborough Southwest (20),41 Division,Kennedy Park,TRUE,FALSE,FALSE,FALSE,FALSE,FALSE,FALSE,TRUE,TRUE,FALSE,"{""coordinates"": [[-79.24809051282219, 43.73664399042041]], ""type"": ""MultiPoint""}"
1921,2007:971237,2007-04-28T19:05:00,EGLINTON AVE E,BRIMLEY RD,,4,Non-Fatal Injury,,Traffic Signal,Angle,Clear,Daylight,Dry,Major Arterial,FALSE,-79.24809051,43.73664399042041,1,,,1,4,Minor,Lap and Shoulder Belt,,,,,,,,,,passenger,,Scarborough Southwest (20),41 Division,Kennedy Park,TRUE,FALSE,FALSE,FALSE,FALSE,FALSE,FALSE,TRUE,TRUE,FALSE,"{""coordinates"": [[-79.24809051282219, 43.73664399042041]], ""type"": ""MultiPoint""}"
1922,2007:971237,2007-04-28T19:05:00,EGLINTON AVE E,BRIMLEY RD,,4,Non-Fatal Injury,,Traffic Signal,Angle,Clear,Daylight,Dry,Major Arterial,FALSE,-79.24809051,43.73664399042041,1,,,2,14,Minor,Lap and Shoulder Belt,,,,,,,,,,passenger,,Scarborough Southwest (20),41 Division,Kennedy Park,TRUE,FALSE,FALSE,FALSE,FALSE,FALSE,FALSE,TRUE,TRUE,FALSE,"{""coordinates"": [[-79.24809051282219, 43.73664399042041]], ""type"": ""MultiPoint""}"
1923,2007:971246,2007-04-29T15:20:00,DANFORTH AVE,GILLARD AVE,,2,Non-Fatal Injury,,Traffic Signal,Rear End,Clear,Daylight,Dry,Major Arterial,FALSE,-79.32829073,43.68234409784691,1,Automobile or Station Wagon,West,1,47,None,Lap and Shoulder Belt,Driving properly,Normal,,,Stopped,,,,,driver,,Toronto-Danforth (14),55 Division,Greenwood-Coxwell,TRUE,FALSE,FALSE,TRUE,FALSE,FALSE,FALSE,FALSE,FALSE,FALSE,"{""coordinates"": [[-79.32829072532094, 43.68234409784691]], ""type"": ""MultiPoint""}"
1924,2007:971246,2007-04-29T15:20:00,DANFORTH AVE,GILLARD AVE,,2,Non-Fatal Injury,,Traffic Signal,Rear End,Clear,Daylight,Dry,Major Arterial,FALSE,-79.32829073,43.68234409784691,2,Motorcycle,West,2,46,Major,Helmet,Following too closely,Normal,,,Going Ahead,,,,,motorcyclist,,Toronto-Danforth (14),55 Division,Greenwood-Coxwell,TRUE,FALSE,FALSE,TRUE,FALSE,FALSE,FALSE,FALSE,FALSE,FALSE,"{""coordinates"": [[-79.32829072532094, 43.68234409784691]], ""type"": ""MultiPoint""}"
1925,2007:966951,2007-04-30T09:10:00,CENTRAL PARK RDWY Road,CORDOVA AVE,,2,Non-Fatal Injury,At Intersection,Stop Sign,Pedestrian Collision(internal code),Clear,Daylight,Dry,Collector,TRUE,-79.52689114,43.647844389471246,1,Automobile or Station Wagon,South,1,,None,Other Safety Equipment Used,Failed to yield right-of-way,Unknown,,,Turning Left,,,,,driver,,Etobicoke-Lakeshore (3),22 Division,Etobicoke City Centre,TRUE,FALSE,FALSE,FALSE,FALSE,TRUE,TRUE,FALSE,FALSE,FALSE,"{""coordinates"": [[-79.52689114477276, 43.647844389471246]], ""type"": ""MultiPoint""}"
1926,2007:966951,2007-04-30T09:10:00,CENTRAL PARK RDWY Road,CORDOVA AVE,,2,Non-Fatal Injury,At Intersection,Stop Sign,Pedestrian Collision(internal code),Clear,Daylight,Dry,Collector,TRUE,-79.52689114,43.647844389471246,2,,North,2,76,Major,No Equipment Available,,,Crossing with right-of-way (intersection),Normal,,Driver turns left into pedestrian crossing with right-of-way (at intersection),,,,pedestrian,,Etobicoke-Lakeshore (3),22 Division,Etobicoke City Centre,TRUE,FALSE,FALSE,FALSE,FALSE,TRUE,TRUE,FALSE,FALSE,FALSE,"{""coordinates"": [[-79.52689114477276, 43.647844389471246]], ""type"": ""MultiPoint""}"
1927,2007:969857,2007-04-30T18:41:00,MARLEE AVE,WHITMORE AVE,,3,Non-Fatal Injury,At Intersection,Stop Sign,Turning Movement,Clear,Daylight,Dry,Minor Arterial,FALSE,-79.4400909,43.69994424894687,1,Motorcycle,North,2,21,Major,Helmet,Exceeding speed limit,Normal,,,Going Ahead,,,,,motorcyclist,,Eglinton-Lawrence (8),13 Division,Briar Hill-Belgravia,TRUE,FALSE,FALSE,TRUE,FALSE,FALSE,FALSE,FALSE,FALSE,FALSE,"{""coordinates"": [[-79.4400909046985, 43.69994424894687]], ""type"": ""MultiPoint""}"
1928,2007:969857,2007-04-30T18:41:00,MARLEE AVE,WHITMORE AVE,,3,Non-Fatal Injury,At Intersection,Stop Sign,Turning Movement,Clear,Daylight,Dry,Minor Arterial,FALSE,-79.4400909,43.69994424894687,2,Automobile or Station Wagon,West,3,45,Minor,Lap and Shoulder Belt,Failed to yield right-of-way,Normal,,,Turning Left,,,,,driver,,Eglinton-Lawrence (8),13 Division,Briar Hill-Belgravia,TRUE,FALSE,FALSE,TRUE,FALSE,FALSE,FALSE,FALSE,FALSE,FALSE,"{""coordinates"": [[-79.4400909046985, 43.69994424894687]], ""type"": ""MultiPoint""}"
1929,2007:969857,2007-04-30T18:41:00,MARLEE AVE,WHITMORE AVE,,3,Non-Fatal Injury,At Intersection,Stop Sign,Turning Movement,Clear,Daylight,Dry,Minor Arterial,FALSE,-79.4400909,43.69994424894687,1,,,1,,None,Other Safety Equipment Used,,,,,,,,,,owner,,Eglinton-Lawrence (8),13 Division,Briar Hill-Belgravia,TRUE,FALSE,FALSE,TRUE,FALSE,FALSE,FALSE,FALSE,FALSE,FALSE,"{""coordinates"": [[-79.4400909046985, 43.69994424894687]], ""type"": ""MultiPoint""}"
1930,2007:969872,2007-05-01T21:08:00,LAWRENCE AVE W,BRUCEWOOD CRES,,4,Non-Fatal Injury,At Intersection,Traffic Signal,Turning Movement,Clear,Dark,Wet,Major Arterial,FALSE,-79.43299086,43.71844423300071,2,,,3,19,Major,Lap and Shoulder Belt,,,,,,,,,,passenger,,Eglinton-Lawrence (8),13 Division,Englemount-Lawrence,FALSE,FALSE,FALSE,FALSE,FALSE,FALSE,FALSE,FALSE,TRUE,FALSE,"{""coordinates"": [[-79.4329908610443, 43.71844423300071]], ""type"": ""MultiPoint""}"
1931,2007:969872,2007-05-01T21:08:00,LAWRENCE AVE W,BRUCEWOOD CRES,,4,Non-Fatal Injury,At Intersection,Traffic Signal,Turning Movement,Clear,Dark,Wet,Major Arterial,FALSE,-79.43299086,43.71844423300071,1,Automobile or Station Wagon,West,2,24,Minor,Lap and Shoulder Belt,Driving properly,Normal,,,Going Ahead,,,,,driver,,Eglinton-Lawrence (8),13 Division,Englemount-Lawrence,FALSE,FALSE,FALSE,FALSE,FALSE,FALSE,FALSE,FALSE,TRUE,FALSE,"{""coordinates"": [[-79.4329908610443, 43.71844423300071]], ""type"": ""MultiPoint""}"
1932,2007:969872,2007-05-01T21:08:00,LAWRENCE AVE W,BRUCEWOOD CRES,,4,Non-Fatal Injury,At Intersection,Traffic Signal,Turning Movement,Clear,Dark,Wet,Major Arterial,FALSE,-79.43299086,43.71844423300071,2,Automobile or Station Wagon,East,4,23,Minor,Lap and Shoulder Belt,Improper turn,Normal,,,Turning Left,,,,,driver,,Eglinton-Lawrence (8),13 Division,Englemount-Lawrence,FALSE,FALSE,FALSE,FALSE,FALSE,FALSE,FALSE,FALSE,TRUE,FALSE,"{""coordinates"": [[-79.4329908610443, 43.71844423300071]], ""type"": ""MultiPoint""}"
1933,2007:969872,2007-05-01T21:08:00,LAWRENCE AVE W,BRUCEWOOD CRES,,4,Non-Fatal Injury,At Intersection,Traffic Signal,Turning Movement,Clear,Dark,Wet,Major Arterial,FALSE,-79.43299086,43.71844423300071,1,,,1,21,Minor,Lap and Shoulder Belt,,,,,,,,,,passenger,,Eglinton-Lawrence (8),13 Division,Englemount-Lawrence,FALSE,FALSE,FALSE,FALSE,FALSE,FALSE,FALSE,FALSE,TRUE,FALSE,"{""coordinates"": [[-79.4329908610443, 43.71844423300071]], ""type"": ""MultiPoint""}"
1934,2007:970082,2007-05-03T19:24:00,FINCH AVE W,EDITHVALE DR,,2,Non-Fatal Injury,At Intersection,Pedestrian Crossover,Pedestrian Collision(internal code),Clear,Daylight,Dry,Major Arterial,FALSE,-79.42649077,43.77734421055528,2,,,2,29,Major,Other Safety Equipment Used,,,Crossing - pedestrian crossover,Normal,,Driver hits pedestrian at PXO/pedestrian midblock signal,,,,pedestrian,,Willowdale (18),32 Division,Newtonbrook West,TRUE,FALSE,FALSE,FALSE,FALSE,FALSE,TRUE,FALSE,FALSE,FALSE,"{""coordinates"": [[-79.42649076672532, 43.77734421055528]], ""type"": ""MultiPoint""}"
1935,2007:970082,2007-05-03T19:24:00,FINCH AVE W,EDITHVALE DR,,2,Non-Fatal Injury,At Intersection,Pedestrian Crossover,Pedestrian Collision(internal code),Clear,Daylight,Dry,Major Arterial,FALSE,-79.42649077,43.77734421055528,1,Automobile or Station Wagon,West,1,44,None,Lap and Shoulder Belt,Failed to yield right-of-way,Normal,,,Going Ahead,,,,,driver,,Willowdale (18),32 Division,Newtonbrook West,TRUE,FALSE,FALSE,FALSE,FALSE,FALSE,TRUE,FALSE,FALSE,FALSE,"{""coordinates"": [[-79.42649076672532, 43.77734421055528]], ""type"": ""MultiPoint""}"
1936,2007:967864,2007-05-06T16:15:00,QUEEN ST E,CARLAW AVE,,3,Non-Fatal Injury,At Intersection,Traffic Signal,Turning Movement,Clear,Daylight,Dry,Minor Arterial,FALSE,-79.34009078,43.66104411704333,2,Automobile or Station Wagon,West,3,54,None,Lap and Shoulder Belt,Improper turn,Normal,,,Turning Left,,,,,driver,,Toronto-Danforth (14),55 Division,South Riverdale,FALSE,FALSE,FALSE,TRUE,FALSE,FALSE,FALSE,FALSE,TRUE,FALSE,"{""coordinates"": [[-79.34009077741571, 43.66104411704333]], ""type"": ""MultiPoint""}"
1937,2007:967864,2007-05-06T16:15:00,QUEEN ST E,CARLAW AVE,,3,Non-Fatal Injury,At Intersection,Traffic Signal,Turning Movement,Clear,Daylight,Dry,Minor Arterial,FALSE,-79.34009078,43.66104411704333,2,,,2,15,None,Lap and Shoulder Belt,,,,,,,,,,passenger,,Toronto-Danforth (14),55 Division,South Riverdale,FALSE,FALSE,FALSE,TRUE,FALSE,FALSE,FALSE,FALSE,TRUE,FALSE,"{""coordinates"": [[-79.34009077741571, 43.66104411704333]], ""type"": ""MultiPoint""}"