_id,collision_id,accdate,stname1,stname2,stname3,per_inv,acclass,accloc,traffictl,impactype,visible,light,rdsfcond,road_class,failtorem,longitude,latitude,veh_no,vehtype,initdir,per_no,invage,injury,safequip,drivact,drivcond,pedact,pedcond,manoeuvre,pedtype,cyclistype,cycact,cyccond,road_user,fatal_no,wardname,division,neighbourhood,aggressive,distracted,cyclist,motorcyclist,other_micromobility,older_adult,pedestrian,red_light,school_child,heavy_truck,geometry
2184,2007:977612,2007-07-02T11:20:00,WESTON RD,LAWRENCE AVE W,,2,Non-Fatal Injury,At Intersection,Traffic Signal,Cyclist Collision,Clear,Daylight,Dry,Major Arterial,FALSE,-79.51619403,43.70014334955983,2,Bicycle,West,2,80,Major,Other Safety Equipment Used,,,,,Going Ahead,,Driver turns right on green or amber at signalized intersection and hits cyclist,,,cyclist,,York South-Weston (5),12 Division,Weston,FALSE,TRUE,TRUE,FALSE,FALSE,TRUE,FALSE,FALSE,FALSE,FALSE,"{""coordinates"": [[-79.51619403413258, 43.70014334955983]], ""type"": ""MultiPoint""}"
2185,2007:977612,2007-07-02T11:20:00,WESTON RD,LAWRENCE AVE W,,2,Non-Fatal Injury,At Intersection,Traffic Signal,Cyclist Collision,Clear,Daylight,Dry,Major Arterial,FALSE,-79.51619403,43.70014334955983,1,Automobile or Station Wagon,West,1,80,Minimal,Other Safety Equipment Used,Driving properly,Inattentive,,,Turning Right,,,,,driver,,York South-Weston (5),12 Division,Weston,FALSE,TRUE,TRUE,FALSE,FALSE,TRUE,FALSE,FALSE,FALSE,FALSE,"{""coordinates"": [[-79.51619403413258, 43.70014334955983]], ""type"": ""MultiPoint""}"
2186,2007:982327,2007-07-02T20:42:00,ELLESMERE Road,MILITARY Trai,,4,Non-Fatal Injury,At Intersection,Traffic Signal,Turning Movement,Clear,Dark,Dry,Minor Arterial,FALSE,-79.18829039,43.78654393908799,2,Automobile or Station Wagon,South,4,17,Minor,Lap and Shoulder Belt,Driving properly,Normal,,,Turning Left,,,,,driver,,Scarborough-Rouge Park (25),43 Division,Highland Creek,TRUE,TRUE,FALSE,FALSE,FALSE,FALSE,FALSE,TRUE,TRUE,FALSE,"{""coordinates"": [[-79.18829038773052, 43.78654393908799]], ""type"": ""MultiPoint""}"
2187,2007:982327,2007-07-02T20:42:00,ELLESMERE Road,MILITARY Trai,,4,Non-Fatal Injury,At Intersection,Traffic Signal,Turning Movement,Clear,Dark,Dry,Minor Arterial,FALSE,-79.18829039,43.78654393908799,1,Automobile or Station Wagon,West,1,39,Major,Lap and Shoulder Belt,Disobeyed traffic control,Inattentive,,,Going Ahead,,,,,driver,,Scarborough-Rouge Park (25),43 Division,Highland Creek,TRUE,TRUE,FALSE,FALSE,FALSE,FALSE,FALSE,TRUE,TRUE,FALSE,"{""coordinates"": [[-79.18829038773052, 43.78654393908799]], ""type"": ""MultiPoint""}"
2188,2007:982327,2007-07-02T20:42:00,ELLESMERE Road,MILITARY Trai,,4,Non-Fatal Injury,At Intersection,Traffic Signal,Turning Movement,Clear,Dark,Dry,Minor Arterial,FALSE,-79.18829039,43.78654393908799,2,,,2,16,Minor,Lap and Shoulder Belt,,,,,,,,,,passenger,,Scarborough-Rouge Park (25),43 Division,Highland Creek,TRUE,TRUE,FALSE,FALSE,FALSE,FALSE,FALSE,TRUE,TRUE,FALSE,"{""coordinates"": [[-79.18829038773052, 43.78654393908799]], ""type"": ""MultiPoint""}"
2189,2007:982327,2007-07-02T20:42:00,ELLESMERE Road,MILITARY Trai,,4,Non-Fatal Injury,At Intersection,Traffic Signal,Turning Movement,Clear,Dark,Dry,Minor Arterial,FALSE,-79.18829039,43.78654393908799,2,,,3,,,Other Safety Equipment Used,,,,,,,,,,owner,,Scarborough-Rouge Park (25),43 Division,Highland Creek,TRUE,TRUE,FALSE,FALSE,FALSE,FALSE,FALSE,TRUE,TRUE,FALSE,"{""coordinates"": [[-79.18829038773052, 43.78654393908799]], ""type"": ""MultiPoint""}"
2190,2007:977635,2007-07-03T11:01:00,BAYVIEW Ave,401 C E BAYVIEW RAMP E,,10,Non-Fatal Injury,At Intersection,Traffic Signal,Turning Movement,Clear,Daylight,Dry,Major Arterial,FALSE,-79.38679072,43.76184416379335,4,,,8,,None,Other Safety Equipment Used,,,,,,,,,,owner,,Don Valley West (15),33 Division,St.Andrew-Windfields,TRUE,FALSE,FALSE,FALSE,FALSE,TRUE,FALSE,TRUE,FALSE,FALSE,"{""coordinates"": [[-79.3867907181863, 43.76184416379335]], ""type"": ""MultiPoint""}"
2191,2007:977635,2007-07-03T11:01:00,BAYVIEW Ave,401 C E BAYVIEW RAMP E,,10,Non-Fatal Injury,At Intersection,Traffic Signal,Turning Movement,Clear,Daylight,Dry,Major Arterial,FALSE,-79.38679072,43.76184416379335,4,Automobile or Station Wagon,North,9,47,None,Other Safety Equipment Used,Driving properly,Normal,,,Stopped,,,,,driver,,Don Valley West (15),33 Division,St.Andrew-Windfields,TRUE,FALSE,FALSE,FALSE,FALSE,TRUE,FALSE,TRUE,FALSE,FALSE,"{""coordinates"": [[-79.3867907181863, 43.76184416379335]], ""type"": ""MultiPoint""}"
2192,2007:977635,2007-07-03T11:01:00,BAYVIEW Ave,401 C E BAYVIEW RAMP E,,10,Non-Fatal Injury,At Intersection,Traffic Signal,Turning Movement,Clear,Daylight,Dry,Major Arterial,FALSE,-79.38679072,43.76184416379335,5,,,10,,None,Other Safety Equipment Used,,,,,,,,,,owner,,Don Valley West (15),33 Division,St.Andrew-Windfields,TRUE,FALSE,FALSE,FALSE,FALSE,TRUE,FALSE,TRUE,FALSE,FALSE,"{""coordinates"": [[-79.3867907181863, 43.76184416379335]], ""type"": ""MultiPoint""}"
2193,2007:981276,2007-07-24T09:30:00,YONGE ST,DUNDAS ST W,,3,Non-Fatal Injury,At Intersection,No Control,Pedestrian Collision(internal code),Clear,Daylight,Dry,Major Arterial,FALSE,-79.38109086,43.65664417772544,1,,,1,32,None,Lap and Shoulder Belt,,,,,,,,,,passenger,,University-Rosedale (11),52 Division,Yonge-Bay Corridor,FALSE,TRUE,FALSE,FALSE,FALSE,TRUE,TRUE,FALSE,FALSE,FALSE,"{""coordinates"": [[-79.38109086308376, 43.65664417772544]], ""type"": ""MultiPoint""}"
2194,2007:977635,2007-07-03T11:01:00,BAYVIEW Ave,401 C E BAYVIEW RAMP E,,10,Non-Fatal Injury,At Intersection,Traffic Signal,Turning Movement,Clear,Daylight,Dry,Major Arterial,FALSE,-79.38679072,43.76184416379335,1,Automobile or Station Wagon,East,3,65,Minor,Other Safety Equipment Used,Driving properly,Normal,,,Turning Left,,,,,driver,,Don Valley West (15),33 Division,St.Andrew-Windfields,TRUE,FALSE,FALSE,FALSE,FALSE,TRUE,FALSE,TRUE,FALSE,FALSE,"{""coordinates"": [[-79.3867907181863, 43.76184416379335]], ""type"": ""MultiPoint""}"
2195,2007:977635,2007-07-03T11:01:00,BAYVIEW Ave,401 C E BAYVIEW RAMP E,,10,Non-Fatal Injury,At Intersection,Traffic Signal,Turning Movement,Clear,Daylight,Dry,Major Arterial,FALSE,-79.38679072,43.76184416379335,3,Automobile or Station Wagon,South,7,54,Minor,Other Safety Equipment Used,Disobeyed traffic control,Normal,,,Going Ahead,,,,,driver,,Don Valley West (15),33 Division,St.Andrew-Windfields,TRUE,FALSE,FALSE,FALSE,FALSE,TRUE,FALSE,TRUE,FALSE,FALSE,"{""coordinates"": [[-79.3867907181863, 43.76184416379335]], ""type"": ""MultiPoint""}"
2196,2007:977635,2007-07-03T11:01:00,BAYVIEW Ave,401 C E BAYVIEW RAMP E,,10,Non-Fatal Injury,At Intersection,Traffic Signal,Turning Movement,Clear,Daylight,Dry,Major Arterial,FALSE,-79.38679072,43.76184416379335,2,,,4,48,None,Other Safety Equipment Used,,,,,,,,,,passenger,,Don Valley West (15),33 Division,St.Andrew-Windfields,TRUE,FALSE,FALSE,FALSE,FALSE,TRUE,FALSE,TRUE,FALSE,FALSE,"{""coordinates"": [[-79.3867907181863, 43.76184416379335]], ""type"": ""MultiPoint""}"
2197,2007:977635,2007-07-03T11:01:00,BAYVIEW Ave,401 C E BAYVIEW RAMP E,,10,Non-Fatal Injury,At Intersection,Traffic Signal,Turning Movement,Clear,Daylight,Dry,Major Arterial,FALSE,-79.38679072,43.76184416379335,1,,,1,86,Major,Other Safety Equipment Used,,,,,,,,,,passenger,,Don Valley West (15),33 Division,St.Andrew-Windfields,TRUE,FALSE,FALSE,FALSE,FALSE,TRUE,FALSE,TRUE,FALSE,FALSE,"{""coordinates"": [[-79.3867907181863, 43.76184416379335]], ""type"": ""MultiPoint""}"
2198,2007:977635,2007-07-03T11:01:00,BAYVIEW Ave,401 C E BAYVIEW RAMP E,,10,Non-Fatal Injury,At Intersection,Traffic Signal,Turning Movement,Clear,Daylight,Dry,Major Arterial,FALSE,-79.38679072,43.76184416379335,2,Automobile or Station Wagon,North,6,56,None,Other Safety Equipment Used,Driving properly,Normal,,,Stopped,,,,,driver,,Don Valley West (15),33 Division,St.Andrew-Windfields,TRUE,FALSE,FALSE,FALSE,FALSE,TRUE,FALSE,TRUE,FALSE,FALSE,"{""coordinates"": [[-79.3867907181863, 43.76184416379335]], ""type"": ""MultiPoint""}"
2199,2007:977635,2007-07-03T11:01:00,BAYVIEW Ave,401 C E BAYVIEW RAMP E,,10,Non-Fatal Injury,At Intersection,Traffic Signal,Turning Movement,Clear,Daylight,Dry,Major Arterial,FALSE,-79.38679072,43.76184416379335,1,,,2,,None,Other Safety Equipment Used,,,,,,,,,,owner,,Don Valley West (15),33 Division,St.Andrew-Windfields,TRUE,FALSE,FALSE,FALSE,FALSE,TRUE,FALSE,TRUE,FALSE,FALSE,"{""coordinates"": [[-79.3867907181863, 43.76184416379335]], ""type"": ""MultiPoint""}"
2200,2007:977635,2007-07-03T11:01:00,BAYVIEW Ave,401 C E BAYVIEW RAMP E,,10,Non-Fatal Injury,At Intersection,Traffic Signal,Turning Movement,Clear,Daylight,Dry,Major Arterial,FALSE,-79.38679072,43.76184416379335,2,Automobile or Station Wagon,,5,,None,Other Safety Equipment Used,,,,,,,,,,owner,,Don Valley West (15),33 Division,St.Andrew-Windfields,TRUE,FALSE,FALSE,FALSE,FALSE,TRUE,FALSE,TRUE,FALSE,FALSE,"{""coordinates"": [[-79.3867907181863, 43.76184416379335]], ""type"": ""MultiPoint""}"
2201,2007:982399,2007-07-03T17:30:00,KEELE Stre,LAWRENCE Aven W,,3,Non-Fatal Injury,At Intersection,Traffic Signal,Rear End,Clear,Daylight,Dry,Major Arterial,FALSE,-79.47809096,43.708644297019255,2,Automobile or Station Wagon,South,3,36,Major,Lap and Shoulder Belt,Driving properly,Normal,,,Stopped,,,,,driver,,York South-Weston (5),12 Division,Brookhaven-Amesbury,TRUE,FALSE,FALSE,FALSE,FALSE,FALSE,FALSE,FALSE,TRUE,FALSE,"{""coordinates"": [[-79.47809095841053, 43.708644297019255]], ""type"": ""MultiPoint""}"
2202,2007:982399,2007-07-03T17:30:00,KEELE Stre,LAWRENCE Aven W,,3,Non-Fatal Injury,At Intersection,Traffic Signal,Rear End,Clear,Daylight,Dry,Major Arterial,FALSE,-79.47809096,43.708644297019255,1,Automobile or Station Wagon,South,2,17,None,Lap and Shoulder Belt,Following too closely,Normal,,,Going Ahead,,,,,driver,,York South-Weston (5),12 Division,Brookhaven-Amesbury,TRUE,FALSE,FALSE,FALSE,FALSE,FALSE,FALSE,FALSE,TRUE,FALSE,"{""coordinates"": [[-79.47809095841053, 43.708644297019255]], ""type"": ""MultiPoint""}"
2203,2007:982399,2007-07-03T17:30:00,KEELE Stre,LAWRENCE Aven W,,3,Non-Fatal Injury,At Intersection,Traffic Signal,Rear End,Clear,Daylight,Dry,Major Arterial,FALSE,-79.47809096,43.708644297019255,1,,,1,,None,Other Safety Equipment Used,,,,,,,,,,owner,,York South-Weston (5),12 Division,Brookhaven-Amesbury,TRUE,FALSE,FALSE,FALSE,FALSE,FALSE,FALSE,FALSE,TRUE,FALSE,"{""coordinates"": [[-79.47809095841053, 43.708644297019255]], ""type"": ""MultiPoint""}"
2204,2007:982600,2007-07-04T20:20:00,DUFFERIN ST,BEAVER AVE,,4,Non-Fatal Injury,At Intersection,Stop Sign,Turning Movement,Clear,Daylight,Dry,Major Arterial,FALSE,-79.44059095,43.672144259505664,1,Automobile or Station Wagon,South,2,25,Major,Lap and Shoulder Belt,Driving properly,Normal,,,Going Ahead,,,,,driver,,Davenport (9),13 Division,Junction-Wallace Emerson,FALSE,TRUE,FALSE,FALSE,FALSE,FALSE,FALSE,FALSE,TRUE,FALSE,"{""coordinates"": [[-79.44059095234383, 43.672144259505664]], ""type"": ""MultiPoint""}"
2205,2007:982600,2007-07-04T20:20:00,DUFFERIN ST,BEAVER AVE,,4,Non-Fatal Injury,At Intersection,Stop Sign,Turning Movement,Clear,Daylight,Dry,Major Arterial,FALSE,-79.44059095,43.672144259505664,1,,,1,10,Minimal,Lap and Shoulder Belt,,,,,,,,,,passenger,,Davenport (9),13 Division,Junction-Wallace Emerson,FALSE,TRUE,FALSE,FALSE,FALSE,FALSE,FALSE,FALSE,TRUE,FALSE,"{""coordinates"": [[-79.44059095234383, 43.672144259505664]], ""type"": ""MultiPoint""}"
2206,2007:982600,2007-07-04T20:20:00,DUFFERIN ST,BEAVER AVE,,4,Non-Fatal Injury,At Intersection,Stop Sign,Turning Movement,Clear,Daylight,Dry,Major Arterial,FALSE,-79.44059095,43.672144259505664,2,Automobile or Station Wagon,East,4,43,Minimal,Lap and Shoulder Belt,Improper turn,Inattentive,,,Turning Left,,,,,driver,,Davenport (9),13 Division,Junction-Wallace Emerson,FALSE,TRUE,FALSE,FALSE,FALSE,FALSE,FALSE,FALSE,TRUE,FALSE,"{""coordinates"": [[-79.44059095234383, 43.672144259505664]], ""type"": ""MultiPoint""}"
2207,2007:982600,2007-07-04T20:20:00,DUFFERIN ST,BEAVER AVE,,4,Non-Fatal Injury,At Intersection,Stop Sign,Turning Movement,Clear,Daylight,Dry,Major Arterial,FALSE,-79.44059095,43.672144259505664,2,,,3,8,Minimal,Lap and Shoulder Belt,,,,,,,,,,passenger,,Davenport (9),13 Division,Junction-Wallace Emerson,FALSE,TRUE,FALSE,FALSE,FALSE,FALSE,FALSE,FALSE,TRUE,FALSE,"{""coordinates"": [[-79.44059095234383, 43.672144259505664]], ""type"": ""MultiPoint""}"
2208,2007:982611,2007-07-04T20:38:00,PARKSIDE DR,GARDEN AVE,,2,Non-Fatal Injury,,No Control,Pedestrian Collision(internal code),Clear,Daylight,Wet,Major Arterial,FALSE,-79.45499103,43.64194429185066,1,Automobile or Station Wagon,North,1,39,None,Lap and Shoulder Belt,Driving properly,Normal,,,Slowing or Stopping,,,,,driver,,Parkdale-High Park (4),11 Division,High Park-Swansea,FALSE,FALSE,FALSE,FALSE,FALSE,FALSE,TRUE,FALSE,FALSE,FALSE,"{""coordinates"": [[-79.45499103159186, 43.64194429185066]], ""type"": ""MultiPoint""}"
2209,2007:982611,2007-07-04T20:38:00,PARKSIDE DR,GARDEN AVE,,2,Non-Fatal Injury,,No Control,Pedestrian Collision(internal code),Clear,Daylight,Wet,Major Arterial,FALSE,-79.45499103,43.64194429185066,2,,East,2,31,Major,Other Safety Equipment Used,,,Running onto roadway,Ability Impaired - Alcohol,,Driver hits pedestrian walking or running out from between parked vehicles (at midblock),,,,pedestrian,,Parkdale-High Park (4),11 Division,High Park-Swansea,FALSE,FALSE,FALSE,FALSE,FALSE,FALSE,TRUE,FALSE,FALSE,FALSE,"{""coordinates"": [[-79.45499103159186, 43.64194429185066]], ""type"": ""MultiPoint""}"
2210,2007:978116,2007-07-05T05:30:00,BRAYMORE BLVD,BLACKTOFT DR,,3,Fatal Injury,,No Control,SMV Other,"Airborne Matter (Fog, Mist, Smoke, Dust)",Dark,Dry,Collector,FALSE,-79.17689036,43.803143932161106,1,Automobile or Station Wagon,North,2,19,Fatal,Equipment Not Used But Available,Lost control,Had Been Drinking,,,Going Ahead,,,,,driver,25,Scarborough-Rouge Park (25),42 Division,West Rouge,FALSE,FALSE,FALSE,FALSE,FALSE,FALSE,FALSE,FALSE,TRUE,FALSE,"{""coordinates"": [[-79.1768903612846, 43.803143932161106]], ""type"": ""MultiPoint""}"
2211,2007:978116,2007-07-05T05:30:00,BRAYMORE BLVD,BLACKTOFT DR,,3,Fatal Injury,,No Control,SMV Other,"Airborne Matter (Fog, Mist, Smoke, Dust)",Dark,Dry,Collector,FALSE,-79.17689036,43.803143932161106,1,,,1,19,Minor,Lap and Shoulder Belt,,,,,,,,,,passenger,,Scarborough-Rouge Park (25),42 Division,West Rouge,FALSE,FALSE,FALSE,FALSE,FALSE,FALSE,FALSE,FALSE,TRUE,FALSE,"{""coordinates"": [[-79.1768903612846, 43.803143932161106]], ""type"": ""MultiPoint""}"
2212,2007:978116,2007-07-05T05:30:00,BRAYMORE BLVD,BLACKTOFT DR,,3,Fatal Injury,,No Control,SMV Other,"Airborne Matter (Fog, Mist, Smoke, Dust)",Dark,Dry,Collector,FALSE,-79.17689036,43.803143932161106,2,,East,3,56,None,Other Safety Equipment Used,,,,,Parked,,,,,other,,Scarborough-Rouge Park (25),42 Division,West Rouge,FALSE,FALSE,FALSE,FALSE,FALSE,FALSE,FALSE,FALSE,TRUE,FALSE,"{""coordinates"": [[-79.1768903612846, 43.803143932161106]], ""type"": ""MultiPoint""}"
2213,2007:982822,2007-07-06T10:45:00,STEELES AVE E,REESOR RD,,2,Non-Fatal Injury,At Intersection,Traffic Signal,Turning Movement,Clear,Daylight,Dry,Minor Arterial,FALSE,-79.19929036,43.84844396,1,Automobile or Station Wagon,East,1,28,Minor,Lap and Shoulder Belt,Improper turn,Normal,,,Turning Left,,,,,driver,,Scarborough-Rouge Park (25),42 Division,Morningside Heights,FALSE,FALSE,FALSE,FALSE,FALSE,FALSE,FALSE,FALSE,FALSE,FALSE,"{""coordinates"": [[-79.19929035848936, 43.8484439638129]], ""type"": ""MultiPoint""}"
2214,2007:982822,2007-07-06T10:45:00,STEELES AVE E,REESOR RD,,2,Non-Fatal Injury,At Intersection,Traffic Signal,Turning Movement,Clear,Daylight,Dry,Minor Arterial,FALSE,-79.19929036,43.84844396,2,Automobile or Station Wagon,West,2,26,Major,Lap and Shoulder Belt,Driving properly,Normal,,,Going Ahead,,,,,driver,,Scarborough-Rouge Park (25),42 Division,Morningside Heights,FALSE,FALSE,FALSE,FALSE,FALSE,FALSE,FALSE,FALSE,FALSE,FALSE,"{""coordinates"": [[-79.19929035848936, 43.8484439638129]], ""type"": ""MultiPoint""}"
2215,2007:986221,2007-07-07T03:16:00,COLLEGE ST,BRUNSWICK AVE,,2,Non-Fatal Injury,,No Control,Pedestrian Collision(internal code),Clear,Dark,Dry,Major Arterial,FALSE,-79.40379091,43.65724421086449,1,Automobile or Station Wagon,East,1,21,None,Other Safety Equipment Used,Driving properly,Normal,,,Going Ahead,,,,,driver,,University-Rosedale (11),14 Division,Kensington-Chinatown,FALSE,FALSE,FALSE,FALSE,FALSE,FALSE,TRUE,FALSE,FALSE,FALSE,"{""coordinates"": [[-79.4037909061295, 43.65724421086449]], ""type"": ""MultiPoint""}"
2216,2007:986221,2007-07-07T03:16:00,COLLEGE ST,BRUNSWICK AVE,,2,Non-Fatal Injury,,No Control,Pedestrian Collision(internal code),Clear,Dark,Dry,Major Arterial,FALSE,-79.40379091,43.65724421086449,2,,,2,56,Major,No Equipment Available,,,Crossing - no traffic control,Unknown,,Driver going straight hits pedestrian crossing without right-of-way (at intersection),,,,pedestrian,,University-Rosedale (11),14 Division,Kensington-Chinatown,FALSE,FALSE,FALSE,FALSE,FALSE,FALSE,TRUE,FALSE,FALSE,FALSE,"{""coordinates"": [[-79.4037909061295, 43.65724421086449]], ""type"": ""MultiPoint""}"
2217,2007:983259,2007-07-08T10:30:00,DUNDAS ST W,SORAUREN AVE,,1,Non-Fatal Injury,At Intersection,Traffic Signal,SMV Other,Rain,Daylight,Wet,Minor Arterial,FALSE,-79.445291,43.65114427392064,1,Motorcycle,West,1,48,Major,Helmet,Lost control,Normal,,,Going Ahead,,,,,motorcyclist,,Parkdale-High Park (4),11 Division,Roncesvalles,FALSE,FALSE,FALSE,TRUE,FALSE,FALSE,FALSE,FALSE,FALSE,FALSE,"{""coordinates"": [[-79.44529099682563, 43.65114427392064]], ""type"": ""MultiPoint""}"
2218,2007:983273,2007-07-08T20:51:00,EGLINTON AVE W,ISLINGTON AVE,,3,Non-Fatal Injury,,No Control,Sideswipe,Rain,Dusk,Wet,Major Arterial,FALSE,-79.53369109,43.68094438016446,1,Automobile or Station Wagon,West,1,49,Major,Lap and Shoulder Belt,Driving properly,Normal,,,Going Ahead,,,,,driver,,Etobicoke Centre (2),23 Division,Willowridge-Martingrove-Richview,TRUE,FALSE,FALSE,FALSE,FALSE,FALSE,FALSE,FALSE,FALSE,FALSE,"{""coordinates"": [[-79.53369109213966, 43.68094438016446]], ""type"": ""MultiPoint""}"
2219,2007:983273,2007-07-08T20:51:00,EGLINTON AVE W,ISLINGTON AVE,,3,Non-Fatal Injury,,No Control,Sideswipe,Rain,Dusk,Wet,Major Arterial,FALSE,-79.53369109,43.68094438016446,3,Automobile or Station Wagon,West,3,22,None,Lap and Shoulder Belt,Driving properly,Normal,,,Stopped,,,,,driver,,Etobicoke Centre (2),23 Division,Willowridge-Martingrove-Richview,TRUE,FALSE,FALSE,FALSE,FALSE,FALSE,FALSE,FALSE,FALSE,FALSE,"{""coordinates"": [[-79.53369109213966, 43.68094438016446]], ""type"": ""MultiPoint""}"
2220,2007:983273,2007-07-08T20:51:00,EGLINTON AVE W,ISLINGTON AVE,,3,Non-Fatal Injury,,No Control,Sideswipe,Rain,Dusk,Wet,Major Arterial,FALSE,-79.53369109,43.68094438016446,2,Automobile or Station Wagon,East,2,56,None,Lap and Shoulder Belt,Following too closely,Unknown,,,Changing Lanes,,,,,driver,,Etobicoke Centre (2),23 Division,Willowridge-Martingrove-Richview,TRUE,FALSE,FALSE,FALSE,FALSE,FALSE,FALSE,FALSE,FALSE,FALSE,"{""coordinates"": [[-79.53369109213966, 43.68094438016446]], ""type"": ""MultiPoint""}"
2221,2007:979559,2007-07-10T22:27:00,ALBION RD,MARTIN GROVE RD,,6,Non-Fatal Injury,At Intersection,Traffic Signal,Angle,Clear,Dark,Dry,Major Arterial,FALSE,-79.59419105,43.741944415110765,1,,,1,,None,Other Safety Equipment Used,,,,,,,,,,owner,,Etobicoke North (1),23 Division,Mount Olive-Silverstone-Jamestown,TRUE,TRUE,FALSE,FALSE,FALSE,FALSE,FALSE,TRUE,FALSE,FALSE,"{""coordinates"": [[-79.59419105481793, 43.741944415110765]], ""type"": ""MultiPoint""}"
2222,2007:979559,2007-07-10T22:27:00,ALBION RD,MARTIN GROVE RD,,6,Non-Fatal Injury,At Intersection,Traffic Signal,Angle,Clear,Dark,Dry,Major Arterial,FALSE,-79.59419105,43.741944415110765,1,,,2,28,None,Other Safety Equipment Used,,,,,,,,,,passenger,,Etobicoke North (1),23 Division,Mount Olive-Silverstone-Jamestown,TRUE,TRUE,FALSE,FALSE,FALSE,FALSE,FALSE,TRUE,FALSE,FALSE,"{""coordinates"": [[-79.59419105481793, 43.741944415110765]], ""type"": ""MultiPoint""}"
2223,2007:979559,2007-07-10T22:27:00,ALBION RD,MARTIN GROVE RD,,6,Non-Fatal Injury,At Intersection,Traffic Signal,Angle,Clear,Dark,Dry,Major Arterial,FALSE,-79.59419105,43.741944415110765,1,,,3,23,None,Other Safety Equipment Used,,,,,,,,,,passenger,,Etobicoke North (1),23 Division,Mount Olive-Silverstone-Jamestown,TRUE,TRUE,FALSE,FALSE,FALSE,FALSE,FALSE,TRUE,FALSE,FALSE,"{""coordinates"": [[-79.59419105481793, 43.741944415110765]], ""type"": ""MultiPoint""}"
2224,2007:979559,2007-07-10T22:27:00,ALBION RD,MARTIN GROVE RD,,6,Non-Fatal Injury,At Intersection,Traffic Signal,Angle,Clear,Dark,Dry,Major Arterial,FALSE,-79.59419105,43.741944415110765,2,,,5,,None,Other Safety Equipment Used,,,,,,,,,,owner,,Etobicoke North (1),23 Division,Mount Olive-Silverstone-Jamestown,TRUE,TRUE,FALSE,FALSE,FALSE,FALSE,FALSE,TRUE,FALSE,FALSE,"{""coordinates"": [[-79.59419105481793, 43.741944415110765]], ""type"": ""MultiPoint""}"
2225,2007:979559,2007-07-10T22:27:00,ALBION RD,MARTIN GROVE RD,,6,Non-Fatal Injury,At Intersection,Traffic Signal,Angle,Clear,Dark,Dry,Major Arterial,FALSE,-79.59419105,43.741944415110765,2,Automobile or Station Wagon,West,6,28,Major,Other Safety Equipment Used,Exceeding speed limit,Unknown,,,Going Ahead,,,,,driver,,Etobicoke North (1),23 Division,Mount Olive-Silverstone-Jamestown,TRUE,TRUE,FALSE,FALSE,FALSE,FALSE,FALSE,TRUE,FALSE,FALSE,"{""coordinates"": [[-79.59419105481793, 43.741944415110765]], ""type"": ""MultiPoint""}"
2226,2007:979559,2007-07-10T22:27:00,ALBION RD,MARTIN GROVE RD,,6,Non-Fatal Injury,At Intersection,Traffic Signal,Angle,Clear,Dark,Dry,Major Arterial,FALSE,-79.59419105,43.741944415110765,1,Automobile or Station Wagon,South,4,20,Minimal,Other Safety Equipment Used,Disobeyed traffic control,Inattentive,,,Unknown,,,,,driver,,Etobicoke North (1),23 Division,Mount Olive-Silverstone-Jamestown,TRUE,TRUE,FALSE,FALSE,FALSE,FALSE,FALSE,TRUE,FALSE,FALSE,"{""coordinates"": [[-79.59419105481793, 43.741944415110765]], ""type"": ""MultiPoint""}"
2227,2007:983732,2007-07-11T18:27:00,IRWIN RD,TURPIN AVE,,3,Non-Fatal Injury,,No Control,Rear End,Clear,Daylight,Dry,Local,FALSE,-79.55579104,43.72574438134961,1,Automobile or Station Wagon,West,2,26,None,Lap and Shoulder Belt,Driving properly,Normal,,,Going Ahead,,,,,driver,,Etobicoke North (1),23 Division,Elms-Old Rexdale,TRUE,FALSE,FALSE,FALSE,FALSE,FALSE,FALSE,FALSE,FALSE,FALSE,"{""coordinates"": [[-79.55579103685186, 43.72574438134961]], ""type"": ""MultiPoint""}"
2228,2007:983732,2007-07-11T18:27:00,IRWIN RD,TURPIN AVE,,3,Non-Fatal Injury,,No Control,Rear End,Clear,Daylight,Dry,Local,FALSE,-79.55579104,43.72574438134961,1,,,1,23,Major,Lap and Shoulder Belt,,,,,,,,,,passenger,,Etobicoke North (1),23 Division,Elms-Old Rexdale,TRUE,FALSE,FALSE,FALSE,FALSE,FALSE,FALSE,FALSE,FALSE,FALSE,"{""coordinates"": [[-79.55579103685186, 43.72574438134961]], ""type"": ""MultiPoint""}"
2229,2007:983732,2007-07-11T18:27:00,IRWIN RD,TURPIN AVE,,3,Non-Fatal Injury,,No Control,Rear End,Clear,Daylight,Dry,Local,FALSE,-79.55579104,43.72574438134961,2,Automobile or Station Wagon,West,3,27,None,Lap and Shoulder Belt,Following too closely,Normal,,,Going Ahead,,,,,driver,,Etobicoke North (1),23 Division,Elms-Old Rexdale,TRUE,FALSE,FALSE,FALSE,FALSE,FALSE,FALSE,FALSE,FALSE,FALSE,"{""coordinates"": [[-79.55579103685186, 43.72574438134961]], ""type"": ""MultiPoint""}"
2230,2007:979400,2007-07-11T20:13:00,MCCOWAN RD,BRIDLEGROVE DR,,3,Fatal Injury,,No Control,Pedestrian Collision(internal code),Clear,Daylight,Dry,Minor Arterial,FALSE,-79.2366905,43.73524398,2,,South,2,3,Major,Other Safety Equipment Used,,,On sidewalk or shoulder,Normal,,Driver hits pedestrian on sidewalk or shoulder,,,,pedestrian,,Scarborough Southwest (20),43 Division,Cliffcrest,FALSE,FALSE,FALSE,FALSE,FALSE,FALSE,TRUE,FALSE,FALSE,FALSE,"{""coordinates"": [[-79.23669049784462, 43.7352439782067]], ""type"": ""MultiPoint""}"
2231,2007:979400,2007-07-11T20:13:00,MCCOWAN RD,BRIDLEGROVE DR,,3,Fatal Injury,,No Control,Pedestrian Collision(internal code),Clear,Daylight,Dry,Minor Arterial,FALSE,-79.2366905,43.73524398,2,,South,3,36,Fatal,Other Safety Equipment Used,,,On sidewalk or shoulder,Normal,,Driver hits pedestrian on sidewalk or shoulder,,,,pedestrian,26,Scarborough Southwest (20),43 Division,Cliffcrest,FALSE,FALSE,FALSE,FALSE,FALSE,FALSE,TRUE,FALSE,FALSE,FALSE,"{""coordinates"": [[-79.23669049784462, 43.7352439782067]], ""type"": ""MultiPoint""}"