_id,collision_id,accdate,stname1,stname2,stname3,per_inv,acclass,accloc,traffictl,impactype,visible,light,rdsfcond,road_class,failtorem,longitude,latitude,veh_no,vehtype,initdir,per_no,invage,injury,safequip,drivact,drivcond,pedact,pedcond,manoeuvre,pedtype,cyclistype,cycact,cyccond,road_user,fatal_no,wardname,division,neighbourhood,aggressive,distracted,cyclist,motorcyclist,other_micromobility,older_adult,pedestrian,red_light,school_child,heavy_truck,geometry
2232,2007:979400,2007-07-11T20:13:00,MCCOWAN RD,BRIDLEGROVE DR,,3,Fatal Injury,,No Control,Pedestrian Collision(internal code),Clear,Daylight,Dry,Minor Arterial,FALSE,-79.2366905,43.73524398,1,Automobile or Station Wagon,South,1,56,None,Other Safety Equipment Used,Lost control,Ability Impaired - Alcohol Over .08,,,Going Ahead,,,,,driver,,Scarborough Southwest (20),43 Division,Cliffcrest,FALSE,FALSE,FALSE,FALSE,FALSE,FALSE,TRUE,FALSE,FALSE,FALSE,"{""coordinates"": [[-79.23669049784462, 43.7352439782067]], ""type"": ""MultiPoint""}"
2233,2007:983702,2007-07-11T21:57:00,EGLINTON AVE W,WIDDICOMBE HILL BLVD,,4,Non-Fatal Injury,At Intersection,Traffic Controller,Turning Movement,Clear,Dark,Dry,Major Arterial,FALSE,-79.55769113,43.67564441162453,2,Automobile or Station Wagon,North,4,22,None,Lap and Shoulder Belt,Improper turn,Normal,,,Turning Left,,,,,driver,,Etobicoke Centre (2),23 Division,Willowridge-Martingrove-Richview,FALSE,FALSE,FALSE,FALSE,FALSE,FALSE,FALSE,FALSE,FALSE,FALSE,"{""coordinates"": [[-79.55769113291935, 43.67564441162453]], ""type"": ""MultiPoint""}"
2234,2007:983702,2007-07-11T21:57:00,EGLINTON AVE W,WIDDICOMBE HILL BLVD,,4,Non-Fatal Injury,At Intersection,Traffic Controller,Turning Movement,Clear,Dark,Dry,Major Arterial,FALSE,-79.55769113,43.67564441162453,2,,,3,,None,Other Safety Equipment Used,,,,,,,,,,owner,,Etobicoke Centre (2),23 Division,Willowridge-Martingrove-Richview,FALSE,FALSE,FALSE,FALSE,FALSE,FALSE,FALSE,FALSE,FALSE,FALSE,"{""coordinates"": [[-79.55769113291935, 43.67564441162453]], ""type"": ""MultiPoint""}"
2235,2007:983702,2007-07-11T21:57:00,EGLINTON AVE W,WIDDICOMBE HILL BLVD,,4,Non-Fatal Injury,At Intersection,Traffic Controller,Turning Movement,Clear,Dark,Dry,Major Arterial,FALSE,-79.55769113,43.67564441162453,1,,,1,,None,Other Safety Equipment Used,,,,,,,,,,owner,,Etobicoke Centre (2),23 Division,Willowridge-Martingrove-Richview,FALSE,FALSE,FALSE,FALSE,FALSE,FALSE,FALSE,FALSE,FALSE,FALSE,"{""coordinates"": [[-79.55769113291935, 43.67564441162453]], ""type"": ""MultiPoint""}"
2236,2007:983702,2007-07-11T21:57:00,EGLINTON AVE W,WIDDICOMBE HILL BLVD,,4,Non-Fatal Injury,At Intersection,Traffic Controller,Turning Movement,Clear,Dark,Dry,Major Arterial,FALSE,-79.55769113,43.67564441162453,1,Automobile or Station Wagon,South,2,28,Major,Lap and Shoulder Belt,Driving properly,Normal,,,Going Ahead,,,,,driver,,Etobicoke Centre (2),23 Division,Willowridge-Martingrove-Richview,FALSE,FALSE,FALSE,FALSE,FALSE,FALSE,FALSE,FALSE,FALSE,FALSE,"{""coordinates"": [[-79.55769113291935, 43.67564441162453]], ""type"": ""MultiPoint""}"
2237,2007:997814,2007-07-12T19:29:00,ST CLAIR AVE E,WARDEN AVE,,2,Non-Fatal Injury,At Intersection,Traffic Signal,Pedestrian Collision(internal code),Clear,Daylight,Dry,Major Arterial,FALSE,-79.2809906,43.712044031751084,2,,North,2,42,Major,No Equipment Available,,,Crossing with right-of-way (intersection),Normal,,Driver turns left into pedestrian crossing with right-of-way (at intersection),,,,pedestrian,,Scarborough Southwest (20),41 Division,Clairlea-Birchmount,TRUE,TRUE,FALSE,FALSE,FALSE,FALSE,TRUE,FALSE,FALSE,FALSE,"{""coordinates"": [[-79.28099059976076, 43.712044031751084]], ""type"": ""MultiPoint""}"
2238,2007:997814,2007-07-12T19:29:00,ST CLAIR AVE E,WARDEN AVE,,2,Non-Fatal Injury,At Intersection,Traffic Signal,Pedestrian Collision(internal code),Clear,Daylight,Dry,Major Arterial,FALSE,-79.2809906,43.712044031751084,1,Automobile or Station Wagon,North,1,37,None,Lap and Shoulder Belt,Failed to yield right-of-way,Inattentive,,,Turning Left,,,,,driver,,Scarborough Southwest (20),41 Division,Clairlea-Birchmount,TRUE,TRUE,FALSE,FALSE,FALSE,FALSE,TRUE,FALSE,FALSE,FALSE,"{""coordinates"": [[-79.28099059976076, 43.712044031751084]], ""type"": ""MultiPoint""}"
2239,2007:979564,2007-07-12T21:55:00,BATHURST ST,BROWNS LANE W,,1,Non-Fatal Injury,At Intersection,No Control,Pedestrian Collision(internal code),Clear,Dark,Dry,Major Arterial,FALSE,-79.40299092,43.64474421303999,1,Automobile or Station Wagon,South,2,47,None,Other Safety Equipment Used,Driving properly,,,,Going Ahead,,,,,driver,,Spadina-Fort York (10),14 Division,Wellington Place,FALSE,TRUE,FALSE,FALSE,FALSE,FALSE,TRUE,FALSE,FALSE,FALSE,"{""coordinates"": [[-79.40299092432821, 43.64474421303999]], ""type"": ""MultiPoint""}"
2240,2007:979564,2007-07-12T21:55:00,BATHURST ST,BROWNS LANE W,,1,Non-Fatal Injury,At Intersection,No Control,Pedestrian Collision(internal code),Clear,Dark,Dry,Major Arterial,FALSE,-79.40299092,43.64474421303999,2,,West,3,55,Major,Other Safety Equipment Used,,,Running onto roadway,Inattentive,,Driver hits pedestrian at midblock,,,,pedestrian,,Spadina-Fort York (10),14 Division,Wellington Place,FALSE,TRUE,FALSE,FALSE,FALSE,FALSE,TRUE,FALSE,FALSE,FALSE,"{""coordinates"": [[-79.40299092432821, 43.64474421303999]], ""type"": ""MultiPoint""}"
2241,2007:979564,2007-07-12T21:55:00,BATHURST ST,BROWNS LANE W,,1,Non-Fatal Injury,At Intersection,No Control,Pedestrian Collision(internal code),Clear,Dark,Dry,Major Arterial,FALSE,-79.40299092,43.64474421303999,1,,,1,,None,Other Safety Equipment Used,,,,,,,,,,owner,,Spadina-Fort York (10),14 Division,Wellington Place,FALSE,TRUE,FALSE,FALSE,FALSE,FALSE,TRUE,FALSE,FALSE,FALSE,"{""coordinates"": [[-79.40299092432821, 43.64474421303999]], ""type"": ""MultiPoint""}"
2242,2007:979478,2007-07-14T09:25:00,391 ALTON TOWERS CRCL,,,2,Non-Fatal Injury,,No Control,Pedestrian Collision(internal code),Clear,Daylight,Dry,Collector,FALSE,-79.27519048,43.822244033624735,1,,,1,8,Major,Other Safety Equipment Used,,,Walking on roadway with traffic,Unknown,,Driver hits pedestrian at midblock,,,,pedestrian,,Scarborough North (23),42 Division,Milliken,FALSE,TRUE,FALSE,FALSE,FALSE,FALSE,TRUE,FALSE,TRUE,FALSE,"{""coordinates"": [[-79.27519048106136, 43.822244033624735]], ""type"": ""MultiPoint""}"
2243,2007:979478,2007-07-14T09:25:00,391 ALTON TOWERS CRCL,,,2,Non-Fatal Injury,,No Control,Pedestrian Collision(internal code),Clear,Daylight,Dry,Collector,FALSE,-79.27519048,43.822244033624735,1,Automobile or Station Wagon,West,2,44,None,Other Safety Equipment Used,Other,Inattentive,,,Other,,,,,driver,,Scarborough North (23),42 Division,Milliken,FALSE,TRUE,FALSE,FALSE,FALSE,FALSE,TRUE,FALSE,TRUE,FALSE,"{""coordinates"": [[-79.27519048106136, 43.822244033624735]], ""type"": ""MultiPoint""}"
2244,2007:979549,2007-07-15T04:30:00,THE QUEENSWAY,SOUTHPORT ST,,3,Non-Fatal Injury,At Intersection,No Control,SMV Other,Clear,Dark,Dry,Major Arterial,FALSE,-79.47029107,43.63714431685504,1,,,1,58,Minor,Other Safety Equipment Used,,,,,,,,,,passenger,,Parkdale-High Park (4),11 Division,High Park-Swansea,TRUE,FALSE,FALSE,FALSE,FALSE,FALSE,FALSE,FALSE,FALSE,FALSE,"{""coordinates"": [[-79.47029107030383, 43.63714431685504]], ""type"": ""MultiPoint""}"
2245,2007:979549,2007-07-15T04:30:00,THE QUEENSWAY,SOUTHPORT ST,,3,Non-Fatal Injury,At Intersection,No Control,SMV Other,Clear,Dark,Dry,Major Arterial,FALSE,-79.47029107,43.63714431685504,1,,,2,,,Other Safety Equipment Used,,,,,,,,,,owner,,Parkdale-High Park (4),11 Division,High Park-Swansea,TRUE,FALSE,FALSE,FALSE,FALSE,FALSE,FALSE,FALSE,FALSE,FALSE,"{""coordinates"": [[-79.47029107030383, 43.63714431685504]], ""type"": ""MultiPoint""}"
2246,2007:979549,2007-07-15T04:30:00,THE QUEENSWAY,SOUTHPORT ST,,3,Non-Fatal Injury,At Intersection,No Control,SMV Other,Clear,Dark,Dry,Major Arterial,FALSE,-79.47029107,43.63714431685504,1,Automobile or Station Wagon,West,3,35,Major,Other Safety Equipment Used,Disobeyed traffic control,Unknown,,,Going Ahead,,,,,driver,,Parkdale-High Park (4),11 Division,High Park-Swansea,TRUE,FALSE,FALSE,FALSE,FALSE,FALSE,FALSE,FALSE,FALSE,FALSE,"{""coordinates"": [[-79.47029107030383, 43.63714431685504]], ""type"": ""MultiPoint""}"
2247,2007:984365,2007-07-15T18:30:00,DUNDAS ST W,COLLEGE ST,,1,Non-Fatal Injury,At Intersection,Stop Sign,SMV Other,Clear,Daylight,Dry,Minor Arterial,FALSE,-79.44099099,43.65024426787812,1,Moped,East,1,51,Major,Helmet,Lost control,Normal,,,Turning Left,,,,,motorcyclist,,Davenport (9),11 Division,Little Portugal,FALSE,FALSE,FALSE,TRUE,FALSE,FALSE,FALSE,FALSE,FALSE,FALSE,"{""coordinates"": [[-79.44099098994207, 43.65024426787812]], ""type"": ""MultiPoint""}"
2248,2007:984384,2007-07-16T22:30:00,SEWELLS RD,OLD FINCH AVE,,3,Non-Fatal Injury,At Intersection,Stop Sign,Turning Movement,Clear,Dark,Dry,Collector,FALSE,-79.19959038,43.82524395885781,1,Truck - Open (Flatbed),North,2,25,Major,Lap and Shoulder Belt,Driving properly,Normal,,,Going Ahead,,,,,driver,,Scarborough-Rouge Park (25),42 Division,Morningside Heights,FALSE,FALSE,FALSE,FALSE,FALSE,FALSE,FALSE,FALSE,FALSE,TRUE,"{""coordinates"": [[-79.1995903753701, 43.82524395885781]], ""type"": ""MultiPoint""}"
2249,2007:984384,2007-07-16T22:30:00,SEWELLS RD,OLD FINCH AVE,,3,Non-Fatal Injury,At Intersection,Stop Sign,Turning Movement,Clear,Dark,Dry,Collector,FALSE,-79.19959038,43.82524395885781,1,,,1,48,Minor,Lap and Shoulder Belt,,,,,,,,,,passenger,,Scarborough-Rouge Park (25),42 Division,Morningside Heights,FALSE,FALSE,FALSE,FALSE,FALSE,FALSE,FALSE,FALSE,FALSE,TRUE,"{""coordinates"": [[-79.1995903753701, 43.82524395885781]], ""type"": ""MultiPoint""}"
2250,2007:990139,2007-08-17T14:25:00,OSSINGTON Aven,LEEDS Stre,,6,Non-Fatal Injury,,Pedestrian Crossover,Rear End,Clear,Daylight,Dry,Minor Arterial,FALSE,-79.42649094,43.66404424194094,1,,,1,,None,Other Safety Equipment Used,,,,,,,,,,owner,,University-Rosedale (11),14 Division,Dovercourt Village,TRUE,TRUE,FALSE,FALSE,FALSE,FALSE,FALSE,FALSE,FALSE,TRUE,"{""coordinates"": [[-79.42649093891451, 43.66404424194094]], ""type"": ""MultiPoint""}"
2251,2007:984384,2007-07-16T22:30:00,SEWELLS RD,OLD FINCH AVE,,3,Non-Fatal Injury,At Intersection,Stop Sign,Turning Movement,Clear,Dark,Dry,Collector,FALSE,-79.19959038,43.82524395885781,2,Automobile or Station Wagon,West,3,34,Minor,Lap and Shoulder Belt,Improper turn,Normal,,,Turning Left,,,,,driver,,Scarborough-Rouge Park (25),42 Division,Morningside Heights,FALSE,FALSE,FALSE,FALSE,FALSE,FALSE,FALSE,FALSE,FALSE,TRUE,"{""coordinates"": [[-79.1995903753701, 43.82524395885781]], ""type"": ""MultiPoint""}"
2252,2007:986760,2007-07-18T08:09:00,GOWAN AVE,PAPE AVE,,2,Non-Fatal Injury,,No Control,Pedestrian Collision(internal code),Clear,Daylight,Dry,Major Arterial,TRUE,-79.34839075,43.68844412527321,1,Pickup Truck,South,2,50,None,Other Safety Equipment Used,Other,Inattentive,,,Reversing,,,,,driver,,Toronto-Danforth (14),55 Division,Danforth East York,FALSE,TRUE,FALSE,FALSE,FALSE,TRUE,TRUE,FALSE,FALSE,FALSE,"{""coordinates"": [[-79.34839075414558, 43.68844412527321]], ""type"": ""MultiPoint""}"
2253,2007:986760,2007-07-18T08:09:00,GOWAN AVE,PAPE AVE,,2,Non-Fatal Injury,,No Control,Pedestrian Collision(internal code),Clear,Daylight,Dry,Major Arterial,TRUE,-79.34839075,43.68844412527321,2,,North,1,71,Major,No Equipment Available,,,Crossing - no traffic control,Normal,,Driver reversing hits pedestrian,,,,pedestrian,,Toronto-Danforth (14),55 Division,Danforth East York,FALSE,TRUE,FALSE,FALSE,FALSE,TRUE,TRUE,FALSE,FALSE,FALSE,"{""coordinates"": [[-79.34839075414558, 43.68844412527321]], ""type"": ""MultiPoint""}"
2254,2007:996561,2007-07-18T13:30:00,MARTIN GROVE RD,FINCH AVE W,,5,Non-Fatal Injury,At Intersection,Traffic Signal,Turning Movement,Clear,Daylight,Dry,Major Arterial,FALSE,-79.59169106,43.73674441545004,1,Truck - Open (Flatbed),West,2,18,None,Lap Belt Only of Combined Assembly,Disobeyed traffic control,Normal,,,Going Ahead,,,,,driver,,Etobicoke North (1),23 Division,West Humber-Clairville,TRUE,FALSE,FALSE,FALSE,FALSE,FALSE,FALSE,TRUE,TRUE,TRUE,"{""coordinates"": [[-79.59169106148642, 43.73674441545004]], ""type"": ""MultiPoint""}"
2255,2007:996561,2007-07-18T13:30:00,MARTIN GROVE RD,FINCH AVE W,,5,Non-Fatal Injury,At Intersection,Traffic Signal,Turning Movement,Clear,Daylight,Dry,Major Arterial,FALSE,-79.59169106,43.73674441545004,1,,,1,,None,Other Safety Equipment Used,,,,,,,,,,owner,,Etobicoke North (1),23 Division,West Humber-Clairville,TRUE,FALSE,FALSE,FALSE,FALSE,FALSE,FALSE,TRUE,TRUE,TRUE,"{""coordinates"": [[-79.59169106148642, 43.73674441545004]], ""type"": ""MultiPoint""}"
2256,2007:996561,2007-07-18T13:30:00,MARTIN GROVE RD,FINCH AVE W,,5,Non-Fatal Injury,At Intersection,Traffic Signal,Turning Movement,Clear,Daylight,Dry,Major Arterial,FALSE,-79.59169106,43.73674441545004,2,Automobile or Station Wagon,South,4,36,Minor,Lap Belt Only of Combined Assembly,Driving properly,Normal,,,Turning Left,,,,,driver,,Etobicoke North (1),23 Division,West Humber-Clairville,TRUE,FALSE,FALSE,FALSE,FALSE,FALSE,FALSE,TRUE,TRUE,TRUE,"{""coordinates"": [[-79.59169106148642, 43.73674441545004]], ""type"": ""MultiPoint""}"
2257,2007:996561,2007-07-18T13:30:00,MARTIN GROVE RD,FINCH AVE W,,5,Non-Fatal Injury,At Intersection,Traffic Signal,Turning Movement,Clear,Daylight,Dry,Major Arterial,FALSE,-79.59169106,43.73674441545004,3,Automobile or Station Wagon,South,5,24,None,Lap Belt Only of Combined Assembly,Other,Normal,,,Stopped,,,,,driver,,Etobicoke North (1),23 Division,West Humber-Clairville,TRUE,FALSE,FALSE,FALSE,FALSE,FALSE,FALSE,TRUE,TRUE,TRUE,"{""coordinates"": [[-79.59169106148642, 43.73674441545004]], ""type"": ""MultiPoint""}"
2258,2007:996561,2007-07-18T13:30:00,MARTIN GROVE RD,FINCH AVE W,,5,Non-Fatal Injury,At Intersection,Traffic Signal,Turning Movement,Clear,Daylight,Dry,Major Arterial,FALSE,-79.59169106,43.73674441545004,2,,,3,35,Major,Lap Belt Only of Combined Assembly,,,,,,,,,,passenger,,Etobicoke North (1),23 Division,West Humber-Clairville,TRUE,FALSE,FALSE,FALSE,FALSE,FALSE,FALSE,TRUE,TRUE,TRUE,"{""coordinates"": [[-79.59169106148642, 43.73674441545004]], ""type"": ""MultiPoint""}"
2259,2007:982207,2007-07-18T16:07:00,LAWRENCE AVE E,WARDEN AVE,,14,Fatal Injury,At Intersection,Traffic Signal,Pedestrian Collision(internal code),Clear,Daylight,Dry,Major Arterial,FALSE,-79.29469058,43.74534404954857,6,,,9,,,Other Safety Equipment Used,,,,,,,,,,owner,,Scarborough Centre (21),41 Division,Wexford/Maryvale,FALSE,FALSE,FALSE,FALSE,FALSE,FALSE,TRUE,FALSE,TRUE,TRUE,"{""coordinates"": [[-79.29469058137343, 43.74534404954857]], ""type"": ""MultiPoint""}"
2260,2007:982207,2007-07-18T16:07:00,LAWRENCE AVE E,WARDEN AVE,,14,Fatal Injury,At Intersection,Traffic Signal,Pedestrian Collision(internal code),Clear,Daylight,Dry,Major Arterial,FALSE,-79.29469058,43.74534404954857,6,,,11,0,Minor,Other Safety Equipment Used,,,On sidewalk or shoulder,Normal,,Driver hits pedestrian on sidewalk or shoulder,,,,pedestrian,,Scarborough Centre (21),41 Division,Wexford/Maryvale,FALSE,FALSE,FALSE,FALSE,FALSE,FALSE,TRUE,FALSE,TRUE,TRUE,"{""coordinates"": [[-79.29469058137343, 43.74534404954857]], ""type"": ""MultiPoint""}"
2261,2007:982207,2007-07-18T16:07:00,LAWRENCE AVE E,WARDEN AVE,,14,Fatal Injury,At Intersection,Traffic Signal,Pedestrian Collision(internal code),Clear,Daylight,Dry,Major Arterial,FALSE,-79.29469058,43.74534404954857,2,Automobile or Station Wagon,North,2,51,None,Other Safety Equipment Used,Driving properly,Normal,,,Going Ahead,,,,,driver,,Scarborough Centre (21),41 Division,Wexford/Maryvale,FALSE,FALSE,FALSE,FALSE,FALSE,FALSE,TRUE,FALSE,TRUE,TRUE,"{""coordinates"": [[-79.29469058137343, 43.74534404954857]], ""type"": ""MultiPoint""}"
2262,2007:982207,2007-07-18T16:07:00,LAWRENCE AVE E,WARDEN AVE,,14,Fatal Injury,At Intersection,Traffic Signal,Pedestrian Collision(internal code),Clear,Daylight,Dry,Major Arterial,FALSE,-79.29469058,43.74534404954857,7,,,13,,,Other Safety Equipment Used,,,,,,,,,,owner,,Scarborough Centre (21),41 Division,Wexford/Maryvale,FALSE,FALSE,FALSE,FALSE,FALSE,FALSE,TRUE,FALSE,TRUE,TRUE,"{""coordinates"": [[-79.29469058137343, 43.74534404954857]], ""type"": ""MultiPoint""}"
2263,2007:982207,2007-07-18T16:07:00,LAWRENCE AVE E,WARDEN AVE,,14,Fatal Injury,At Intersection,Traffic Signal,Pedestrian Collision(internal code),Clear,Daylight,Dry,Major Arterial,FALSE,-79.29469058,43.74534404954857,3,,,3,,,Other Safety Equipment Used,,,,,,,,,,owner,,Scarborough Centre (21),41 Division,Wexford/Maryvale,FALSE,FALSE,FALSE,FALSE,FALSE,FALSE,TRUE,FALSE,TRUE,TRUE,"{""coordinates"": [[-79.29469058137343, 43.74534404954857]], ""type"": ""MultiPoint""}"
2264,2007:982207,2007-07-18T16:07:00,LAWRENCE AVE E,WARDEN AVE,,14,Fatal Injury,At Intersection,Traffic Signal,Pedestrian Collision(internal code),Clear,Daylight,Dry,Major Arterial,FALSE,-79.29469058,43.74534404954857,6,,,8,,,Other Safety Equipment Used,,,,,,,,,,owner,,Scarborough Centre (21),41 Division,Wexford/Maryvale,FALSE,FALSE,FALSE,FALSE,FALSE,FALSE,TRUE,FALSE,TRUE,TRUE,"{""coordinates"": [[-79.29469058137343, 43.74534404954857]], ""type"": ""MultiPoint""}"
2265,2007:982207,2007-07-18T16:07:00,LAWRENCE AVE E,WARDEN AVE,,14,Fatal Injury,At Intersection,Traffic Signal,Pedestrian Collision(internal code),Clear,Daylight,Dry,Major Arterial,FALSE,-79.29469058,43.74534404954857,4,,,5,1,Minor,Other Safety Equipment Used,,,,,,,,,,passenger,,Scarborough Centre (21),41 Division,Wexford/Maryvale,FALSE,FALSE,FALSE,FALSE,FALSE,FALSE,TRUE,FALSE,TRUE,TRUE,"{""coordinates"": [[-79.29469058137343, 43.74534404954857]], ""type"": ""MultiPoint""}"
2266,2007:982207,2007-07-18T16:07:00,LAWRENCE AVE E,WARDEN AVE,,14,Fatal Injury,At Intersection,Traffic Signal,Pedestrian Collision(internal code),Clear,Daylight,Dry,Major Arterial,FALSE,-79.29469058,43.74534404954857,6,,,12,39,Fatal,Other Safety Equipment Used,,,On sidewalk or shoulder,Normal,,Driver hits pedestrian on sidewalk or shoulder,,,,pedestrian,27,Scarborough Centre (21),41 Division,Wexford/Maryvale,FALSE,FALSE,FALSE,FALSE,FALSE,FALSE,TRUE,FALSE,TRUE,TRUE,"{""coordinates"": [[-79.29469058137343, 43.74534404954857]], ""type"": ""MultiPoint""}"
2267,2007:982207,2007-07-18T16:07:00,LAWRENCE AVE E,WARDEN AVE,,14,Fatal Injury,At Intersection,Traffic Signal,Pedestrian Collision(internal code),Clear,Daylight,Dry,Major Arterial,FALSE,-79.29469058,43.74534404954857,4,,,4,9,Minor,Other Safety Equipment Used,,,,,,,,,,passenger,,Scarborough Centre (21),41 Division,Wexford/Maryvale,FALSE,FALSE,FALSE,FALSE,FALSE,FALSE,TRUE,FALSE,TRUE,TRUE,"{""coordinates"": [[-79.29469058137343, 43.74534404954857]], ""type"": ""MultiPoint""}"
2268,2007:982207,2007-07-18T16:07:00,LAWRENCE AVE E,WARDEN AVE,,14,Fatal Injury,At Intersection,Traffic Signal,Pedestrian Collision(internal code),Clear,Daylight,Dry,Major Arterial,FALSE,-79.29469058,43.74534404954857,4,Automobile or Station Wagon,East,6,45,Major,Use Unknown,Lost control,Unknown,,,Going Ahead,,,,,driver,,Scarborough Centre (21),41 Division,Wexford/Maryvale,FALSE,FALSE,FALSE,FALSE,FALSE,FALSE,TRUE,FALSE,TRUE,TRUE,"{""coordinates"": [[-79.29469058137343, 43.74534404954857]], ""type"": ""MultiPoint""}"
2269,2007:982207,2007-07-18T16:07:00,LAWRENCE AVE E,WARDEN AVE,,14,Fatal Injury,At Intersection,Traffic Signal,Pedestrian Collision(internal code),Clear,Daylight,Dry,Major Arterial,FALSE,-79.29469058,43.74534404954857,6,,,10,36,Minor,Other Safety Equipment Used,,,On sidewalk or shoulder,Normal,,Driver hits pedestrian on sidewalk or shoulder,,,,pedestrian,,Scarborough Centre (21),41 Division,Wexford/Maryvale,FALSE,FALSE,FALSE,FALSE,FALSE,FALSE,TRUE,FALSE,TRUE,TRUE,"{""coordinates"": [[-79.29469058137343, 43.74534404954857]], ""type"": ""MultiPoint""}"
2270,2007:982207,2007-07-18T16:07:00,LAWRENCE AVE E,WARDEN AVE,,14,Fatal Injury,At Intersection,Traffic Signal,Pedestrian Collision(internal code),Clear,Daylight,Dry,Major Arterial,FALSE,-79.29469058,43.74534404954857,7,Truck - Open (Flatbed),South,14,54,Minor,Other Safety Equipment Used,Driving properly,Normal,,,Going Ahead,,,,,driver,,Scarborough Centre (21),41 Division,Wexford/Maryvale,FALSE,FALSE,FALSE,FALSE,FALSE,FALSE,TRUE,FALSE,TRUE,TRUE,"{""coordinates"": [[-79.29469058137343, 43.74534404954857]], ""type"": ""MultiPoint""}"
2271,2007:982207,2007-07-18T16:07:00,LAWRENCE AVE E,WARDEN AVE,,14,Fatal Injury,At Intersection,Traffic Signal,Pedestrian Collision(internal code),Clear,Daylight,Dry,Major Arterial,FALSE,-79.29469058,43.74534404954857,5,,,7,,None,Other Safety Equipment Used,,,,,,,,,,other,,Scarborough Centre (21),41 Division,Wexford/Maryvale,FALSE,FALSE,FALSE,FALSE,FALSE,FALSE,TRUE,FALSE,TRUE,TRUE,"{""coordinates"": [[-79.29469058137343, 43.74534404954857]], ""type"": ""MultiPoint""}"
2272,2007:982207,2007-07-18T16:07:00,LAWRENCE AVE E,WARDEN AVE,,14,Fatal Injury,At Intersection,Traffic Signal,Pedestrian Collision(internal code),Clear,Daylight,Dry,Major Arterial,FALSE,-79.29469058,43.74534404954857,1,Automobile or Station Wagon,South,1,27,Minor,Other Safety Equipment Used,Driving properly,Normal,,,Stopped,,,,,driver,,Scarborough Centre (21),41 Division,Wexford/Maryvale,FALSE,FALSE,FALSE,FALSE,FALSE,FALSE,TRUE,FALSE,TRUE,TRUE,"{""coordinates"": [[-79.29469058137343, 43.74534404954857]], ""type"": ""MultiPoint""}"
2273,2007:980693,2007-07-20T08:18:00,BLOOR ST E,PARLIAMENT ST,,5,Non-Fatal Injury,At Intersection,Traffic Signal,Rear End,Clear,Daylight,Dry,Major Arterial,FALSE,-79.37069082,43.67204415950017,1,,,1,39,Major,Helmet,,,,,,,,,,passenger,,Toronto Centre (13),53 Division,Rosedale-Moore Park,FALSE,FALSE,FALSE,FALSE,FALSE,FALSE,FALSE,FALSE,FALSE,FALSE,"{""coordinates"": [[-79.37069081993785, 43.67204415950017]], ""type"": ""MultiPoint""}"
2274,2007:980693,2007-07-20T08:18:00,BLOOR ST E,PARLIAMENT ST,,5,Non-Fatal Injury,At Intersection,Traffic Signal,Rear End,Clear,Daylight,Dry,Major Arterial,FALSE,-79.37069082,43.67204415950017,1,Automobile or Station Wagon,South,2,37,Major,Helmet,Lost control,Normal,,,Turning Right,,,,,driver,,Toronto Centre (13),53 Division,Rosedale-Moore Park,FALSE,FALSE,FALSE,FALSE,FALSE,FALSE,FALSE,FALSE,FALSE,FALSE,"{""coordinates"": [[-79.37069081993785, 43.67204415950017]], ""type"": ""MultiPoint""}"
2275,2007:980693,2007-07-20T08:18:00,BLOOR ST E,PARLIAMENT ST,,5,Non-Fatal Injury,At Intersection,Traffic Signal,Rear End,Clear,Daylight,Dry,Major Arterial,FALSE,-79.37069082,43.67204415950017,3,Automobile or Station Wagon,South,5,44,None,Lap and Shoulder Belt,Driving properly,Normal,,,Stopped,,,,,driver,,Toronto Centre (13),53 Division,Rosedale-Moore Park,FALSE,FALSE,FALSE,FALSE,FALSE,FALSE,FALSE,FALSE,FALSE,FALSE,"{""coordinates"": [[-79.37069081993785, 43.67204415950017]], ""type"": ""MultiPoint""}"
2276,2007:980693,2007-07-20T08:18:00,BLOOR ST E,PARLIAMENT ST,,5,Non-Fatal Injury,At Intersection,Traffic Signal,Rear End,Clear,Daylight,Dry,Major Arterial,FALSE,-79.37069082,43.67204415950017,2,Automobile or Station Wagon,South,4,30,None,Lap and Shoulder Belt,Driving properly,Normal,,,Turning Left,,,,,driver,,Toronto Centre (13),53 Division,Rosedale-Moore Park,FALSE,FALSE,FALSE,FALSE,FALSE,FALSE,FALSE,FALSE,FALSE,FALSE,"{""coordinates"": [[-79.37069081993785, 43.67204415950017]], ""type"": ""MultiPoint""}"
2277,2007:980693,2007-07-20T08:18:00,BLOOR ST E,PARLIAMENT ST,,5,Non-Fatal Injury,At Intersection,Traffic Signal,Rear End,Clear,Daylight,Dry,Major Arterial,FALSE,-79.37069082,43.67204415950017,2,,,3,36,None,Lap and Shoulder Belt,,,,,,,,,,passenger,,Toronto Centre (13),53 Division,Rosedale-Moore Park,FALSE,FALSE,FALSE,FALSE,FALSE,FALSE,FALSE,FALSE,FALSE,FALSE,"{""coordinates"": [[-79.37069081993785, 43.67204415950017]], ""type"": ""MultiPoint""}"
2278,2007:980783,2007-07-20T16:37:00,1210 MARKHAM RD,,,4,Non-Fatal Injury,,No Control,Pedestrian Collision(internal code),Clear,Daylight,Dry,Major Arterial,FALSE,-79.23239045,43.77824398071358,1,,West,1,4,Minimal,Other Safety Equipment Used,,,Crossing - no traffic control,Inattentive,,Driver hits pedestrian at midblock,,,,pedestrian,,Scarborough-Guildwood (24),43 Division,Woburn North,FALSE,TRUE,FALSE,FALSE,FALSE,FALSE,TRUE,FALSE,TRUE,FALSE,"{""coordinates"": [[-79.2323904533839, 43.77824398071358]], ""type"": ""MultiPoint""}"
2279,2007:980783,2007-07-20T16:37:00,1210 MARKHAM RD,,,4,Non-Fatal Injury,,No Control,Pedestrian Collision(internal code),Clear,Daylight,Dry,Major Arterial,FALSE,-79.23239045,43.77824398071358,1,,West,2,27,Major,Other Safety Equipment Used,,,Crossing without right-of-way (intersection),Inattentive,,Driver hits pedestrian at midblock,,,,pedestrian,,Scarborough-Guildwood (24),43 Division,Woburn North,FALSE,TRUE,FALSE,FALSE,FALSE,FALSE,TRUE,FALSE,TRUE,FALSE,"{""coordinates"": [[-79.2323904533839, 43.77824398071358]], ""type"": ""MultiPoint""}"