_id,collision_id,accdate,stname1,stname2,stname3,per_inv,acclass,accloc,traffictl,impactype,visible,light,rdsfcond,road_class,failtorem,longitude,latitude,veh_no,vehtype,initdir,per_no,invage,injury,safequip,drivact,drivcond,pedact,pedcond,manoeuvre,pedtype,cyclistype,cycact,cyccond,road_user,fatal_no,wardname,division,neighbourhood,aggressive,distracted,cyclist,motorcyclist,other_micromobility,older_adult,pedestrian,red_light,school_child,heavy_truck,geometry
2330,2007:982126,2007-07-27T17:30:00,LAWRENCE AVE W,DUVAL DR,,3,Non-Fatal Injury,At Intersection,Traffic Signal,Cyclist Collision,Clear,Daylight,Dry,Major Arterial,FALSE,-79.47459095,43.70974429183011,1,,,3,,,Other Safety Equipment Used,,,,,,,,,,owner,,York South-Weston (5),12 Division,Maple Leaf,TRUE,FALSE,TRUE,FALSE,FALSE,FALSE,FALSE,FALSE,FALSE,FALSE,"{""coordinates"": [[-79.47459095016741, 43.70974429183011]], ""type"": ""MultiPoint""}"
2331,2007:987058,2007-07-28T12:45:00,MCCOWAN RD,CHANNEL NINE CRT,,2,Non-Fatal Injury,,Traffic Signal,Pedestrian Collision(internal code),Clear,Daylight,Dry,Major Arterial,FALSE,-79.25649048,43.78534400699651,2,,East,2,40,Major,No Equipment Available,,,Crossing without right-of-way (intersection),Inattentive,,Driver hits pedestrian at midblock,,,,pedestrian,,Scarborough North (23),42 Division,Agincourt South-Malvern West,FALSE,TRUE,FALSE,FALSE,FALSE,FALSE,TRUE,FALSE,FALSE,FALSE,"{""coordinates"": [[-79.25649048212547, 43.78534400699651]], ""type"": ""MultiPoint""}"
2332,2007:987058,2007-07-28T12:45:00,MCCOWAN RD,CHANNEL NINE CRT,,2,Non-Fatal Injury,,Traffic Signal,Pedestrian Collision(internal code),Clear,Daylight,Dry,Major Arterial,FALSE,-79.25649048,43.78534400699651,1,Automobile or Station Wagon,South,1,63,None,Lap and Shoulder Belt,Driving properly,Normal,,,Slowing or Stopping,,,,,driver,,Scarborough North (23),42 Division,Agincourt South-Malvern West,FALSE,TRUE,FALSE,FALSE,FALSE,FALSE,TRUE,FALSE,FALSE,FALSE,"{""coordinates"": [[-79.25649048212547, 43.78534400699651]], ""type"": ""MultiPoint""}"
2333,2007:986972,2007-07-29T00:42:00,MCCOWAN RD,CONSILIUM PL,,2,Non-Fatal Injury,At Intersection,Stop Sign,SMV Other,Clear,Dark,Dry,Major Arterial,FALSE,-79.25419048,43.779544,1,,,1,29,Major,Use Unknown,,,,,,,,,,passenger,,Scarborough-Guildwood (24),43 Division,Woburn North,FALSE,FALSE,FALSE,FALSE,FALSE,FALSE,FALSE,FALSE,TRUE,FALSE,"{""coordinates"": [[-79.25419048310212, 43.7795440033695]], ""type"": ""MultiPoint""}"
2334,2007:986972,2007-07-29T00:42:00,MCCOWAN RD,CONSILIUM PL,,2,Non-Fatal Injury,At Intersection,Stop Sign,SMV Other,Clear,Dark,Dry,Major Arterial,FALSE,-79.25419048,43.779544,1,,West,2,17,None,Other Safety Equipment Used,Lost control,Normal,,,Merging,,,,,driver,,Scarborough-Guildwood (24),43 Division,Woburn North,FALSE,FALSE,FALSE,FALSE,FALSE,FALSE,FALSE,FALSE,TRUE,FALSE,"{""coordinates"": [[-79.25419048310212, 43.7795440033695]], ""type"": ""MultiPoint""}"
2335,2007:982264,2007-07-29T17:45:00,LAKE SHORE BLVD E,DON ROADWAY,,6,Non-Fatal Injury,At Intersection,Traffic Signal,Turning Movement,Clear,Daylight,Dry,Major Arterial,FALSE,-79.34699081,43.65084412849927,2,,,2,21,None,Other Safety Equipment Used,,,,,,,,,,passenger,,Toronto-Danforth (14),51 Division,South Riverdale,FALSE,FALSE,FALSE,FALSE,FALSE,FALSE,FALSE,FALSE,TRUE,FALSE,"{""coordinates"": [[-79.3469908052827, 43.65084412849927]], ""type"": ""MultiPoint""}"
2336,2007:982264,2007-07-29T17:45:00,LAKE SHORE BLVD E,DON ROADWAY,,6,Non-Fatal Injury,At Intersection,Traffic Signal,Turning Movement,Clear,Daylight,Dry,Major Arterial,FALSE,-79.34699081,43.65084412849927,1,Automobile or Station Wagon,North,1,34,Major,Other Safety Equipment Used,Driving properly,Normal,,,Going Ahead,,,,,driver,,Toronto-Danforth (14),51 Division,South Riverdale,FALSE,FALSE,FALSE,FALSE,FALSE,FALSE,FALSE,FALSE,TRUE,FALSE,"{""coordinates"": [[-79.3469908052827, 43.65084412849927]], ""type"": ""MultiPoint""}"
2337,2007:982264,2007-07-29T17:45:00,LAKE SHORE BLVD E,DON ROADWAY,,6,Non-Fatal Injury,At Intersection,Traffic Signal,Turning Movement,Clear,Daylight,Dry,Major Arterial,FALSE,-79.34699081,43.65084412849927,2,,,5,,None,Other Safety Equipment Used,,,,,,,,,,owner,,Toronto-Danforth (14),51 Division,South Riverdale,FALSE,FALSE,FALSE,FALSE,FALSE,FALSE,FALSE,FALSE,TRUE,FALSE,"{""coordinates"": [[-79.3469908052827, 43.65084412849927]], ""type"": ""MultiPoint""}"
2338,2007:982264,2007-07-29T17:45:00,LAKE SHORE BLVD E,DON ROADWAY,,6,Non-Fatal Injury,At Intersection,Traffic Signal,Turning Movement,Clear,Daylight,Dry,Major Arterial,FALSE,-79.34699081,43.65084412849927,2,,,4,8,None,Other Safety Equipment Used,,,,,,,,,,passenger,,Toronto-Danforth (14),51 Division,South Riverdale,FALSE,FALSE,FALSE,FALSE,FALSE,FALSE,FALSE,FALSE,TRUE,FALSE,"{""coordinates"": [[-79.3469908052827, 43.65084412849927]], ""type"": ""MultiPoint""}"
2339,2007:982264,2007-07-29T17:45:00,LAKE SHORE BLVD E,DON ROADWAY,,6,Non-Fatal Injury,At Intersection,Traffic Signal,Turning Movement,Clear,Daylight,Dry,Major Arterial,FALSE,-79.34699081,43.65084412849927,2,,,3,18,None,Other Safety Equipment Used,,,,,,,,,,passenger,,Toronto-Danforth (14),51 Division,South Riverdale,FALSE,FALSE,FALSE,FALSE,FALSE,FALSE,FALSE,FALSE,TRUE,FALSE,"{""coordinates"": [[-79.3469908052827, 43.65084412849927]], ""type"": ""MultiPoint""}"
2340,2007:982264,2007-07-29T17:45:00,LAKE SHORE BLVD E,DON ROADWAY,,6,Non-Fatal Injury,At Intersection,Traffic Signal,Turning Movement,Clear,Daylight,Dry,Major Arterial,FALSE,-79.34699081,43.65084412849927,2,Automobile or Station Wagon,South,6,23,None,Other Safety Equipment Used,Driving properly,Normal,,,Turning Left,,,,,driver,,Toronto-Danforth (14),51 Division,South Riverdale,FALSE,FALSE,FALSE,FALSE,FALSE,FALSE,FALSE,FALSE,TRUE,FALSE,"{""coordinates"": [[-79.3469908052827, 43.65084412849927]], ""type"": ""MultiPoint""}"
2341,2007:987007,2007-07-30T01:29:00,KINGSTON RD,EGLINTON AVE E,,4,Non-Fatal Injury,At Intersection,Traffic Signal,Turning Movement,Clear,Dark,Dry,Major Arterial,FALSE,-79.21169045,43.743743953212835,2,,,3,,None,Other Safety Equipment Used,,,,,,,,,,owner,,Scarborough-Guildwood (24),43 Division,Scarborough Village,TRUE,FALSE,FALSE,FALSE,FALSE,FALSE,FALSE,TRUE,FALSE,TRUE,"{""coordinates"": [[-79.21169045253225, 43.743743953212835]], ""type"": ""MultiPoint""}"
2342,2007:987007,2007-07-30T01:29:00,KINGSTON RD,EGLINTON AVE E,,4,Non-Fatal Injury,At Intersection,Traffic Signal,Turning Movement,Clear,Dark,Dry,Major Arterial,FALSE,-79.21169045,43.743743953212835,1,,,1,,None,Other Safety Equipment Used,,,,,,,,,,owner,,Scarborough-Guildwood (24),43 Division,Scarborough Village,TRUE,FALSE,FALSE,FALSE,FALSE,FALSE,FALSE,TRUE,FALSE,TRUE,"{""coordinates"": [[-79.21169045253225, 43.743743953212835]], ""type"": ""MultiPoint""}"
2343,2007:987007,2007-07-30T01:29:00,KINGSTON RD,EGLINTON AVE E,,4,Non-Fatal Injury,At Intersection,Traffic Signal,Turning Movement,Clear,Dark,Dry,Major Arterial,FALSE,-79.21169045,43.743743953212835,1,Automobile or Station Wagon,West,2,25,Major,Use Unknown,Disobeyed traffic control,Ability Impaired - Alcohol,,,Going Ahead,,,,,driver,,Scarborough-Guildwood (24),43 Division,Scarborough Village,TRUE,FALSE,FALSE,FALSE,FALSE,FALSE,FALSE,TRUE,FALSE,TRUE,"{""coordinates"": [[-79.21169045253225, 43.743743953212835]], ""type"": ""MultiPoint""}"
2344,2007:987007,2007-07-30T01:29:00,KINGSTON RD,EGLINTON AVE E,,4,Non-Fatal Injury,At Intersection,Traffic Signal,Turning Movement,Clear,Dark,Dry,Major Arterial,FALSE,-79.21169045,43.743743953212835,2,Municipal Transit Bus (TTC),South,4,41,Minimal,No Equipment Available,Driving properly,Normal,,,Turning Left,,,,,driver,,Scarborough-Guildwood (24),43 Division,Scarborough Village,TRUE,FALSE,FALSE,FALSE,FALSE,FALSE,FALSE,TRUE,FALSE,TRUE,"{""coordinates"": [[-79.21169045253225, 43.743743953212835]], ""type"": ""MultiPoint""}"
2345,2007:987223,2007-08-01T08:30:00,COMBE AVE,ELDER ST,,4,Non-Fatal Injury,,Stop Sign,Angle,Clear,Daylight,Dry,Local,FALSE,-79.45329083,43.760144245909515,1,Automobile or Station Wagon,West,2,42,Major,Lap and Shoulder Belt,Failed to yield right-of-way,Normal,,,Stopped,,,,,driver,,York Centre (6),32 Division,Bathurst Manor,TRUE,FALSE,FALSE,FALSE,FALSE,FALSE,FALSE,FALSE,FALSE,FALSE,"{""coordinates"": [[-79.45329083089204, 43.760144245909515]], ""type"": ""MultiPoint""}"
2346,2007:987223,2007-08-01T08:30:00,COMBE AVE,ELDER ST,,4,Non-Fatal Injury,,Stop Sign,Angle,Clear,Daylight,Dry,Local,FALSE,-79.45329083,43.760144245909515,2,Automobile or Station Wagon,South,4,48,Minimal,Lap and Shoulder Belt,Driving properly,Normal,,,Going Ahead,,,,,driver,,York Centre (6),32 Division,Bathurst Manor,TRUE,FALSE,FALSE,FALSE,FALSE,FALSE,FALSE,FALSE,FALSE,FALSE,"{""coordinates"": [[-79.45329083089204, 43.760144245909515]], ""type"": ""MultiPoint""}"
2347,2007:987223,2007-08-01T08:30:00,COMBE AVE,ELDER ST,,4,Non-Fatal Injury,,Stop Sign,Angle,Clear,Daylight,Dry,Local,FALSE,-79.45329083,43.760144245909515,2,,,3,20,Minimal,Lap and Shoulder Belt,,,,,,,,,,passenger,,York Centre (6),32 Division,Bathurst Manor,TRUE,FALSE,FALSE,FALSE,FALSE,FALSE,FALSE,FALSE,FALSE,FALSE,"{""coordinates"": [[-79.45329083089204, 43.760144245909515]], ""type"": ""MultiPoint""}"
2348,2007:987223,2007-08-01T08:30:00,COMBE AVE,ELDER ST,,4,Non-Fatal Injury,,Stop Sign,Angle,Clear,Daylight,Dry,Local,FALSE,-79.45329083,43.760144245909515,1,,,1,,None,Other Safety Equipment Used,,,,,,,,,,owner,,York Centre (6),32 Division,Bathurst Manor,TRUE,FALSE,FALSE,FALSE,FALSE,FALSE,FALSE,FALSE,FALSE,FALSE,"{""coordinates"": [[-79.45329083089204, 43.760144245909515]], ""type"": ""MultiPoint""}"
2349,2007:983325,2007-08-03T21:25:00,BATHURST ST,HOUSEY ST,,3,Non-Fatal Injury,,No Control,Turning Movement,Clear,Dark,Dry,Major Arterial,FALSE,-79.39999093,43.637344210486425,2,Automobile or Station Wagon,North,3,26,None,Lap and Shoulder Belt,Improper turn,Had Been Drinking,,,Making U-Turn,,,,,driver,,Spadina-Fort York (10),14 Division,Harbourfront-CityPlace,FALSE,FALSE,FALSE,FALSE,FALSE,FALSE,FALSE,FALSE,FALSE,FALSE,"{""coordinates"": [[-79.39999093004872, 43.637344210486425]], ""type"": ""MultiPoint""}"
2350,2007:983325,2007-08-03T21:25:00,BATHURST ST,HOUSEY ST,,3,Non-Fatal Injury,,No Control,Turning Movement,Clear,Dark,Dry,Major Arterial,FALSE,-79.39999093,43.637344210486425,1,Automobile or Station Wagon,North,1,40,Major,Helmet,Driving properly,Normal,,,Going Ahead,,,,,driver,,Spadina-Fort York (10),14 Division,Harbourfront-CityPlace,FALSE,FALSE,FALSE,FALSE,FALSE,FALSE,FALSE,FALSE,FALSE,FALSE,"{""coordinates"": [[-79.39999093004872, 43.637344210486425]], ""type"": ""MultiPoint""}"
2351,2007:983325,2007-08-03T21:25:00,BATHURST ST,HOUSEY ST,,3,Non-Fatal Injury,,No Control,Turning Movement,Clear,Dark,Dry,Major Arterial,FALSE,-79.39999093,43.637344210486425,2,,,2,,None,Other Safety Equipment Used,,,,,,,,,,owner,,Spadina-Fort York (10),14 Division,Harbourfront-CityPlace,FALSE,FALSE,FALSE,FALSE,FALSE,FALSE,FALSE,FALSE,FALSE,FALSE,"{""coordinates"": [[-79.39999093004872, 43.637344210486425]], ""type"": ""MultiPoint""}"
2352,2007:983329,2007-08-03T21:56:00,KENNEDY RD,FOXRIDGE DR,,5,Non-Fatal Injury,At Intersection,No Control,Turning Movement,Clear,Dusk with Artificial Lighting,Dry,Major Arterial,FALSE,-79.26449056,43.72404401031954,1,,,1,,None,Other Safety Equipment Used,,,,,,,,,,owner,,Scarborough Southwest (20),41 Division,Kennedy Park,FALSE,FALSE,FALSE,TRUE,FALSE,TRUE,FALSE,FALSE,TRUE,FALSE,"{""coordinates"": [[-79.2644905557624, 43.72404401031954]], ""type"": ""MultiPoint""}"
2353,2007:983329,2007-08-03T21:56:00,KENNEDY RD,FOXRIDGE DR,,5,Non-Fatal Injury,At Intersection,No Control,Turning Movement,Clear,Dusk with Artificial Lighting,Dry,Major Arterial,FALSE,-79.26449056,43.72404401031954,1,Automobile or Station Wagon,South,2,36,Major,Lap and Shoulder Belt,Driving properly,Normal,,,Going Ahead,,,,,motorcyclist,,Scarborough Southwest (20),41 Division,Kennedy Park,FALSE,FALSE,FALSE,TRUE,FALSE,TRUE,FALSE,FALSE,TRUE,FALSE,"{""coordinates"": [[-79.2644905557624, 43.72404401031954]], ""type"": ""MultiPoint""}"
2354,2007:983329,2007-08-03T21:56:00,KENNEDY RD,FOXRIDGE DR,,5,Non-Fatal Injury,At Intersection,No Control,Turning Movement,Clear,Dusk with Artificial Lighting,Dry,Major Arterial,FALSE,-79.26449056,43.72404401031954,2,,,4,79,None,Other Safety Equipment Used,,,,,,,,,,passenger,,Scarborough Southwest (20),41 Division,Kennedy Park,FALSE,FALSE,FALSE,TRUE,FALSE,TRUE,FALSE,FALSE,TRUE,FALSE,"{""coordinates"": [[-79.2644905557624, 43.72404401031954]], ""type"": ""MultiPoint""}"
2355,2007:983329,2007-08-03T21:56:00,KENNEDY RD,FOXRIDGE DR,,5,Non-Fatal Injury,At Intersection,No Control,Turning Movement,Clear,Dusk with Artificial Lighting,Dry,Major Arterial,FALSE,-79.26449056,43.72404401031954,2,,,3,19,None,Other Safety Equipment Used,,,,,,,,,,passenger,,Scarborough Southwest (20),41 Division,Kennedy Park,FALSE,FALSE,FALSE,TRUE,FALSE,TRUE,FALSE,FALSE,TRUE,FALSE,"{""coordinates"": [[-79.2644905557624, 43.72404401031954]], ""type"": ""MultiPoint""}"
2356,2007:983329,2007-08-03T21:56:00,KENNEDY RD,FOXRIDGE DR,,5,Non-Fatal Injury,At Intersection,No Control,Turning Movement,Clear,Dusk with Artificial Lighting,Dry,Major Arterial,FALSE,-79.26449056,43.72404401031954,2,Automobile or Station Wagon,North,5,20,None,Lap and Shoulder Belt,Improper turn,Normal,,,Turning Left,,,,,driver,,Scarborough Southwest (20),41 Division,Kennedy Park,FALSE,FALSE,FALSE,TRUE,FALSE,TRUE,FALSE,FALSE,TRUE,FALSE,"{""coordinates"": [[-79.2644905557624, 43.72404401031954]], ""type"": ""MultiPoint""}"
2357,2007:987374,2007-08-03T23:30:00,MCCOWAN RD,STEELES AVE E,,2,Non-Fatal Injury,At Intersection,Traffic Signal,Pedestrian Collision(internal code),Clear,Dark,Dry,Major Arterial,FALSE,-79.27519047,43.831044034663286,2,,West,2,48,Major,Other Safety Equipment Used,,,Crossing without right-of-way (intersection),Unknown,,Driver going straight hits pedestrian crossing without right-of-way (at intersection),,,,pedestrian,,Scarborough North (23),42 Division,Milliken,FALSE,FALSE,FALSE,FALSE,FALSE,FALSE,TRUE,FALSE,FALSE,FALSE,"{""coordinates"": [[-79.27519047357922, 43.831044034663286]], ""type"": ""MultiPoint""}"
2358,2007:987374,2007-08-03T23:30:00,MCCOWAN RD,STEELES AVE E,,2,Non-Fatal Injury,At Intersection,Traffic Signal,Pedestrian Collision(internal code),Clear,Dark,Dry,Major Arterial,FALSE,-79.27519047,43.831044034663286,1,Automobile or Station Wagon,South,1,45,None,Other Safety Equipment Used,Driving properly,Normal,,,Going Ahead,,,,,driver,,Scarborough North (23),42 Division,Milliken,FALSE,FALSE,FALSE,FALSE,FALSE,FALSE,TRUE,FALSE,FALSE,FALSE,"{""coordinates"": [[-79.27519047357922, 43.831044034663286]], ""type"": ""MultiPoint""}"
2359,2007:986718,2007-08-05T10:55:00,LAWRENCE AVE E,MCCOWAN RD,,5,Fatal Injury,,No Control,Pedestrian Collision(internal code),Clear,Daylight,Dry,Major Arterial,FALSE,-79.24609049,43.75534399048343,2,,,3,,,Other Safety Equipment Used,,,,,,,,,,owner,,Scarborough Centre (21),43 Division,Bendale South,FALSE,FALSE,FALSE,FALSE,FALSE,TRUE,TRUE,FALSE,FALSE,FALSE,"{""coordinates"": [[-79.24609049023108, 43.75534399048343]], ""type"": ""MultiPoint""}"
2360,2007:986718,2007-08-05T10:55:00,LAWRENCE AVE E,MCCOWAN RD,,5,Fatal Injury,,No Control,Pedestrian Collision(internal code),Clear,Daylight,Dry,Major Arterial,FALSE,-79.24609049,43.75534399048343,1,Automobile or Station Wagon,East,2,53,None,Lap and Shoulder Belt,Driving properly,Normal,,,Going Ahead,,,,,driver,,Scarborough Centre (21),43 Division,Bendale South,FALSE,FALSE,FALSE,FALSE,FALSE,TRUE,TRUE,FALSE,FALSE,FALSE,"{""coordinates"": [[-79.24609049023108, 43.75534399048343]], ""type"": ""MultiPoint""}"
2361,2007:986718,2007-08-05T10:55:00,LAWRENCE AVE E,MCCOWAN RD,,5,Fatal Injury,,No Control,Pedestrian Collision(internal code),Clear,Daylight,Dry,Major Arterial,FALSE,-79.24609049,43.75534399048343,2,Automobile or Station Wagon,East,4,38,None,Lap and Shoulder Belt,Driving properly,Normal,,,Going Ahead,,,,,driver,,Scarborough Centre (21),43 Division,Bendale South,FALSE,FALSE,FALSE,FALSE,FALSE,TRUE,TRUE,FALSE,FALSE,FALSE,"{""coordinates"": [[-79.24609049023108, 43.75534399048343]], ""type"": ""MultiPoint""}"
2362,2007:986718,2007-08-05T10:55:00,LAWRENCE AVE E,MCCOWAN RD,,5,Fatal Injury,,No Control,Pedestrian Collision(internal code),Clear,Daylight,Dry,Major Arterial,FALSE,-79.24609049,43.75534399048343,3,,North,5,76,Fatal,Other Safety Equipment Used,,,Crossing - no traffic control,Normal,,Driver hits pedestrian at midblock,,,,pedestrian,28,Scarborough Centre (21),43 Division,Bendale South,FALSE,FALSE,FALSE,FALSE,FALSE,TRUE,TRUE,FALSE,FALSE,FALSE,"{""coordinates"": [[-79.24609049023108, 43.75534399048343]], ""type"": ""MultiPoint""}"
2363,2007:986718,2007-08-05T10:55:00,LAWRENCE AVE E,MCCOWAN RD,,5,Fatal Injury,,No Control,Pedestrian Collision(internal code),Clear,Daylight,Dry,Major Arterial,FALSE,-79.24609049,43.75534399048343,1,,,1,,,Other Safety Equipment Used,,,,,,,,,,owner,,Scarborough Centre (21),43 Division,Bendale South,FALSE,FALSE,FALSE,FALSE,FALSE,TRUE,TRUE,FALSE,FALSE,FALSE,"{""coordinates"": [[-79.24609049023108, 43.75534399048343]], ""type"": ""MultiPoint""}"
2364,2007:983751,2007-08-07T11:00:00,TANGIERS RD,FINCH AVE W,,1,Non-Fatal Injury,At Intersection,Traffic Signal,Pedestrian Collision(internal code),Clear,Daylight,Dry,Major Arterial,FALSE,-79.48829088,43.76404428814284,2,,South,2,75,Major,Other Safety Equipment Used,,,Crossing with right-of-way (intersection),Normal,,Driver turns right into pedestrian crossing with right-of-way (at intersection),,,,pedestrian,,York Centre (6),31 Division,York University Heights,TRUE,FALSE,FALSE,FALSE,FALSE,TRUE,TRUE,FALSE,FALSE,FALSE,"{""coordinates"": [[-79.48829088440051, 43.76404428814284]], ""type"": ""MultiPoint""}"
2365,2007:983751,2007-08-07T11:00:00,TANGIERS RD,FINCH AVE W,,1,Non-Fatal Injury,At Intersection,Traffic Signal,Pedestrian Collision(internal code),Clear,Daylight,Dry,Major Arterial,FALSE,-79.48829088,43.76404428814284,1,Automobile or Station Wagon,South,1,50,None,Other Safety Equipment Used,Failed to yield right-of-way,Normal,,,Turning Right,,,,,driver,,York Centre (6),31 Division,York University Heights,TRUE,FALSE,FALSE,FALSE,FALSE,TRUE,TRUE,FALSE,FALSE,FALSE,"{""coordinates"": [[-79.48829088440051, 43.76404428814284]], ""type"": ""MultiPoint""}"
2366,2007:984072,2007-08-09T04:50:00,121 WELLESWORTH DR,,,2,Non-Fatal Injury,,No Control,SMV Other,Clear,Dark,Dry,Collector,FALSE,-79.58219119,43.66334444811485,1,,,1,,None,Other Safety Equipment Used,,,,,,,,,,owner,,Etobicoke Centre (2),22 Division,Eringate-Centennial-West Deane,FALSE,FALSE,FALSE,FALSE,FALSE,FALSE,FALSE,FALSE,FALSE,FALSE,"{""coordinates"": [[-79.58219118764188, 43.66334444811485]], ""type"": ""MultiPoint""}"
2367,2007:984072,2007-08-09T04:50:00,121 WELLESWORTH DR,,,2,Non-Fatal Injury,,No Control,SMV Other,Clear,Dark,Dry,Collector,FALSE,-79.58219119,43.66334444811485,1,Automobile or Station Wagon,South,2,21,Major,Equipment Not Used But Available,Lost control,Had Been Drinking,,,Going Ahead,,,,,driver,,Etobicoke Centre (2),22 Division,Eringate-Centennial-West Deane,FALSE,FALSE,FALSE,FALSE,FALSE,FALSE,FALSE,FALSE,FALSE,FALSE,"{""coordinates"": [[-79.58219118764188, 43.66334444811485]], ""type"": ""MultiPoint""}"
2368,2007:984087,2007-08-09T08:45:00,QUEENS QUAY W,YORK ST,,2,Non-Fatal Injury,At Intersection,Traffic Signal,Pedestrian Collision(internal code),Clear,Daylight,Dry,Minor Arterial,FALSE,-79.38019089,43.63994418,1,,North,1,64,Major,Other Safety Equipment Used,,,Crossing with right-of-way (intersection),Normal,,Driver going straight hits pedestrian crossing with right-of-way (at intersection),,,,pedestrian,,Spadina-Fort York (10),52 Division,St Lawrence-East Bayfront-The Islands,FALSE,FALSE,TRUE,FALSE,FALSE,FALSE,TRUE,FALSE,FALSE,FALSE,"{""coordinates"": [[-79.38019088669715, 43.639944179993]], ""type"": ""MultiPoint""}"
2369,2007:984087,2007-08-09T08:45:00,QUEENS QUAY W,YORK ST,,2,Non-Fatal Injury,At Intersection,Traffic Signal,Pedestrian Collision(internal code),Clear,Daylight,Dry,Minor Arterial,FALSE,-79.38019089,43.63994418,2,Bicycle,East,2,30,Major,Other Safety Equipment Used,,,,,Going Ahead,,Cyclist hits pedestrian,Disobeyed Traffic Control,Normal,cyclist,,Spadina-Fort York (10),52 Division,St Lawrence-East Bayfront-The Islands,FALSE,FALSE,TRUE,FALSE,FALSE,FALSE,TRUE,FALSE,FALSE,FALSE,"{""coordinates"": [[-79.38019088669715, 43.639944179993]], ""type"": ""MultiPoint""}"
2370,2007:989043,2007-08-10T02:10:00,278 GREENWOOD AVE,IVY Aven,,5,Non-Fatal Injury,,No Control,Pedestrian Collision(internal code),Clear,Dark,Dry,Minor Arterial,FALSE,-79.32899074,43.67324409970404,1,,,1,,,Other Safety Equipment Used,,,,,,,,,,owner,,Toronto-Danforth (14),55 Division,South Riverdale,FALSE,FALSE,FALSE,FALSE,FALSE,FALSE,TRUE,FALSE,FALSE,FALSE,"{""coordinates"": [[-79.32899073919192, 43.67324409970404]], ""type"": ""MultiPoint""}"
2371,2007:989043,2007-08-10T02:10:00,278 GREENWOOD AVE,IVY Aven,,5,Non-Fatal Injury,,No Control,Pedestrian Collision(internal code),Clear,Dark,Dry,Minor Arterial,FALSE,-79.32899074,43.67324409970404,5,,,5,26,Major,Equipment Not Used But Available,,,Person getting on/off vehicle,Normal,,Driver hits pedestrian at midblock,,,,pedestrian,,Toronto-Danforth (14),55 Division,South Riverdale,FALSE,FALSE,FALSE,FALSE,FALSE,FALSE,TRUE,FALSE,FALSE,FALSE,"{""coordinates"": [[-79.32899073919192, 43.67324409970404]], ""type"": ""MultiPoint""}"
2372,2007:989043,2007-08-10T02:10:00,278 GREENWOOD AVE,IVY Aven,,5,Non-Fatal Injury,,No Control,Pedestrian Collision(internal code),Clear,Dark,Dry,Minor Arterial,FALSE,-79.32899074,43.67324409970404,4,Automobile or Station Wagon,South,4,25,Minor,Lap and Shoulder Belt,Lost control,Fatigue/Fell Asleep,,,Going Ahead,,,,,driver,,Toronto-Danforth (14),55 Division,South Riverdale,FALSE,FALSE,FALSE,FALSE,FALSE,FALSE,TRUE,FALSE,FALSE,FALSE,"{""coordinates"": [[-79.32899073919192, 43.67324409970404]], ""type"": ""MultiPoint""}"
2373,2007:989043,2007-08-10T02:10:00,278 GREENWOOD AVE,IVY Aven,,5,Non-Fatal Injury,,No Control,Pedestrian Collision(internal code),Clear,Dark,Dry,Minor Arterial,FALSE,-79.32899074,43.67324409970404,2,,,2,,,Other Safety Equipment Used,,,,,,,,,,owner,,Toronto-Danforth (14),55 Division,South Riverdale,FALSE,FALSE,FALSE,FALSE,FALSE,FALSE,TRUE,FALSE,FALSE,FALSE,"{""coordinates"": [[-79.32899073919192, 43.67324409970404]], ""type"": ""MultiPoint""}"
2374,2007:989043,2007-08-10T02:10:00,278 GREENWOOD AVE,IVY Aven,,5,Non-Fatal Injury,,No Control,Pedestrian Collision(internal code),Clear,Dark,Dry,Minor Arterial,FALSE,-79.32899074,43.67324409970404,3,Automobile or Station Wagon,South,3,31,Minimal,Lap and Shoulder Belt,Other,Normal,,,Stopped,,,,,driver,,Toronto-Danforth (14),55 Division,South Riverdale,FALSE,FALSE,FALSE,FALSE,FALSE,FALSE,TRUE,FALSE,FALSE,FALSE,"{""coordinates"": [[-79.32899073919192, 43.67324409970404]], ""type"": ""MultiPoint""}"
2375,2007:984399,2007-08-10T15:02:00,LAKE SHORE BLVD W,REMEMBRANCE DR,,2,Non-Fatal Injury,At Intersection,Traffic Signal,Cyclist Collision,Clear,Daylight,Dry,Major Arterial,FALSE,-79.40869095,43.634444224454754,2,Bicycle,South,2,77,Major,No Equipment Available,,,,,Going Ahead,,"Cyclist without right-of-way rides into path of driver (at intersection, laneway, or driveway)",Disobeyed Traffic Control,Normal,cyclist,,Spadina-Fort York (10),14 Division,Fort York-Liberty Village,FALSE,FALSE,TRUE,FALSE,FALSE,TRUE,FALSE,FALSE,FALSE,FALSE,"{""coordinates"": [[-79.40869095198848, 43.634444224454754]], ""type"": ""MultiPoint""}"
2376,2007:984399,2007-08-10T15:02:00,LAKE SHORE BLVD W,REMEMBRANCE DR,,2,Non-Fatal Injury,At Intersection,Traffic Signal,Cyclist Collision,Clear,Daylight,Dry,Major Arterial,FALSE,-79.40869095,43.634444224454754,1,Automobile or Station Wagon,East,1,23,None,Lap and Shoulder Belt,Driving properly,Normal,,,Going Ahead,,,,,driver,,Spadina-Fort York (10),14 Division,Fort York-Liberty Village,FALSE,FALSE,TRUE,FALSE,FALSE,TRUE,FALSE,FALSE,FALSE,FALSE,"{""coordinates"": [[-79.40869095198848, 43.634444224454754]], ""type"": ""MultiPoint""}"
2377,2007:988601,2007-08-11T02:17:00,WARDEN AVE,WARDEN AV S 401 C E RAMP E,,3,Non-Fatal Injury,At Intersection,Traffic Signal,Turning Movement,Clear,Dark,Dry,Major Arterial,FALSE,-79.30359057,43.76894406193772,1,,,1,,None,Other Safety Equipment Used,,,,,,,,,,owner,,Scarborough Centre (21),41 Division,Wexford/Maryvale,TRUE,TRUE,FALSE,TRUE,FALSE,FALSE,FALSE,FALSE,FALSE,FALSE,"{""coordinates"": [[-79.30359057327865, 43.76894406193772]], ""type"": ""MultiPoint""}"