_id,collision_id,accdate,stname1,stname2,stname3,per_inv,acclass,accloc,traffictl,impactype,visible,light,rdsfcond,road_class,failtorem,longitude,latitude,veh_no,vehtype,initdir,per_no,invage,injury,safequip,drivact,drivcond,pedact,pedcond,manoeuvre,pedtype,cyclistype,cycact,cyccond,road_user,fatal_no,wardname,division,neighbourhood,aggressive,distracted,cyclist,motorcyclist,other_micromobility,older_adult,pedestrian,red_light,school_child,heavy_truck,geometry
3341,2008:1038340,2008-05-13T20:30:00,EGLINTON AVE E,CREDIT UNION DR,,16,Fatal Injury,,No Control,Approaching Head On,Clear,Dark,Dry,Major Arterial,FALSE,-79.31939065,43.72594408211704,1,Automobile or Station Wagon,East,2,27,Minor,Lap and Shoulder Belt,Driving properly,Normal,,,Going Ahead,,,,,driver,,Don Valley East (16),55 Division,Victoria Village,TRUE,FALSE,FALSE,FALSE,FALSE,FALSE,FALSE,FALSE,TRUE,FALSE,"{""coordinates"": [[-79.31939064962432, 43.72594408211704]], ""type"": ""MultiPoint""}"
3342,2008:1038340,2008-05-13T20:30:00,EGLINTON AVE E,CREDIT UNION DR,,16,Fatal Injury,,No Control,Approaching Head On,Clear,Dark,Dry,Major Arterial,FALSE,-79.31939065,43.72594408211704,4,,,15,27,Minor,Lap and Shoulder Belt,,,,,,,,,,passenger,,Don Valley East (16),55 Division,Victoria Village,TRUE,FALSE,FALSE,FALSE,FALSE,FALSE,FALSE,FALSE,TRUE,FALSE,"{""coordinates"": [[-79.31939064962432, 43.72594408211704]], ""type"": ""MultiPoint""}"
3343,2008:1038340,2008-05-13T20:30:00,EGLINTON AVE E,CREDIT UNION DR,,16,Fatal Injury,,No Control,Approaching Head On,Clear,Dark,Dry,Major Arterial,FALSE,-79.31939065,43.72594408211704,6,,,13,,,Other Safety Equipment Used,,,,,,,,,,owner,,Don Valley East (16),55 Division,Victoria Village,TRUE,FALSE,FALSE,FALSE,FALSE,FALSE,FALSE,FALSE,TRUE,FALSE,"{""coordinates"": [[-79.31939064962432, 43.72594408211704]], ""type"": ""MultiPoint""}"
3344,2008:1038340,2008-05-13T20:30:00,EGLINTON AVE E,CREDIT UNION DR,,16,Fatal Injury,,No Control,Approaching Head On,Clear,Dark,Dry,Major Arterial,FALSE,-79.31939065,43.72594408211704,3,Automobile or Station Wagon,East,5,29,Minor,Lap and Shoulder Belt,Driving properly,Normal,,,Going Ahead,,,,,driver,,Don Valley East (16),55 Division,Victoria Village,TRUE,FALSE,FALSE,FALSE,FALSE,FALSE,FALSE,FALSE,TRUE,FALSE,"{""coordinates"": [[-79.31939064962432, 43.72594408211704]], ""type"": ""MultiPoint""}"
3345,2008:1038340,2008-05-13T20:30:00,EGLINTON AVE E,CREDIT UNION DR,,16,Fatal Injury,,No Control,Approaching Head On,Clear,Dark,Dry,Major Arterial,FALSE,-79.31939065,43.72594408211704,5,,,7,19,Major,Lap and Shoulder Belt,,,,,,,,,,passenger,,Don Valley East (16),55 Division,Victoria Village,TRUE,FALSE,FALSE,FALSE,FALSE,FALSE,FALSE,FALSE,TRUE,FALSE,"{""coordinates"": [[-79.31939064962432, 43.72594408211704]], ""type"": ""MultiPoint""}"
3346,2008:1038340,2008-05-13T20:30:00,EGLINTON AVE E,CREDIT UNION DR,,16,Fatal Injury,,No Control,Approaching Head On,Clear,Dark,Dry,Major Arterial,FALSE,-79.31939065,43.72594408211704,3,,,4,,,Other Safety Equipment Used,,,,,,,,,,owner,,Don Valley East (16),55 Division,Victoria Village,TRUE,FALSE,FALSE,FALSE,FALSE,FALSE,FALSE,FALSE,TRUE,FALSE,"{""coordinates"": [[-79.31939064962432, 43.72594408211704]], ""type"": ""MultiPoint""}"
3347,2008:1038340,2008-05-13T20:30:00,EGLINTON AVE E,CREDIT UNION DR,,16,Fatal Injury,,No Control,Approaching Head On,Clear,Dark,Dry,Major Arterial,FALSE,-79.31939065,43.72594408211704,5,Automobile or Station Wagon,West,10,21,Minor,Lap and Shoulder Belt,Exceeding speed limit,Had Been Drinking,,,Going Ahead,,,,,driver,,Don Valley East (16),55 Division,Victoria Village,TRUE,FALSE,FALSE,FALSE,FALSE,FALSE,FALSE,FALSE,TRUE,FALSE,"{""coordinates"": [[-79.31939064962432, 43.72594408211704]], ""type"": ""MultiPoint""}"
3348,2008:1038340,2008-05-13T20:30:00,EGLINTON AVE E,CREDIT UNION DR,,16,Fatal Injury,,No Control,Approaching Head On,Clear,Dark,Dry,Major Arterial,FALSE,-79.31939065,43.72594408211704,5,,,16,23,Major,Other Safety Equipment Used,,,,,,,,,,passenger,,Don Valley East (16),55 Division,Victoria Village,TRUE,FALSE,FALSE,FALSE,FALSE,FALSE,FALSE,FALSE,TRUE,FALSE,"{""coordinates"": [[-79.31939064962432, 43.72594408211704]], ""type"": ""MultiPoint""}"
3349,2008:1038340,2008-05-13T20:30:00,EGLINTON AVE E,CREDIT UNION DR,,16,Fatal Injury,,No Control,Approaching Head On,Clear,Dark,Dry,Major Arterial,FALSE,-79.31939065,43.72594408211704,5,,,8,20,Fatal,Other Safety Equipment Used,,,,,,,,,,passenger,18,Don Valley East (16),55 Division,Victoria Village,TRUE,FALSE,FALSE,FALSE,FALSE,FALSE,FALSE,FALSE,TRUE,FALSE,"{""coordinates"": [[-79.31939064962432, 43.72594408211704]], ""type"": ""MultiPoint""}"
3350,2008:1038340,2008-05-13T20:30:00,EGLINTON AVE E,CREDIT UNION DR,,16,Fatal Injury,,No Control,Approaching Head On,Clear,Dark,Dry,Major Arterial,FALSE,-79.31939065,43.72594408211704,2,Automobile or Station Wagon,East,3,58,Minor,Lap and Shoulder Belt,Driving properly,Normal,,,Going Ahead,,,,,driver,,Don Valley East (16),55 Division,Victoria Village,TRUE,FALSE,FALSE,FALSE,FALSE,FALSE,FALSE,FALSE,TRUE,FALSE,"{""coordinates"": [[-79.31939064962432, 43.72594408211704]], ""type"": ""MultiPoint""}"
3351,2008:1038340,2008-05-13T20:30:00,EGLINTON AVE E,CREDIT UNION DR,,16,Fatal Injury,,No Control,Approaching Head On,Clear,Dark,Dry,Major Arterial,FALSE,-79.31939065,43.72594408211704,1,,,1,,,Other Safety Equipment Used,,,,,,,,,,owner,,Don Valley East (16),55 Division,Victoria Village,TRUE,FALSE,FALSE,FALSE,FALSE,FALSE,FALSE,FALSE,TRUE,FALSE,"{""coordinates"": [[-79.31939064962432, 43.72594408211704]], ""type"": ""MultiPoint""}"
3352,2008:1038340,2008-05-13T20:30:00,EGLINTON AVE E,CREDIT UNION DR,,16,Fatal Injury,,No Control,Approaching Head On,Clear,Dark,Dry,Major Arterial,FALSE,-79.31939065,43.72594408211704,6,Automobile or Station Wagon,East,12,34,Minor,Lap and Shoulder Belt,Driving properly,Normal,,,Going Ahead,,,,,driver,,Don Valley East (16),55 Division,Victoria Village,TRUE,FALSE,FALSE,FALSE,FALSE,FALSE,FALSE,FALSE,TRUE,FALSE,"{""coordinates"": [[-79.31939064962432, 43.72594408211704]], ""type"": ""MultiPoint""}"
3353,2008:1038340,2008-05-13T20:30:00,EGLINTON AVE E,CREDIT UNION DR,,16,Fatal Injury,,No Control,Approaching Head On,Clear,Dark,Dry,Major Arterial,FALSE,-79.31939065,43.72594408211704,4,,,14,30,None,Lap and Shoulder Belt,,,,,,,,,,passenger,,Don Valley East (16),55 Division,Victoria Village,TRUE,FALSE,FALSE,FALSE,FALSE,FALSE,FALSE,FALSE,TRUE,FALSE,"{""coordinates"": [[-79.31939064962432, 43.72594408211704]], ""type"": ""MultiPoint""}"
3354,2008:1038340,2008-05-13T20:30:00,EGLINTON AVE E,CREDIT UNION DR,,16,Fatal Injury,,No Control,Approaching Head On,Clear,Dark,Dry,Major Arterial,FALSE,-79.31939065,43.72594408211704,5,,,9,18,Fatal,Other Safety Equipment Used,,,,,,,,,,passenger,19,Don Valley East (16),55 Division,Victoria Village,TRUE,FALSE,FALSE,FALSE,FALSE,FALSE,FALSE,FALSE,TRUE,FALSE,"{""coordinates"": [[-79.31939064962432, 43.72594408211704]], ""type"": ""MultiPoint""}"
3355,2008:1038340,2008-05-13T20:30:00,EGLINTON AVE E,CREDIT UNION DR,,16,Fatal Injury,,No Control,Approaching Head On,Clear,Dark,Dry,Major Arterial,FALSE,-79.31939065,43.72594408211704,5,,,11,,,Other Safety Equipment Used,,,,,,,,,,owner,,Don Valley East (16),55 Division,Victoria Village,TRUE,FALSE,FALSE,FALSE,FALSE,FALSE,FALSE,FALSE,TRUE,FALSE,"{""coordinates"": [[-79.31939064962432, 43.72594408211704]], ""type"": ""MultiPoint""}"
3356,2008:1038340,2008-05-13T20:30:00,EGLINTON AVE E,CREDIT UNION DR,,16,Fatal Injury,,No Control,Approaching Head On,Clear,Dark,Dry,Major Arterial,FALSE,-79.31939065,43.72594408211704,4,Automobile or Station Wagon,East,6,34,Minor,Lap and Shoulder Belt,Driving properly,Unknown,,,Going Ahead,,,,,driver,,Don Valley East (16),55 Division,Victoria Village,TRUE,FALSE,FALSE,FALSE,FALSE,FALSE,FALSE,FALSE,TRUE,FALSE,"{""coordinates"": [[-79.31939064962432, 43.72594408211704]], ""type"": ""MultiPoint""}"
3357,2008:1038269,2008-05-14T08:00:00,PECKHAM AVE,GREENWIN VILLAGE RD,,2,Non-Fatal Injury,,Stop Sign,Pedestrian Collision(internal code),Clear,Daylight,Dry,Collector,FALSE,-79.43679077,43.79274422063058,2,,North,2,46,Major,Other Safety Equipment Used,,,Crossing with right-of-way (intersection),Normal,,Driver turns left into pedestrian crossing with right-of-way (at intersection),,,,pedestrian,,Willowdale (18),32 Division,Newtonbrook West,TRUE,TRUE,FALSE,FALSE,FALSE,TRUE,TRUE,FALSE,FALSE,FALSE,"{""coordinates"": [[-79.43679076584536, 43.79274422063058]], ""type"": ""MultiPoint""}"
3358,2008:1038269,2008-05-14T08:00:00,PECKHAM AVE,GREENWIN VILLAGE RD,,2,Non-Fatal Injury,,Stop Sign,Pedestrian Collision(internal code),Clear,Daylight,Dry,Collector,FALSE,-79.43679077,43.79274422063058,1,Automobile or Station Wagon,South,1,65,None,Other Safety Equipment Used,Failed to yield right-of-way,Inattentive,,,Turning Left,,,,,driver,,Willowdale (18),32 Division,Newtonbrook West,TRUE,TRUE,FALSE,FALSE,FALSE,TRUE,TRUE,FALSE,FALSE,FALSE,"{""coordinates"": [[-79.43679076584536, 43.79274422063058]], ""type"": ""MultiPoint""}"
3359,2008:1038512,2008-05-15T09:50:00,RATHBURN Road,THE EAST MALL,,2,Non-Fatal Injury,At Intersection,Traffic Signal,Turning Movement,Clear,Daylight,Dry,Minor Arterial,FALSE,-79.56429118,43.654944431278565,2,Automobile or Station Wagon,West,2,82,Major,Other Safety Equipment Used,Disobeyed traffic control,Medical or Physical Disability,,,Going Ahead,,,,,driver,,Etobicoke Centre (2),22 Division,Eringate-Centennial-West Deane,TRUE,FALSE,FALSE,FALSE,FALSE,TRUE,FALSE,TRUE,FALSE,FALSE,"{""coordinates"": [[-79.56429118019364, 43.654944431278565]], ""type"": ""MultiPoint""}"
3360,2008:1038512,2008-05-15T09:50:00,RATHBURN Road,THE EAST MALL,,2,Non-Fatal Injury,At Intersection,Traffic Signal,Turning Movement,Clear,Daylight,Dry,Minor Arterial,FALSE,-79.56429118,43.654944431278565,1,Automobile or Station Wagon,East,1,38,None,Other Safety Equipment Used,Driving properly,Normal,,,Turning Left,,,,,driver,,Etobicoke Centre (2),22 Division,Eringate-Centennial-West Deane,TRUE,FALSE,FALSE,FALSE,FALSE,TRUE,FALSE,TRUE,FALSE,FALSE,"{""coordinates"": [[-79.56429118019364, 43.654944431278565]], ""type"": ""MultiPoint""}"
3361,2008:1038517,2008-05-15T14:03:00,AVENUE RD,YORKVILLE AVE,,2,Non-Fatal Injury,At Intersection,Traffic Signal,Pedestrian Collision(internal code),Clear,Daylight,Dry,Major Arterial,FALSE,-79.39479087,43.67034419441506,1,,,1,70,Major,Other Safety Equipment Used,,,Crossing with right-of-way (intersection),Normal,,Driver turns left into pedestrian crossing with right-of-way (at intersection),,,,pedestrian,,University-Rosedale (11),53 Division,Annex,TRUE,TRUE,FALSE,FALSE,FALSE,TRUE,TRUE,FALSE,FALSE,FALSE,"{""coordinates"": [[-79.39479086829466, 43.67034419441506]], ""type"": ""MultiPoint""}"
3362,2008:1038517,2008-05-15T14:03:00,AVENUE RD,YORKVILLE AVE,,2,Non-Fatal Injury,At Intersection,Traffic Signal,Pedestrian Collision(internal code),Clear,Daylight,Dry,Major Arterial,FALSE,-79.39479087,43.67034419441506,1,,,2,,,Other Safety Equipment Used,,,,,,,,,,owner,,University-Rosedale (11),53 Division,Annex,TRUE,TRUE,FALSE,FALSE,FALSE,TRUE,TRUE,FALSE,FALSE,FALSE,"{""coordinates"": [[-79.39479086829466, 43.67034419441506]], ""type"": ""MultiPoint""}"
3363,2008:1038517,2008-05-15T14:03:00,AVENUE RD,YORKVILLE AVE,,2,Non-Fatal Injury,At Intersection,Traffic Signal,Pedestrian Collision(internal code),Clear,Daylight,Dry,Major Arterial,FALSE,-79.39479087,43.67034419441506,1,Automobile or Station Wagon,West,3,35,None,Other Safety Equipment Used,Failed to yield right-of-way,Inattentive,,,Turning Left,,,,,driver,,University-Rosedale (11),53 Division,Annex,TRUE,TRUE,FALSE,FALSE,FALSE,TRUE,TRUE,FALSE,FALSE,FALSE,"{""coordinates"": [[-79.39479086829466, 43.67034419441506]], ""type"": ""MultiPoint""}"
3364,2008:1038516,2008-05-15T14:28:00,FINCH AVE W,SENLAC RD,,6,Non-Fatal Injury,At Intersection,Traffic Signal,Turning Movement,Clear,Daylight with Artificial Lighting,Dry,Major Arterial,FALSE,-79.43029077,43.77644421525853,3,,,6,,,Other Safety Equipment Used,,,,,,,,,,owner,,Willowdale (18),32 Division,Willowdale West,TRUE,FALSE,FALSE,FALSE,FALSE,TRUE,FALSE,FALSE,FALSE,FALSE,"{""coordinates"": [[-79.43029077396632, 43.77644421525853]], ""type"": ""MultiPoint""}"
3365,2008:1038516,2008-05-15T14:28:00,FINCH AVE W,SENLAC RD,,6,Non-Fatal Injury,At Intersection,Traffic Signal,Turning Movement,Clear,Daylight with Artificial Lighting,Dry,Major Arterial,FALSE,-79.43029077,43.77644421525853,1,,,1,83,Major,Lap and Shoulder Belt,,,,,,,,,,passenger,,Willowdale (18),32 Division,Willowdale West,TRUE,FALSE,FALSE,FALSE,FALSE,TRUE,FALSE,FALSE,FALSE,FALSE,"{""coordinates"": [[-79.43029077396632, 43.77644421525853]], ""type"": ""MultiPoint""}"
3366,2008:1038516,2008-05-15T14:28:00,FINCH AVE W,SENLAC RD,,6,Non-Fatal Injury,At Intersection,Traffic Signal,Turning Movement,Clear,Daylight with Artificial Lighting,Dry,Major Arterial,FALSE,-79.43029077,43.77644421525853,2,,,3,21,None,Lap and Shoulder Belt,,,,,,,,,,passenger,,Willowdale (18),32 Division,Willowdale West,TRUE,FALSE,FALSE,FALSE,FALSE,TRUE,FALSE,FALSE,FALSE,FALSE,"{""coordinates"": [[-79.43029077396632, 43.77644421525853]], ""type"": ""MultiPoint""}"
3367,2008:1038516,2008-05-15T14:28:00,FINCH AVE W,SENLAC RD,,6,Non-Fatal Injury,At Intersection,Traffic Signal,Turning Movement,Clear,Daylight with Artificial Lighting,Dry,Major Arterial,FALSE,-79.43029077,43.77644421525853,1,Automobile or Station Wagon,West,2,90,Minimal,Lap and Shoulder Belt,Failed to yield right-of-way,Normal,,,Turning Left,,,,,driver,,Willowdale (18),32 Division,Willowdale West,TRUE,FALSE,FALSE,FALSE,FALSE,TRUE,FALSE,FALSE,FALSE,FALSE,"{""coordinates"": [[-79.43029077396632, 43.77644421525853]], ""type"": ""MultiPoint""}"
3368,2008:1038516,2008-05-15T14:28:00,FINCH AVE W,SENLAC RD,,6,Non-Fatal Injury,At Intersection,Traffic Signal,Turning Movement,Clear,Daylight with Artificial Lighting,Dry,Major Arterial,FALSE,-79.43029077,43.77644421525853,2,Automobile or Station Wagon,East,5,26,None,Lap and Shoulder Belt,Driving properly,Normal,,,Going Ahead,,,,,driver,,Willowdale (18),32 Division,Willowdale West,TRUE,FALSE,FALSE,FALSE,FALSE,TRUE,FALSE,FALSE,FALSE,FALSE,"{""coordinates"": [[-79.43029077396632, 43.77644421525853]], ""type"": ""MultiPoint""}"
3369,2008:1038516,2008-05-15T14:28:00,FINCH AVE W,SENLAC RD,,6,Non-Fatal Injury,At Intersection,Traffic Signal,Turning Movement,Clear,Daylight with Artificial Lighting,Dry,Major Arterial,FALSE,-79.43029077,43.77644421525853,2,,,4,,,Other Safety Equipment Used,,,,,,,,,,owner,,Willowdale (18),32 Division,Willowdale West,TRUE,FALSE,FALSE,FALSE,FALSE,TRUE,FALSE,FALSE,FALSE,FALSE,"{""coordinates"": [[-79.43029077396632, 43.77644421525853]], ""type"": ""MultiPoint""}"
3370,2008:1042286,2008-05-15T19:20:00,WOBURN AVE,GREY RD,,2,Non-Fatal Injury,At Intersection,Stop Sign,Cyclist Collision,Clear,Daylight,Dry,Collector,FALSE,-79.41979083,43.72484421356842,1,Automobile or Station Wagon,West,1,64,None,Lap and Shoulder Belt,Driving properly,Normal,,,Going Ahead,,,,,driver,,Eglinton-Lawrence (8),32 Division,Bedford Park-Nortown,FALSE,FALSE,TRUE,FALSE,FALSE,FALSE,FALSE,FALSE,FALSE,FALSE,"{""coordinates"": [[-79.41979082725797, 43.72484421356842]], ""type"": ""MultiPoint""}"
3371,2008:1042286,2008-05-15T19:20:00,WOBURN AVE,GREY RD,,2,Non-Fatal Injury,At Intersection,Stop Sign,Cyclist Collision,Clear,Daylight,Dry,Collector,FALSE,-79.41979083,43.72484421356842,2,Bicycle,North,2,39,Major,No Equipment Available,,,,,Going Ahead,,"Cyclist without right-of-way rides into path of driver (at intersection, laneway, or driveway)",Failed to Yield Right of Way,Normal,cyclist,,Eglinton-Lawrence (8),32 Division,Bedford Park-Nortown,FALSE,FALSE,TRUE,FALSE,FALSE,FALSE,FALSE,FALSE,FALSE,FALSE,"{""coordinates"": [[-79.41979082725797, 43.72484421356842]], ""type"": ""MultiPoint""}"
3372,2008:1040690,2008-05-18T05:35:00,FINCH AVE W,MADELINE RD,,2,Non-Fatal Injury,At Intersection,No Control,SMV Other,Clear,Dark,Dry,Major Arterial,FALSE,-79.42159076,43.778444204515004,1,Automobile or Station Wagon,West,1,27,Major,Lap and Shoulder Belt,Lost control,Had Been Drinking,,,Going Ahead,,,,,driver,,Willowdale (18),32 Division,Newtonbrook West,FALSE,FALSE,FALSE,FALSE,FALSE,FALSE,FALSE,FALSE,FALSE,FALSE,"{""coordinates"": [[-79.42159075747503, 43.778444204515004]], ""type"": ""MultiPoint""}"
3373,2008:1040690,2008-05-18T05:35:00,FINCH AVE W,MADELINE RD,,2,Non-Fatal Injury,At Intersection,No Control,SMV Other,Clear,Dark,Dry,Major Arterial,FALSE,-79.42159076,43.778444204515004,2,,,2,,,Other Safety Equipment Used,,,,,,,,,,owner,,Willowdale (18),32 Division,Newtonbrook West,FALSE,FALSE,FALSE,FALSE,FALSE,FALSE,FALSE,FALSE,FALSE,FALSE,"{""coordinates"": [[-79.42159075747503, 43.778444204515004]], ""type"": ""MultiPoint""}"
3374,2008:1041602,2008-05-18T08:40:00,LAWSON Rd,MEADOWVALE Rd,,4,Non-Fatal Injury,,No Control,Approaching Head On,Clear,Daylight,Dry,Collector,FALSE,-79.16249035,43.78484391338368,2,,,3,69,Major,Lap and Shoulder Belt,,,,,,,,,,passenger,,Scarborough-Rouge Park (25),43 Division,Centennial Scarborough,FALSE,FALSE,FALSE,FALSE,FALSE,TRUE,FALSE,FALSE,FALSE,FALSE,"{""coordinates"": [[-79.16249035416168, 43.78484391338368]], ""type"": ""MultiPoint""}"
3375,2008:1041602,2008-05-18T08:40:00,LAWSON Rd,MEADOWVALE Rd,,4,Non-Fatal Injury,,No Control,Approaching Head On,Clear,Daylight,Dry,Collector,FALSE,-79.16249035,43.78484391338368,1,Automobile or Station Wagon,West,2,41,Major,Lap and Shoulder Belt,Driving properly,Normal,,,Going Ahead,,,,,driver,,Scarborough-Rouge Park (25),43 Division,Centennial Scarborough,FALSE,FALSE,FALSE,FALSE,FALSE,TRUE,FALSE,FALSE,FALSE,FALSE,"{""coordinates"": [[-79.16249035416168, 43.78484391338368]], ""type"": ""MultiPoint""}"
3376,2008:1041602,2008-05-18T08:40:00,LAWSON Rd,MEADOWVALE Rd,,4,Non-Fatal Injury,,No Control,Approaching Head On,Clear,Daylight,Dry,Collector,FALSE,-79.16249035,43.78484391338368,1,,,1,,,Other Safety Equipment Used,,,,,,,,,,owner,,Scarborough-Rouge Park (25),43 Division,Centennial Scarborough,FALSE,FALSE,FALSE,FALSE,FALSE,TRUE,FALSE,FALSE,FALSE,FALSE,"{""coordinates"": [[-79.16249035416168, 43.78484391338368]], ""type"": ""MultiPoint""}"
3377,2008:1041602,2008-05-18T08:40:00,LAWSON Rd,MEADOWVALE Rd,,4,Non-Fatal Injury,,No Control,Approaching Head On,Clear,Daylight,Dry,Collector,FALSE,-79.16249035,43.78484391338368,2,Automobile or Station Wagon,East,4,39,Minor,Lap and Shoulder Belt,Lost control,Normal,,,Going Ahead,,,,,driver,,Scarborough-Rouge Park (25),43 Division,Centennial Scarborough,FALSE,FALSE,FALSE,FALSE,FALSE,TRUE,FALSE,FALSE,FALSE,FALSE,"{""coordinates"": [[-79.16249035416168, 43.78484391338368]], ""type"": ""MultiPoint""}"
3378,2008:1045205,2008-05-20T18:40:00,ST CLAIR AVE W,VAUGHAN RD,,4,Non-Fatal Injury,At Intersection,Traffic Signal,Rear End,Clear,Daylight,Dry,Major Arterial,FALSE,-79.4201909,43.682744227050996,2,Automobile or Station Wagon,East,2,42,Minor,Lap and Shoulder Belt,Driving properly,Normal,,,Stopped,,,,,driver,,Toronto-St. Paul's (12),13 Division,Wychwood,TRUE,TRUE,FALSE,FALSE,FALSE,FALSE,FALSE,FALSE,FALSE,FALSE,"{""coordinates"": [[-79.4201908964209, 43.682744227050996]], ""type"": ""MultiPoint""}"
3379,2008:1045205,2008-05-20T18:40:00,ST CLAIR AVE W,VAUGHAN RD,,4,Non-Fatal Injury,At Intersection,Traffic Signal,Rear End,Clear,Daylight,Dry,Major Arterial,FALSE,-79.4201909,43.682744227050996,3,Automobile or Station Wagon,East,4,41,None,Lap and Shoulder Belt,Following too closely,Inattentive,,,Going Ahead,,,,,driver,,Toronto-St. Paul's (12),13 Division,Wychwood,TRUE,TRUE,FALSE,FALSE,FALSE,FALSE,FALSE,FALSE,FALSE,FALSE,"{""coordinates"": [[-79.4201908964209, 43.682744227050996]], ""type"": ""MultiPoint""}"
3380,2008:1045205,2008-05-20T18:40:00,ST CLAIR AVE W,VAUGHAN RD,,4,Non-Fatal Injury,At Intersection,Traffic Signal,Rear End,Clear,Daylight,Dry,Major Arterial,FALSE,-79.4201909,43.682744227050996,3,,,3,,,Other Safety Equipment Used,,,,,,,,,,owner,,Toronto-St. Paul's (12),13 Division,Wychwood,TRUE,TRUE,FALSE,FALSE,FALSE,FALSE,FALSE,FALSE,FALSE,FALSE,"{""coordinates"": [[-79.4201908964209, 43.682744227050996]], ""type"": ""MultiPoint""}"
3381,2008:1045205,2008-05-20T18:40:00,ST CLAIR AVE W,VAUGHAN RD,,4,Non-Fatal Injury,At Intersection,Traffic Signal,Rear End,Clear,Daylight,Dry,Major Arterial,FALSE,-79.4201909,43.682744227050996,1,Automobile or Station Wagon,East,1,53,Major,Other Safety Equipment Used,Driving properly,Normal,,,Stopped,,,,,driver,,Toronto-St. Paul's (12),13 Division,Wychwood,TRUE,TRUE,FALSE,FALSE,FALSE,FALSE,FALSE,FALSE,FALSE,FALSE,"{""coordinates"": [[-79.4201908964209, 43.682744227050996]], ""type"": ""MultiPoint""}"
3382,2008:1039584,2008-05-22T13:10:00,EGLINTON AVE W,ELMSTHORPE AVE,,4,Fatal Injury,,No Control,Cyclist Collision,Clear,Daylight,Dry,Major Arterial,FALSE,-79.41029084,43.704244207004976,2,,,2,,,Other Safety Equipment Used,,,,,,,,,,owner,,Eglinton-Lawrence (8),53 Division,Lawrence Park South,FALSE,TRUE,TRUE,FALSE,FALSE,FALSE,FALSE,FALSE,FALSE,TRUE,"{""coordinates"": [[-79.41029084354054, 43.704244207004976]], ""type"": ""MultiPoint""}"
3383,2008:1039584,2008-05-22T13:10:00,EGLINTON AVE W,ELMSTHORPE AVE,,4,Fatal Injury,,No Control,Cyclist Collision,Clear,Daylight,Dry,Major Arterial,FALSE,-79.41029084,43.704244207004976,2,Automobile or Station Wagon,East,3,43,None,Other Safety Equipment Used,Other,Inattentive,,,Parked,,,,,driver,,Eglinton-Lawrence (8),53 Division,Lawrence Park South,FALSE,TRUE,TRUE,FALSE,FALSE,FALSE,FALSE,FALSE,FALSE,TRUE,"{""coordinates"": [[-79.41029084354054, 43.704244207004976]], ""type"": ""MultiPoint""}"
3384,2008:1039584,2008-05-22T13:10:00,EGLINTON AVE W,ELMSTHORPE AVE,,4,Fatal Injury,,No Control,Cyclist Collision,Clear,Daylight,Dry,Major Arterial,FALSE,-79.41029084,43.704244207004976,3,Bicycle,East,4,56,Fatal,Other Safety Equipment Used,,,,,Going Ahead,,Dooring,Driving Properly,Unknown,cyclist,20,Eglinton-Lawrence (8),53 Division,Lawrence Park South,FALSE,TRUE,TRUE,FALSE,FALSE,FALSE,FALSE,FALSE,FALSE,TRUE,"{""coordinates"": [[-79.41029084354054, 43.704244207004976]], ""type"": ""MultiPoint""}"
3385,2008:1039584,2008-05-22T13:10:00,EGLINTON AVE W,ELMSTHORPE AVE,,4,Fatal Injury,,No Control,Cyclist Collision,Clear,Daylight,Dry,Major Arterial,FALSE,-79.41029084,43.704244207004976,1,Delivery Van,East,1,57,None,Other Safety Equipment Used,Driving properly,Normal,,,Going Ahead,,,,,driver,,Eglinton-Lawrence (8),53 Division,Lawrence Park South,FALSE,TRUE,TRUE,FALSE,FALSE,FALSE,FALSE,FALSE,FALSE,TRUE,"{""coordinates"": [[-79.41029084354054, 43.704244207004976]], ""type"": ""MultiPoint""}"
3386,2008:1041835,2008-05-23T12:44:00,KIPLING AVE,SNARESBROOK DR,,3,Non-Fatal Injury,At Intersection,Traffic Signal,Pedestrian Collision(internal code),Clear,Daylight,Dry,Major Arterial,FALSE,-79.57149106,43.72164440152321,1,,,1,,,Other Safety Equipment Used,,,,,,,,,,owner,,Etobicoke North (1),23 Division,West Humber-Clairville,FALSE,TRUE,FALSE,FALSE,FALSE,FALSE,TRUE,FALSE,TRUE,FALSE,"{""coordinates"": [[-79.57149106439277, 43.72164440152321]], ""type"": ""MultiPoint""}"
3387,2008:1041835,2008-05-23T12:44:00,KIPLING AVE,SNARESBROOK DR,,3,Non-Fatal Injury,At Intersection,Traffic Signal,Pedestrian Collision(internal code),Clear,Daylight,Dry,Major Arterial,FALSE,-79.57149106,43.72164440152321,1,Automobile or Station Wagon,North,2,35,None,Other Safety Equipment Used,Driving properly,Normal,,,Going Ahead,,,,,driver,,Etobicoke North (1),23 Division,West Humber-Clairville,FALSE,TRUE,FALSE,FALSE,FALSE,FALSE,TRUE,FALSE,TRUE,FALSE,"{""coordinates"": [[-79.57149106439277, 43.72164440152321]], ""type"": ""MultiPoint""}"
3388,2008:1041835,2008-05-23T12:44:00,KIPLING AVE,SNARESBROOK DR,,3,Non-Fatal Injury,At Intersection,Traffic Signal,Pedestrian Collision(internal code),Clear,Daylight,Dry,Major Arterial,FALSE,-79.57149106,43.72164440152321,2,,West,3,11,Major,Other Safety Equipment Used,,,Crossing without right-of-way (intersection),Inattentive,,Driver going straight hits pedestrian crossing without right-of-way (at intersection),,,,pedestrian,,Etobicoke North (1),23 Division,West Humber-Clairville,FALSE,TRUE,FALSE,FALSE,FALSE,FALSE,TRUE,FALSE,TRUE,FALSE,"{""coordinates"": [[-79.57149106439277, 43.72164440152321]], ""type"": ""MultiPoint""}"
3389,2008:1042389,2008-05-23T21:35:00,CENTENNIAL PARK Rd,RATHBURN Rd,,3,Non-Fatal Injury,,No Control,Turning Movement,Clear,Dark,Dry,Minor Arterial,FALSE,-79.58149121,43.65074445469483,2,Automobile or Station Wagon,West,3,21,None,Lap and Shoulder Belt,Failed to yield right-of-way,Normal,,,Turning Left,,,,,driver,,Etobicoke Centre (2),22 Division,Eringate-Centennial-West Deane,TRUE,FALSE,FALSE,TRUE,FALSE,FALSE,FALSE,FALSE,FALSE,FALSE,"{""coordinates"": [[-79.58149121043994, 43.65074445469483]], ""type"": ""MultiPoint""}"