_id,collision_id,accdate,stname1,stname2,stname3,per_inv,acclass,accloc,traffictl,impactype,visible,light,rdsfcond,road_class,failtorem,longitude,latitude,veh_no,vehtype,initdir,per_no,invage,injury,safequip,drivact,drivcond,pedact,pedcond,manoeuvre,pedtype,cyclistype,cycact,cyccond,road_user,fatal_no,wardname,division,neighbourhood,aggressive,distracted,cyclist,motorcyclist,other_micromobility,older_adult,pedestrian,red_light,school_child,heavy_truck,geometry
3390,2008:1042389,2008-05-23T21:35:00,CENTENNIAL PARK Rd,RATHBURN Rd,,3,Non-Fatal Injury,,No Control,Turning Movement,Clear,Dark,Dry,Minor Arterial,FALSE,-79.58149121,43.65074445469483,1,Motorcycle,North,2,21,Minor,Helmet,Lost control,Normal,,,Going Ahead,,,,,motorcyclist,,Etobicoke Centre (2),22 Division,Eringate-Centennial-West Deane,TRUE,FALSE,FALSE,TRUE,FALSE,FALSE,FALSE,FALSE,FALSE,FALSE,"{""coordinates"": [[-79.58149121043994, 43.65074445469483]], ""type"": ""MultiPoint""}"
3391,2008:1042389,2008-05-23T21:35:00,CENTENNIAL PARK Rd,RATHBURN Rd,,3,Non-Fatal Injury,,No Control,Turning Movement,Clear,Dark,Dry,Minor Arterial,FALSE,-79.58149121,43.65074445469483,1,,,1,26,Major,Helmet,,,,,,,,,,passenger,,Etobicoke Centre (2),22 Division,Eringate-Centennial-West Deane,TRUE,FALSE,FALSE,TRUE,FALSE,FALSE,FALSE,FALSE,FALSE,FALSE,"{""coordinates"": [[-79.58149121043994, 43.65074445469483]], ""type"": ""MultiPoint""}"
3392,2008:1039861,2008-05-24T00:30:00,BAYVIEW Aven,BLOOR Ramp,,1,Fatal Injury,,No Control,SMV Other,Clear,Dark,Dry,,FALSE,-79.36789381,43.67714515454699,1,Motorcycle,North,1,28,Fatal,Helmet,Exceeding speed limit,Unknown,,,Going Ahead,,,,,motorcyclist,21,University-Rosedale (11),53 Division,Rosedale-Moore Park,TRUE,FALSE,FALSE,TRUE,FALSE,FALSE,FALSE,FALSE,FALSE,FALSE,"{""coordinates"": [[-79.36789380705645, 43.67714515454699]], ""type"": ""MultiPoint""}"
3393,2008:1042256,2008-05-24T02:00:00,SPADINA AVE,CLARENCE SQ W,,2,Non-Fatal Injury,,No Control,SMV Other,Clear,Dark,Dry,Major Arterial,FALSE,-79.39479091,43.644844200758904,1,,,1,20,Minimal,Helmet,,,,,,,,,,motorcyclist,,Spadina-Fort York (10),52 Division,Wellington Place,FALSE,FALSE,FALSE,TRUE,FALSE,FALSE,FALSE,FALSE,FALSE,FALSE,"{""coordinates"": [[-79.39479090801719, 43.644844200758904]], ""type"": ""MultiPoint""}"
3394,2008:1042256,2008-05-24T02:00:00,SPADINA AVE,CLARENCE SQ W,,2,Non-Fatal Injury,,No Control,SMV Other,Clear,Dark,Dry,Major Arterial,FALSE,-79.39479091,43.644844200758904,1,Motorcycle,South,2,20,Major,Helmet,Lost control,Normal,,,Turning Left,,,,,motorcyclist,,Spadina-Fort York (10),52 Division,Wellington Place,FALSE,FALSE,FALSE,TRUE,FALSE,FALSE,FALSE,FALSE,FALSE,FALSE,"{""coordinates"": [[-79.39479090801719, 43.644844200758904]], ""type"": ""MultiPoint""}"
3395,2008:1042268,2008-05-24T12:38:00,CHRISTIE ST,LAMBERTLODGE AVE,,2,Non-Fatal Injury,At Intersection,Stop Sign,Cyclist Collision,Clear,Daylight,Dry,Minor Arterial,TRUE,-79.42239092,43.67384423293003,2,Bicycle,South,2,37,Major,Helmet,,,,,Going Ahead,,"Driver turns right at non-signalized intersection (e.g. stop, yield, no control, driveway) and hits cyclist",Driving Properly,Normal,cyclist,,Toronto-St. Paul's (12),13 Division,Wychwood,TRUE,TRUE,TRUE,FALSE,FALSE,FALSE,FALSE,FALSE,FALSE,FALSE,"{""coordinates"": [[-79.42239091505562, 43.67384423293003]], ""type"": ""MultiPoint""}"
3396,2008:1042268,2008-05-24T12:38:00,CHRISTIE ST,LAMBERTLODGE AVE,,2,Non-Fatal Injury,At Intersection,Stop Sign,Cyclist Collision,Clear,Daylight,Dry,Minor Arterial,TRUE,-79.42239092,43.67384423293003,1,Automobile or Station Wagon,South,1,29,None,Other Safety Equipment Used,Failed to yield right-of-way,Inattentive,,,Turning Right,,,,,driver,,Toronto-St. Paul's (12),13 Division,Wychwood,TRUE,TRUE,TRUE,FALSE,FALSE,FALSE,FALSE,FALSE,FALSE,FALSE,"{""coordinates"": [[-79.42239091505562, 43.67384423293003]], ""type"": ""MultiPoint""}"
3397,2008:1045776,2008-05-25T12:15:00,2300 LAKE SHORE BLVD W,,,2,Non-Fatal Injury,,No Control,Cyclist Collision,Clear,Daylight,Dry,Major Arterial,FALSE,-79.48669114,43.61854435025773,1,Automobile or Station Wagon,West,1,20,None,Other Safety Equipment Used,Failed to yield right-of-way,Unknown,,,Stopped,,,,,driver,,Etobicoke-Lakeshore (3),22 Division,Mimico-Queensway,TRUE,FALSE,TRUE,FALSE,FALSE,FALSE,FALSE,FALSE,FALSE,FALSE,"{""coordinates"": [[-79.48669113652792, 43.61854435025773]], ""type"": ""MultiPoint""}"
3398,2008:1045776,2008-05-25T12:15:00,2300 LAKE SHORE BLVD W,,,2,Non-Fatal Injury,,No Control,Cyclist Collision,Clear,Daylight,Dry,Major Arterial,FALSE,-79.48669114,43.61854435025773,2,Bicycle,North,2,26,Major,Helmet,,,,,Going Ahead,,"Driver without right-of-way drives into path of cyclist (at intersection, laneway, or driveway)",Driving Properly,Normal,cyclist,,Etobicoke-Lakeshore (3),22 Division,Mimico-Queensway,TRUE,FALSE,TRUE,FALSE,FALSE,FALSE,FALSE,FALSE,FALSE,FALSE,"{""coordinates"": [[-79.48669113652792, 43.61854435025773]], ""type"": ""MultiPoint""}"
3399,2008:1041737,2008-05-26T11:25:00,1835 YONGE ST,,,2,Non-Fatal Injury,,No Control,Approaching Head On,Clear,Daylight,Dry,Major Arterial,FALSE,-79.39629083,43.69664418993322,2,Automobile or Station Wagon,North,2,45,Major,Lap and Shoulder Belt,,,,,Other,,,,,driver,,Toronto-St. Paul's (12),53 Division,South Eglinton-Davisville,FALSE,FALSE,FALSE,FALSE,FALSE,FALSE,FALSE,FALSE,FALSE,FALSE,"{""coordinates"": [[-79.39629083007151, 43.69664418993322]], ""type"": ""MultiPoint""}"
3400,2008:1041737,2008-05-26T11:25:00,1835 YONGE ST,,,2,Non-Fatal Injury,,No Control,Approaching Head On,Clear,Daylight,Dry,Major Arterial,FALSE,-79.39629083,43.69664418993322,1,Automobile or Station Wagon,South,1,49,None,Lap and Shoulder Belt,,,,,Going Ahead,,,,,driver,,Toronto-St. Paul's (12),53 Division,South Eglinton-Davisville,FALSE,FALSE,FALSE,FALSE,FALSE,FALSE,FALSE,FALSE,FALSE,FALSE,"{""coordinates"": [[-79.39629083007151, 43.69664418993322]], ""type"": ""MultiPoint""}"
3401,2008:1040090,2008-05-26T11:25:00,1835 YONGE ST,,,3,Non-Fatal Injury,,No Control,Approaching Head On,Clear,Daylight,Dry,Major Arterial,FALSE,-79.39630483,43.696638189953966,2,,,2,,,Other Safety Equipment Used,,,,,,,,,,owner,,Toronto-St. Paul's (12),53 Division,South Eglinton-Davisville,FALSE,FALSE,FALSE,FALSE,FALSE,FALSE,FALSE,FALSE,FALSE,FALSE,"{""coordinates"": [[-79.3963048301065, 43.696638189953966]], ""type"": ""MultiPoint""}"
3402,2008:1040090,2008-05-26T11:25:00,1835 YONGE ST,,,3,Non-Fatal Injury,,No Control,Approaching Head On,Clear,Daylight,Dry,Major Arterial,FALSE,-79.39630483,43.696638189953966,1,Automobile or Station Wagon,South,1,49,None,Lap and Shoulder Belt,Driving properly,Normal,,,Going Ahead,,,,,driver,,Toronto-St. Paul's (12),53 Division,South Eglinton-Davisville,FALSE,FALSE,FALSE,FALSE,FALSE,FALSE,FALSE,FALSE,FALSE,FALSE,"{""coordinates"": [[-79.3963048301065, 43.696638189953966]], ""type"": ""MultiPoint""}"
3403,2008:1040090,2008-05-26T11:25:00,1835 YONGE ST,,,3,Non-Fatal Injury,,No Control,Approaching Head On,Clear,Daylight,Dry,Major Arterial,FALSE,-79.39630483,43.696638189953966,2,Automobile or Station Wagon,North,3,45,Major,Lap and Shoulder Belt,Lost control,Medical or Physical Disability,,,Going Ahead,,,,,driver,,Toronto-St. Paul's (12),53 Division,South Eglinton-Davisville,FALSE,FALSE,FALSE,FALSE,FALSE,FALSE,FALSE,FALSE,FALSE,FALSE,"{""coordinates"": [[-79.3963048301065, 43.696638189953966]], ""type"": ""MultiPoint""}"
3404,2008:1045778,2008-05-26T14:10:00,KING ST W,YORK ST,,4,Non-Fatal Injury,At Intersection,No Control,Cyclist Collision,Clear,Daylight,Dry,Major Arterial,FALSE,-79.38179088,43.64834418,1,,,1,40,None,Equipment Not Used But Available,,,,,,,,,,passenger,,Spadina-Fort York (10),52 Division,Yonge-Bay Corridor,FALSE,FALSE,TRUE,FALSE,FALSE,FALSE,FALSE,FALSE,FALSE,FALSE,"{""coordinates"": [[-79.38179087707914, 43.6483441805664]], ""type"": ""MultiPoint""}"
3405,2008:1045778,2008-05-26T14:10:00,KING ST W,YORK ST,,4,Non-Fatal Injury,At Intersection,No Control,Cyclist Collision,Clear,Daylight,Dry,Major Arterial,FALSE,-79.38179088,43.64834418,1,Automobile or Station Wagon,West,3,54,None,Other Safety Equipment Used,Other,Normal,,,Turning Left,,,,,driver,,Spadina-Fort York (10),52 Division,Yonge-Bay Corridor,FALSE,FALSE,TRUE,FALSE,FALSE,FALSE,FALSE,FALSE,FALSE,FALSE,"{""coordinates"": [[-79.38179087707914, 43.6483441805664]], ""type"": ""MultiPoint""}"
3406,2008:1045778,2008-05-26T14:10:00,KING ST W,YORK ST,,4,Non-Fatal Injury,At Intersection,No Control,Cyclist Collision,Clear,Daylight,Dry,Major Arterial,FALSE,-79.38179088,43.64834418,2,Bicycle,,4,22,Major,Helmet,,,,,Unknown,,Dooring,Driving Properly,Normal,cyclist,,Spadina-Fort York (10),52 Division,Yonge-Bay Corridor,FALSE,FALSE,TRUE,FALSE,FALSE,FALSE,FALSE,FALSE,FALSE,FALSE,"{""coordinates"": [[-79.38179087707914, 43.6483441805664]], ""type"": ""MultiPoint""}"
3407,2008:1045778,2008-05-26T14:10:00,KING ST W,YORK ST,,4,Non-Fatal Injury,At Intersection,No Control,Cyclist Collision,Clear,Daylight,Dry,Major Arterial,FALSE,-79.38179088,43.64834418,1,,,2,,,Other Safety Equipment Used,,,,,,,,,,owner,,Spadina-Fort York (10),52 Division,Yonge-Bay Corridor,FALSE,FALSE,TRUE,FALSE,FALSE,FALSE,FALSE,FALSE,FALSE,FALSE,"{""coordinates"": [[-79.38179087707914, 43.6483441805664]], ""type"": ""MultiPoint""}"
3408,2008:1040088,2008-05-26T14:40:00,230 QUEEN ST E,,,3,Non-Fatal Injury,At Intersection,No Control,Approaching Head On,Clear,Daylight,Dry,Major Arterial,FALSE,-79.36899084,43.654644160352376,2,Municipal Transit Bus (TTC),West,3,50,None,Other Safety Equipment Used,Driving properly,Normal,,,Slowing or Stopping,,,,,driver,,Toronto Centre (13),51 Division,Moss Park,FALSE,FALSE,FALSE,FALSE,FALSE,FALSE,FALSE,FALSE,FALSE,TRUE,"{""coordinates"": [[-79.36899084260926, 43.654644160352376]], ""type"": ""MultiPoint""}"
3409,2008:1040088,2008-05-26T14:40:00,230 QUEEN ST E,,,3,Non-Fatal Injury,At Intersection,No Control,Approaching Head On,Clear,Daylight,Dry,Major Arterial,FALSE,-79.36899084,43.654644160352376,1,Automobile or Station Wagon,East,1,60,Major,Other Safety Equipment Used,Lost control,Medical or Physical Disability,,,Going Ahead,,,,,driver,,Toronto Centre (13),51 Division,Moss Park,FALSE,FALSE,FALSE,FALSE,FALSE,FALSE,FALSE,FALSE,FALSE,TRUE,"{""coordinates"": [[-79.36899084260926, 43.654644160352376]], ""type"": ""MultiPoint""}"
3410,2008:1040088,2008-05-26T14:40:00,230 QUEEN ST E,,,3,Non-Fatal Injury,At Intersection,No Control,Approaching Head On,Clear,Daylight,Dry,Major Arterial,FALSE,-79.36899084,43.654644160352376,2,Automobile or Station Wagon,,2,,,Other Safety Equipment Used,,,,,,,,,,owner,,Toronto Centre (13),51 Division,Moss Park,FALSE,FALSE,FALSE,FALSE,FALSE,FALSE,FALSE,FALSE,FALSE,TRUE,"{""coordinates"": [[-79.36899084260926, 43.654644160352376]], ""type"": ""MultiPoint""}"
3411,2008:1040428,2008-05-28T08:10:00,PARLIAMENT St,LAKE SHORE Blvd E,,2,Non-Fatal Injury,At Intersection,No Control,Cyclist Collision,Clear,Daylight,Dry,Minor Arterial,FALSE,-79.36149084,43.64864415034327,2,Bicycle,North,2,23,Major,No Equipment Available,,,,,Changing Lanes,,Sideswipe with cyclist and driver travelling in same direction,Improper Lane Change,Inattentive,cyclist,,Spadina-Fort York (10),51 Division,St Lawrence-East Bayfront-The Islands,FALSE,TRUE,TRUE,FALSE,FALSE,FALSE,FALSE,FALSE,FALSE,FALSE,"{""coordinates"": [[-79.36149083684141, 43.64864415034327]], ""type"": ""MultiPoint""}"
3412,2008:1040428,2008-05-28T08:10:00,PARLIAMENT St,LAKE SHORE Blvd E,,2,Non-Fatal Injury,At Intersection,No Control,Cyclist Collision,Clear,Daylight,Dry,Minor Arterial,FALSE,-79.36149084,43.64864415034327,1,Automobile or Station Wagon,North,1,41,None,Lap and Shoulder Belt,Driving properly,Normal,,,Going Ahead,,,,,driver,,Spadina-Fort York (10),51 Division,St Lawrence-East Bayfront-The Islands,FALSE,TRUE,TRUE,FALSE,FALSE,FALSE,FALSE,FALSE,FALSE,FALSE,"{""coordinates"": [[-79.36149083684141, 43.64864415034327]], ""type"": ""MultiPoint""}"
3413,2008:1042639,2008-05-28T16:48:00,MILLWOOD RD,VILLAGE STATION RD,,2,Non-Fatal Injury,At Intersection,Traffic Signal,Turning Movement,Clear,Daylight,Dry,Major Arterial,FALSE,-79.35807375,43.70186813656851,1,Motorcycle,East,1,45,Major,No Equipment Available,Exceeding speed limit,Normal,,,Going Ahead,,,,,motorcyclist,,Don Valley West (15),53 Division,Leaside-Bennington,TRUE,FALSE,FALSE,TRUE,FALSE,FALSE,FALSE,FALSE,FALSE,FALSE,"{""coordinates"": [[-79.35807375249922, 43.70186813656851]], ""type"": ""MultiPoint""}"
3414,2008:1042639,2008-05-28T16:48:00,MILLWOOD RD,VILLAGE STATION RD,,2,Non-Fatal Injury,At Intersection,Traffic Signal,Turning Movement,Clear,Daylight,Dry,Major Arterial,FALSE,-79.35807375,43.70186813656851,2,Automobile or Station Wagon,West,2,54,None,Lap and Shoulder Belt,Driving properly,Normal,,,Turning Left,,,,,driver,,Don Valley West (15),53 Division,Leaside-Bennington,TRUE,FALSE,FALSE,TRUE,FALSE,FALSE,FALSE,FALSE,FALSE,FALSE,"{""coordinates"": [[-79.35807375249922, 43.70186813656851]], ""type"": ""MultiPoint""}"
3415,2008:1047170,2008-05-28T23:10:00,LAWRENCE AVE W,LAWRENCE W ALLEN X S RAMP,,3,Non-Fatal Injury,At Intersection,Traffic Signal,Turning Movement,Clear,Dark,Dry,Major Arterial,FALSE,-79.44499089,43.71594424979454,1,,,1,,,Other Safety Equipment Used,,,,,,,,,,owner,,Eglinton-Lawrence (8),13 Division,Yorkdale-Glen Park,TRUE,TRUE,FALSE,FALSE,FALSE,TRUE,FALSE,FALSE,FALSE,FALSE,"{""coordinates"": [[-79.44499088653654, 43.71594424979454]], ""type"": ""MultiPoint""}"
3416,2008:1047170,2008-05-28T23:10:00,LAWRENCE AVE W,LAWRENCE W ALLEN X S RAMP,,3,Non-Fatal Injury,At Intersection,Traffic Signal,Turning Movement,Clear,Dark,Dry,Major Arterial,FALSE,-79.44499089,43.71594424979454,2,Automobile or Station Wagon,East,3,35,Major,Lap and Shoulder Belt,Driving properly,Normal,,,Going Ahead,,,,,driver,,Eglinton-Lawrence (8),13 Division,Yorkdale-Glen Park,TRUE,TRUE,FALSE,FALSE,FALSE,TRUE,FALSE,FALSE,FALSE,FALSE,"{""coordinates"": [[-79.44499088653654, 43.71594424979454]], ""type"": ""MultiPoint""}"
3417,2008:1047170,2008-05-28T23:10:00,LAWRENCE AVE W,LAWRENCE W ALLEN X S RAMP,,3,Non-Fatal Injury,At Intersection,Traffic Signal,Turning Movement,Clear,Dark,Dry,Major Arterial,FALSE,-79.44499089,43.71594424979454,1,Automobile or Station Wagon,West,2,69,None,Lap and Shoulder Belt,Failed to yield right-of-way,Inattentive,,,Turning Left,,,,,driver,,Eglinton-Lawrence (8),13 Division,Yorkdale-Glen Park,TRUE,TRUE,FALSE,FALSE,FALSE,TRUE,FALSE,FALSE,FALSE,FALSE,"{""coordinates"": [[-79.44499088653654, 43.71594424979454]], ""type"": ""MultiPoint""}"
3418,2008:1040891,2008-05-30T07:46:00,BAY ST,YORKVILLE AVE,,3,Fatal Injury,,Traffic Signal,Pedestrian Collision(internal code),Clear,Daylight,Dry,Major Arterial,FALSE,-79.39019086,43.671344187575265,1,,,3,,,Other Safety Equipment Used,,,,,,,,,,owner,,University-Rosedale (11),53 Division,Annex,FALSE,FALSE,FALSE,FALSE,FALSE,TRUE,TRUE,FALSE,FALSE,FALSE,"{""coordinates"": [[-79.39019085800378, 43.671344187575265]], ""type"": ""MultiPoint""}"
3419,2008:1040891,2008-05-30T07:46:00,BAY ST,YORKVILLE AVE,,3,Fatal Injury,,Traffic Signal,Pedestrian Collision(internal code),Clear,Daylight,Dry,Major Arterial,FALSE,-79.39019086,43.671344187575265,2,,East,2,74,Fatal,Other Safety Equipment Used,,,Crossing without right-of-way (intersection),Unknown,,Transit vehicle driver hits pedestrian anywhere along roadway,,,,pedestrian,22,University-Rosedale (11),53 Division,Annex,FALSE,FALSE,FALSE,FALSE,FALSE,TRUE,TRUE,FALSE,FALSE,FALSE,"{""coordinates"": [[-79.39019085800378, 43.671344187575265]], ""type"": ""MultiPoint""}"
3420,2008:1040891,2008-05-30T07:46:00,BAY ST,YORKVILLE AVE,,3,Fatal Injury,,Traffic Signal,Pedestrian Collision(internal code),Clear,Daylight,Dry,Major Arterial,FALSE,-79.39019086,43.671344187575265,1,Automobile or Station Wagon,West,1,42,None,Lap and Shoulder Belt,Driving properly,Normal,,,Turning Left,,,,,driver,,University-Rosedale (11),53 Division,Annex,FALSE,FALSE,FALSE,FALSE,FALSE,TRUE,TRUE,FALSE,FALSE,FALSE,"{""coordinates"": [[-79.39019085800378, 43.671344187575265]], ""type"": ""MultiPoint""}"
3421,2008:1040898,2008-05-30T11:38:00,331 TRUDELLE St,,,3,Non-Fatal Injury,,No Control,Pedestrian Collision(internal code),Rain,Daylight,Wet,Collector,FALSE,-79.23449049,43.741543976656025,1,Automobile or Station Wagon,North,1,52,Major,Other Safety Equipment Used,Lost control,Medical or Physical Disability,,,Going Ahead,,,,,driver,,Scarborough Centre (21),43 Division,Eglinton East,FALSE,FALSE,FALSE,FALSE,FALSE,FALSE,TRUE,FALSE,TRUE,FALSE,"{""coordinates"": [[-79.23449048759123, 43.741543976656025]], ""type"": ""MultiPoint""}"
3422,2008:1040898,2008-05-30T11:38:00,331 TRUDELLE St,,,3,Non-Fatal Injury,,No Control,Pedestrian Collision(internal code),Rain,Daylight,Wet,Collector,FALSE,-79.23449049,43.741543976656025,2,,,2,,Major,Other Safety Equipment Used,,,,,Parked,,,,,other,,Scarborough Centre (21),43 Division,Eglinton East,FALSE,FALSE,FALSE,FALSE,FALSE,FALSE,TRUE,FALSE,TRUE,FALSE,"{""coordinates"": [[-79.23449048759123, 43.741543976656025]], ""type"": ""MultiPoint""}"
3423,2008:1044158,2008-06-01T10:31:00,EGLINTON AVE E,BELLAMY RD N,,6,Non-Fatal Injury,At Intersection,Traffic Signal,Pedestrian Collision(internal code),Clear,Daylight,Dry,Major Arterial,FALSE,-79.23209049,43.740243973978714,2,Automobile or Station Wagon,West,4,61,Minimal,Lap and Shoulder Belt,Disobeyed traffic control,Unknown,,,Going Ahead,,,,,driver,,Scarborough Southwest (20),43 Division,Eglinton East,TRUE,FALSE,FALSE,FALSE,FALSE,FALSE,TRUE,TRUE,FALSE,FALSE,"{""coordinates"": [[-79.23209048558803, 43.740243973978714]], ""type"": ""MultiPoint""}"
3424,2008:1044158,2008-06-01T10:31:00,EGLINTON AVE E,BELLAMY RD N,,6,Non-Fatal Injury,At Intersection,Traffic Signal,Pedestrian Collision(internal code),Clear,Daylight,Dry,Major Arterial,FALSE,-79.23209049,43.740243973978714,1,,,2,21,Minimal,Lap and Shoulder Belt,,,,,,,,,,passenger,,Scarborough Southwest (20),43 Division,Eglinton East,TRUE,FALSE,FALSE,FALSE,FALSE,FALSE,TRUE,TRUE,FALSE,FALSE,"{""coordinates"": [[-79.23209048558803, 43.740243973978714]], ""type"": ""MultiPoint""}"
3425,2008:1044158,2008-06-01T10:31:00,EGLINTON AVE E,BELLAMY RD N,,6,Non-Fatal Injury,At Intersection,Traffic Signal,Pedestrian Collision(internal code),Clear,Daylight,Dry,Major Arterial,FALSE,-79.23209049,43.740243973978714,1,Automobile or Station Wagon,South,3,27,Minimal,Lap and Shoulder Belt,Driving properly,Normal,,,Going Ahead,,,,,driver,,Scarborough Southwest (20),43 Division,Eglinton East,TRUE,FALSE,FALSE,FALSE,FALSE,FALSE,TRUE,TRUE,FALSE,FALSE,"{""coordinates"": [[-79.23209048558803, 43.740243973978714]], ""type"": ""MultiPoint""}"
3426,2008:1044158,2008-06-01T10:31:00,EGLINTON AVE E,BELLAMY RD N,,6,Non-Fatal Injury,At Intersection,Traffic Signal,Pedestrian Collision(internal code),Clear,Daylight,Dry,Major Arterial,FALSE,-79.23209049,43.740243973978714,3,,South,5,38,Minor,No Equipment Available,,,Crossing with right-of-way (intersection),Normal,,Driver going straight hits pedestrian crossing with right-of-way (at intersection),,,,pedestrian,,Scarborough Southwest (20),43 Division,Eglinton East,TRUE,FALSE,FALSE,FALSE,FALSE,FALSE,TRUE,TRUE,FALSE,FALSE,"{""coordinates"": [[-79.23209048558803, 43.740243973978714]], ""type"": ""MultiPoint""}"
3427,2008:1044158,2008-06-01T10:31:00,EGLINTON AVE E,BELLAMY RD N,,6,Non-Fatal Injury,At Intersection,Traffic Signal,Pedestrian Collision(internal code),Clear,Daylight,Dry,Major Arterial,FALSE,-79.23209049,43.740243973978714,1,,,1,24,Minimal,Lap and Shoulder Belt,,,,,,,,,,passenger,,Scarborough Southwest (20),43 Division,Eglinton East,TRUE,FALSE,FALSE,FALSE,FALSE,FALSE,TRUE,TRUE,FALSE,FALSE,"{""coordinates"": [[-79.23209048558803, 43.740243973978714]], ""type"": ""MultiPoint""}"
3428,2008:1044158,2008-06-01T10:31:00,EGLINTON AVE E,BELLAMY RD N,,6,Non-Fatal Injury,At Intersection,Traffic Signal,Pedestrian Collision(internal code),Clear,Daylight,Dry,Major Arterial,FALSE,-79.23209049,43.740243973978714,3,,South,6,28,Major,No Equipment Available,,,Crossing with right-of-way (intersection),Normal,,Driver going straight hits pedestrian crossing with right-of-way (at intersection),,,,pedestrian,,Scarborough Southwest (20),43 Division,Eglinton East,TRUE,FALSE,FALSE,FALSE,FALSE,FALSE,TRUE,TRUE,FALSE,FALSE,"{""coordinates"": [[-79.23209048558803, 43.740243973978714]], ""type"": ""MultiPoint""}"
3429,2008:1044477,2008-06-01T11:50:00,DANFORTH AVE,LINNSMORE CRES,,2,Non-Fatal Injury,,Traffic Signal,Pedestrian Collision(internal code),Clear,Daylight,Dry,Major Arterial,FALSE,-79.32979073,43.68204409998711,1,,South,1,44,None,Lap and Shoulder Belt,Failed to yield right-of-way,Inattentive,,,Turning Left,,,,,driver,,Toronto-Danforth (14),55 Division,Greenwood-Coxwell,TRUE,TRUE,FALSE,FALSE,FALSE,FALSE,TRUE,FALSE,FALSE,FALSE,"{""coordinates"": [[-79.32979072853907, 43.68204409998711]], ""type"": ""MultiPoint""}"
3430,2008:1044477,2008-06-01T11:50:00,DANFORTH AVE,LINNSMORE CRES,,2,Non-Fatal Injury,,Traffic Signal,Pedestrian Collision(internal code),Clear,Daylight,Dry,Major Arterial,FALSE,-79.32979073,43.68204409998711,2,,North,2,51,Major,Other Safety Equipment Used,,,Crossing with right-of-way (intersection),Normal,,Driver turns left into pedestrian crossing with right-of-way (at intersection),,,,pedestrian,,Toronto-Danforth (14),55 Division,Greenwood-Coxwell,TRUE,TRUE,FALSE,FALSE,FALSE,FALSE,TRUE,FALSE,FALSE,FALSE,"{""coordinates"": [[-79.32979072853907, 43.68204409998711]], ""type"": ""MultiPoint""}"
3431,2008:1041105,2008-06-01T18:38:00,LAWRENCE Ave W,ROXALINE St,,2,Non-Fatal Injury,At Intersection,Stop Sign,Angle,Clear,Daylight,Dry,Minor Arterial,FALSE,-79.52969106,43.69684436701692,1,Automobile or Station Wagon,West,1,53,None,Lap and Shoulder Belt,Driving properly,Normal,,,Going Ahead,,,,,driver,,Etobicoke Centre (2),23 Division,Humber Heights-Westmount,TRUE,TRUE,FALSE,FALSE,FALSE,FALSE,FALSE,FALSE,TRUE,FALSE,"{""coordinates"": [[-79.52969105748794, 43.69684436701692]], ""type"": ""MultiPoint""}"
3432,2008:1041105,2008-06-01T18:38:00,LAWRENCE Ave W,ROXALINE St,,2,Non-Fatal Injury,At Intersection,Stop Sign,Angle,Clear,Daylight,Dry,Minor Arterial,FALSE,-79.52969106,43.69684436701692,2,Automobile or Station Wagon,South,2,17,Major,Helmet,Disobeyed traffic control,Inattentive,,,Going Ahead,,,,,driver,,Etobicoke Centre (2),23 Division,Humber Heights-Westmount,TRUE,TRUE,FALSE,FALSE,FALSE,FALSE,FALSE,FALSE,TRUE,FALSE,"{""coordinates"": [[-79.52969105748794, 43.69684436701692]], ""type"": ""MultiPoint""}"
3433,2008:1044584,2008-06-02T11:46:00,72 CORDELLA AVE,,,2,Non-Fatal Injury,,No Control,SMV Other,Clear,Daylight,Dry,Local,FALSE,-79.48349102,43.680444317118116,2,Automobile or Station Wagon,West,2,25,Major,Use Unknown,Lost control,Inattentive,,,Going Ahead,,,,,driver,,York South-Weston (5),12 Division,Rockcliffe-Smythe,FALSE,TRUE,FALSE,FALSE,FALSE,FALSE,FALSE,FALSE,FALSE,FALSE,"{""coordinates"": [[-79.48349101878536, 43.680444317118116]], ""type"": ""MultiPoint""}"
3434,2008:1044584,2008-06-02T11:46:00,72 CORDELLA AVE,,,2,Non-Fatal Injury,,No Control,SMV Other,Clear,Daylight,Dry,Local,FALSE,-79.48349102,43.680444317118116,1,,,1,,,Other Safety Equipment Used,,,,,,,,,,owner,,York South-Weston (5),12 Division,Rockcliffe-Smythe,FALSE,TRUE,FALSE,FALSE,FALSE,FALSE,FALSE,FALSE,FALSE,FALSE,"{""coordinates"": [[-79.48349101878536, 43.680444317118116]], ""type"": ""MultiPoint""}"
3435,2008:1044659,2008-06-02T14:55:00,FINCH AVE E,BAYVIEW AVE,,7,Non-Fatal Injury,At Intersection,Traffic Signal,Sideswipe,Clear,Daylight,Dry,Major Arterial,FALSE,-79.3920907,43.78504416853157,2,,,2,,,Other Safety Equipment Used,,,,,,,,,,owner,,Don Valley North (17),33 Division,Bayview Woods-Steeles,FALSE,FALSE,FALSE,FALSE,FALSE,TRUE,FALSE,FALSE,FALSE,FALSE,"{""coordinates"": [[-79.39209070223264, 43.78504416853157]], ""type"": ""MultiPoint""}"
3436,2008:1045558,2008-06-30T01:20:00,F G GARDINER XY W,ISLINGTON AVE,,1,Non-Fatal Injury,,No Control,SMV Other,Clear,Dark,Dry,,FALSE,-79.50979117,43.62114438198871,1,,,3,25,Major,Lap and Shoulder Belt,,,,,,,,,,passenger,,Etobicoke-Lakeshore (3),22 Division,Mimico-Queensway,FALSE,FALSE,FALSE,FALSE,FALSE,FALSE,FALSE,FALSE,FALSE,FALSE,"{""coordinates"": [[-79.5097911717846, 43.62114438198871]], ""type"": ""MultiPoint""}"