_id,collision_id,accdate,stname1,stname2,stname3,per_inv,acclass,accloc,traffictl,impactype,visible,light,rdsfcond,road_class,failtorem,longitude,latitude,veh_no,vehtype,initdir,per_no,invage,injury,safequip,drivact,drivcond,pedact,pedcond,manoeuvre,pedtype,cyclistype,cycact,cyccond,road_user,fatal_no,wardname,division,neighbourhood,aggressive,distracted,cyclist,motorcyclist,other_micromobility,older_adult,pedestrian,red_light,school_child,heavy_truck,geometry
3534,2008:1043747,2008-06-18T09:09:00,SCARLETT RD,BERNICE CRES,,3,Fatal Injury,At Intersection,Pedestrian Crossover,Pedestrian Collision(internal code),Clear,Daylight,Dry,Minor Arterial,FALSE,-79.49949107,43.66694434634894,2,,,1,,,Other Safety Equipment Used,,,,,,,,,,owner,,York South-Weston (5),12 Division,Rockcliffe-Smythe,TRUE,TRUE,FALSE,FALSE,FALSE,TRUE,TRUE,FALSE,FALSE,FALSE,"{""coordinates"": [[-79.49949107360584, 43.66694434634894]], ""type"": ""MultiPoint""}"
3535,2008:1057630,2008-06-20T10:30:00,SEELEY DR,SHEPPARD AVE W,,2,Non-Fatal Injury,At Intersection,No Control,Pedestrian Collision(internal code),Clear,Daylight,Dry,Major Arterial,TRUE,-79.49419092,43.743044302185815,1,Automobile or Station Wagon,West,1,,None,Other Safety Equipment Used,Failed to yield right-of-way,Unknown,,,Turning Left,,,,,driver,,York Centre (6),31 Division,Downsview,TRUE,FALSE,FALSE,FALSE,FALSE,FALSE,TRUE,FALSE,FALSE,FALSE,"{""coordinates"": [[-79.4941909245632, 43.743044302185815]], ""type"": ""MultiPoint""}"
3536,2008:1057630,2008-06-20T10:30:00,SEELEY DR,SHEPPARD AVE W,,2,Non-Fatal Injury,At Intersection,No Control,Pedestrian Collision(internal code),Clear,Daylight,Dry,Major Arterial,TRUE,-79.49419092,43.743044302185815,1,,West,2,23,Major,Other Safety Equipment Used,,,Crossing with right-of-way (intersection),Normal,,Driver turns left into pedestrian crossing with right-of-way (at intersection),,,,pedestrian,,York Centre (6),31 Division,Downsview,TRUE,FALSE,FALSE,FALSE,FALSE,FALSE,TRUE,FALSE,FALSE,FALSE,"{""coordinates"": [[-79.4941909245632, 43.743044302185815]], ""type"": ""MultiPoint""}"
3537,2008:1044246,2008-06-20T15:00:00,PROGRESS AVE,401 C E PROGRESS AV RAMP E,,2,Non-Fatal Injury,,Traffic Signal,SMV Other,Clear,Daylight,Dry,Minor Arterial,FALSE,-79.2609905,43.77774401127963,1,,,1,,,Other Safety Equipment Used,,,,,,,,,,owner,,Scarborough Centre (21),43 Division,Bendale-Glen Andrew,FALSE,FALSE,FALSE,FALSE,FALSE,FALSE,FALSE,FALSE,FALSE,FALSE,"{""coordinates"": [[-79.26099049568015, 43.77774401127963]], ""type"": ""MultiPoint""}"
3538,2008:1044246,2008-06-20T15:00:00,PROGRESS AVE,401 C E PROGRESS AV RAMP E,,2,Non-Fatal Injury,,Traffic Signal,SMV Other,Clear,Daylight,Dry,Minor Arterial,FALSE,-79.2609905,43.77774401127963,1,Automobile or Station Wagon,East,2,50,Major,Lap and Shoulder Belt,Lost control,Medical or Physical Disability,,,Going Ahead,,,,,driver,,Scarborough Centre (21),43 Division,Bendale-Glen Andrew,FALSE,FALSE,FALSE,FALSE,FALSE,FALSE,FALSE,FALSE,FALSE,FALSE,"{""coordinates"": [[-79.26099049568015, 43.77774401127963]], ""type"": ""MultiPoint""}"
3539,2008:1048237,2008-06-22T18:05:00,WESTON Road,WALSH Aven,,3,Non-Fatal Injury,At Intersection,Traffic Signal,Cyclist Collision,Clear,Daylight,Dry,Major Arterial,FALSE,-79.53729103,43.71704436504243,1,Automobile or Station Wagon,North,2,48,None,Lap and Shoulder Belt,Driving properly,Normal,,,Going Ahead,,,,,driver,,Humber River-Black Creek (7),31 Division,Pelmo Park-Humberlea,FALSE,FALSE,TRUE,FALSE,FALSE,FALSE,FALSE,FALSE,FALSE,FALSE,"{""coordinates"": [[-79.53729102964208, 43.71704436504243]], ""type"": ""MultiPoint""}"
3540,2008:1048237,2008-06-22T18:05:00,WESTON Road,WALSH Aven,,3,Non-Fatal Injury,At Intersection,Traffic Signal,Cyclist Collision,Clear,Daylight,Dry,Major Arterial,FALSE,-79.53729103,43.71704436504243,2,Bicycle,East,3,37,Major,No Equipment Available,,,,,Going Ahead,,"Cyclist without right-of-way rides into path of driver (at intersection, laneway, or driveway)",Failed to Yield Right of Way,Normal,cyclist,,Humber River-Black Creek (7),31 Division,Pelmo Park-Humberlea,FALSE,FALSE,TRUE,FALSE,FALSE,FALSE,FALSE,FALSE,FALSE,FALSE,"{""coordinates"": [[-79.53729102964208, 43.71704436504243]], ""type"": ""MultiPoint""}"
3541,2008:1048237,2008-06-22T18:05:00,WESTON Road,WALSH Aven,,3,Non-Fatal Injury,At Intersection,Traffic Signal,Cyclist Collision,Clear,Daylight,Dry,Major Arterial,FALSE,-79.53729103,43.71704436504243,1,,,1,,,Other Safety Equipment Used,,,,,,,,,,owner,,Humber River-Black Creek (7),31 Division,Pelmo Park-Humberlea,FALSE,FALSE,TRUE,FALSE,FALSE,FALSE,FALSE,FALSE,FALSE,FALSE,"{""coordinates"": [[-79.53729102964208, 43.71704436504243]], ""type"": ""MultiPoint""}"
3542,2008:1048242,2008-06-23T09:50:00,SPADINA Aven,HARBORD Stre,,3,Non-Fatal Injury,At Intersection,Traffic Signal,Pedestrian Collision(internal code),Clear,Daylight,Dry,Major Arterial,FALSE,-79.40209089,43.66304420683163,1,,East,1,21,Major,Other Safety Equipment Used,,,Crossing without right-of-way (intersection),Inattentive,,Transit vehicle driver hits pedestrian anywhere along roadway,,,,pedestrian,,University-Rosedale (11),52 Division,University,FALSE,TRUE,FALSE,FALSE,FALSE,FALSE,TRUE,FALSE,FALSE,TRUE,"{""coordinates"": [[-79.40209089368854, 43.66304420683163]], ""type"": ""MultiPoint""}"
3543,2008:1048242,2008-06-23T09:50:00,SPADINA Aven,HARBORD Stre,,3,Non-Fatal Injury,At Intersection,Traffic Signal,Pedestrian Collision(internal code),Clear,Daylight,Dry,Major Arterial,FALSE,-79.40209089,43.66304420683163,1,Municipal Transit Bus (TTC),North,3,42,None,No Equipment Available,Driving properly,Normal,,,Going Ahead,,,,,driver,,University-Rosedale (11),52 Division,University,FALSE,TRUE,FALSE,FALSE,FALSE,FALSE,TRUE,FALSE,FALSE,TRUE,"{""coordinates"": [[-79.40209089368854, 43.66304420683163]], ""type"": ""MultiPoint""}"
3544,2008:1048242,2008-06-23T09:50:00,SPADINA Aven,HARBORD Stre,,3,Non-Fatal Injury,At Intersection,Traffic Signal,Pedestrian Collision(internal code),Clear,Daylight,Dry,Major Arterial,FALSE,-79.40209089,43.66304420683163,1,,,2,,,Other Safety Equipment Used,,,,,,,,,,owner,,University-Rosedale (11),52 Division,University,FALSE,TRUE,FALSE,FALSE,FALSE,FALSE,TRUE,FALSE,FALSE,TRUE,"{""coordinates"": [[-79.40209089368854, 43.66304420683163]], ""type"": ""MultiPoint""}"
3545,2008:1046409,2008-06-24T18:38:00,F G GARDINER XY W,LAKE SHORE BLVD E,,2,Non-Fatal Injury,,No Control,Sideswipe,Clear,Daylight,Dry,Major Arterial,FALSE,-79.34148779,43.65334512003987,2,Automobile or Station Wagon,West,2,50,None,Other Safety Equipment Used,Improper lane change,Normal,,,Changing Lanes,,,,,driver,,Toronto-Danforth (14),55 Division,South Riverdale,FALSE,FALSE,FALSE,TRUE,FALSE,FALSE,FALSE,FALSE,FALSE,FALSE,"{""coordinates"": [[-79.34148779099449, 43.65334512003987]], ""type"": ""MultiPoint""}"
3546,2008:1046409,2008-06-24T18:38:00,F G GARDINER XY W,LAKE SHORE BLVD E,,2,Non-Fatal Injury,,No Control,Sideswipe,Clear,Daylight,Dry,Major Arterial,FALSE,-79.34148779,43.65334512003987,1,Motorcycle,West,1,36,Major,Other Safety Equipment Used,Driving properly,Normal,,,Going Ahead,,,,,motorcyclist,,Toronto-Danforth (14),55 Division,South Riverdale,FALSE,FALSE,FALSE,TRUE,FALSE,FALSE,FALSE,FALSE,FALSE,FALSE,"{""coordinates"": [[-79.34148779099449, 43.65334512003987]], ""type"": ""MultiPoint""}"
3547,2008:1044815,2008-06-24T22:26:00,WILSON AVE,JETHRO RD,,3,Fatal Injury,At Intersection,Traffic Signal,Pedestrian Collision(internal code),Clear,Dark,Dry,Major Arterial,FALSE,-79.518391,43.718744342538365,1,Automobile or Station Wagon,East,2,27,None,Other Safety Equipment Used,Driving properly,Normal,,,Going Ahead,,,,,driver,,Humber River-Black Creek (7),31 Division,Oakdale-Beverley Heights,FALSE,FALSE,FALSE,FALSE,FALSE,TRUE,TRUE,FALSE,FALSE,FALSE,"{""coordinates"": [[-79.5183910025225, 43.718744342538365]], ""type"": ""MultiPoint""}"
3548,2008:1044815,2008-06-24T22:26:00,WILSON AVE,JETHRO RD,,3,Fatal Injury,At Intersection,Traffic Signal,Pedestrian Collision(internal code),Clear,Dark,Dry,Major Arterial,FALSE,-79.518391,43.718744342538365,2,,North,3,75,Fatal,Other Safety Equipment Used,,,Crossing without right-of-way (intersection),Unknown,,Driver going straight hits pedestrian crossing without right-of-way (at intersection),,,,pedestrian,27,Humber River-Black Creek (7),31 Division,Oakdale-Beverley Heights,FALSE,FALSE,FALSE,FALSE,FALSE,TRUE,TRUE,FALSE,FALSE,FALSE,"{""coordinates"": [[-79.5183910025225, 43.718744342538365]], ""type"": ""MultiPoint""}"
3549,2008:1044815,2008-06-24T22:26:00,WILSON AVE,JETHRO RD,,3,Fatal Injury,At Intersection,Traffic Signal,Pedestrian Collision(internal code),Clear,Dark,Dry,Major Arterial,FALSE,-79.518391,43.718744342538365,1,,,1,,,Other Safety Equipment Used,,,,,,,,,,owner,,Humber River-Black Creek (7),31 Division,Oakdale-Beverley Heights,FALSE,FALSE,FALSE,FALSE,FALSE,TRUE,TRUE,FALSE,FALSE,FALSE,"{""coordinates"": [[-79.5183910025225, 43.718744342538365]], ""type"": ""MultiPoint""}"
3550,2008:1048611,2008-06-25T07:30:00,MORNINGSIDE AVE,KINGSTON RD,,3,Non-Fatal Injury,At Intersection,Traffic Signal,Pedestrian Collision(internal code),Clear,Daylight,Dry,Major Arterial,FALSE,-79.1868904,43.77064393387659,1,,,1,,,Other Safety Equipment Used,,,,,,,,,,owner,,Scarborough-Guildwood (24),43 Division,West Hill,FALSE,FALSE,FALSE,FALSE,FALSE,FALSE,TRUE,FALSE,FALSE,FALSE,"{""coordinates"": [[-79.18689039679847, 43.77064393387659]], ""type"": ""MultiPoint""}"
3551,2008:1048611,2008-06-25T07:30:00,MORNINGSIDE AVE,KINGSTON RD,,3,Non-Fatal Injury,At Intersection,Traffic Signal,Pedestrian Collision(internal code),Clear,Daylight,Dry,Major Arterial,FALSE,-79.1868904,43.77064393387659,1,Automobile or Station Wagon,North,2,44,None,Lap and Shoulder Belt,Improper turn,Normal,,,Turning Left,,,,,driver,,Scarborough-Guildwood (24),43 Division,West Hill,FALSE,FALSE,FALSE,FALSE,FALSE,FALSE,TRUE,FALSE,FALSE,FALSE,"{""coordinates"": [[-79.18689039679847, 43.77064393387659]], ""type"": ""MultiPoint""}"
3552,2008:1048611,2008-06-25T07:30:00,MORNINGSIDE AVE,KINGSTON RD,,3,Non-Fatal Injury,At Intersection,Traffic Signal,Pedestrian Collision(internal code),Clear,Daylight,Dry,Major Arterial,FALSE,-79.1868904,43.77064393387659,2,,,3,50,Major,Other Safety Equipment Used,,,Crossing with right-of-way (intersection),Normal,Unknown,Driver turns left into pedestrian crossing with right-of-way (at intersection),,,,pedestrian,,Scarborough-Guildwood (24),43 Division,West Hill,FALSE,FALSE,FALSE,FALSE,FALSE,FALSE,TRUE,FALSE,FALSE,FALSE,"{""coordinates"": [[-79.18689039679847, 43.77064393387659]], ""type"": ""MultiPoint""}"
3553,2008:1051990,2008-06-25T18:20:00,AVENUE RD,POPLAR PLAINS CRES,,2,Non-Fatal Injury,At Intersection,No Control,Cyclist Collision,Clear,Daylight,Dry,Major Arterial,FALSE,-79.39909086,43.680744197894974,1,Automobile or Station Wagon,North,1,68,None,Use Unknown,Improper turn,Inattentive,,,Turning Left,,,,,driver,,Toronto-St. Paul's (12),53 Division,Casa Loma,FALSE,TRUE,TRUE,FALSE,FALSE,TRUE,FALSE,FALSE,FALSE,FALSE,"{""coordinates"": [[-79.39909086014885, 43.680744197894974]], ""type"": ""MultiPoint""}"
3554,2008:1051990,2008-06-25T18:20:00,AVENUE RD,POPLAR PLAINS CRES,,2,Non-Fatal Injury,At Intersection,No Control,Cyclist Collision,Clear,Daylight,Dry,Major Arterial,FALSE,-79.39909086,43.680744197894974,2,Bicycle,South,2,36,Major,Use Unknown,,,,,Going Ahead,,Driver turns left into path of cyclist,Driving Properly,Normal,cyclist,,Toronto-St. Paul's (12),53 Division,Casa Loma,FALSE,TRUE,TRUE,FALSE,FALSE,TRUE,FALSE,FALSE,FALSE,FALSE,"{""coordinates"": [[-79.39909086014885, 43.680744197894974]], ""type"": ""MultiPoint""}"
3555,2008:1044949,2008-06-25T20:40:00,136 NEAMES CRES,,,3,Non-Fatal Injury,,No Control,Cyclist Collision,Clear,Daylight,Dry,Local,FALSE,-79.51259098,43.72824433108511,2,Bicycle,South,3,7,Major,Helmet,,,,,Going Ahead,,Insufficient information to describe collision,Other,Inattentive,cyclist,,Humber River-Black Creek (7),31 Division,Oakdale-Beverley Heights,FALSE,TRUE,TRUE,FALSE,FALSE,FALSE,FALSE,FALSE,TRUE,FALSE,"{""coordinates"": [[-79.5125909776206, 43.72824433108511]], ""type"": ""MultiPoint""}"
3556,2008:1044949,2008-06-25T20:40:00,136 NEAMES CRES,,,3,Non-Fatal Injury,,No Control,Cyclist Collision,Clear,Daylight,Dry,Local,FALSE,-79.51259098,43.72824433108511,1,,,1,39,None,Lap and Shoulder Belt,,,,,,,,,,passenger,,Humber River-Black Creek (7),31 Division,Oakdale-Beverley Heights,FALSE,TRUE,TRUE,FALSE,FALSE,FALSE,FALSE,FALSE,TRUE,FALSE,"{""coordinates"": [[-79.5125909776206, 43.72824433108511]], ""type"": ""MultiPoint""}"
3557,2008:1044949,2008-06-25T20:40:00,136 NEAMES CRES,,,3,Non-Fatal Injury,,No Control,Cyclist Collision,Clear,Daylight,Dry,Local,FALSE,-79.51259098,43.72824433108511,1,Automobile or Station Wagon,North,2,37,None,Lap and Shoulder Belt,Driving properly,Normal,,,Going Ahead,,,,,driver,,Humber River-Black Creek (7),31 Division,Oakdale-Beverley Heights,FALSE,TRUE,TRUE,FALSE,FALSE,FALSE,FALSE,FALSE,TRUE,FALSE,"{""coordinates"": [[-79.5125909776206, 43.72824433108511]], ""type"": ""MultiPoint""}"
3558,2008:1045157,2008-06-26T08:15:00,VICTORIA PARK AVE,PEARD RD,,3,Non-Fatal Injury,At Intersection,No Control,Pedestrian Collision(internal code),Clear,Daylight,Dry,Major Arterial,TRUE,-79.29679063,43.71064405,1,Automobile or Station Wagon,North,1,19,None,Other Safety Equipment Used,Failed to yield right-of-way,Normal,,,Going Ahead,,,,,driver,,Beaches-East York (19),55 Division,O'Connor-Parkview,TRUE,FALSE,FALSE,FALSE,FALSE,TRUE,TRUE,FALSE,TRUE,FALSE,"{""coordinates"": [[-79.2967906298366, 43.7106440529244]], ""type"": ""MultiPoint""}"
3559,2008:1045157,2008-06-26T08:15:00,VICTORIA PARK AVE,PEARD RD,,3,Non-Fatal Injury,At Intersection,No Control,Pedestrian Collision(internal code),Clear,Daylight,Dry,Major Arterial,TRUE,-79.29679063,43.71064405,2,,,3,85,Major,Other Safety Equipment Used,,,On sidewalk or shoulder,Normal,Unknown,Driver hits pedestrian on sidewalk or shoulder,,,,pedestrian,,Beaches-East York (19),55 Division,O'Connor-Parkview,TRUE,FALSE,FALSE,FALSE,FALSE,TRUE,TRUE,FALSE,TRUE,FALSE,"{""coordinates"": [[-79.2967906298366, 43.7106440529244]], ""type"": ""MultiPoint""}"
3560,2008:1045157,2008-06-26T08:15:00,VICTORIA PARK AVE,PEARD RD,,3,Non-Fatal Injury,At Intersection,No Control,Pedestrian Collision(internal code),Clear,Daylight,Dry,Major Arterial,TRUE,-79.29679063,43.71064405,2,,,2,22,Minor,Other Safety Equipment Used,,,On sidewalk or shoulder,Normal,Unknown,Driver hits pedestrian on sidewalk or shoulder,,,,pedestrian,,Beaches-East York (19),55 Division,O'Connor-Parkview,TRUE,FALSE,FALSE,FALSE,FALSE,TRUE,TRUE,FALSE,TRUE,FALSE,"{""coordinates"": [[-79.2967906298366, 43.7106440529244]], ""type"": ""MultiPoint""}"
3561,2008:1045221,2008-06-27T00:53:00,FLEET ST,STADIUM RD,,4,Fatal Injury,,No Control,Approaching Head On,Clear,Dark,Dry,Major Arterial,FALSE,-79.40189094,43.636044213703826,2,,,3,23,Major,Other Safety Equipment Used,,,,,,,,,,passenger,,Spadina-Fort York (10),14 Division,Fort York-Liberty Village,FALSE,FALSE,FALSE,FALSE,FALSE,FALSE,FALSE,FALSE,FALSE,TRUE,"{""coordinates"": [[-79.4018909358798, 43.636044213703826]], ""type"": ""MultiPoint""}"
3562,2008:1045221,2008-06-27T00:53:00,FLEET ST,STADIUM RD,,4,Fatal Injury,,No Control,Approaching Head On,Clear,Dark,Dry,Major Arterial,FALSE,-79.40189094,43.636044213703826,2,Automobile or Station Wagon,West,4,21,Fatal,Other Safety Equipment Used,Wrong way on one-way road,Ability Impaired - Alcohol,,,Going Ahead,,,,,driver,28,Spadina-Fort York (10),14 Division,Fort York-Liberty Village,FALSE,FALSE,FALSE,FALSE,FALSE,FALSE,FALSE,FALSE,FALSE,TRUE,"{""coordinates"": [[-79.4018909358798, 43.636044213703826]], ""type"": ""MultiPoint""}"
3563,2008:1045221,2008-06-27T00:53:00,FLEET ST,STADIUM RD,,4,Fatal Injury,,No Control,Approaching Head On,Clear,Dark,Dry,Major Arterial,FALSE,-79.40189094,43.636044213703826,1,Municipal Transit Bus (TTC),East,2,33,None,Other Safety Equipment Used,Driving properly,Normal,,,Going Ahead,,,,,driver,,Spadina-Fort York (10),14 Division,Fort York-Liberty Village,FALSE,FALSE,FALSE,FALSE,FALSE,FALSE,FALSE,FALSE,FALSE,TRUE,"{""coordinates"": [[-79.4018909358798, 43.636044213703826]], ""type"": ""MultiPoint""}"
3564,2008:1045221,2008-06-27T00:53:00,FLEET ST,STADIUM RD,,4,Fatal Injury,,No Control,Approaching Head On,Clear,Dark,Dry,Major Arterial,FALSE,-79.40189094,43.636044213703826,1,,,1,,,Other Safety Equipment Used,,,,,,,,,,owner,,Spadina-Fort York (10),14 Division,Fort York-Liberty Village,FALSE,FALSE,FALSE,FALSE,FALSE,FALSE,FALSE,FALSE,FALSE,TRUE,"{""coordinates"": [[-79.4018909358798, 43.636044213703826]], ""type"": ""MultiPoint""}"
3565,2008:1048845,2008-06-28T16:01:00,COLLEGE ST,SPADINA AVE,,3,Non-Fatal Injury,,No Control,Pedestrian Collision(internal code),Clear,Daylight,Dry,Major Arterial,FALSE,-79.3994909,43.65804420435463,1,Automobile or Station Wagon,West,2,36,None,Lap and Shoulder Belt,Driving properly,Normal,,,Going Ahead,,,,,driver,,University-Rosedale (11),52 Division,University,FALSE,FALSE,FALSE,FALSE,FALSE,FALSE,TRUE,FALSE,FALSE,FALSE,"{""coordinates"": [[-79.3994908965463, 43.65804420435463]], ""type"": ""MultiPoint""}"
3566,2008:1048845,2008-06-28T16:01:00,COLLEGE ST,SPADINA AVE,,3,Non-Fatal Injury,,No Control,Pedestrian Collision(internal code),Clear,Daylight,Dry,Major Arterial,FALSE,-79.3994909,43.65804420435463,1,,,1,,,Other Safety Equipment Used,,,,,,,,,,owner,,University-Rosedale (11),52 Division,University,FALSE,FALSE,FALSE,FALSE,FALSE,FALSE,TRUE,FALSE,FALSE,FALSE,"{""coordinates"": [[-79.3994908965463, 43.65804420435463]], ""type"": ""MultiPoint""}"
3567,2008:1048845,2008-06-28T16:01:00,COLLEGE ST,SPADINA AVE,,3,Non-Fatal Injury,,No Control,Pedestrian Collision(internal code),Clear,Daylight,Dry,Major Arterial,FALSE,-79.3994909,43.65804420435463,2,,Unknown,3,28,Major,Other Safety Equipment Used,,,Other,Medical or Physical Disability,,Other,,,,pedestrian,,University-Rosedale (11),52 Division,University,FALSE,FALSE,FALSE,FALSE,FALSE,FALSE,TRUE,FALSE,FALSE,FALSE,"{""coordinates"": [[-79.3994908965463, 43.65804420435463]], ""type"": ""MultiPoint""}"
3568,2008:1045558,2008-06-30T01:20:00,F G GARDINER XY W,ISLINGTON AVE,,1,Non-Fatal Injury,,No Control,SMV Other,Clear,Dark,Dry,,FALSE,-79.50979117,43.62114438198871,1,Automobile or Station Wagon,West,5,30,Major,Lap and Shoulder Belt,Lost control,Ability Impaired - Alcohol,,,Going Ahead,,,,,driver,,Etobicoke-Lakeshore (3),22 Division,Mimico-Queensway,FALSE,FALSE,FALSE,FALSE,FALSE,FALSE,FALSE,FALSE,FALSE,FALSE,"{""coordinates"": [[-79.5097911717846, 43.62114438198871]], ""type"": ""MultiPoint""}"
3569,2008:1045558,2008-06-30T01:20:00,F G GARDINER XY W,ISLINGTON AVE,,1,Non-Fatal Injury,,No Control,SMV Other,Clear,Dark,Dry,,FALSE,-79.50979117,43.62114438198871,1,,,1,21,Minor,Lap Belt Only of Combined Assembly,,,,,,,,,,passenger,,Etobicoke-Lakeshore (3),22 Division,Mimico-Queensway,FALSE,FALSE,FALSE,FALSE,FALSE,FALSE,FALSE,FALSE,FALSE,FALSE,"{""coordinates"": [[-79.5097911717846, 43.62114438198871]], ""type"": ""MultiPoint""}"
3570,2008:1045558,2008-06-30T01:20:00,F G GARDINER XY W,ISLINGTON AVE,,1,Non-Fatal Injury,,No Control,SMV Other,Clear,Dark,Dry,,FALSE,-79.50979117,43.62114438198871,1,,,4,25,Major,Lap and Shoulder Belt,,,,,,,,,,passenger,,Etobicoke-Lakeshore (3),22 Division,Mimico-Queensway,FALSE,FALSE,FALSE,FALSE,FALSE,FALSE,FALSE,FALSE,FALSE,FALSE,"{""coordinates"": [[-79.5097911717846, 43.62114438198871]], ""type"": ""MultiPoint""}"
3571,2008:1045558,2008-06-30T01:20:00,F G GARDINER XY W,ISLINGTON AVE,,1,Non-Fatal Injury,,No Control,SMV Other,Clear,Dark,Dry,,FALSE,-79.50979117,43.62114438198871,1,,,2,29,Minor,Other Safety Equipment Used,,,,,,,,,,passenger,,Etobicoke-Lakeshore (3),22 Division,Mimico-Queensway,FALSE,FALSE,FALSE,FALSE,FALSE,FALSE,FALSE,FALSE,FALSE,FALSE,"{""coordinates"": [[-79.5097911717846, 43.62114438198871]], ""type"": ""MultiPoint""}"
3572,2008:1049419,2008-06-30T10:40:00,DUNDAS ST W,LANSDOWNE AVE,,2,Non-Fatal Injury,,No Control,Cyclist Collision,Clear,Daylight,Dry,Minor Arterial,FALSE,-79.43929099,43.65014426539416,2,Bicycle,East,2,22,Major,Use Unknown,,,,,Going Ahead,,Dooring,Driving Properly,Normal,cyclist,,Davenport (9),11 Division,Dufferin Grove,FALSE,FALSE,TRUE,FALSE,FALSE,FALSE,FALSE,FALSE,FALSE,FALSE,"{""coordinates"": [[-79.43929098678574, 43.65014426539416]], ""type"": ""MultiPoint""}"
3573,2008:1049419,2008-06-30T10:40:00,DUNDAS ST W,LANSDOWNE AVE,,2,Non-Fatal Injury,,No Control,Cyclist Collision,Clear,Daylight,Dry,Minor Arterial,FALSE,-79.43929099,43.65014426539416,1,Automobile or Station Wagon,East,1,48,None,Equipment Not Used But Available,Other,Normal,,,Parked,,,,,driver,,Davenport (9),11 Division,Dufferin Grove,FALSE,FALSE,TRUE,FALSE,FALSE,FALSE,FALSE,FALSE,FALSE,FALSE,"{""coordinates"": [[-79.43929098678574, 43.65014426539416]], ""type"": ""MultiPoint""}"
3574,2008:1045692,2008-06-30T17:33:00,YORK MILLS RD,FENN AVE,,6,Non-Fatal Injury,At Intersection,Traffic Signal,Pedestrian Collision(internal code),Clear,Daylight,Dry,Major Arterial,FALSE,-79.38899074,43.74704416804392,1,,,1,,,Other Safety Equipment Used,,,,,,,,,,owner,,Don Valley West (15),32 Division,St.Andrew-Windfields,TRUE,FALSE,FALSE,FALSE,FALSE,FALSE,TRUE,TRUE,TRUE,FALSE,"{""coordinates"": [[-79.38899073898676, 43.74704416804392]], ""type"": ""MultiPoint""}"
3575,2008:1045692,2008-06-30T17:33:00,YORK MILLS RD,FENN AVE,,6,Non-Fatal Injury,At Intersection,Traffic Signal,Pedestrian Collision(internal code),Clear,Daylight,Dry,Major Arterial,FALSE,-79.38899074,43.74704416804392,2,,,3,9,None,Other Safety Equipment Used,,,Crossing with right-of-way (intersection),Normal,,Driver going straight hits pedestrian crossing with right-of-way (at intersection),,,,pedestrian,,Don Valley West (15),32 Division,St.Andrew-Windfields,TRUE,FALSE,FALSE,FALSE,FALSE,FALSE,TRUE,TRUE,TRUE,FALSE,"{""coordinates"": [[-79.38899073898676, 43.74704416804392]], ""type"": ""MultiPoint""}"
3576,2008:1045692,2008-06-30T17:33:00,YORK MILLS RD,FENN AVE,,6,Non-Fatal Injury,At Intersection,Traffic Signal,Pedestrian Collision(internal code),Clear,Daylight,Dry,Major Arterial,FALSE,-79.38899074,43.74704416804392,2,,,4,5,None,Other Safety Equipment Used,,,Crossing with right-of-way (intersection),Normal,Unknown,Driver going straight hits pedestrian crossing with right-of-way (at intersection),,,,pedestrian,,Don Valley West (15),32 Division,St.Andrew-Windfields,TRUE,FALSE,FALSE,FALSE,FALSE,FALSE,TRUE,TRUE,TRUE,FALSE,"{""coordinates"": [[-79.38899073898676, 43.74704416804392]], ""type"": ""MultiPoint""}"
3577,2008:1045692,2008-06-30T17:33:00,YORK MILLS RD,FENN AVE,,6,Non-Fatal Injury,At Intersection,Traffic Signal,Pedestrian Collision(internal code),Clear,Daylight,Dry,Major Arterial,FALSE,-79.38899074,43.74704416804392,2,,,6,16,Major,Other Safety Equipment Used,,,Crossing with right-of-way (intersection),Normal,Unknown,Driver going straight hits pedestrian crossing with right-of-way (at intersection),,,,pedestrian,,Don Valley West (15),32 Division,St.Andrew-Windfields,TRUE,FALSE,FALSE,FALSE,FALSE,FALSE,TRUE,TRUE,TRUE,FALSE,"{""coordinates"": [[-79.38899073898676, 43.74704416804392]], ""type"": ""MultiPoint""}"
3578,2008:1045692,2008-06-30T17:33:00,YORK MILLS RD,FENN AVE,,6,Non-Fatal Injury,At Intersection,Traffic Signal,Pedestrian Collision(internal code),Clear,Daylight,Dry,Major Arterial,FALSE,-79.38899074,43.74704416804392,1,Automobile or Station Wagon,East,2,29,None,Other Safety Equipment Used,Disobeyed traffic control,Normal,,,Going Ahead,,,,,driver,,Don Valley West (15),32 Division,St.Andrew-Windfields,TRUE,FALSE,FALSE,FALSE,FALSE,FALSE,TRUE,TRUE,TRUE,FALSE,"{""coordinates"": [[-79.38899073898676, 43.74704416804392]], ""type"": ""MultiPoint""}"
3579,2008:1045692,2008-06-30T17:33:00,YORK MILLS RD,FENN AVE,,6,Non-Fatal Injury,At Intersection,Traffic Signal,Pedestrian Collision(internal code),Clear,Daylight,Dry,Major Arterial,FALSE,-79.38899074,43.74704416804392,2,,,5,26,Minor,Other Safety Equipment Used,,,Crossing with right-of-way (intersection),Normal,,Driver going straight hits pedestrian crossing with right-of-way (at intersection),,,,pedestrian,,Don Valley West (15),32 Division,St.Andrew-Windfields,TRUE,FALSE,FALSE,FALSE,FALSE,FALSE,TRUE,TRUE,TRUE,FALSE,"{""coordinates"": [[-79.38899073898676, 43.74704416804392]], ""type"": ""MultiPoint""}"
3580,2008:1052609,2008-07-03T11:55:00,KEELE St,ST REGIS Cres,,3,Non-Fatal Injury,At Intersection,Traffic Signal,Rear End,Clear,Daylight,Dry,Major Arterial,FALSE,-79.4887909,43.75454429101697,2,,,2,1,Major,Child Safety Seat Used Correctly,,,,,,,,,,passenger,,Humber River-Black Creek (7),31 Division,York University Heights,TRUE,FALSE,FALSE,FALSE,FALSE,FALSE,FALSE,FALSE,FALSE,FALSE,"{""coordinates"": [[-79.4887908970869, 43.75454429101697]], ""type"": ""MultiPoint""}"