_id,collision_id,accdate,stname1,stname2,stname3,per_inv,acclass,accloc,traffictl,impactype,visible,light,rdsfcond,road_class,failtorem,longitude,latitude,veh_no,vehtype,initdir,per_no,invage,injury,safequip,drivact,drivcond,pedact,pedcond,manoeuvre,pedtype,cyclistype,cycact,cyccond,road_user,fatal_no,wardname,division,neighbourhood,aggressive,distracted,cyclist,motorcyclist,other_micromobility,older_adult,pedestrian,red_light,school_child,heavy_truck,geometry
3966,2008:1068648,2008-10-17T12:19:00,KINGSTON RD,GALLOWAY RD,,5,Non-Fatal Injury,At Intersection,Traffic Signal,Angle,Clear,Daylight,Dry,Major Arterial,FALSE,-79.19469041,43.762043939676474,2,Automobile or Station Wagon,North,3,51,None,Lap and Shoulder Belt,Disobeyed traffic control,Normal,,,Going Ahead,,,,,driver,,Scarborough-Guildwood (24),43 Division,West Hill,TRUE,FALSE,FALSE,FALSE,FALSE,FALSE,FALSE,TRUE,FALSE,FALSE,"{""coordinates"": [[-79.19469041354778, 43.762043939676474]], ""type"": ""MultiPoint""}"
3967,2008:1068648,2008-10-17T12:19:00,KINGSTON RD,GALLOWAY RD,,5,Non-Fatal Injury,At Intersection,Traffic Signal,Angle,Clear,Daylight,Dry,Major Arterial,FALSE,-79.19469041,43.762043939676474,1,,,1,23,Major,Lap and Shoulder Belt,,,,,,,,,,passenger,,Scarborough-Guildwood (24),43 Division,West Hill,TRUE,FALSE,FALSE,FALSE,FALSE,FALSE,FALSE,TRUE,FALSE,FALSE,"{""coordinates"": [[-79.19469041354778, 43.762043939676474]], ""type"": ""MultiPoint""}"
3968,2008:1068648,2008-10-17T12:19:00,KINGSTON RD,GALLOWAY RD,,5,Non-Fatal Injury,At Intersection,Traffic Signal,Angle,Clear,Daylight,Dry,Major Arterial,FALSE,-79.19469041,43.762043939676474,1,Automobile or Station Wagon,East,2,23,Major,Lap and Shoulder Belt,Driving properly,Normal,,,Going Ahead,,,,,driver,,Scarborough-Guildwood (24),43 Division,West Hill,TRUE,FALSE,FALSE,FALSE,FALSE,FALSE,FALSE,TRUE,FALSE,FALSE,"{""coordinates"": [[-79.19469041354778, 43.762043939676474]], ""type"": ""MultiPoint""}"
3969,2008:1068648,2008-10-17T12:19:00,KINGSTON RD,GALLOWAY RD,,5,Non-Fatal Injury,At Intersection,Traffic Signal,Angle,Clear,Daylight,Dry,Major Arterial,FALSE,-79.19469041,43.762043939676474,3,,,4,,,Other Safety Equipment Used,,,,,,,,,,owner,,Scarborough-Guildwood (24),43 Division,West Hill,TRUE,FALSE,FALSE,FALSE,FALSE,FALSE,FALSE,TRUE,FALSE,FALSE,"{""coordinates"": [[-79.19469041354778, 43.762043939676474]], ""type"": ""MultiPoint""}"
3970,2008:1068648,2008-10-17T12:19:00,KINGSTON RD,GALLOWAY RD,,5,Non-Fatal Injury,At Intersection,Traffic Signal,Angle,Clear,Daylight,Dry,Major Arterial,FALSE,-79.19469041,43.762043939676474,3,,,5,,,Other Safety Equipment Used,,,,,,,,,,owner,,Scarborough-Guildwood (24),43 Division,West Hill,TRUE,FALSE,FALSE,FALSE,FALSE,FALSE,FALSE,TRUE,FALSE,FALSE,"{""coordinates"": [[-79.19469041354778, 43.762043939676474]], ""type"": ""MultiPoint""}"
3971,2008:1064977,2008-10-17T17:55:00,LUMSDEN AVE,GLEDHILL AVE,,2,Fatal Injury,At Intersection,Pedestrian Crossover,Pedestrian Collision(internal code),Clear,Daylight,Dry,Minor Arterial,FALSE,-79.31159068,43.693644073719824,1,Automobile or Station Wagon,West,1,81,None,Other Safety Equipment Used,Failed to yield right-of-way,Had Been Drinking,,,Going Ahead,,,,,driver,,Beaches-East York (19),55 Division,Woodbine-Lumsden,TRUE,FALSE,FALSE,FALSE,FALSE,TRUE,TRUE,FALSE,FALSE,FALSE,"{""coordinates"": [[-79.31159067904021, 43.693644073719824]], ""type"": ""MultiPoint""}"
3972,2008:1064977,2008-10-17T17:55:00,LUMSDEN AVE,GLEDHILL AVE,,2,Fatal Injury,At Intersection,Pedestrian Crossover,Pedestrian Collision(internal code),Clear,Daylight,Dry,Minor Arterial,FALSE,-79.31159068,43.693644073719824,2,,South,2,71,Fatal,Other Safety Equipment Used,,,Crossing - pedestrian crossover,Normal,,Driver hits pedestrian at PXO/pedestrian midblock signal,,,,pedestrian,46,Beaches-East York (19),55 Division,Woodbine-Lumsden,TRUE,FALSE,FALSE,FALSE,FALSE,TRUE,TRUE,FALSE,FALSE,FALSE,"{""coordinates"": [[-79.31159067904021, 43.693644073719824]], ""type"": ""MultiPoint""}"
3973,2008:1064978,2008-10-17T19:56:00,KEELE ST,VICTORY DR,,2,Non-Fatal Injury,,No Control,Pedestrian Collision(internal code),Clear,Dark,Dry,Major Arterial,FALSE,-79.48249093,43.72854429393483,1,,,1,44,Major,No Equipment Available,,,Crossing - no traffic control,Normal,,Driver going straight hits pedestrian crossing without right-of-way (at intersection),,,,pedestrian,,York Centre (6),31 Division,Downsview,FALSE,FALSE,FALSE,FALSE,FALSE,FALSE,TRUE,FALSE,FALSE,FALSE,"{""coordinates"": [[-79.48249093062232, 43.72854429393483]], ""type"": ""MultiPoint""}"
3974,2008:1064978,2008-10-17T19:56:00,KEELE ST,VICTORY DR,,2,Non-Fatal Injury,,No Control,Pedestrian Collision(internal code),Clear,Dark,Dry,Major Arterial,FALSE,-79.48249093,43.72854429393483,1,Automobile or Station Wagon,North,2,28,None,Lap and Shoulder Belt,Driving properly,Normal,,,Going Ahead,,,,,driver,,York Centre (6),31 Division,Downsview,FALSE,FALSE,FALSE,FALSE,FALSE,FALSE,TRUE,FALSE,FALSE,FALSE,"{""coordinates"": [[-79.48249093062232, 43.72854429393483]], ""type"": ""MultiPoint""}"
3975,2008:1065056,2008-10-18T09:15:00,STEELES AVE E,WILLOWDALE AVE,,3,Non-Fatal Injury,,Traffic Signal,Pedestrian Collision(internal code),Clear,Daylight,Other,Major Arterial,FALSE,-79.41449072,43.79924419,1,Automobile or Station Wagon,South,2,54,None,Other Safety Equipment Used,Failed to yield right-of-way,Inattentive,,,Turning Left,,,,,driver,,Willowdale (18),32 Division,Newtonbrook East,TRUE,TRUE,FALSE,FALSE,FALSE,TRUE,TRUE,FALSE,FALSE,FALSE,"{""coordinates"": [[-79.41449072279507, 43.7992441936023]], ""type"": ""MultiPoint""}"
3976,2008:1065056,2008-10-18T09:15:00,STEELES AVE E,WILLOWDALE AVE,,3,Non-Fatal Injury,,Traffic Signal,Pedestrian Collision(internal code),Clear,Daylight,Other,Major Arterial,FALSE,-79.41449072,43.79924419,1,,,1,,,Other Safety Equipment Used,,,,,,,,,,owner,,Willowdale (18),32 Division,Newtonbrook East,TRUE,TRUE,FALSE,FALSE,FALSE,TRUE,TRUE,FALSE,FALSE,FALSE,"{""coordinates"": [[-79.41449072279507, 43.7992441936023]], ""type"": ""MultiPoint""}"
3977,2008:1065056,2008-10-18T09:15:00,STEELES AVE E,WILLOWDALE AVE,,3,Non-Fatal Injury,,Traffic Signal,Pedestrian Collision(internal code),Clear,Daylight,Other,Major Arterial,FALSE,-79.41449072,43.79924419,2,,North,3,75,Major,Other Safety Equipment Used,,,Crossing with right-of-way (intersection),Normal,,Driver turns left into pedestrian crossing with right-of-way (at intersection),,,,pedestrian,,Willowdale (18),32 Division,Newtonbrook East,TRUE,TRUE,FALSE,FALSE,FALSE,TRUE,TRUE,FALSE,FALSE,FALSE,"{""coordinates"": [[-79.41449072279507, 43.7992441936023]], ""type"": ""MultiPoint""}"
3978,2008:1065135,2008-10-18T13:15:00,BAYVIEW BLOOR S RAMP N,BLOOR RAMP,,5,Fatal Injury,,No Control,Approaching Head On,Clear,Daylight,Dry,,FALSE,-79.36889081,43.67824415575484,1,Automobile or Station Wagon,West,3,26,None,Other Safety Equipment Used,Driving properly,Normal,,,Going Ahead,,,,,driver,,University-Rosedale (11),53 Division,Rosedale-Moore Park,FALSE,FALSE,FALSE,TRUE,FALSE,FALSE,FALSE,FALSE,FALSE,FALSE,"{""coordinates"": [[-79.36889080729838, 43.67824415575484]], ""type"": ""MultiPoint""}"
3979,2008:1065135,2008-10-18T13:15:00,BAYVIEW BLOOR S RAMP N,BLOOR RAMP,,5,Fatal Injury,,No Control,Approaching Head On,Clear,Daylight,Dry,,FALSE,-79.36889081,43.67824415575484,2,Motorcycle,East,4,32,Fatal,Other Safety Equipment Used,Lost control,Unknown,,,Going Ahead,,,,,motorcyclist,45,University-Rosedale (11),53 Division,Rosedale-Moore Park,FALSE,FALSE,FALSE,TRUE,FALSE,FALSE,FALSE,FALSE,FALSE,FALSE,"{""coordinates"": [[-79.36889080729838, 43.67824415575484]], ""type"": ""MultiPoint""}"
3980,2008:1065135,2008-10-18T13:15:00,BAYVIEW BLOOR S RAMP N,BLOOR RAMP,,5,Fatal Injury,,No Control,Approaching Head On,Clear,Daylight,Dry,,FALSE,-79.36889081,43.67824415575484,3,Automobile or Station Wagon,West,5,24,None,Other Safety Equipment Used,Driving properly,Normal,,,Going Ahead,,,,,driver,,University-Rosedale (11),53 Division,Rosedale-Moore Park,FALSE,FALSE,FALSE,TRUE,FALSE,FALSE,FALSE,FALSE,FALSE,FALSE,"{""coordinates"": [[-79.36889080729838, 43.67824415575484]], ""type"": ""MultiPoint""}"
3981,2008:1065135,2008-10-18T13:15:00,BAYVIEW BLOOR S RAMP N,BLOOR RAMP,,5,Fatal Injury,,No Control,Approaching Head On,Clear,Daylight,Dry,,FALSE,-79.36889081,43.67824415575484,1,,,2,53,None,Other Safety Equipment Used,,,,,,,,,,passenger,,University-Rosedale (11),53 Division,Rosedale-Moore Park,FALSE,FALSE,FALSE,TRUE,FALSE,FALSE,FALSE,FALSE,FALSE,FALSE,"{""coordinates"": [[-79.36889080729838, 43.67824415575484]], ""type"": ""MultiPoint""}"
3982,2008:1065135,2008-10-18T13:15:00,BAYVIEW BLOOR S RAMP N,BLOOR RAMP,,5,Fatal Injury,,No Control,Approaching Head On,Clear,Daylight,Dry,,FALSE,-79.36889081,43.67824415575484,1,,,1,54,None,Other Safety Equipment Used,,,,,,,,,,passenger,,University-Rosedale (11),53 Division,Rosedale-Moore Park,FALSE,FALSE,FALSE,TRUE,FALSE,FALSE,FALSE,FALSE,FALSE,FALSE,"{""coordinates"": [[-79.36889080729838, 43.67824415575484]], ""type"": ""MultiPoint""}"
3983,2008:1069132,2008-10-18T15:00:00,STEELES AVE E,FENTON RD,,3,Non-Fatal Injury,At Intersection,Traffic Signal,Cyclist Collision,Clear,Daylight,Dry,Major Arterial,FALSE,-79.2916905,43.82724405271558,1,,,1,,,Other Safety Equipment Used,,,,,,,,,,owner,,Scarborough North (23),42 Division,Milliken,TRUE,TRUE,TRUE,FALSE,FALSE,TRUE,FALSE,FALSE,FALSE,FALSE,"{""coordinates"": [[-79.29169050226666, 43.82724405271558]], ""type"": ""MultiPoint""}"
3984,2008:1069132,2008-10-18T15:00:00,STEELES AVE E,FENTON RD,,3,Non-Fatal Injury,At Intersection,Traffic Signal,Cyclist Collision,Clear,Daylight,Dry,Major Arterial,FALSE,-79.2916905,43.82724405271558,2,Bicycle,South,3,68,Major,Use Unknown,,,,,Going Ahead,,Driver turns right on red at signalized intersection and hits cyclist,Driving Properly,Normal,cyclist,,Scarborough North (23),42 Division,Milliken,TRUE,TRUE,TRUE,FALSE,FALSE,TRUE,FALSE,FALSE,FALSE,FALSE,"{""coordinates"": [[-79.29169050226666, 43.82724405271558]], ""type"": ""MultiPoint""}"
3985,2008:1069132,2008-10-18T15:00:00,STEELES AVE E,FENTON RD,,3,Non-Fatal Injury,At Intersection,Traffic Signal,Cyclist Collision,Clear,Daylight,Dry,Major Arterial,FALSE,-79.2916905,43.82724405271558,1,Automobile or Station Wagon,South,2,49,None,Lap and Shoulder Belt,Failed to yield right-of-way,Inattentive,,,Turning Right,,,,,driver,,Scarborough North (23),42 Division,Milliken,TRUE,TRUE,TRUE,FALSE,FALSE,TRUE,FALSE,FALSE,FALSE,FALSE,"{""coordinates"": [[-79.29169050226666, 43.82724405271558]], ""type"": ""MultiPoint""}"
3986,2008:1065143,2008-10-19T02:20:00,BATHURST ST,MELROSE AVE,,1,Non-Fatal Injury,,No Control,Pedestrian Collision(internal code),Clear,Dark,Dry,Major Arterial,TRUE,-79.43159084,43.72734422817259,1,,East,1,34,Major,Other Safety Equipment Used,,,Crossing - no traffic control,Had Been Drinking,,Driver going straight hits pedestrian crossing without right-of-way (at intersection),,,,pedestrian,,Eglinton-Lawrence (8),32 Division,Bedford Park-Nortown,FALSE,FALSE,FALSE,FALSE,FALSE,FALSE,TRUE,FALSE,FALSE,FALSE,"{""coordinates"": [[-79.43159084381793, 43.72734422817259]], ""type"": ""MultiPoint""}"
3987,2008:1065141,2008-10-19T08:50:00,MCCOWAN RD,401 C E MCCOWAN RD RAMP,,3,Non-Fatal Injury,At Intersection,Traffic Signal,Pedestrian Collision(internal code),Clear,Daylight,Dry,Major Arterial,FALSE,-79.25419048,43.779544,3,,Unknown,3,62,Major,Other Safety Equipment Used,,,Pushing or working on vehicle,Unknown,,Other,,,,pedestrian,,Scarborough-Guildwood (24),43 Division,Woburn North,TRUE,TRUE,FALSE,FALSE,FALSE,FALSE,TRUE,FALSE,FALSE,TRUE,"{""coordinates"": [[-79.25419048310212, 43.7795440033695]], ""type"": ""MultiPoint""}"
3988,2008:1065141,2008-10-19T08:50:00,MCCOWAN RD,401 C E MCCOWAN RD RAMP,,3,Non-Fatal Injury,At Intersection,Traffic Signal,Pedestrian Collision(internal code),Clear,Daylight,Dry,Major Arterial,FALSE,-79.25419048,43.779544,1,Truck - Open (Flatbed),South,1,59,None,Other Safety Equipment Used,Speed too fast for conditions,Inattentive,,,Going Ahead,,,,,driver,,Scarborough-Guildwood (24),43 Division,Woburn North,TRUE,TRUE,FALSE,FALSE,FALSE,FALSE,TRUE,FALSE,FALSE,TRUE,"{""coordinates"": [[-79.25419048310212, 43.7795440033695]], ""type"": ""MultiPoint""}"
3989,2008:1065141,2008-10-19T08:50:00,MCCOWAN RD,401 C E MCCOWAN RD RAMP,,3,Non-Fatal Injury,At Intersection,Traffic Signal,Pedestrian Collision(internal code),Clear,Daylight,Dry,Major Arterial,FALSE,-79.25419048,43.779544,2,,South,2,62,,Other Safety Equipment Used,,,,,Parked,,,,,other,,Scarborough-Guildwood (24),43 Division,Woburn North,TRUE,TRUE,FALSE,FALSE,FALSE,FALSE,TRUE,FALSE,FALSE,TRUE,"{""coordinates"": [[-79.25419048310212, 43.7795440033695]], ""type"": ""MultiPoint""}"
3990,2008:1069209,2008-10-21T04:00:00,JANE ST,SHEPPARD AVE W,,2,Non-Fatal Injury,At Intersection,Traffic Signal,SMV Other,Rain,Dark,Wet,Major Arterial,FALSE,-79.51319096,43.73934432611537,1,Automobile or Station Wagon,,1,,,Other Safety Equipment Used,,,,,,,,,,owner,,York Centre (6),31 Division,Glenfield-Jane Heights,FALSE,FALSE,FALSE,FALSE,FALSE,FALSE,FALSE,FALSE,FALSE,FALSE,"{""coordinates"": [[-79.51319095786982, 43.73934432611537]], ""type"": ""MultiPoint""}"
3991,2008:1069209,2008-10-21T04:00:00,JANE ST,SHEPPARD AVE W,,2,Non-Fatal Injury,At Intersection,Traffic Signal,SMV Other,Rain,Dark,Wet,Major Arterial,FALSE,-79.51319096,43.73934432611537,1,,South,2,63,Major,Other Safety Equipment Used,Lost control,Medical or Physical Disability,,,Reversing,,,,,driver,,York Centre (6),31 Division,Glenfield-Jane Heights,FALSE,FALSE,FALSE,FALSE,FALSE,FALSE,FALSE,FALSE,FALSE,FALSE,"{""coordinates"": [[-79.51319095786982, 43.73934432611537]], ""type"": ""MultiPoint""}"
3992,2008:1065595,2008-10-21T05:45:00,HIGHWAY 27 Ramp S,27 S DIXON W RAMP,,2,Fatal Injury,,No Control,SMV Other,Clear,Dark,Dry,Major Arterial,FALSE,-79.58279114,43.69004443306395,1,,,1,,,Other Safety Equipment Used,,,,,,,,,,owner,,Etobicoke North (1),23 Division,West Humber-Clairville,TRUE,FALSE,FALSE,FALSE,FALSE,FALSE,FALSE,FALSE,FALSE,TRUE,"{""coordinates"": [[-79.58279113817069, 43.69004443306395]], ""type"": ""MultiPoint""}"
3993,2008:1065595,2008-10-21T05:45:00,HIGHWAY 27 Ramp S,27 S DIXON W RAMP,,2,Fatal Injury,,No Control,SMV Other,Clear,Dark,Dry,Major Arterial,FALSE,-79.58279114,43.69004443306395,1,Truck - Open (Flatbed),South,2,23,Fatal,Other Safety Equipment Used,Exceeding speed limit,Normal,,,Going Ahead,,,,,driver,47,Etobicoke North (1),23 Division,West Humber-Clairville,TRUE,FALSE,FALSE,FALSE,FALSE,FALSE,FALSE,FALSE,FALSE,TRUE,"{""coordinates"": [[-79.58279113817069, 43.69004443306395]], ""type"": ""MultiPoint""}"
3994,2008:1069392,2008-10-21T15:20:00,GRENVIEW BLVD S,MEADOWVALE DR,,3,Non-Fatal Injury,,No Control,Pedestrian Collision(internal code),Clear,Daylight,Dry,Local,FALSE,-79.50729112,43.64644436614686,1,Truck - Open (Flatbed),South,2,37,None,Use Unknown,Failed to yield right-of-way,Normal,,,Going Ahead,,,,,driver,,Etobicoke-Lakeshore (3),22 Division,Stonegate-Queensway,TRUE,FALSE,FALSE,FALSE,FALSE,FALSE,TRUE,FALSE,FALSE,TRUE,"{""coordinates"": [[-79.50729112182401, 43.64644436614686]], ""type"": ""MultiPoint""}"
3995,2008:1069392,2008-10-21T15:20:00,GRENVIEW BLVD S,MEADOWVALE DR,,3,Non-Fatal Injury,,No Control,Pedestrian Collision(internal code),Clear,Daylight,Dry,Local,FALSE,-79.50729112,43.64644436614686,2,,South,3,64,Major,Other Safety Equipment Used,,,On sidewalk or shoulder,Normal,,Driver hits pedestrian on sidewalk or shoulder,,,,pedestrian,,Etobicoke-Lakeshore (3),22 Division,Stonegate-Queensway,TRUE,FALSE,FALSE,FALSE,FALSE,FALSE,TRUE,FALSE,FALSE,TRUE,"{""coordinates"": [[-79.50729112182401, 43.64644436614686]], ""type"": ""MultiPoint""}"
3996,2008:1069392,2008-10-21T15:20:00,GRENVIEW BLVD S,MEADOWVALE DR,,3,Non-Fatal Injury,,No Control,Pedestrian Collision(internal code),Clear,Daylight,Dry,Local,FALSE,-79.50729112,43.64644436614686,1,,,1,,,Other Safety Equipment Used,,,,,,,,,,owner,,Etobicoke-Lakeshore (3),22 Division,Stonegate-Queensway,TRUE,FALSE,FALSE,FALSE,FALSE,FALSE,TRUE,FALSE,FALSE,TRUE,"{""coordinates"": [[-79.50729112182401, 43.64644436614686]], ""type"": ""MultiPoint""}"
3997,2008:1065571,2008-10-22T02:31:00,BLOOR ST W,WILLARD AVE,,1,Non-Fatal Injury,At Intersection,No Control,SMV Other,Clear,Dark,Dry,Major Arterial,FALSE,-79.48179107,43.64994432847393,1,Automobile or Station Wagon,East,2,77,Major,Other Safety Equipment Used,Lost control,Medical or Physical Disability,,,Going Ahead,,,,,driver,,Parkdale-High Park (4),11 Division,Runnymede-Bloor West Village,FALSE,FALSE,FALSE,FALSE,FALSE,TRUE,FALSE,FALSE,FALSE,FALSE,"{""coordinates"": [[-79.48179107025754, 43.64994432847393]], ""type"": ""MultiPoint""}"
3998,2008:1065571,2008-10-22T02:31:00,BLOOR ST W,WILLARD AVE,,1,Non-Fatal Injury,At Intersection,No Control,SMV Other,Clear,Dark,Dry,Major Arterial,FALSE,-79.48179107,43.64994432847393,1,,,1,72,None,Other Safety Equipment Used,,,,,,,,,,passenger,,Parkdale-High Park (4),11 Division,Runnymede-Bloor West Village,FALSE,FALSE,FALSE,FALSE,FALSE,TRUE,FALSE,FALSE,FALSE,FALSE,"{""coordinates"": [[-79.48179107025754, 43.64994432847393]], ""type"": ""MultiPoint""}"
3999,2008:1069547,2008-10-22T19:27:00,COXWELL AVE,COSBURN AVE,,2,Non-Fatal Injury,At Intersection,Traffic Signal,Cyclist Collision,Clear,Dark,Dry,Minor Arterial,FALSE,-79.32799071,43.694144096321374,2,Bicycle,West,2,25,Major,Helmet,,,,,Going Ahead,,Driver turns left into path of cyclist,Driving Properly,Normal,cyclist,,Beaches-East York (19),55 Division,Old East York,FALSE,FALSE,TRUE,FALSE,FALSE,FALSE,FALSE,FALSE,FALSE,FALSE,"{""coordinates"": [[-79.32799070850187, 43.694144096321374]], ""type"": ""MultiPoint""}"
4000,2008:1069547,2008-10-22T19:27:00,COXWELL AVE,COSBURN AVE,,2,Non-Fatal Injury,At Intersection,Traffic Signal,Cyclist Collision,Clear,Dark,Dry,Minor Arterial,FALSE,-79.32799071,43.694144096321374,1,Automobile or Station Wagon,East,1,28,None,Lap and Shoulder Belt,Improper turn,Normal,,,Turning Left,,,,,driver,,Beaches-East York (19),55 Division,Old East York,FALSE,FALSE,TRUE,FALSE,FALSE,FALSE,FALSE,FALSE,FALSE,FALSE,"{""coordinates"": [[-79.32799070850187, 43.694144096321374]], ""type"": ""MultiPoint""}"
4001,2008:1069502,2008-10-23T14:48:00,KEELE ST,STEELES AVE W,,3,Non-Fatal Injury,At Intersection,Traffic Signal,Pedestrian Collision(internal code),Clear,Daylight,Dry,Major Arterial,FALSE,-79.49449087,43.78154429141674,2,,East,3,27,Major,Other Safety Equipment Used,,,Crossing with right-of-way (intersection),Normal,,Driver turns right into pedestrian crossing with right-of-way (at intersection),,,,pedestrian,,,31 Division,York University Heights,TRUE,FALSE,FALSE,FALSE,FALSE,FALSE,TRUE,FALSE,FALSE,FALSE,"{""coordinates"": [[-79.49449087266969, 43.78154429141674]], ""type"": ""MultiPoint""}"
4002,2008:1069502,2008-10-23T14:48:00,KEELE ST,STEELES AVE W,,3,Non-Fatal Injury,At Intersection,Traffic Signal,Pedestrian Collision(internal code),Clear,Daylight,Dry,Major Arterial,FALSE,-79.49449087,43.78154429141674,1,Automobile or Station Wagon,South,2,44,None,Other Safety Equipment Used,Failed to yield right-of-way,Normal,,,Turning Right,,,,,driver,,,31 Division,York University Heights,TRUE,FALSE,FALSE,FALSE,FALSE,FALSE,TRUE,FALSE,FALSE,FALSE,"{""coordinates"": [[-79.49449087266969, 43.78154429141674]], ""type"": ""MultiPoint""}"
4003,2008:1069502,2008-10-23T14:48:00,KEELE ST,STEELES AVE W,,3,Non-Fatal Injury,At Intersection,Traffic Signal,Pedestrian Collision(internal code),Clear,Daylight,Dry,Major Arterial,FALSE,-79.49449087,43.78154429141674,1,,,1,,,Other Safety Equipment Used,,,,,,,,,,owner,,,31 Division,York University Heights,TRUE,FALSE,FALSE,FALSE,FALSE,FALSE,TRUE,FALSE,FALSE,FALSE,"{""coordinates"": [[-79.49449087266969, 43.78154429141674]], ""type"": ""MultiPoint""}"
4004,2008:1066104,2008-10-23T19:40:00,BRENTCLIFFE RD,WICKSTEED AVE,,1,Non-Fatal Injury,At Intersection,Traffic Signal,Pedestrian Collision(internal code),Clear,Dark,Dry,Minor Arterial,FALSE,-79.35849074,43.71144414,1,,North,1,65,Major,Other Safety Equipment Used,,,Pushing or working on vehicle,Inattentive,Going Ahead,Other,,,,pedestrian,,Don Valley West (15),53 Division,Thorncliffe Park,FALSE,TRUE,FALSE,FALSE,FALSE,TRUE,TRUE,FALSE,FALSE,FALSE,"{""coordinates"": [[-79.3584907392759, 43.7114441355621]], ""type"": ""MultiPoint""}"
4005,2008:1066274,2008-10-24T22:35:00,EGLINTON AVE E,SWIFT DR,,2,Fatal Injury,At Intersection,Traffic Signal,Pedestrian Collision(internal code),Rain,Dark,Wet,Major Arterial,FALSE,-79.31829065,43.72614408066633,1,Automobile or Station Wagon,West,1,61,None,Other Safety Equipment Used,Driving properly,Normal,,,Going Ahead,,,,,driver,,Don Valley East (16),55 Division,Victoria Village,FALSE,FALSE,FALSE,FALSE,FALSE,TRUE,TRUE,FALSE,FALSE,FALSE,"{""coordinates"": [[-79.3182906474274, 43.72614408066633]], ""type"": ""MultiPoint""}"
4006,2008:1066274,2008-10-24T22:35:00,EGLINTON AVE E,SWIFT DR,,2,Fatal Injury,At Intersection,Traffic Signal,Pedestrian Collision(internal code),Rain,Dark,Wet,Major Arterial,FALSE,-79.31829065,43.72614408066633,2,,North,2,77,Fatal,Other Safety Equipment Used,,,Crossing without right-of-way (intersection),Unknown,,Driver going straight hits pedestrian crossing without right-of-way (at intersection),,,,pedestrian,48,Don Valley East (16),55 Division,Victoria Village,FALSE,FALSE,FALSE,FALSE,FALSE,TRUE,TRUE,FALSE,FALSE,FALSE,"{""coordinates"": [[-79.3182906474274, 43.72614408066633]], ""type"": ""MultiPoint""}"
4007,2008:1066390,2008-10-25T23:29:00,DENISON RD E,JANE ST,,3,Fatal Injury,,Traffic Gate,Pedestrian Collision(internal code),Clear,Dark,Dry,Collector,FALSE,-79.50589103,43.696744339264725,1,Automobile or Station Wagon,South,1,38,None,Other Safety Equipment Used,,,,,Going Ahead,,,,,other,,York South-Weston (5),12 Division,Weston,FALSE,FALSE,FALSE,FALSE,FALSE,FALSE,TRUE,FALSE,FALSE,FALSE,"{""coordinates"": [[-79.50589102724534, 43.696744339264725]], ""type"": ""MultiPoint""}"
4008,2008:1066390,2008-10-25T23:29:00,DENISON RD E,JANE ST,,3,Fatal Injury,,Traffic Gate,Pedestrian Collision(internal code),Clear,Dark,Dry,Collector,FALSE,-79.50589103,43.696744339264725,1,,East,3,20,Fatal,Other Safety Equipment Used,,,Other,Unknown,,Driver hits pedestrian at midblock,,,,pedestrian,49,York South-Weston (5),12 Division,Weston,FALSE,FALSE,FALSE,FALSE,FALSE,FALSE,TRUE,FALSE,FALSE,FALSE,"{""coordinates"": [[-79.50589102724534, 43.696744339264725]], ""type"": ""MultiPoint""}"
4009,2008:1066390,2008-10-25T23:29:00,DENISON RD E,JANE ST,,3,Fatal Injury,,Traffic Gate,Pedestrian Collision(internal code),Clear,Dark,Dry,Collector,FALSE,-79.50589103,43.696744339264725,1,Automobile or Station Wagon,,2,,,Other Safety Equipment Used,,,,,,,,,,owner,,York South-Weston (5),12 Division,Weston,FALSE,FALSE,FALSE,FALSE,FALSE,FALSE,TRUE,FALSE,FALSE,FALSE,"{""coordinates"": [[-79.50589102724534, 43.696744339264725]], ""type"": ""MultiPoint""}"
4010,2008:1066713,2008-10-27T07:07:00,BRIMLEY RD,SHEDIAC RD,,1,Non-Fatal Injury,,Traffic Signal,Pedestrian Collision(internal code),Clear,Daylight,Dry,Major Arterial,FALSE,-79.25339051,43.748843997756346,1,Automobile or Station Wagon,East,1,50,None,Other Safety Equipment Used,Failed to yield right-of-way,Normal,,,Turning Left,,,,,driver,,Scarborough Centre (21),43 Division,Bendale South,TRUE,FALSE,FALSE,FALSE,FALSE,FALSE,TRUE,FALSE,FALSE,FALSE,"{""coordinates"": [[-79.25339050707713, 43.748843997756346]], ""type"": ""MultiPoint""}"
4011,2008:1078367,2008-12-31T00:52:00,DON VALLEY PARKWAY S,GERRARD ST E,,9,Non-Fatal Injury,,No Control,SMV Other,Snow,Dark,Loose Snow,,FALSE,-79.3561908,43.665344139813406,3,,,5,47,None,Other Safety Equipment Used,,,,,,,,,,passenger,,Toronto-Danforth (14),55 Division,North Riverdale,TRUE,FALSE,FALSE,FALSE,FALSE,FALSE,FALSE,FALSE,FALSE,FALSE,"{""coordinates"": [[-79.35619080217711, 43.665344139813406]], ""type"": ""MultiPoint""}"
4012,2008:1066713,2008-10-27T07:07:00,BRIMLEY RD,SHEDIAC RD,,1,Non-Fatal Injury,,Traffic Signal,Pedestrian Collision(internal code),Clear,Daylight,Dry,Major Arterial,FALSE,-79.25339051,43.748843997756346,2,,West,2,52,Major,Other Safety Equipment Used,,,Crossing with right-of-way (intersection),Normal,,Driver turns left into pedestrian crossing with right-of-way (at intersection),,,,pedestrian,,Scarborough Centre (21),43 Division,Bendale South,TRUE,FALSE,FALSE,FALSE,FALSE,FALSE,TRUE,FALSE,FALSE,FALSE,"{""coordinates"": [[-79.25339050707713, 43.748843997756346]], ""type"": ""MultiPoint""}"