_id,collision_id,accdate,stname1,stname2,stname3,per_inv,acclass,accloc,traffictl,impactype,visible,light,rdsfcond,road_class,failtorem,longitude,latitude,veh_no,vehtype,initdir,per_no,invage,injury,safequip,drivact,drivcond,pedact,pedcond,manoeuvre,pedtype,cyclistype,cycact,cyccond,road_user,fatal_no,wardname,division,neighbourhood,aggressive,distracted,cyclist,motorcyclist,other_micromobility,older_adult,pedestrian,red_light,school_child,heavy_truck,geometry
4013,2008:1071735,2008-10-29T09:00:00,ELLESMERE RD,NEILSON RD,,2,Non-Fatal Injury,,No Control,Approaching Head On,Snow,Daylight,Ice,Major Arterial,FALSE,-79.20619041,43.78224395566776,2,Automobile or Station Wagon,East,2,30,Minimal,Other Safety Equipment Used,Lost control,Normal,,,Going Ahead,,,,,driver,,Scarborough-Guildwood (24),43 Division,Morningside,FALSE,FALSE,FALSE,FALSE,FALSE,FALSE,FALSE,FALSE,FALSE,FALSE,"{""coordinates"": [[-79.2061904148923, 43.78224395566776]], ""type"": ""MultiPoint""}"
4014,2008:1071735,2008-10-29T09:00:00,ELLESMERE RD,NEILSON RD,,2,Non-Fatal Injury,,No Control,Approaching Head On,Snow,Daylight,Ice,Major Arterial,FALSE,-79.20619041,43.78224395566776,1,Automobile or Station Wagon,West,1,60,Major,Other Safety Equipment Used,Lost control,Normal,,,Going Ahead,,,,,driver,,Scarborough-Guildwood (24),43 Division,Morningside,FALSE,FALSE,FALSE,FALSE,FALSE,FALSE,FALSE,FALSE,FALSE,FALSE,"{""coordinates"": [[-79.2061904148923, 43.78224395566776]], ""type"": ""MultiPoint""}"
4015,2008:1068403,2008-10-29T17:05:00,IAN MACDONALD BLVD,FOUNDERS RD,,6,Non-Fatal Injury,,No Control,Sideswipe,Clear,Daylight,Dry,Other,TRUE,-79.50319089,43.77784430237606,2,,,5,,Minor,Lap and Shoulder Belt,,,,,Other,,,,,passenger,,Humber River-Black Creek (7),31 Division,York University Heights,FALSE,FALSE,FALSE,FALSE,FALSE,FALSE,FALSE,FALSE,FALSE,FALSE,"{""coordinates"": [[-79.50319089026272, 43.77784430237606]], ""type"": ""MultiPoint""}"
4016,2008:1068403,2008-10-29T17:05:00,IAN MACDONALD BLVD,FOUNDERS RD,,6,Non-Fatal Injury,,No Control,Sideswipe,Clear,Daylight,Dry,Other,TRUE,-79.50319089,43.77784430237606,2,,,4,,Major,Lap and Shoulder Belt,,,,,Other,,,,,passenger,,Humber River-Black Creek (7),31 Division,York University Heights,FALSE,FALSE,FALSE,FALSE,FALSE,FALSE,FALSE,FALSE,FALSE,FALSE,"{""coordinates"": [[-79.50319089026272, 43.77784430237606]], ""type"": ""MultiPoint""}"
4017,2008:1068403,2008-10-29T17:05:00,IAN MACDONALD BLVD,FOUNDERS RD,,6,Non-Fatal Injury,,No Control,Sideswipe,Clear,Daylight,Dry,Other,TRUE,-79.50319089,43.77784430237606,2,,,3,,Minimal,Lap and Shoulder Belt,,,,,Other,,,,,passenger,,Humber River-Black Creek (7),31 Division,York University Heights,FALSE,FALSE,FALSE,FALSE,FALSE,FALSE,FALSE,FALSE,FALSE,FALSE,"{""coordinates"": [[-79.50319089026272, 43.77784430237606]], ""type"": ""MultiPoint""}"
4018,2008:1068403,2008-10-29T17:05:00,IAN MACDONALD BLVD,FOUNDERS RD,,6,Non-Fatal Injury,,No Control,Sideswipe,Clear,Daylight,Dry,Other,TRUE,-79.50319089,43.77784430237606,2,Automobile or Station Wagon,East,6,28,Minimal,Lap and Shoulder Belt,,,,,Going Ahead,,,,,driver,,Humber River-Black Creek (7),31 Division,York University Heights,FALSE,FALSE,FALSE,FALSE,FALSE,FALSE,FALSE,FALSE,FALSE,FALSE,"{""coordinates"": [[-79.50319089026272, 43.77784430237606]], ""type"": ""MultiPoint""}"
4019,2008:1068403,2008-10-29T17:05:00,IAN MACDONALD BLVD,FOUNDERS RD,,6,Non-Fatal Injury,,No Control,Sideswipe,Clear,Daylight,Dry,Other,TRUE,-79.50319089,43.77784430237606,1,Automobile or Station Wagon,East,2,,None,Other Safety Equipment Used,,,,,Going Ahead,,,,,driver,,Humber River-Black Creek (7),31 Division,York University Heights,FALSE,FALSE,FALSE,FALSE,FALSE,FALSE,FALSE,FALSE,FALSE,FALSE,"{""coordinates"": [[-79.50319089026272, 43.77784430237606]], ""type"": ""MultiPoint""}"
4020,2008:1068403,2008-10-29T17:05:00,IAN MACDONALD BLVD,FOUNDERS RD,,6,Non-Fatal Injury,,No Control,Sideswipe,Clear,Daylight,Dry,Other,TRUE,-79.50319089,43.77784430237606,1,,,1,,,Other Safety Equipment Used,,,,,,,,,,owner,,Humber River-Black Creek (7),31 Division,York University Heights,FALSE,FALSE,FALSE,FALSE,FALSE,FALSE,FALSE,FALSE,FALSE,FALSE,"{""coordinates"": [[-79.50319089026272, 43.77784430237606]], ""type"": ""MultiPoint""}"
4021,2008:1067165,2008-10-29T18:36:00,BAY ST,DUNDAS ST W,,4,Non-Fatal Injury,At Intersection,Traffic Signal,Pedestrian Collision(internal code),Clear,Dark,Dry,Major Arterial,FALSE,-79.38379087,43.65574418188723,1,,,2,,,Other Safety Equipment Used,,,,,,,,,,owner,,University-Rosedale (11),52 Division,Yonge-Bay Corridor,FALSE,FALSE,FALSE,FALSE,FALSE,TRUE,TRUE,FALSE,FALSE,FALSE,"{""coordinates"": [[-79.38379086969196, 43.65574418188723]], ""type"": ""MultiPoint""}"
4022,2008:1067165,2008-10-29T18:36:00,BAY ST,DUNDAS ST W,,4,Non-Fatal Injury,At Intersection,Traffic Signal,Pedestrian Collision(internal code),Clear,Dark,Dry,Major Arterial,FALSE,-79.38379087,43.65574418188723,1,,,1,51,None,Other Safety Equipment Used,,,,,,,,,,passenger,,University-Rosedale (11),52 Division,Yonge-Bay Corridor,FALSE,FALSE,FALSE,FALSE,FALSE,TRUE,TRUE,FALSE,FALSE,FALSE,"{""coordinates"": [[-79.38379086969196, 43.65574418188723]], ""type"": ""MultiPoint""}"
4023,2008:1067165,2008-10-29T18:36:00,BAY ST,DUNDAS ST W,,4,Non-Fatal Injury,At Intersection,Traffic Signal,Pedestrian Collision(internal code),Clear,Dark,Dry,Major Arterial,FALSE,-79.38379087,43.65574418188723,1,Automobile or Station Wagon,North,3,65,None,Other Safety Equipment Used,Improper turn,Normal,,,Turning Left,,,,,driver,,University-Rosedale (11),52 Division,Yonge-Bay Corridor,FALSE,FALSE,FALSE,FALSE,FALSE,TRUE,TRUE,FALSE,FALSE,FALSE,"{""coordinates"": [[-79.38379086969196, 43.65574418188723]], ""type"": ""MultiPoint""}"
4024,2008:1067165,2008-10-29T18:36:00,BAY ST,DUNDAS ST W,,4,Non-Fatal Injury,At Intersection,Traffic Signal,Pedestrian Collision(internal code),Clear,Dark,Dry,Major Arterial,FALSE,-79.38379087,43.65574418188723,2,Automobile or Station Wagon,South,5,21,None,Other Safety Equipment Used,Lost control,Unknown,,,Changing Lanes,,,,,driver,,University-Rosedale (11),52 Division,Yonge-Bay Corridor,FALSE,FALSE,FALSE,FALSE,FALSE,TRUE,TRUE,FALSE,FALSE,FALSE,"{""coordinates"": [[-79.38379086969196, 43.65574418188723]], ""type"": ""MultiPoint""}"
4025,2008:1067165,2008-10-29T18:36:00,BAY ST,DUNDAS ST W,,4,Non-Fatal Injury,At Intersection,Traffic Signal,Pedestrian Collision(internal code),Clear,Dark,Dry,Major Arterial,FALSE,-79.38379087,43.65574418188723,3,,,6,20,Major,Other Safety Equipment Used,,,On sidewalk or shoulder,Normal,,Driver hits pedestrian on sidewalk or shoulder,,,,pedestrian,,University-Rosedale (11),52 Division,Yonge-Bay Corridor,FALSE,FALSE,FALSE,FALSE,FALSE,TRUE,TRUE,FALSE,FALSE,FALSE,"{""coordinates"": [[-79.38379086969196, 43.65574418188723]], ""type"": ""MultiPoint""}"
4026,2008:1067165,2008-10-29T18:36:00,BAY ST,DUNDAS ST W,,4,Non-Fatal Injury,At Intersection,Traffic Signal,Pedestrian Collision(internal code),Clear,Dark,Dry,Major Arterial,FALSE,-79.38379087,43.65574418188723,2,,,4,21,None,Other Safety Equipment Used,,,,,,,,,,passenger,,University-Rosedale (11),52 Division,Yonge-Bay Corridor,FALSE,FALSE,FALSE,FALSE,FALSE,TRUE,TRUE,FALSE,FALSE,FALSE,"{""coordinates"": [[-79.38379086969196, 43.65574418188723]], ""type"": ""MultiPoint""}"
4027,2008:1067167,2008-10-29T21:44:00,MARTIN GROVE RD,LAVINGTON DR,,2,Non-Fatal Injury,,Traffic Signal,Pedestrian Collision(internal code),Clear,Dark,Dry,Major Arterial,FALSE,-79.56939112,43.68824442,1,Automobile or Station Wagon,North,1,51,None,Other Safety Equipment Used,Disobeyed traffic control,Normal,,,Going Ahead,,,,,driver,,Etobicoke North (1),23 Division,Willowridge-Martingrove-Richview,TRUE,FALSE,FALSE,FALSE,FALSE,TRUE,TRUE,TRUE,FALSE,FALSE,"{""coordinates"": [[-79.5693911243702, 43.6882444183384]], ""type"": ""MultiPoint""}"
4028,2008:1067167,2008-10-29T21:44:00,MARTIN GROVE RD,LAVINGTON DR,,2,Non-Fatal Injury,,Traffic Signal,Pedestrian Collision(internal code),Clear,Dark,Dry,Major Arterial,FALSE,-79.56939112,43.68824442,2,,East,2,87,Major,Other Safety Equipment Used,,,Crossing with right-of-way (intersection),Unknown,,Driver going straight hits pedestrian crossing with right-of-way (at intersection),,,,pedestrian,,Etobicoke North (1),23 Division,Willowridge-Martingrove-Richview,TRUE,FALSE,FALSE,FALSE,FALSE,TRUE,TRUE,TRUE,FALSE,FALSE,"{""coordinates"": [[-79.5693911243702, 43.6882444183384]], ""type"": ""MultiPoint""}"
4029,2008:1067364,2008-10-31T08:17:00,HIGHWAY 2A E,LAWSON RD,,2,Fatal Injury,,No Control,SMV Other,Clear,Daylight,Dry,,FALSE,-79.15869035,43.78864391071459,1,Automobile or Station Wagon,,1,,,Other Safety Equipment Used,,,,,,,,,,owner,,Scarborough-Rouge Park (25),43 Division,Centennial Scarborough,FALSE,FALSE,FALSE,FALSE,FALSE,FALSE,FALSE,FALSE,FALSE,FALSE,"{""coordinates"": [[-79.15869034662245, 43.78864391071459]], ""type"": ""MultiPoint""}"
4030,2008:1067364,2008-10-31T08:17:00,HIGHWAY 2A E,LAWSON RD,,2,Fatal Injury,,No Control,SMV Other,Clear,Daylight,Dry,,FALSE,-79.15869035,43.78864391071459,1,Automobile or Station Wagon,East,2,58,Fatal,Other Safety Equipment Used,Driving properly,Medical or Physical Disability,,,Going Ahead,,,,,driver,50,Scarborough-Rouge Park (25),43 Division,Centennial Scarborough,FALSE,FALSE,FALSE,FALSE,FALSE,FALSE,FALSE,FALSE,FALSE,FALSE,"{""coordinates"": [[-79.15869034662245, 43.78864391071459]], ""type"": ""MultiPoint""}"
4031,2008:1067454,2008-10-31T11:37:00,VALERMO DR,BROWNS LINE Driv,,4,Non-Fatal Injury,At Intersection,Traffic Signal,Pedestrian Collision(internal code),Clear,Daylight,Dry,Major Arterial,FALSE,-79.54709125,43.60604443717348,2,,West,4,42,Major,Other Safety Equipment Used,,,Crossing without right-of-way (intersection),Normal,,Driver going straight hits pedestrian crossing without right-of-way (at intersection),,,,pedestrian,,Etobicoke-Lakeshore (3),22 Division,Alderwood,FALSE,FALSE,FALSE,FALSE,FALSE,FALSE,TRUE,FALSE,TRUE,FALSE,"{""coordinates"": [[-79.54709124901517, 43.60604443717348]], ""type"": ""MultiPoint""}"
4032,2008:1067454,2008-10-31T11:37:00,VALERMO DR,BROWNS LINE Driv,,4,Non-Fatal Injury,At Intersection,Traffic Signal,Pedestrian Collision(internal code),Clear,Daylight,Dry,Major Arterial,FALSE,-79.54709125,43.60604443717348,2,,West,3,11,Minimal,No Equipment Available,,,Crossing without right-of-way (intersection),Normal,,Driver going straight hits pedestrian crossing without right-of-way (at intersection),,,,pedestrian,,Etobicoke-Lakeshore (3),22 Division,Alderwood,FALSE,FALSE,FALSE,FALSE,FALSE,FALSE,TRUE,FALSE,TRUE,FALSE,"{""coordinates"": [[-79.54709124901517, 43.60604443717348]], ""type"": ""MultiPoint""}"
4033,2008:1067454,2008-10-31T11:37:00,VALERMO DR,BROWNS LINE Driv,,4,Non-Fatal Injury,At Intersection,Traffic Signal,Pedestrian Collision(internal code),Clear,Daylight,Dry,Major Arterial,FALSE,-79.54709125,43.60604443717348,1,,,1,,,Other Safety Equipment Used,,,,,,,,,,owner,,Etobicoke-Lakeshore (3),22 Division,Alderwood,FALSE,FALSE,FALSE,FALSE,FALSE,FALSE,TRUE,FALSE,TRUE,FALSE,"{""coordinates"": [[-79.54709124901517, 43.60604443717348]], ""type"": ""MultiPoint""}"
4034,2008:1067454,2008-10-31T11:37:00,VALERMO DR,BROWNS LINE Driv,,4,Non-Fatal Injury,At Intersection,Traffic Signal,Pedestrian Collision(internal code),Clear,Daylight,Dry,Major Arterial,FALSE,-79.54709125,43.60604443717348,1,Automobile or Station Wagon,South,2,42,None,Other Safety Equipment Used,Driving properly,Normal,,,Going Ahead,,,,,driver,,Etobicoke-Lakeshore (3),22 Division,Alderwood,FALSE,FALSE,FALSE,FALSE,FALSE,FALSE,TRUE,FALSE,TRUE,FALSE,"{""coordinates"": [[-79.54709124901517, 43.60604443717348]], ""type"": ""MultiPoint""}"
4035,2008:1067680,2008-11-01T11:45:00,1168 QUEEN ST E,,,2,Non-Fatal Injury,,No Control,Pedestrian Collision(internal code),Clear,Daylight,Dry,Minor Arterial,TRUE,-79.33219076,43.66284410534895,2,,Unknown,2,59,Major,Other Safety Equipment Used,,,On sidewalk or shoulder,Normal,,Driver hits pedestrian on sidewalk or shoulder,,,,pedestrian,,Toronto-Danforth (14),55 Division,South Riverdale,FALSE,FALSE,FALSE,FALSE,FALSE,FALSE,TRUE,FALSE,FALSE,FALSE,"{""coordinates"": [[-79.33219075969788, 43.66284410534895]], ""type"": ""MultiPoint""}"
4036,2008:1067680,2008-11-01T11:45:00,1168 QUEEN ST E,,,2,Non-Fatal Injury,,No Control,Pedestrian Collision(internal code),Clear,Daylight,Dry,Minor Arterial,TRUE,-79.33219076,43.66284410534895,1,Automobile or Station Wagon,East,1,50,None,Other Safety Equipment Used,Improper turn,Unknown,,,Making U-Turn,,,,,driver,,Toronto-Danforth (14),55 Division,South Riverdale,FALSE,FALSE,FALSE,FALSE,FALSE,FALSE,TRUE,FALSE,FALSE,FALSE,"{""coordinates"": [[-79.33219075969788, 43.66284410534895]], ""type"": ""MultiPoint""}"
4037,2008:1071740,2008-11-01T17:25:00,167 CLEARBROOKE CRCL,,,7,Non-Fatal Injury,,No Control,SMV Unattended Vehicle,Clear,Daylight,Dry,Local,FALSE,-79.56779106,43.72134439748104,2,,,3,19,Major,Lap and Shoulder Belt,,,,,,,,,,passenger,,Etobicoke North (1),23 Division,Rexdale-Kipling,FALSE,TRUE,FALSE,FALSE,FALSE,FALSE,FALSE,FALSE,TRUE,FALSE,"{""coordinates"": [[-79.56779106027014, 43.72134439748104]], ""type"": ""MultiPoint""}"
4038,2008:1071740,2008-11-01T17:25:00,167 CLEARBROOKE CRCL,,,7,Non-Fatal Injury,,No Control,SMV Unattended Vehicle,Clear,Daylight,Dry,Local,FALSE,-79.56779106,43.72134439748104,4,,,7,32,Minor,Lap and Shoulder Belt,,,,,,,,,,passenger,,Etobicoke North (1),23 Division,Rexdale-Kipling,FALSE,TRUE,FALSE,FALSE,FALSE,FALSE,FALSE,FALSE,TRUE,FALSE,"{""coordinates"": [[-79.56779106027014, 43.72134439748104]], ""type"": ""MultiPoint""}"
4039,2008:1071740,2008-11-01T17:25:00,167 CLEARBROOKE CRCL,,,7,Non-Fatal Injury,,No Control,SMV Unattended Vehicle,Clear,Daylight,Dry,Local,FALSE,-79.56779106,43.72134439748104,2,,,4,,,Other Safety Equipment Used,,,,,,,,,,owner,,Etobicoke North (1),23 Division,Rexdale-Kipling,FALSE,TRUE,FALSE,FALSE,FALSE,FALSE,FALSE,FALSE,TRUE,FALSE,"{""coordinates"": [[-79.56779106027014, 43.72134439748104]], ""type"": ""MultiPoint""}"
4040,2008:1071740,2008-11-01T17:25:00,167 CLEARBROOKE CRCL,,,7,Non-Fatal Injury,,No Control,SMV Unattended Vehicle,Clear,Daylight,Dry,Local,FALSE,-79.56779106,43.72134439748104,2,,,2,63,Minor,Lap and Shoulder Belt,,,,,,,,,,passenger,,Etobicoke North (1),23 Division,Rexdale-Kipling,FALSE,TRUE,FALSE,FALSE,FALSE,FALSE,FALSE,FALSE,TRUE,FALSE,"{""coordinates"": [[-79.56779106027014, 43.72134439748104]], ""type"": ""MultiPoint""}"
4041,2008:1071740,2008-11-01T17:25:00,167 CLEARBROOKE CRCL,,,7,Non-Fatal Injury,,No Control,SMV Unattended Vehicle,Clear,Daylight,Dry,Local,FALSE,-79.56779106,43.72134439748104,3,,West,6,,None,Other Safety Equipment Used,,,,,Parked,,,,,other,,Etobicoke North (1),23 Division,Rexdale-Kipling,FALSE,TRUE,FALSE,FALSE,FALSE,FALSE,FALSE,FALSE,TRUE,FALSE,"{""coordinates"": [[-79.56779106027014, 43.72134439748104]], ""type"": ""MultiPoint""}"
4042,2008:1071740,2008-11-01T17:25:00,167 CLEARBROOKE CRCL,,,7,Non-Fatal Injury,,No Control,SMV Unattended Vehicle,Clear,Daylight,Dry,Local,FALSE,-79.56779106,43.72134439748104,1,,West,1,,None,Other Safety Equipment Used,,,,,Parked,,,,,other,,Etobicoke North (1),23 Division,Rexdale-Kipling,FALSE,TRUE,FALSE,FALSE,FALSE,FALSE,FALSE,FALSE,TRUE,FALSE,"{""coordinates"": [[-79.56779106027014, 43.72134439748104]], ""type"": ""MultiPoint""}"
4043,2008:1071740,2008-11-01T17:25:00,167 CLEARBROOKE CRCL,,,7,Non-Fatal Injury,,No Control,SMV Unattended Vehicle,Clear,Daylight,Dry,Local,FALSE,-79.56779106,43.72134439748104,2,Automobile or Station Wagon,West,5,52,Minor,Lap and Shoulder Belt,Driving properly,Inattentive,,,Going Ahead,,,,,driver,,Etobicoke North (1),23 Division,Rexdale-Kipling,FALSE,TRUE,FALSE,FALSE,FALSE,FALSE,FALSE,FALSE,TRUE,FALSE,"{""coordinates"": [[-79.56779106027014, 43.72134439748104]], ""type"": ""MultiPoint""}"
4044,2008:1072032,2008-11-02T00:50:00,6931 STEELES AVE W,,,5,Non-Fatal Injury,,No Control,Sideswipe,Clear,Dark,Dry,Major Arterial,FALSE,-79.62429107,43.75314444220784,1,,,2,26,Minor,Lap and Shoulder Belt,,,,,,,,,,passenger,,Etobicoke North (1),23 Division,West Humber-Clairville,TRUE,FALSE,FALSE,FALSE,FALSE,TRUE,FALSE,FALSE,TRUE,FALSE,"{""coordinates"": [[-79.62429107302286, 43.75314444220784]], ""type"": ""MultiPoint""}"
4045,2008:1072032,2008-11-02T00:50:00,6931 STEELES AVE W,,,5,Non-Fatal Injury,,No Control,Sideswipe,Clear,Dark,Dry,Major Arterial,FALSE,-79.62429107,43.75314444220784,1,,,1,55,Major,Lap and Shoulder Belt,,,,,,,,,,passenger,,Etobicoke North (1),23 Division,West Humber-Clairville,TRUE,FALSE,FALSE,FALSE,FALSE,TRUE,FALSE,FALSE,TRUE,FALSE,"{""coordinates"": [[-79.62429107302286, 43.75314444220784]], ""type"": ""MultiPoint""}"
4046,2008:1072032,2008-11-02T00:50:00,6931 STEELES AVE W,,,5,Non-Fatal Injury,,No Control,Sideswipe,Clear,Dark,Dry,Major Arterial,FALSE,-79.62429107,43.75314444220784,2,Automobile or Station Wagon,East,5,19,Minor,Air Bag Deployed,Exceeding speed limit,Had Been Drinking,,,Going Ahead,,,,,driver,,Etobicoke North (1),23 Division,West Humber-Clairville,TRUE,FALSE,FALSE,FALSE,FALSE,TRUE,FALSE,FALSE,TRUE,FALSE,"{""coordinates"": [[-79.62429107302286, 43.75314444220784]], ""type"": ""MultiPoint""}"
4047,2008:1072032,2008-11-02T00:50:00,6931 STEELES AVE W,,,5,Non-Fatal Injury,,No Control,Sideswipe,Clear,Dark,Dry,Major Arterial,FALSE,-79.62429107,43.75314444220784,1,Automobile or Station Wagon,East,4,28,Minor,Air Bag Deployed,Improper lane change,Normal,,,Changing Lanes,,,,,driver,,Etobicoke North (1),23 Division,West Humber-Clairville,TRUE,FALSE,FALSE,FALSE,FALSE,TRUE,FALSE,FALSE,TRUE,FALSE,"{""coordinates"": [[-79.62429107302286, 43.75314444220784]], ""type"": ""MultiPoint""}"
4048,2008:1072032,2008-11-02T00:50:00,6931 STEELES AVE W,,,5,Non-Fatal Injury,,No Control,Sideswipe,Clear,Dark,Dry,Major Arterial,FALSE,-79.62429107,43.75314444220784,1,,,3,67,Minor,Air Bag Deployed,,,,,,,,,,passenger,,Etobicoke North (1),23 Division,West Humber-Clairville,TRUE,FALSE,FALSE,FALSE,FALSE,TRUE,FALSE,FALSE,TRUE,FALSE,"{""coordinates"": [[-79.62429107302286, 43.75314444220784]], ""type"": ""MultiPoint""}"
4049,2008:1072049,2008-11-02T15:10:00,61 RICHVIEW RD,,,3,Non-Fatal Injury,,No Control,Turning Movement,Clear,Daylight,Dry,Local,FALSE,-79.51969107,43.68384436205012,1,,,1,42,Major,Lap and Shoulder Belt,,,,,,,,,,passenger,,Etobicoke Centre (2),23 Division,Edenbridge-Humber Valley,FALSE,FALSE,FALSE,FALSE,FALSE,FALSE,FALSE,FALSE,FALSE,FALSE,"{""coordinates"": [[-79.51969106876422, 43.68384436205012]], ""type"": ""MultiPoint""}"
4050,2008:1072049,2008-11-02T15:10:00,61 RICHVIEW RD,,,3,Non-Fatal Injury,,No Control,Turning Movement,Clear,Daylight,Dry,Local,FALSE,-79.51969107,43.68384436205012,2,Automobile or Station Wagon,West,3,21,None,Lap and Shoulder Belt,Improper turn,Normal,,,Making U-Turn,,,,,driver,,Etobicoke Centre (2),23 Division,Edenbridge-Humber Valley,FALSE,FALSE,FALSE,FALSE,FALSE,FALSE,FALSE,FALSE,FALSE,FALSE,"{""coordinates"": [[-79.51969106876422, 43.68384436205012]], ""type"": ""MultiPoint""}"
4051,2008:1072049,2008-11-02T15:10:00,61 RICHVIEW RD,,,3,Non-Fatal Injury,,No Control,Turning Movement,Clear,Daylight,Dry,Local,FALSE,-79.51969107,43.68384436205012,1,Automobile or Station Wagon,East,2,44,Minimal,Lap and Shoulder Belt,Driving properly,Normal,,,Going Ahead,,,,,driver,,Etobicoke Centre (2),23 Division,Edenbridge-Humber Valley,FALSE,FALSE,FALSE,FALSE,FALSE,FALSE,FALSE,FALSE,FALSE,FALSE,"{""coordinates"": [[-79.51969106876422, 43.68384436205012]], ""type"": ""MultiPoint""}"
4052,2008:1067883,2008-11-03T09:30:00,1491 LAKE SHORE BLVD W,,,3,Fatal Injury,,No Control,SMV Other,Clear,Daylight,Dry,Major Arterial,FALSE,-79.44399102,43.63644428,1,,,2,,,Other Safety Equipment Used,,,,,,,,,,owner,,Parkdale-High Park (4),14 Division,South Parkdale,FALSE,FALSE,FALSE,FALSE,FALSE,TRUE,FALSE,FALSE,FALSE,FALSE,"{""coordinates"": [[-79.44399101913362, 43.6364442773351]], ""type"": ""MultiPoint""}"
4053,2008:1067883,2008-11-03T09:30:00,1491 LAKE SHORE BLVD W,,,3,Fatal Injury,,No Control,SMV Other,Clear,Daylight,Dry,Major Arterial,FALSE,-79.44399102,43.63644428,1,Automobile or Station Wagon,East,3,40,Minor,Other Safety Equipment Used,Lost control,Unknown,,,Going Ahead,,,,,driver,,Parkdale-High Park (4),14 Division,South Parkdale,FALSE,FALSE,FALSE,FALSE,FALSE,TRUE,FALSE,FALSE,FALSE,FALSE,"{""coordinates"": [[-79.44399101913362, 43.6364442773351]], ""type"": ""MultiPoint""}"
4054,2008:1067883,2008-11-03T09:30:00,1491 LAKE SHORE BLVD W,,,3,Fatal Injury,,No Control,SMV Other,Clear,Daylight,Dry,Major Arterial,FALSE,-79.44399102,43.63644428,1,,,1,92,Fatal,Other Safety Equipment Used,,,,,,,,,,passenger,51,Parkdale-High Park (4),14 Division,South Parkdale,FALSE,FALSE,FALSE,FALSE,FALSE,TRUE,FALSE,FALSE,FALSE,FALSE,"{""coordinates"": [[-79.44399101913362, 43.6364442773351]], ""type"": ""MultiPoint""}"
4055,2008:1072989,2008-11-06T13:10:00,KENNEDY RD,FINCH AVE E,,2,Non-Fatal Injury,At Intersection,Traffic Signal,Pedestrian Collision(internal code),Clear,Daylight,Dry,Major Arterial,TRUE,-79.29659053,43.80124405606865,1,Automobile or Station Wagon,South,1,18,None,Lap and Shoulder Belt,Failed to yield right-of-way,Unknown,,,Turning Right,,,,,driver,,Scarborough-Agincourt (22),42 Division,East L'Amoreaux,TRUE,FALSE,FALSE,FALSE,FALSE,TRUE,TRUE,FALSE,TRUE,FALSE,"{""coordinates"": [[-79.2965905329689, 43.80124405606865]], ""type"": ""MultiPoint""}"
4056,2008:1072989,2008-11-06T13:10:00,KENNEDY RD,FINCH AVE E,,2,Non-Fatal Injury,At Intersection,Traffic Signal,Pedestrian Collision(internal code),Clear,Daylight,Dry,Major Arterial,TRUE,-79.29659053,43.80124405606865,2,,South,2,72,Major,Other Safety Equipment Used,,,Crossing with right-of-way (intersection),Normal,,Driver turns right into pedestrian crossing with right-of-way (at intersection),,,,pedestrian,,Scarborough-Agincourt (22),42 Division,East L'Amoreaux,TRUE,FALSE,FALSE,FALSE,FALSE,TRUE,TRUE,FALSE,TRUE,FALSE,"{""coordinates"": [[-79.2965905329689, 43.80124405606865]], ""type"": ""MultiPoint""}"
4057,2008:1073092,2008-11-06T16:20:00,DUPONT ST,WALMER RD,,2,Non-Fatal Injury,,No Control,SMV Other,Clear,Daylight,Dry,Major Arterial,FALSE,-79.40769089,43.67474421170198,1,Automobile or Station Wagon,East,1,22,Major,Lap and Shoulder Belt,Lost control,Normal,,,Going Ahead,,,,,driver,,University-Rosedale (11),14 Division,Annex,FALSE,FALSE,FALSE,FALSE,FALSE,FALSE,FALSE,FALSE,FALSE,FALSE,"{""coordinates"": [[-79.40769088581324, 43.67474421170198]], ""type"": ""MultiPoint""}"
4058,2008:1073092,2008-11-06T16:20:00,DUPONT ST,WALMER RD,,2,Non-Fatal Injury,,No Control,SMV Other,Clear,Daylight,Dry,Major Arterial,FALSE,-79.40769089,43.67474421170198,2,,,2,,,Other Safety Equipment Used,,,,,,,,,,owner,,University-Rosedale (11),14 Division,Annex,FALSE,FALSE,FALSE,FALSE,FALSE,FALSE,FALSE,FALSE,FALSE,FALSE,"{""coordinates"": [[-79.40769088581324, 43.67474421170198]], ""type"": ""MultiPoint""}"
4059,2008:1073297,2008-11-07T10:40:00,WARDEN AVE,MCNICOLL AVE,,2,Non-Fatal Injury,At Intersection,Traffic Signal,Angle,Clear,Daylight,Dry,Major Arterial,FALSE,-79.32099057,43.806344084697265,2,Automobile or Station Wagon,North,2,59,Major,Lap and Shoulder Belt,Driving properly,Normal,,,Going Ahead,,,,,driver,,Scarborough-Agincourt (22),42 Division,Steeles,TRUE,TRUE,FALSE,FALSE,FALSE,FALSE,FALSE,TRUE,FALSE,FALSE,"{""coordinates"": [[-79.3209905670239, 43.806344084697265]], ""type"": ""MultiPoint""}"
4060,2008:1073297,2008-11-07T10:40:00,WARDEN AVE,MCNICOLL AVE,,2,Non-Fatal Injury,At Intersection,Traffic Signal,Angle,Clear,Daylight,Dry,Major Arterial,FALSE,-79.32099057,43.806344084697265,1,Automobile or Station Wagon,East,1,31,Minor,Lap and Shoulder Belt,Disobeyed traffic control,Inattentive,,,Going Ahead,,,,,driver,,Scarborough-Agincourt (22),42 Division,Steeles,TRUE,TRUE,FALSE,FALSE,FALSE,FALSE,FALSE,TRUE,FALSE,FALSE,"{""coordinates"": [[-79.3209905670239, 43.806344084697265]], ""type"": ""MultiPoint""}"
4061,2008:1073449,2008-11-08T18:20:00,WARDEN AVE,BERTRAND AVE,,3,Non-Fatal Injury,At Intersection,Traffic Signal,Turning Movement,Clear,Dark,Wet,Major Arterial,FALSE,-79.28969059,43.73304404329957,2,Automobile or Station Wagon,North,3,40,Major,Lap and Shoulder Belt,Driving properly,Normal,,,Going Ahead,,,,,driver,,Scarborough Centre (21),41 Division,Wexford/Maryvale,TRUE,FALSE,FALSE,FALSE,FALSE,FALSE,FALSE,TRUE,FALSE,FALSE,"{""coordinates"": [[-79.28969058855593, 43.73304404329957]], ""type"": ""MultiPoint""}"
4062,2008:1073449,2008-11-08T18:20:00,WARDEN AVE,BERTRAND AVE,,3,Non-Fatal Injury,At Intersection,Traffic Signal,Turning Movement,Clear,Dark,Wet,Major Arterial,FALSE,-79.28969059,43.73304404329957,1,,,1,,,Other Safety Equipment Used,,,,,,,,,,owner,,Scarborough Centre (21),41 Division,Wexford/Maryvale,TRUE,FALSE,FALSE,FALSE,FALSE,FALSE,FALSE,TRUE,FALSE,FALSE,"{""coordinates"": [[-79.28969058855593, 43.73304404329957]], ""type"": ""MultiPoint""}"