_id,collision_id,accdate,stname1,stname2,stname3,per_inv,acclass,accloc,traffictl,impactype,visible,light,rdsfcond,road_class,failtorem,longitude,latitude,veh_no,vehtype,initdir,per_no,invage,injury,safequip,drivact,drivcond,pedact,pedcond,manoeuvre,pedtype,cyclistype,cycact,cyccond,road_user,fatal_no,wardname,division,neighbourhood,aggressive,distracted,cyclist,motorcyclist,other_micromobility,older_adult,pedestrian,red_light,school_child,heavy_truck,geometry
4156,2008:1074266,2008-12-05T13:53:00,SHEPPARD AVE W,YEOMANS RD,,3,Non-Fatal Injury,,No Control,Pedestrian Collision(internal code),Clear,Daylight,Dry,Major Arterial,FALSE,-79.44219082,43.754744233087905,1,,,1,,,Other Safety Equipment Used,,,,,,,,,,owner,,York Centre (6),32 Division,Clanton Park,FALSE,TRUE,FALSE,FALSE,FALSE,TRUE,TRUE,FALSE,FALSE,FALSE,"{""coordinates"": [[-79.4421908186504, 43.754744233087905]], ""type"": ""MultiPoint""}"
4157,2008:1074266,2008-12-05T13:53:00,SHEPPARD AVE W,YEOMANS RD,,3,Non-Fatal Injury,,No Control,Pedestrian Collision(internal code),Clear,Daylight,Dry,Major Arterial,FALSE,-79.44219082,43.754744233087905,1,Automobile or Station Wagon,East,2,40,None,Other Safety Equipment Used,Driving properly,Normal,,,Slowing or Stopping,,,,,driver,,York Centre (6),32 Division,Clanton Park,FALSE,TRUE,FALSE,FALSE,FALSE,TRUE,TRUE,FALSE,FALSE,FALSE,"{""coordinates"": [[-79.4421908186504, 43.754744233087905]], ""type"": ""MultiPoint""}"
4158,2008:1074265,2008-12-05T14:50:00,KEELE ST,TORO RD W,,4,Non-Fatal Injury,At Intersection,No Control,Pedestrian Collision(internal code),Clear,Daylight,Dry,Major Arterial,FALSE,-79.49089089,43.762844291621754,2,,,2,,,Other Safety Equipment Used,,,,,,,,,,owner,,Humber River-Black Creek (7),31 Division,York University Heights,TRUE,FALSE,FALSE,FALSE,FALSE,TRUE,TRUE,FALSE,FALSE,FALSE,"{""coordinates"": [[-79.49089089022016, 43.762844291621754]], ""type"": ""MultiPoint""}"
4159,2008:1074265,2008-12-05T14:50:00,KEELE ST,TORO RD W,,4,Non-Fatal Injury,At Intersection,No Control,Pedestrian Collision(internal code),Clear,Daylight,Dry,Major Arterial,FALSE,-79.49089089,43.762844291621754,3,,North,4,44,Major,Other Safety Equipment Used,,,On sidewalk or shoulder,Normal,,Driver hits pedestrian on sidewalk or shoulder,,,,pedestrian,,Humber River-Black Creek (7),31 Division,York University Heights,TRUE,FALSE,FALSE,FALSE,FALSE,TRUE,TRUE,FALSE,FALSE,FALSE,"{""coordinates"": [[-79.49089089022016, 43.762844291621754]], ""type"": ""MultiPoint""}"
4160,2008:1074265,2008-12-05T14:50:00,KEELE ST,TORO RD W,,4,Non-Fatal Injury,At Intersection,No Control,Pedestrian Collision(internal code),Clear,Daylight,Dry,Major Arterial,FALSE,-79.49089089,43.762844291621754,2,Automobile or Station Wagon,East,3,73,None,Other Safety Equipment Used,Failed to yield right-of-way,Normal,,,Turning Right,,,,,driver,,Humber River-Black Creek (7),31 Division,York University Heights,TRUE,FALSE,FALSE,FALSE,FALSE,TRUE,TRUE,FALSE,FALSE,FALSE,"{""coordinates"": [[-79.49089089022016, 43.762844291621754]], ""type"": ""MultiPoint""}"
4161,2008:1074265,2008-12-05T14:50:00,KEELE ST,TORO RD W,,4,Non-Fatal Injury,At Intersection,No Control,Pedestrian Collision(internal code),Clear,Daylight,Dry,Major Arterial,FALSE,-79.49089089,43.762844291621754,1,Automobile or Station Wagon,South,1,37,None,Other Safety Equipment Used,Driving properly,Normal,,,Going Ahead,,,,,driver,,Humber River-Black Creek (7),31 Division,York University Heights,TRUE,FALSE,FALSE,FALSE,FALSE,TRUE,TRUE,FALSE,FALSE,FALSE,"{""coordinates"": [[-79.49089089022016, 43.762844291621754]], ""type"": ""MultiPoint""}"
4162,2008:1080111,2008-12-08T05:55:00,FINCH Ave W,OAKDALE Rd,,4,Non-Fatal Injury,At Intersection,Traffic Signal,Rear End,Clear,Dark,Wet,Major Arterial,FALSE,-79.52429094,43.75594433,1,Automobile or Station Wagon,South,1,62,Minor,Lap and Shoulder Belt,Driving properly,Normal,,,Going Ahead,,,,,driver,,Humber River-Black Creek (7),31 Division,Black Creek,TRUE,TRUE,FALSE,FALSE,FALSE,FALSE,FALSE,TRUE,FALSE,FALSE,"{""coordinates"": [[-79.52429094443177, 43.7559443312524]], ""type"": ""MultiPoint""}"
4163,2008:1080111,2008-12-08T05:55:00,FINCH Ave W,OAKDALE Rd,,4,Non-Fatal Injury,At Intersection,Traffic Signal,Rear End,Clear,Dark,Wet,Major Arterial,FALSE,-79.52429094,43.75594433,2,,,3,,,Other Safety Equipment Used,,,,,,,,,,owner,,Humber River-Black Creek (7),31 Division,Black Creek,TRUE,TRUE,FALSE,FALSE,FALSE,FALSE,FALSE,TRUE,FALSE,FALSE,"{""coordinates"": [[-79.52429094443177, 43.7559443312524]], ""type"": ""MultiPoint""}"
4164,2008:1080111,2008-12-08T05:55:00,FINCH Ave W,OAKDALE Rd,,4,Non-Fatal Injury,At Intersection,Traffic Signal,Rear End,Clear,Dark,Wet,Major Arterial,FALSE,-79.52429094,43.75594433,2,Automobile or Station Wagon,East,4,29,Minimal,Lap and Shoulder Belt,Disobeyed traffic control,Inattentive,,,Going Ahead,,,,,driver,,Humber River-Black Creek (7),31 Division,Black Creek,TRUE,TRUE,FALSE,FALSE,FALSE,FALSE,FALSE,TRUE,FALSE,FALSE,"{""coordinates"": [[-79.52429094443177, 43.7559443312524]], ""type"": ""MultiPoint""}"
4165,2008:1080111,2008-12-08T05:55:00,FINCH Ave W,OAKDALE Rd,,4,Non-Fatal Injury,At Intersection,Traffic Signal,Rear End,Clear,Dark,Wet,Major Arterial,FALSE,-79.52429094,43.75594433,2,,,2,47,Major,Lap and Shoulder Belt,,,,,,,,,,passenger,,Humber River-Black Creek (7),31 Division,Black Creek,TRUE,TRUE,FALSE,FALSE,FALSE,FALSE,FALSE,TRUE,FALSE,FALSE,"{""coordinates"": [[-79.52429094443177, 43.7559443312524]], ""type"": ""MultiPoint""}"
4166,2008:1074689,2008-12-09T02:45:00,F G GARDINER XY Expr W,WICKMAN RD,,4,Non-Fatal Injury,,No Control,SMV Other,Snow,Dark,Loose Snow,,FALSE,-79.52979121,43.617244409195905,1,,,3,,,Other Safety Equipment Used,,,,,,,,,,owner,,Etobicoke-Lakeshore (3),22 Division,Etobicoke City Centre,FALSE,FALSE,FALSE,FALSE,FALSE,FALSE,FALSE,FALSE,TRUE,FALSE,"{""coordinates"": [[-79.52979120533806, 43.617244409195905]], ""type"": ""MultiPoint""}"
4167,2008:1074689,2008-12-09T02:45:00,F G GARDINER XY Expr W,WICKMAN RD,,4,Non-Fatal Injury,,No Control,SMV Other,Snow,Dark,Loose Snow,,FALSE,-79.52979121,43.617244409195905,1,,,1,11,Minor,Lap and Shoulder Belt,,,,,,,,,,passenger,,Etobicoke-Lakeshore (3),22 Division,Etobicoke City Centre,FALSE,FALSE,FALSE,FALSE,FALSE,FALSE,FALSE,FALSE,TRUE,FALSE,"{""coordinates"": [[-79.52979120533806, 43.617244409195905]], ""type"": ""MultiPoint""}"
4168,2008:1074689,2008-12-09T02:45:00,F G GARDINER XY Expr W,WICKMAN RD,,4,Non-Fatal Injury,,No Control,SMV Other,Snow,Dark,Loose Snow,,FALSE,-79.52979121,43.617244409195905,1,Automobile or Station Wagon,West,4,26,Minor,Lap and Shoulder Belt,Lost control,Unknown,,,Going Ahead,,,,,driver,,Etobicoke-Lakeshore (3),22 Division,Etobicoke City Centre,FALSE,FALSE,FALSE,FALSE,FALSE,FALSE,FALSE,FALSE,TRUE,FALSE,"{""coordinates"": [[-79.52979120533806, 43.617244409195905]], ""type"": ""MultiPoint""}"
4169,2008:1074689,2008-12-09T02:45:00,F G GARDINER XY Expr W,WICKMAN RD,,4,Non-Fatal Injury,,No Control,SMV Other,Snow,Dark,Loose Snow,,FALSE,-79.52979121,43.617244409195905,1,,,2,49,Major,Lap and Shoulder Belt,,,,,,,,,,passenger,,Etobicoke-Lakeshore (3),22 Division,Etobicoke City Centre,FALSE,FALSE,FALSE,FALSE,FALSE,FALSE,FALSE,FALSE,TRUE,FALSE,"{""coordinates"": [[-79.52979120533806, 43.617244409195905]], ""type"": ""MultiPoint""}"
4170,2008:1080622,2008-12-09T18:30:00,MACPHERSON AVE,SPADINA RD,,3,Non-Fatal Injury,At Intersection,No Control,Pedestrian Collision(internal code),Rain,Dark,Wet,Minor Arterial,FALSE,-79.40749088,43.675844211110864,2,,North,3,58,Major,Other Safety Equipment Used,,,Crossing without right-of-way (intersection),Normal,,Driver turns left into pedestrian crossing without right-of-way (at intersection),,,,pedestrian,,Toronto-St. Paul's (12),13 Division,Casa Loma,FALSE,FALSE,FALSE,FALSE,FALSE,FALSE,TRUE,FALSE,FALSE,FALSE,"{""coordinates"": [[-79.40749088368423, 43.675844211110864]], ""type"": ""MultiPoint""}"
4171,2008:1080622,2008-12-09T18:30:00,MACPHERSON AVE,SPADINA RD,,3,Non-Fatal Injury,At Intersection,No Control,Pedestrian Collision(internal code),Rain,Dark,Wet,Minor Arterial,FALSE,-79.40749088,43.675844211110864,1,,,1,,,Other Safety Equipment Used,,,,,,,,,,owner,,Toronto-St. Paul's (12),13 Division,Casa Loma,FALSE,FALSE,FALSE,FALSE,FALSE,FALSE,TRUE,FALSE,FALSE,FALSE,"{""coordinates"": [[-79.40749088368423, 43.675844211110864]], ""type"": ""MultiPoint""}"
4172,2008:1080622,2008-12-09T18:30:00,MACPHERSON AVE,SPADINA RD,,3,Non-Fatal Injury,At Intersection,No Control,Pedestrian Collision(internal code),Rain,Dark,Wet,Minor Arterial,FALSE,-79.40749088,43.675844211110864,1,Automobile or Station Wagon,North,2,51,None,Lap and Shoulder Belt,Driving properly,Normal,,,Turning Left,,,,,driver,,Toronto-St. Paul's (12),13 Division,Casa Loma,FALSE,FALSE,FALSE,FALSE,FALSE,FALSE,TRUE,FALSE,FALSE,FALSE,"{""coordinates"": [[-79.40749088368423, 43.675844211110864]], ""type"": ""MultiPoint""}"
4173,2008:1081003,2008-12-10T12:15:00,LAKE SHORE BLVD E,LOWER JARVIS ST,,3,Non-Fatal Injury,,Traffic Signal,Turning Movement,Clear,Daylight,Wet,Major Arterial,FALSE,-79.36989086,43.645644163394955,1,Automobile or Station Wagon,East,1,55,Minimal,Lap and Shoulder Belt,Improper turn,Inattentive,,,Turning Left,,,,,driver,,Spadina-Fort York (10),51 Division,St Lawrence-East Bayfront-The Islands,FALSE,TRUE,FALSE,FALSE,FALSE,TRUE,FALSE,FALSE,FALSE,FALSE,"{""coordinates"": [[-79.36989085777451, 43.645644163394955]], ""type"": ""MultiPoint""}"
4174,2008:1081003,2008-12-10T12:15:00,LAKE SHORE BLVD E,LOWER JARVIS ST,,3,Non-Fatal Injury,,Traffic Signal,Turning Movement,Clear,Daylight,Wet,Major Arterial,FALSE,-79.36989086,43.645644163394955,2,Automobile or Station Wagon,West,3,72,Minor,Lap and Shoulder Belt,Driving properly,Normal,,,Going Ahead,,,,,driver,,Spadina-Fort York (10),51 Division,St Lawrence-East Bayfront-The Islands,FALSE,TRUE,FALSE,FALSE,FALSE,TRUE,FALSE,FALSE,FALSE,FALSE,"{""coordinates"": [[-79.36989085777451, 43.645644163394955]], ""type"": ""MultiPoint""}"
4175,2008:1081003,2008-12-10T12:15:00,LAKE SHORE BLVD E,LOWER JARVIS ST,,3,Non-Fatal Injury,,Traffic Signal,Turning Movement,Clear,Daylight,Wet,Major Arterial,FALSE,-79.36989086,43.645644163394955,2,,,2,71,Major,Lap and Shoulder Belt,,,,,,,,,,passenger,,Spadina-Fort York (10),51 Division,St Lawrence-East Bayfront-The Islands,FALSE,TRUE,FALSE,FALSE,FALSE,TRUE,FALSE,FALSE,FALSE,FALSE,"{""coordinates"": [[-79.36989085777451, 43.645644163394955]], ""type"": ""MultiPoint""}"
4176,2008:1081341,2008-12-11T23:50:00,RICHMOND ST W,JOHN ST,,3,Non-Fatal Injury,At Intersection,Traffic Signal,Pedestrian Collision(internal code),Clear,Dark,Dry,Major Arterial,FALSE,-79.39079089,43.649144193751425,1,Automobile or Station Wagon,North,2,31,None,Other Safety Equipment Used,Improper turn,Inattentive,,,Turning Left,,,,,driver,,Spadina-Fort York (10),52 Division,Wellington Place,FALSE,TRUE,FALSE,FALSE,FALSE,FALSE,TRUE,FALSE,FALSE,FALSE,"{""coordinates"": [[-79.39079089348567, 43.649144193751425]], ""type"": ""MultiPoint""}"
4177,2008:1081341,2008-12-11T23:50:00,RICHMOND ST W,JOHN ST,,3,Non-Fatal Injury,At Intersection,Traffic Signal,Pedestrian Collision(internal code),Clear,Dark,Dry,Major Arterial,FALSE,-79.39079089,43.649144193751425,2,,South,3,22,Major,Other Safety Equipment Used,,,Crossing with right-of-way (intersection),Normal,,Driver turns left into pedestrian crossing with right-of-way (at intersection),,,,pedestrian,,Spadina-Fort York (10),52 Division,Wellington Place,FALSE,TRUE,FALSE,FALSE,FALSE,FALSE,TRUE,FALSE,FALSE,FALSE,"{""coordinates"": [[-79.39079089348567, 43.649144193751425]], ""type"": ""MultiPoint""}"
4178,2008:1081341,2008-12-11T23:50:00,RICHMOND ST W,JOHN ST,,3,Non-Fatal Injury,At Intersection,Traffic Signal,Pedestrian Collision(internal code),Clear,Dark,Dry,Major Arterial,FALSE,-79.39079089,43.649144193751425,1,,,1,,,Other Safety Equipment Used,,,,,,,,,,owner,,Spadina-Fort York (10),52 Division,Wellington Place,FALSE,TRUE,FALSE,FALSE,FALSE,FALSE,TRUE,FALSE,FALSE,FALSE,"{""coordinates"": [[-79.39079089348567, 43.649144193751425]], ""type"": ""MultiPoint""}"
4179,2008:1075633,2008-12-13T21:01:00,SHEPPARD AVE E,MORNINGSIDE AVE,,3,Fatal Injury,,No Control,Turning Movement,Clear,Dark,Wet,Major Arterial,FALSE,-79.19869039,43.802243952816085,2,,,2,,,Other Safety Equipment Used,,,,,,,,,,owner,,Scarborough-Rouge Park (25),42 Division,Morningside Heights,FALSE,FALSE,FALSE,FALSE,FALSE,FALSE,FALSE,FALSE,FALSE,FALSE,"{""coordinates"": [[-79.19869039055565, 43.802243952816085]], ""type"": ""MultiPoint""}"
4180,2008:1075633,2008-12-13T21:01:00,SHEPPARD AVE E,MORNINGSIDE AVE,,3,Fatal Injury,,No Control,Turning Movement,Clear,Dark,Wet,Major Arterial,FALSE,-79.19869039,43.802243952816085,2,Automobile or Station Wagon,East,3,62,None,Lap and Shoulder Belt,Driving properly,Normal,,,Going Ahead,,,,,driver,,Scarborough-Rouge Park (25),42 Division,Morningside Heights,FALSE,FALSE,FALSE,FALSE,FALSE,FALSE,FALSE,FALSE,FALSE,FALSE,"{""coordinates"": [[-79.19869039055565, 43.802243952816085]], ""type"": ""MultiPoint""}"
4181,2008:1075633,2008-12-13T21:01:00,SHEPPARD AVE E,MORNINGSIDE AVE,,3,Fatal Injury,,No Control,Turning Movement,Clear,Dark,Wet,Major Arterial,FALSE,-79.19869039,43.802243952816085,1,Automobile or Station Wagon,West,1,34,Fatal,Equipment Not Used But Available,Improper turn,Unknown,,,Turning Left,,,,,driver,54,Scarborough-Rouge Park (25),42 Division,Morningside Heights,FALSE,FALSE,FALSE,FALSE,FALSE,FALSE,FALSE,FALSE,FALSE,FALSE,"{""coordinates"": [[-79.19869039055565, 43.802243952816085]], ""type"": ""MultiPoint""}"
4182,2008:1082425,2008-12-14T03:05:00,FINCH AVE W,JANE ST,,2,Non-Fatal Injury,At Intersection,Traffic Signal,Pedestrian Collision(internal code),Freezing Rain or Hail,Dark,Wet,Major Arterial,FALSE,-79.51769093,43.75724432364307,1,Automobile or Station Wagon,West,1,25,None,Lap and Shoulder Belt,Failed to yield right-of-way,Normal,,,Going Ahead,,,,,driver,,Humber River-Black Creek (7),31 Division,Black Creek,TRUE,FALSE,FALSE,FALSE,FALSE,FALSE,TRUE,FALSE,FALSE,FALSE,"{""coordinates"": [[-79.51769093452967, 43.75724432364307]], ""type"": ""MultiPoint""}"
4183,2008:1082425,2008-12-14T03:05:00,FINCH AVE W,JANE ST,,2,Non-Fatal Injury,At Intersection,Traffic Signal,Pedestrian Collision(internal code),Freezing Rain or Hail,Dark,Wet,Major Arterial,FALSE,-79.51769093,43.75724432364307,2,,South,2,30,Major,Other Safety Equipment Used,,,Crossing with right-of-way (intersection),Normal,,Driver going straight hits pedestrian crossing with right-of-way (at intersection),,,,pedestrian,,Humber River-Black Creek (7),31 Division,Black Creek,TRUE,FALSE,FALSE,FALSE,FALSE,FALSE,TRUE,FALSE,FALSE,FALSE,"{""coordinates"": [[-79.51769093452967, 43.75724432364307]], ""type"": ""MultiPoint""}"
4184,2008:1081813,2008-12-15T09:25:00,EGLINTON AVE W,CHAPLIN CRES,,2,Non-Fatal Injury,At Intersection,Traffic Signal,Pedestrian Collision(internal code),Rain,Daylight,Wet,Major Arterial,FALSE,-79.41739086,43.70274421708706,2,,South,2,34,Major,No Equipment Available,,,Running onto roadway,Normal,,Driver turns left into pedestrian crossing without right-of-way (at intersection),,,,pedestrian,,Eglinton-Lawrence (8),53 Division,Forest Hill North,FALSE,FALSE,FALSE,FALSE,FALSE,FALSE,TRUE,FALSE,FALSE,FALSE,"{""coordinates"": [[-79.41739085881875, 43.70274421708706]], ""type"": ""MultiPoint""}"
4185,2008:1081813,2008-12-15T09:25:00,EGLINTON AVE W,CHAPLIN CRES,,2,Non-Fatal Injury,At Intersection,Traffic Signal,Pedestrian Collision(internal code),Rain,Daylight,Wet,Major Arterial,FALSE,-79.41739086,43.70274421708706,1,Automobile or Station Wagon,South,1,28,None,Other Safety Equipment Used,Driving properly,Normal,,,Turning Left,,,,,driver,,Eglinton-Lawrence (8),53 Division,Forest Hill North,FALSE,FALSE,FALSE,FALSE,FALSE,FALSE,TRUE,FALSE,FALSE,FALSE,"{""coordinates"": [[-79.41739085881875, 43.70274421708706]], ""type"": ""MultiPoint""}"
4186,2008:1083156,2008-12-17T22:05:00,QUEEN ST W,BAY ST,,2,Non-Fatal Injury,,Traffic Signal,Pedestrian Collision(internal code),Clear,Dark,Dry,Major Arterial,FALSE,-79.38169087,43.651844179653615,2,,,2,55,Major,Other Safety Equipment Used,,,Crossing without right-of-way (intersection),Ability Impaired - Alcohol,,Driver going straight hits pedestrian crossing without right-of-way (at intersection),,,,pedestrian,,Spadina-Fort York (10),52 Division,Yonge-Bay Corridor,FALSE,FALSE,FALSE,FALSE,FALSE,FALSE,TRUE,FALSE,FALSE,FALSE,"{""coordinates"": [[-79.38169087155447, 43.651844179653615]], ""type"": ""MultiPoint""}"
4187,2008:1083156,2008-12-17T22:05:00,QUEEN ST W,BAY ST,,2,Non-Fatal Injury,,Traffic Signal,Pedestrian Collision(internal code),Clear,Dark,Dry,Major Arterial,FALSE,-79.38169087,43.651844179653615,1,Automobile or Station Wagon,West,1,44,None,Lap and Shoulder Belt,Driving properly,Normal,,,Going Ahead,,,,,driver,,Spadina-Fort York (10),52 Division,Yonge-Bay Corridor,FALSE,FALSE,FALSE,FALSE,FALSE,FALSE,TRUE,FALSE,FALSE,FALSE,"{""coordinates"": [[-79.38169087155447, 43.651844179653615]], ""type"": ""MultiPoint""}"
4188,2008:1083673,2008-12-22T17:10:00,SPADINA AVE,SULLIVAN ST,,3,Non-Fatal Injury,At Intersection,Traffic Signal,Pedestrian Collision(internal code),Snow,Dark,Loose Snow,Major Arterial,FALSE,-79.3971909,43.650844202819385,1,,,1,,,Other Safety Equipment Used,,,,,,,,,,owner,,Spadina-Fort York (10),52 Division,Kensington-Chinatown,FALSE,TRUE,FALSE,FALSE,FALSE,FALSE,TRUE,FALSE,FALSE,TRUE,"{""coordinates"": [[-79.39719090335964, 43.650844202819385]], ""type"": ""MultiPoint""}"
4189,2008:1083673,2008-12-22T17:10:00,SPADINA AVE,SULLIVAN ST,,3,Non-Fatal Injury,At Intersection,Traffic Signal,Pedestrian Collision(internal code),Snow,Dark,Loose Snow,Major Arterial,FALSE,-79.3971909,43.650844202819385,2,,West,3,49,Major,Other Safety Equipment Used,,,Crossing without right-of-way (intersection),Inattentive,,Transit vehicle driver hits pedestrian anywhere along roadway,,,,pedestrian,,Spadina-Fort York (10),52 Division,Kensington-Chinatown,FALSE,TRUE,FALSE,FALSE,FALSE,FALSE,TRUE,FALSE,FALSE,TRUE,"{""coordinates"": [[-79.39719090335964, 43.650844202819385]], ""type"": ""MultiPoint""}"
4190,2008:1083673,2008-12-22T17:10:00,SPADINA AVE,SULLIVAN ST,,3,Non-Fatal Injury,At Intersection,Traffic Signal,Pedestrian Collision(internal code),Snow,Dark,Loose Snow,Major Arterial,FALSE,-79.3971909,43.650844202819385,1,Municipal Transit Bus (TTC),North,2,45,None,Lap Belt Only,Driving properly,Normal,,,Going Ahead,,,,,driver,,Spadina-Fort York (10),52 Division,Kensington-Chinatown,FALSE,TRUE,FALSE,FALSE,FALSE,FALSE,TRUE,FALSE,FALSE,TRUE,"{""coordinates"": [[-79.39719090335964, 43.650844202819385]], ""type"": ""MultiPoint""}"
4191,2008:1077611,2008-12-24T16:50:00,YONGE ST,FINCH AVE W,,2,Non-Fatal Injury,At Intersection,,Pedestrian Collision(internal code),Other,Daylight,Other,Major Arterial,FALSE,-79.41559075,43.77974419714869,1,Automobile or Station Wagon,North,1,56,None,Other Safety Equipment Used,Failed to yield right-of-way,,,,Unknown,,,,,driver,,Willowdale (18),32 Division,Willowdale West,TRUE,FALSE,FALSE,FALSE,FALSE,FALSE,TRUE,FALSE,FALSE,FALSE,"{""coordinates"": [[-79.41559074622765, 43.77974419714869]], ""type"": ""MultiPoint""}"
4192,2008:1077611,2008-12-24T16:50:00,YONGE ST,FINCH AVE W,,2,Non-Fatal Injury,At Intersection,,Pedestrian Collision(internal code),Other,Daylight,Other,Major Arterial,FALSE,-79.41559075,43.77974419714869,2,,,2,,Major,Other Safety Equipment Used,,,,,Other,,,,,pedestrian,,Willowdale (18),32 Division,Willowdale West,TRUE,FALSE,FALSE,FALSE,FALSE,FALSE,TRUE,FALSE,FALSE,FALSE,"{""coordinates"": [[-79.41559074622765, 43.77974419714869]], ""type"": ""MultiPoint""}"
4193,2008:1084533,2008-12-26T12:05:00,VICTORIA PARK AVE,CASSANDRA BLVD,,2,Non-Fatal Injury,At Intersection,Traffic Signal,Rear End,Snow,Daylight,Slush,Major Arterial,FALSE,-79.3139906,43.75434407383043,1,Automobile or Station Wagon,North,1,20,None,Lap and Shoulder Belt,Following too closely,Normal,,,Going Ahead,,,,,driver,,Scarborough Centre (21),41 Division,Wexford/Maryvale,TRUE,FALSE,FALSE,FALSE,FALSE,FALSE,FALSE,FALSE,FALSE,FALSE,"{""coordinates"": [[-79.31399060392154, 43.75434407383043]], ""type"": ""MultiPoint""}"
4194,2008:1084533,2008-12-26T12:05:00,VICTORIA PARK AVE,CASSANDRA BLVD,,2,Non-Fatal Injury,At Intersection,Traffic Signal,Rear End,Snow,Daylight,Slush,Major Arterial,FALSE,-79.3139906,43.75434407383043,2,Automobile or Station Wagon,North,2,37,Major,Lap and Shoulder Belt,Driving properly,Normal,,,Turning Left,,,,,driver,,Scarborough Centre (21),41 Division,Wexford/Maryvale,TRUE,FALSE,FALSE,FALSE,FALSE,FALSE,FALSE,FALSE,FALSE,FALSE,"{""coordinates"": [[-79.31399060392154, 43.75434407383043]], ""type"": ""MultiPoint""}"
4195,2008:1084803,2008-12-29T09:20:00,FINCH AVE W,VIRGILWOOD DR,,3,Non-Fatal Injury,At Intersection,Traffic Signal,Pedestrian Collision(internal code),Clear,Daylight,Dry,Major Arterial,FALSE,-79.44819081,43.77284423745772,1,,,1,,,Other Safety Equipment Used,,,,,,,,,,owner,,York Centre (6),32 Division,Westminster-Branson,TRUE,FALSE,FALSE,FALSE,FALSE,FALSE,TRUE,FALSE,FALSE,FALSE,"{""coordinates"": [[-79.44819080749681, 43.77284423745772]], ""type"": ""MultiPoint""}"
4196,2008:1084803,2008-12-29T09:20:00,FINCH AVE W,VIRGILWOOD DR,,3,Non-Fatal Injury,At Intersection,Traffic Signal,Pedestrian Collision(internal code),Clear,Daylight,Dry,Major Arterial,FALSE,-79.44819081,43.77284423745772,2,,North,3,54,Major,No Equipment Available,,,Crossing with right-of-way (intersection),Normal,,Driver turns left into pedestrian crossing with right-of-way (at intersection),,,,pedestrian,,York Centre (6),32 Division,Westminster-Branson,TRUE,FALSE,FALSE,FALSE,FALSE,FALSE,TRUE,FALSE,FALSE,FALSE,"{""coordinates"": [[-79.44819080749681, 43.77284423745772]], ""type"": ""MultiPoint""}"
4197,2008:1084803,2008-12-29T09:20:00,FINCH AVE W,VIRGILWOOD DR,,3,Non-Fatal Injury,At Intersection,Traffic Signal,Pedestrian Collision(internal code),Clear,Daylight,Dry,Major Arterial,FALSE,-79.44819081,43.77284423745772,1,Automobile or Station Wagon,South,2,40,None,Other Safety Equipment Used,Failed to yield right-of-way,Normal,,,Turning Left,,,,,driver,,York Centre (6),32 Division,Westminster-Branson,TRUE,FALSE,FALSE,FALSE,FALSE,FALSE,TRUE,FALSE,FALSE,FALSE,"{""coordinates"": [[-79.44819080749681, 43.77284423745772]], ""type"": ""MultiPoint""}"
4198,2008:1078367,2008-12-31T00:52:00,DON VALLEY PARKWAY S,GERRARD ST E,,9,Non-Fatal Injury,,No Control,SMV Other,Snow,Dark,Loose Snow,,FALSE,-79.3561908,43.665344139813406,1,Automobile or Station Wagon,South,2,33,None,Other Safety Equipment Used,Driving properly,Normal,,,Going Ahead,,,,,driver,,Toronto-Danforth (14),55 Division,North Riverdale,TRUE,FALSE,FALSE,FALSE,FALSE,FALSE,FALSE,FALSE,FALSE,FALSE,"{""coordinates"": [[-79.35619080217711, 43.665344139813406]], ""type"": ""MultiPoint""}"
4199,2008:1078367,2008-12-31T00:52:00,DON VALLEY PARKWAY S,GERRARD ST E,,9,Non-Fatal Injury,,No Control,SMV Other,Snow,Dark,Loose Snow,,FALSE,-79.3561908,43.665344139813406,2,Automobile or Station Wagon,South,4,20,Minimal,Other Safety Equipment Used,Speed too fast for conditions,Normal,,,Going Ahead,,,,,driver,,Toronto-Danforth (14),55 Division,North Riverdale,TRUE,FALSE,FALSE,FALSE,FALSE,FALSE,FALSE,FALSE,FALSE,FALSE,"{""coordinates"": [[-79.35619080217711, 43.665344139813406]], ""type"": ""MultiPoint""}"
4200,2008:1078367,2008-12-31T00:52:00,DON VALLEY PARKWAY S,GERRARD ST E,,9,Non-Fatal Injury,,No Control,SMV Other,Snow,Dark,Loose Snow,,FALSE,-79.3561908,43.665344139813406,4,,,9,,None,Other Safety Equipment Used,,,,,,,,,,other,,Toronto-Danforth (14),55 Division,North Riverdale,TRUE,FALSE,FALSE,FALSE,FALSE,FALSE,FALSE,FALSE,FALSE,FALSE,"{""coordinates"": [[-79.35619080217711, 43.665344139813406]], ""type"": ""MultiPoint""}"
4201,2008:1078367,2008-12-31T00:52:00,DON VALLEY PARKWAY S,GERRARD ST E,,9,Non-Fatal Injury,,No Control,SMV Other,Snow,Dark,Loose Snow,,FALSE,-79.3561908,43.665344139813406,3,,,6,48,Minimal,Other Safety Equipment Used,,,,,,,,,,passenger,,Toronto-Danforth (14),55 Division,North Riverdale,TRUE,FALSE,FALSE,FALSE,FALSE,FALSE,FALSE,FALSE,FALSE,FALSE,"{""coordinates"": [[-79.35619080217711, 43.665344139813406]], ""type"": ""MultiPoint""}"
4202,2008:1078367,2008-12-31T00:52:00,DON VALLEY PARKWAY S,GERRARD ST E,,9,Non-Fatal Injury,,No Control,SMV Other,Snow,Dark,Loose Snow,,FALSE,-79.3561908,43.665344139813406,3,,,7,41,Major,Other Safety Equipment Used,,,,,,,,,,passenger,,Toronto-Danforth (14),55 Division,North Riverdale,TRUE,FALSE,FALSE,FALSE,FALSE,FALSE,FALSE,FALSE,FALSE,FALSE,"{""coordinates"": [[-79.35619080217711, 43.665344139813406]], ""type"": ""MultiPoint""}"