_id,collision_id,accdate,stname1,stname2,stname3,per_inv,acclass,accloc,traffictl,impactype,visible,light,rdsfcond,road_class,failtorem,longitude,latitude,veh_no,vehtype,initdir,per_no,invage,injury,safequip,drivact,drivcond,pedact,pedcond,manoeuvre,pedtype,cyclistype,cycact,cyccond,road_user,fatal_no,wardname,division,neighbourhood,aggressive,distracted,cyclist,motorcyclist,other_micromobility,older_adult,pedestrian,red_light,school_child,heavy_truck,geometry
4344,2009:1095466,2009-02-26T07:30:00,KENNEDY RD,401 C W KENNEDY S RAMP RD,,4,Non-Fatal Injury,At Intersection,Traffic Signal,Angle,Clear,Daylight,Dry,Major Arterial,FALSE,-79.28515954,43.776304040227245,2,Automobile or Station Wagon,West,4,58,Minor,Lap and Shoulder Belt,Lost control,Unknown,,,Going Ahead,,,,,driver,,Scarborough-Agincourt (22),42 Division,Agincourt South-Malvern West,FALSE,FALSE,FALSE,FALSE,FALSE,FALSE,FALSE,FALSE,FALSE,FALSE,"{""coordinates"": [[-79.28515953644754, 43.776304040227245]], ""type"": ""MultiPoint""}"
4345,2009:1095466,2009-02-26T07:30:00,KENNEDY RD,401 C W KENNEDY S RAMP RD,,4,Non-Fatal Injury,At Intersection,Traffic Signal,Angle,Clear,Daylight,Dry,Major Arterial,FALSE,-79.28515954,43.776304040227245,1,,,1,49,Major,Equipment Not Used But Available,,,,,,,,,,passenger,,Scarborough-Agincourt (22),42 Division,Agincourt South-Malvern West,FALSE,FALSE,FALSE,FALSE,FALSE,FALSE,FALSE,FALSE,FALSE,FALSE,"{""coordinates"": [[-79.28515953644754, 43.776304040227245]], ""type"": ""MultiPoint""}"
4346,2009:1095466,2009-02-26T07:30:00,KENNEDY RD,401 C W KENNEDY S RAMP RD,,4,Non-Fatal Injury,At Intersection,Traffic Signal,Angle,Clear,Daylight,Dry,Major Arterial,FALSE,-79.28515954,43.776304040227245,2,,,3,,,Other Safety Equipment Used,,,,,,,,,,owner,,Scarborough-Agincourt (22),42 Division,Agincourt South-Malvern West,FALSE,FALSE,FALSE,FALSE,FALSE,FALSE,FALSE,FALSE,FALSE,FALSE,"{""coordinates"": [[-79.28515953644754, 43.776304040227245]], ""type"": ""MultiPoint""}"
4347,2009:1095466,2009-02-26T07:30:00,KENNEDY RD,401 C W KENNEDY S RAMP RD,,4,Non-Fatal Injury,At Intersection,Traffic Signal,Angle,Clear,Daylight,Dry,Major Arterial,FALSE,-79.28515954,43.776304040227245,1,Automobile or Station Wagon,North,2,46,Minor,Lap and Shoulder Belt,Driving properly,Normal,,,Going Ahead,,,,,driver,,Scarborough-Agincourt (22),42 Division,Agincourt South-Malvern West,FALSE,FALSE,FALSE,FALSE,FALSE,FALSE,FALSE,FALSE,FALSE,FALSE,"{""coordinates"": [[-79.28515953644754, 43.776304040227245]], ""type"": ""MultiPoint""}"
4348,2009:1095752,2009-02-26T23:19:00,QUEEN ST E,LESLIE ST,,2,Non-Fatal Injury,,Traffic Signal,Pedestrian Collision(internal code),Clear,Dark,Dry,Minor Arterial,FALSE,-79.33019076,43.66324410240434,2,,,2,26,Major,No Equipment Available,,,Crossing with right-of-way (intersection),Normal,Other,Driver turns left into pedestrian crossing with right-of-way (at intersection),,,,pedestrian,,Toronto-Danforth (14),55 Division,Greenwood-Coxwell,TRUE,TRUE,FALSE,FALSE,FALSE,FALSE,TRUE,FALSE,FALSE,FALSE,"{""coordinates"": [[-79.33019075530156, 43.66324410240434]], ""type"": ""MultiPoint""}"
4349,2009:1095752,2009-02-26T23:19:00,QUEEN ST E,LESLIE ST,,2,Non-Fatal Injury,,Traffic Signal,Pedestrian Collision(internal code),Clear,Dark,Dry,Minor Arterial,FALSE,-79.33019076,43.66324410240434,1,Automobile or Station Wagon,West,1,37,None,Other Safety Equipment Used,Failed to yield right-of-way,Inattentive,,,Turning Left,,,,,driver,,Toronto-Danforth (14),55 Division,Greenwood-Coxwell,TRUE,TRUE,FALSE,FALSE,FALSE,FALSE,TRUE,FALSE,FALSE,FALSE,"{""coordinates"": [[-79.33019075530156, 43.66324410240434]], ""type"": ""MultiPoint""}"
4350,2009:1096124,2009-03-02T16:28:00,130 DORIS Ave,,,2,Non-Fatal Injury,,Pedestrian Crossover,Pedestrian Collision(internal code),Clear,Daylight,Dry,Minor Arterial,FALSE,-79.40910775,43.765768190836305,1,Automobile or Station Wagon,South,1,47,None,Lap and Shoulder Belt,Failed to yield right-of-way,Inattentive,,,Going Ahead,,,,,driver,,Willowdale (18),32 Division,Yonge-Doris,TRUE,TRUE,FALSE,FALSE,FALSE,FALSE,TRUE,FALSE,FALSE,FALSE,"{""coordinates"": [[-79.40910775102044, 43.765768190836305]], ""type"": ""MultiPoint""}"
4351,2009:1096124,2009-03-02T16:28:00,130 DORIS Ave,,,2,Non-Fatal Injury,,Pedestrian Crossover,Pedestrian Collision(internal code),Clear,Daylight,Dry,Minor Arterial,FALSE,-79.40910775,43.765768190836305,2,,East,2,38,Major,Other Safety Equipment Used,,,Crossing - pedestrian crossover,Normal,,Driver hits pedestrian at PXO/pedestrian midblock signal,,,,pedestrian,,Willowdale (18),32 Division,Yonge-Doris,TRUE,TRUE,FALSE,FALSE,FALSE,FALSE,TRUE,FALSE,FALSE,FALSE,"{""coordinates"": [[-79.40910775102044, 43.765768190836305]], ""type"": ""MultiPoint""}"
4352,2009:1092352,2009-03-03T10:42:00,RELMAR RD,LONSDALE RD,,3,Non-Fatal Injury,At Intersection,Stop Sign,Pedestrian Collision(internal code),Clear,Daylight,Dry,Local,FALSE,-79.41389088,43.68834421654933,2,,,3,88,Major,Other Safety Equipment Used,,,Crossing with right-of-way (intersection),Normal,Other,Driver turns left into pedestrian crossing with right-of-way (at intersection),,,,pedestrian,,Toronto-St. Paul's (12),13 Division,Forest Hill South,TRUE,TRUE,FALSE,FALSE,FALSE,TRUE,TRUE,FALSE,FALSE,FALSE,"{""coordinates"": [[-79.41389087564228, 43.68834421654933]], ""type"": ""MultiPoint""}"
4353,2009:1092352,2009-03-03T10:42:00,RELMAR RD,LONSDALE RD,,3,Non-Fatal Injury,At Intersection,Stop Sign,Pedestrian Collision(internal code),Clear,Daylight,Dry,Local,FALSE,-79.41389088,43.68834421654933,1,,,1,,,Other Safety Equipment Used,,,,,,,,,,owner,,Toronto-St. Paul's (12),13 Division,Forest Hill South,TRUE,TRUE,FALSE,FALSE,FALSE,TRUE,TRUE,FALSE,FALSE,FALSE,"{""coordinates"": [[-79.41389087564228, 43.68834421654933]], ""type"": ""MultiPoint""}"
4354,2009:1092352,2009-03-03T10:42:00,RELMAR RD,LONSDALE RD,,3,Non-Fatal Injury,At Intersection,Stop Sign,Pedestrian Collision(internal code),Clear,Daylight,Dry,Local,FALSE,-79.41389088,43.68834421654933,1,Automobile or Station Wagon,South,2,48,None,Lap and Shoulder Belt,Disobeyed traffic control,Inattentive,,,Turning Left,,,,,driver,,Toronto-St. Paul's (12),13 Division,Forest Hill South,TRUE,TRUE,FALSE,FALSE,FALSE,TRUE,TRUE,FALSE,FALSE,FALSE,"{""coordinates"": [[-79.41389087564228, 43.68834421654933]], ""type"": ""MultiPoint""}"
4355,2009:1097606,2009-03-03T18:50:00,SHEPPARD AVE E,GLEN WATFORD DR,,3,Non-Fatal Injury,,No Control,Rear End,Clear,Dawn,Dry,Major Arterial,FALSE,-79.27299051,43.786644026807714,2,Automobile or Station Wagon,West,3,49,None,Other Safety Equipment Used,Driving properly,Normal,,,Going Ahead,,,,,driver,,Scarborough North (23),42 Division,Agincourt South-Malvern West,TRUE,FALSE,FALSE,FALSE,FALSE,FALSE,FALSE,FALSE,FALSE,FALSE,"{""coordinates"": [[-79.27299050776946, 43.786644026807714]], ""type"": ""MultiPoint""}"
4356,2009:1097606,2009-03-03T18:50:00,SHEPPARD AVE E,GLEN WATFORD DR,,3,Non-Fatal Injury,,No Control,Rear End,Clear,Dawn,Dry,Major Arterial,FALSE,-79.27299051,43.786644026807714,1,,,1,,,Other Safety Equipment Used,,,,,,,,,,owner,,Scarborough North (23),42 Division,Agincourt South-Malvern West,TRUE,FALSE,FALSE,FALSE,FALSE,FALSE,FALSE,FALSE,FALSE,FALSE,"{""coordinates"": [[-79.27299050776946, 43.786644026807714]], ""type"": ""MultiPoint""}"
4357,2009:1097606,2009-03-03T18:50:00,SHEPPARD AVE E,GLEN WATFORD DR,,3,Non-Fatal Injury,,No Control,Rear End,Clear,Dawn,Dry,Major Arterial,FALSE,-79.27299051,43.786644026807714,1,Pickup Truck,West,2,60,Major,Equipment Not Used But Available,Following too closely,Unknown,,,Going Ahead,,,,,driver,,Scarborough North (23),42 Division,Agincourt South-Malvern West,TRUE,FALSE,FALSE,FALSE,FALSE,FALSE,FALSE,FALSE,FALSE,FALSE,"{""coordinates"": [[-79.27299050776946, 43.786644026807714]], ""type"": ""MultiPoint""}"
4358,2009:1092623,2009-03-04T08:04:00,NEILSON Rd,MCLEVIN Ave,,2,Non-Fatal Injury,At Intersection,No Control,Pedestrian Collision(internal code),Clear,Daylight,Dry,Minor Arterial,FALSE,-79.22069041,43.808643975158375,2,,West,2,75,Major,Other Safety Equipment Used,,,Crossing - no traffic control,Normal,,Driver hits pedestrian at midblock,,,,pedestrian,,Scarborough North (23),42 Division,Malvern West,FALSE,FALSE,FALSE,FALSE,FALSE,TRUE,TRUE,FALSE,FALSE,FALSE,"{""coordinates"": [[-79.22069041468596, 43.808643975158375]], ""type"": ""MultiPoint""}"
4359,2009:1092623,2009-03-04T08:04:00,NEILSON Rd,MCLEVIN Ave,,2,Non-Fatal Injury,At Intersection,No Control,Pedestrian Collision(internal code),Clear,Daylight,Dry,Minor Arterial,FALSE,-79.22069041,43.808643975158375,1,Automobile or Station Wagon,South,1,36,None,Other Safety Equipment Used,Driving properly,Normal,,,Slowing or Stopping,,,,,driver,,Scarborough North (23),42 Division,Malvern West,FALSE,FALSE,FALSE,FALSE,FALSE,TRUE,TRUE,FALSE,FALSE,FALSE,"{""coordinates"": [[-79.22069041468596, 43.808643975158375]], ""type"": ""MultiPoint""}"
4360,2009:1092885,2009-03-04T21:41:00,MAIN Stre,DANFORTH Aven,,6,Non-Fatal Injury,,,Other,Other,Dark,Other,Major Arterial,FALSE,-79.30179067,43.68814406,2,Automobile or Station Wagon,,6,52,Minor,Other Safety Equipment Used,,,,,Unknown,,,,,driver,,Beaches-East York (19),55 Division,East End-Danforth,FALSE,FALSE,FALSE,FALSE,FALSE,FALSE,FALSE,FALSE,FALSE,FALSE,"{""coordinates"": [[-79.30179066821337, 43.6881440603654]], ""type"": ""MultiPoint""}"
4361,2009:1092885,2009-03-04T21:41:00,MAIN Stre,DANFORTH Aven,,6,Non-Fatal Injury,,,Other,Other,Dark,Other,Major Arterial,FALSE,-79.30179067,43.68814406,2,,,3,,Major,Other Safety Equipment Used,,,,,Other,,,,,passenger,,Beaches-East York (19),55 Division,East End-Danforth,FALSE,FALSE,FALSE,FALSE,FALSE,FALSE,FALSE,FALSE,FALSE,FALSE,"{""coordinates"": [[-79.30179066821337, 43.6881440603654]], ""type"": ""MultiPoint""}"
4362,2009:1092885,2009-03-04T21:41:00,MAIN Stre,DANFORTH Aven,,6,Non-Fatal Injury,,,Other,Other,Dark,Other,Major Arterial,FALSE,-79.30179067,43.68814406,1,,,2,,None,Other Safety Equipment Used,,,,,Unknown,,,,,driver,,Beaches-East York (19),55 Division,East End-Danforth,FALSE,FALSE,FALSE,FALSE,FALSE,FALSE,FALSE,FALSE,FALSE,FALSE,"{""coordinates"": [[-79.30179066821337, 43.6881440603654]], ""type"": ""MultiPoint""}"
4363,2009:1092885,2009-03-04T21:41:00,MAIN Stre,DANFORTH Aven,,6,Non-Fatal Injury,,,Other,Other,Dark,Other,Major Arterial,FALSE,-79.30179067,43.68814406,1,,,1,,None,Other Safety Equipment Used,,,,,Other,,,,,owner,,Beaches-East York (19),55 Division,East End-Danforth,FALSE,FALSE,FALSE,FALSE,FALSE,FALSE,FALSE,FALSE,FALSE,FALSE,"{""coordinates"": [[-79.30179066821337, 43.6881440603654]], ""type"": ""MultiPoint""}"
4364,2009:1092885,2009-03-04T21:41:00,MAIN Stre,DANFORTH Aven,,6,Non-Fatal Injury,,,Other,Other,Dark,Other,Major Arterial,FALSE,-79.30179067,43.68814406,2,,,4,,Minor,Other Safety Equipment Used,,,,,Other,,,,,passenger,,Beaches-East York (19),55 Division,East End-Danforth,FALSE,FALSE,FALSE,FALSE,FALSE,FALSE,FALSE,FALSE,FALSE,FALSE,"{""coordinates"": [[-79.30179066821337, 43.6881440603654]], ""type"": ""MultiPoint""}"
4365,2009:1092885,2009-03-04T21:41:00,MAIN Stre,DANFORTH Aven,,6,Non-Fatal Injury,,,Other,Other,Dark,Other,Major Arterial,FALSE,-79.30179067,43.68814406,2,,,5,,None,Other Safety Equipment Used,,,,,Other,,,,,owner,,Beaches-East York (19),55 Division,East End-Danforth,FALSE,FALSE,FALSE,FALSE,FALSE,FALSE,FALSE,FALSE,FALSE,FALSE,"{""coordinates"": [[-79.30179066821337, 43.6881440603654]], ""type"": ""MultiPoint""}"
4366,2009:1092886,2009-03-04T21:41:00,DANFORTH Aven,MAIN Stre,,7,Non-Fatal Injury,,,Other,Other,Dark,Other,Major Arterial,FALSE,-79.30179067,43.68814406,1,,,2,,None,Other Safety Equipment Used,,,,,Unknown,,,,,driver,,Beaches-East York (19),55 Division,East End-Danforth,FALSE,FALSE,FALSE,FALSE,FALSE,FALSE,FALSE,FALSE,FALSE,FALSE,"{""coordinates"": [[-79.30179066821337, 43.6881440603654]], ""type"": ""MultiPoint""}"
4367,2009:1092886,2009-03-04T21:41:00,DANFORTH Aven,MAIN Stre,,7,Non-Fatal Injury,,,Other,Other,Dark,Other,Major Arterial,FALSE,-79.30179067,43.68814406,2,,,4,,Minor,Other Safety Equipment Used,,,,,Other,,,,,passenger,,Beaches-East York (19),55 Division,East End-Danforth,FALSE,FALSE,FALSE,FALSE,FALSE,FALSE,FALSE,FALSE,FALSE,FALSE,"{""coordinates"": [[-79.30179066821337, 43.6881440603654]], ""type"": ""MultiPoint""}"
4368,2009:1092886,2009-03-04T21:41:00,DANFORTH Aven,MAIN Stre,,7,Non-Fatal Injury,,,Other,Other,Dark,Other,Major Arterial,FALSE,-79.30179067,43.68814406,2,Automobile or Station Wagon,,6,52,Minor,Other Safety Equipment Used,,,,,Unknown,,,,,driver,,Beaches-East York (19),55 Division,East End-Danforth,FALSE,FALSE,FALSE,FALSE,FALSE,FALSE,FALSE,FALSE,FALSE,FALSE,"{""coordinates"": [[-79.30179066821337, 43.6881440603654]], ""type"": ""MultiPoint""}"
4369,2009:1092886,2009-03-04T21:41:00,DANFORTH Aven,MAIN Stre,,7,Non-Fatal Injury,,,Other,Other,Dark,Other,Major Arterial,FALSE,-79.30179067,43.68814406,1,,,1,,None,Other Safety Equipment Used,,,,,Other,,,,,owner,,Beaches-East York (19),55 Division,East End-Danforth,FALSE,FALSE,FALSE,FALSE,FALSE,FALSE,FALSE,FALSE,FALSE,FALSE,"{""coordinates"": [[-79.30179066821337, 43.6881440603654]], ""type"": ""MultiPoint""}"
4370,2009:1092886,2009-03-04T21:41:00,DANFORTH Aven,MAIN Stre,,7,Non-Fatal Injury,,,Other,Other,Dark,Other,Major Arterial,FALSE,-79.30179067,43.68814406,2,,,3,,Major,Other Safety Equipment Used,,,,,Other,,,,,passenger,,Beaches-East York (19),55 Division,East End-Danforth,FALSE,FALSE,FALSE,FALSE,FALSE,FALSE,FALSE,FALSE,FALSE,FALSE,"{""coordinates"": [[-79.30179066821337, 43.6881440603654]], ""type"": ""MultiPoint""}"
4371,2009:1093205,2009-03-07T04:20:00,F G GARDINER XY Expr W,PARKSIDE DR,,11,Non-Fatal Injury,,No Control,Rear End,Clear,Dark,Dry,,FALSE,-79.44239102,43.63634427494871,2,Automobile or Station Wagon,West,8,27,Major,Lap and Shoulder Belt,Following too closely,Normal,,,Stopped,,,,,driver,,Parkdale-High Park (4),14 Division,South Parkdale,TRUE,FALSE,FALSE,FALSE,FALSE,FALSE,FALSE,FALSE,FALSE,FALSE,"{""coordinates"": [[-79.44239101611421, 43.63634427494871]], ""type"": ""MultiPoint""}"
4372,2009:1093205,2009-03-07T04:20:00,F G GARDINER XY Expr W,PARKSIDE DR,,11,Non-Fatal Injury,,No Control,Rear End,Clear,Dark,Dry,,FALSE,-79.44239102,43.63634427494871,3,Automobile or Station Wagon,West,9,26,None,Lap and Shoulder Belt,Driving properly,Normal,,,Stopped,,,,,driver,,Parkdale-High Park (4),14 Division,South Parkdale,TRUE,FALSE,FALSE,FALSE,FALSE,FALSE,FALSE,FALSE,FALSE,FALSE,"{""coordinates"": [[-79.44239101611421, 43.63634427494871]], ""type"": ""MultiPoint""}"
4373,2009:1093205,2009-03-07T04:20:00,F G GARDINER XY Expr W,PARKSIDE DR,,11,Non-Fatal Injury,,No Control,Rear End,Clear,Dark,Dry,,FALSE,-79.44239102,43.63634427494871,4,Automobile or Station Wagon,West,11,45,None,Lap and Shoulder Belt,Following too closely,Normal,,,Going Ahead,,,,,driver,,Parkdale-High Park (4),14 Division,South Parkdale,TRUE,FALSE,FALSE,FALSE,FALSE,FALSE,FALSE,FALSE,FALSE,FALSE,"{""coordinates"": [[-79.44239101611421, 43.63634427494871]], ""type"": ""MultiPoint""}"
4374,2009:1093205,2009-03-07T04:20:00,F G GARDINER XY Expr W,PARKSIDE DR,,11,Non-Fatal Injury,,No Control,Rear End,Clear,Dark,Dry,,FALSE,-79.44239102,43.63634427494871,1,,,1,,,Other Safety Equipment Used,,,,,,,,,,owner,,Parkdale-High Park (4),14 Division,South Parkdale,TRUE,FALSE,FALSE,FALSE,FALSE,FALSE,FALSE,FALSE,FALSE,FALSE,"{""coordinates"": [[-79.44239101611421, 43.63634427494871]], ""type"": ""MultiPoint""}"
4375,2009:1093205,2009-03-07T04:20:00,F G GARDINER XY Expr W,PARKSIDE DR,,11,Non-Fatal Injury,,No Control,Rear End,Clear,Dark,Dry,,FALSE,-79.44239102,43.63634427494871,1,,,4,31,Minimal,Lap and Shoulder Belt,,,,,,,,,,passenger,,Parkdale-High Park (4),14 Division,South Parkdale,TRUE,FALSE,FALSE,FALSE,FALSE,FALSE,FALSE,FALSE,FALSE,FALSE,"{""coordinates"": [[-79.44239101611421, 43.63634427494871]], ""type"": ""MultiPoint""}"
4376,2009:1093205,2009-03-07T04:20:00,F G GARDINER XY Expr W,PARKSIDE DR,,11,Non-Fatal Injury,,No Control,Rear End,Clear,Dark,Dry,,FALSE,-79.44239102,43.63634427494871,2,,,7,27,Minor,Lap and Shoulder Belt,,,,,,,,,,passenger,,Parkdale-High Park (4),14 Division,South Parkdale,TRUE,FALSE,FALSE,FALSE,FALSE,FALSE,FALSE,FALSE,FALSE,FALSE,"{""coordinates"": [[-79.44239101611421, 43.63634427494871]], ""type"": ""MultiPoint""}"
4377,2009:1093205,2009-03-07T04:20:00,F G GARDINER XY Expr W,PARKSIDE DR,,11,Non-Fatal Injury,,No Control,Rear End,Clear,Dark,Dry,,FALSE,-79.44239102,43.63634427494871,1,,,3,26,Minimal,Lap and Shoulder Belt,,,,,,,,,,passenger,,Parkdale-High Park (4),14 Division,South Parkdale,TRUE,FALSE,FALSE,FALSE,FALSE,FALSE,FALSE,FALSE,FALSE,FALSE,"{""coordinates"": [[-79.44239101611421, 43.63634427494871]], ""type"": ""MultiPoint""}"
4378,2009:1093205,2009-03-07T04:20:00,F G GARDINER XY Expr W,PARKSIDE DR,,11,Non-Fatal Injury,,No Control,Rear End,Clear,Dark,Dry,,FALSE,-79.44239102,43.63634427494871,2,,,6,27,None,Lap and Shoulder Belt,,,,,,,,,,passenger,,Parkdale-High Park (4),14 Division,South Parkdale,TRUE,FALSE,FALSE,FALSE,FALSE,FALSE,FALSE,FALSE,FALSE,FALSE,"{""coordinates"": [[-79.44239101611421, 43.63634427494871]], ""type"": ""MultiPoint""}"
4379,2009:1093205,2009-03-07T04:20:00,F G GARDINER XY Expr W,PARKSIDE DR,,11,Non-Fatal Injury,,No Control,Rear End,Clear,Dark,Dry,,FALSE,-79.44239102,43.63634427494871,1,Automobile or Station Wagon,West,5,33,None,Lap and Shoulder Belt,Driving properly,Normal,,,Stopped,,,,,driver,,Parkdale-High Park (4),14 Division,South Parkdale,TRUE,FALSE,FALSE,FALSE,FALSE,FALSE,FALSE,FALSE,FALSE,FALSE,"{""coordinates"": [[-79.44239101611421, 43.63634427494871]], ""type"": ""MultiPoint""}"
4380,2009:1093205,2009-03-07T04:20:00,F G GARDINER XY Expr W,PARKSIDE DR,,11,Non-Fatal Injury,,No Control,Rear End,Clear,Dark,Dry,,FALSE,-79.44239102,43.63634427494871,4,,,10,,,Other Safety Equipment Used,,,,,,,,,,owner,,Parkdale-High Park (4),14 Division,South Parkdale,TRUE,FALSE,FALSE,FALSE,FALSE,FALSE,FALSE,FALSE,FALSE,FALSE,"{""coordinates"": [[-79.44239101611421, 43.63634427494871]], ""type"": ""MultiPoint""}"
4381,2009:1093205,2009-03-07T04:20:00,F G GARDINER XY Expr W,PARKSIDE DR,,11,Non-Fatal Injury,,No Control,Rear End,Clear,Dark,Dry,,FALSE,-79.44239102,43.63634427494871,1,,,2,30,Minimal,Lap and Shoulder Belt,,,,,,,,,,passenger,,Parkdale-High Park (4),14 Division,South Parkdale,TRUE,FALSE,FALSE,FALSE,FALSE,FALSE,FALSE,FALSE,FALSE,FALSE,"{""coordinates"": [[-79.44239101611421, 43.63634427494871]], ""type"": ""MultiPoint""}"
4382,2009:1093141,2009-03-07T04:40:00,WILLIAM R ALLEN RD,TRANSIT RD,,2,Fatal Injury,At Intersection,Traffic Signal,SMV Other,Clear,Dark,Wet,Major Arterial,FALSE,-79.45429086,43.74184425213027,1,Automobile or Station Wagon,North,2,23,Fatal,Lap and Shoulder Belt,Lost control,Unknown,,,Going Ahead,,,,,driver,5,York Centre (6),32 Division,Clanton Park,FALSE,FALSE,FALSE,FALSE,FALSE,FALSE,FALSE,FALSE,FALSE,FALSE,"{""coordinates"": [[-79.45429085857938, 43.74184425213027]], ""type"": ""MultiPoint""}"
4383,2009:1093141,2009-03-07T04:40:00,WILLIAM R ALLEN RD,TRANSIT RD,,2,Fatal Injury,At Intersection,Traffic Signal,SMV Other,Clear,Dark,Wet,Major Arterial,FALSE,-79.45429086,43.74184425213027,1,,,1,,,Other Safety Equipment Used,,,,,,,,,,owner,,York Centre (6),32 Division,Clanton Park,FALSE,FALSE,FALSE,FALSE,FALSE,FALSE,FALSE,FALSE,FALSE,FALSE,"{""coordinates"": [[-79.45429085857938, 43.74184425213027]], ""type"": ""MultiPoint""}"
4384,2009:1096493,2009-03-07T13:18:00,ROGERS RD,NORTHCLIFFE BLVD,,2,Non-Fatal Injury,,No Control,Pedestrian Collision(internal code),Rain,Daylight,Wet,Minor Arterial,FALSE,-79.44329093,43.68614425830808,1,Automobile or Station Wagon,East,1,30,None,Lap and Shoulder Belt,Driving properly,Normal,,,Going Ahead,,,,,driver,,Davenport (9),13 Division,Oakwood Village,FALSE,TRUE,FALSE,FALSE,FALSE,FALSE,TRUE,FALSE,TRUE,FALSE,"{""coordinates"": [[-79.44329093382677, 43.68614425830808]], ""type"": ""MultiPoint""}"
4385,2009:1096493,2009-03-07T13:18:00,ROGERS RD,NORTHCLIFFE BLVD,,2,Non-Fatal Injury,,No Control,Pedestrian Collision(internal code),Rain,Daylight,Wet,Minor Arterial,FALSE,-79.44329093,43.68614425830808,2,,,2,13,Major,Other Safety Equipment Used,,,Coming from behind parked vehicle or object,Inattentive,Other,Driver hits pedestrian walking or running out from between parked vehicles (at midblock),,,,pedestrian,,Davenport (9),13 Division,Oakwood Village,FALSE,TRUE,FALSE,FALSE,FALSE,FALSE,TRUE,FALSE,TRUE,FALSE,"{""coordinates"": [[-79.44329093382677, 43.68614425830808]], ""type"": ""MultiPoint""}"
4386,2009:1093202,2009-03-08T00:12:00,BROWNS LINE Line,HORNER AVE,,5,Non-Fatal Injury,,Traffic Signal,Rear End,Rain,Dark,Wet,Major Arterial,FALSE,-79.54519125,43.60164443715563,2,,,2,,,Other Safety Equipment Used,,,,,,,,,,owner,,Etobicoke-Lakeshore (3),22 Division,Alderwood,TRUE,FALSE,FALSE,FALSE,FALSE,FALSE,FALSE,FALSE,FALSE,TRUE,"{""coordinates"": [[-79.54519125469999, 43.60164443715563]], ""type"": ""MultiPoint""}"
4387,2009:1093202,2009-03-08T00:12:00,BROWNS LINE Line,HORNER AVE,,5,Non-Fatal Injury,,Traffic Signal,Rear End,Rain,Dark,Wet,Major Arterial,FALSE,-79.54519125,43.60164443715563,3,,,3,,Minimal,Other Safety Equipment Used,,,,,,,,,,passenger,,Etobicoke-Lakeshore (3),22 Division,Alderwood,TRUE,FALSE,FALSE,FALSE,FALSE,FALSE,FALSE,FALSE,FALSE,TRUE,"{""coordinates"": [[-79.54519125469999, 43.60164443715563]], ""type"": ""MultiPoint""}"
4388,2009:1093202,2009-03-08T00:12:00,BROWNS LINE Line,HORNER AVE,,5,Non-Fatal Injury,,Traffic Signal,Rear End,Rain,Dark,Wet,Major Arterial,FALSE,-79.54519125,43.60164443715563,3,,,4,,,Other Safety Equipment Used,,,,,,,,,,owner,,Etobicoke-Lakeshore (3),22 Division,Alderwood,TRUE,FALSE,FALSE,FALSE,FALSE,FALSE,FALSE,FALSE,FALSE,TRUE,"{""coordinates"": [[-79.54519125469999, 43.60164443715563]], ""type"": ""MultiPoint""}"
4389,2009:1093202,2009-03-08T00:12:00,BROWNS LINE Line,HORNER AVE,,5,Non-Fatal Injury,,Traffic Signal,Rear End,Rain,Dark,Wet,Major Arterial,FALSE,-79.54519125,43.60164443715563,1,Automobile or Station Wagon,South,1,51,Major,Equipment Not Used But Available,Following too closely,Ability Impaired - Alcohol,,,Going Ahead,,,,,driver,,Etobicoke-Lakeshore (3),22 Division,Alderwood,TRUE,FALSE,FALSE,FALSE,FALSE,FALSE,FALSE,FALSE,FALSE,TRUE,"{""coordinates"": [[-79.54519125469999, 43.60164443715563]], ""type"": ""MultiPoint""}"
4390,2009:1137499,2009-10-25T01:16:00,DUFFERIN ST,ASCOT AVE,,9,Non-Fatal Injury,,Stop Sign,Approaching Head On,Clear,Dark,Dry,Major Arterial,FALSE,-79.44419094,43.680644261566506,3,,,4,16,Minor,Lap and Shoulder Belt,,,,,,,,,,passenger,,Davenport (9),13 Division,Corso Italia-Davenport,TRUE,FALSE,FALSE,FALSE,FALSE,FALSE,FALSE,FALSE,TRUE,FALSE,"{""coordinates"": [[-79.44419094479895, 43.680644261566506]], ""type"": ""MultiPoint""}"
4391,2009:1093202,2009-03-08T00:12:00,BROWNS LINE Line,HORNER AVE,,5,Non-Fatal Injury,,Traffic Signal,Rear End,Rain,Dark,Wet,Major Arterial,FALSE,-79.54519125,43.60164443715563,3,Municipal Transit Bus (TTC),South,5,39,None,Lap and Shoulder Belt,Driving properly,Normal,,,Stopped,,,,,driver,,Etobicoke-Lakeshore (3),22 Division,Alderwood,TRUE,FALSE,FALSE,FALSE,FALSE,FALSE,FALSE,FALSE,FALSE,TRUE,"{""coordinates"": [[-79.54519125469999, 43.60164443715563]], ""type"": ""MultiPoint""}"
4392,2009:1105663,2009-03-08T00:15:00,DUNDAS ST W,MC CAUL ST,,4,Non-Fatal Injury,At Intersection,Traffic Signal,Rear End,Clear,Dark,Wet,Major Arterial,FALSE,-79.39149089,43.65434419353677,1,Automobile or Station Wagon,West,2,24,Minimal,Lap and Shoulder Belt,Driving properly,Normal,,,Stopped,,,,,driver,,University-Rosedale (11),52 Division,Kensington-Chinatown,TRUE,TRUE,FALSE,FALSE,FALSE,FALSE,FALSE,FALSE,FALSE,FALSE,"{""coordinates"": [[-79.39149088680242, 43.65434419353677]], ""type"": ""MultiPoint""}"
4393,2009:1105663,2009-03-08T00:15:00,DUNDAS ST W,MC CAUL ST,,4,Non-Fatal Injury,At Intersection,Traffic Signal,Rear End,Clear,Dark,Wet,Major Arterial,FALSE,-79.39149089,43.65434419353677,1,,,1,23,Minimal,Lap and Shoulder Belt,,,,,,,,,,passenger,,University-Rosedale (11),52 Division,Kensington-Chinatown,TRUE,TRUE,FALSE,FALSE,FALSE,FALSE,FALSE,FALSE,FALSE,FALSE,"{""coordinates"": [[-79.39149088680242, 43.65434419353677]], ""type"": ""MultiPoint""}"
4394,2009:1105663,2009-03-08T00:15:00,DUNDAS ST W,MC CAUL ST,,4,Non-Fatal Injury,At Intersection,Traffic Signal,Rear End,Clear,Dark,Wet,Major Arterial,FALSE,-79.39149089,43.65434419353677,2,Automobile or Station Wagon,West,4,58,Major,Lap and Shoulder Belt,Following too closely,Inattentive,,,Slowing or Stopping,,,,,driver,,University-Rosedale (11),52 Division,Kensington-Chinatown,TRUE,TRUE,FALSE,FALSE,FALSE,FALSE,FALSE,FALSE,FALSE,FALSE,"{""coordinates"": [[-79.39149088680242, 43.65434419353677]], ""type"": ""MultiPoint""}"