_id,collision_id,accdate,stname1,stname2,stname3,per_inv,acclass,accloc,traffictl,impactype,visible,light,rdsfcond,road_class,failtorem,longitude,latitude,veh_no,vehtype,initdir,per_no,invage,injury,safequip,drivact,drivcond,pedact,pedcond,manoeuvre,pedtype,cyclistype,cycact,cyccond,road_user,fatal_no,wardname,division,neighbourhood,aggressive,distracted,cyclist,motorcyclist,other_micromobility,older_adult,pedestrian,red_light,school_child,heavy_truck,geometry
4395,2009:1105663,2009-03-08T00:15:00,DUNDAS ST W,MC CAUL ST,,4,Non-Fatal Injury,At Intersection,Traffic Signal,Rear End,Clear,Dark,Wet,Major Arterial,FALSE,-79.39149089,43.65434419353677,2,,,3,,,Other Safety Equipment Used,,,,,,,,,,owner,,University-Rosedale (11),52 Division,Kensington-Chinatown,TRUE,TRUE,FALSE,FALSE,FALSE,FALSE,FALSE,FALSE,FALSE,FALSE,"{""coordinates"": [[-79.39149088680242, 43.65434419353677]], ""type"": ""MultiPoint""}"
4396,2009:1093203,2009-03-08T03:50:00,HILL CRES,HEATHFIELD DR,,3,Fatal Injury,,No Control,SMV Other,Rain,Dark,Wet,Collector,FALSE,-79.21059046,43.73784395100717,2,,,2,23,Fatal,Other Safety Equipment Used,,,,,,,,,,passenger,6,Scarborough-Guildwood (24),43 Division,Scarborough Village,TRUE,FALSE,FALSE,FALSE,FALSE,FALSE,FALSE,FALSE,FALSE,FALSE,"{""coordinates"": [[-79.21059045711678, 43.73784395100717]], ""type"": ""MultiPoint""}"
4397,2009:1093203,2009-03-08T03:50:00,HILL CRES,HEATHFIELD DR,,3,Fatal Injury,,No Control,SMV Other,Rain,Dark,Wet,Collector,FALSE,-79.21059046,43.73784395100717,2,Automobile or Station Wagon,East,3,22,Major,Other Safety Equipment Used,Exceeding speed limit,Ability Impaired - Alcohol Over .08,,,Going Ahead,,,,,driver,,Scarborough-Guildwood (24),43 Division,Scarborough Village,TRUE,FALSE,FALSE,FALSE,FALSE,FALSE,FALSE,FALSE,FALSE,FALSE,"{""coordinates"": [[-79.21059045711678, 43.73784395100717]], ""type"": ""MultiPoint""}"
4398,2009:1093203,2009-03-08T03:50:00,HILL CRES,HEATHFIELD DR,,3,Fatal Injury,,No Control,SMV Other,Rain,Dark,Wet,Collector,FALSE,-79.21059046,43.73784395100717,1,,North,1,,None,Other Safety Equipment Used,,,,,Parked,,,,,other,,Scarborough-Guildwood (24),43 Division,Scarborough Village,TRUE,FALSE,FALSE,FALSE,FALSE,FALSE,FALSE,FALSE,FALSE,FALSE,"{""coordinates"": [[-79.21059045711678, 43.73784395100717]], ""type"": ""MultiPoint""}"
4399,2009:1097106,2009-03-10T11:56:00,GERRARD St E,CARLAW Ave,,2,Non-Fatal Injury,,No Control,Cyclist Collision,Clear,Daylight,Dry,Minor Arterial,FALSE,-79.34338777,43.66744412101881,1,Automobile or Station Wagon,West,1,52,None,Lap and Shoulder Belt,Other,Inattentive,,,Parked,,,,,driver,,Toronto-Danforth (14),55 Division,South Riverdale,FALSE,TRUE,TRUE,FALSE,FALSE,FALSE,FALSE,FALSE,FALSE,FALSE,"{""coordinates"": [[-79.34338777468305, 43.66744412101881]], ""type"": ""MultiPoint""}"
4400,2009:1097106,2009-03-10T11:56:00,GERRARD St E,CARLAW Ave,,2,Non-Fatal Injury,,No Control,Cyclist Collision,Clear,Daylight,Dry,Minor Arterial,FALSE,-79.34338777,43.66744412101881,2,Bicycle,West,2,49,Major,Child Safety Seat Used Correctly,,,,,Going Ahead,,Dooring,Driving Properly,Normal,cyclist,,Toronto-Danforth (14),55 Division,South Riverdale,FALSE,TRUE,TRUE,FALSE,FALSE,FALSE,FALSE,FALSE,FALSE,FALSE,"{""coordinates"": [[-79.34338777468305, 43.66744412101881]], ""type"": ""MultiPoint""}"
4401,2009:1097142,2009-03-10T20:51:00,SHEPPARD Aven E,PROGRESS Aven,,2,Non-Fatal Injury,At Intersection,Traffic Signal,Pedestrian Collision(internal code),Rain,Dark,Wet,Major Arterial,FALSE,-79.23489044,43.79464398613064,1,Automobile or Station Wagon,North,1,18,None,Other Safety Equipment Used,Failed to yield right-of-way,Inattentive,,,Turning Left,,,,,driver,,Scarborough North (23),42 Division,Malvern East,TRUE,TRUE,FALSE,FALSE,FALSE,FALSE,TRUE,FALSE,TRUE,FALSE,"{""coordinates"": [[-79.23489044405633, 43.79464398613064]], ""type"": ""MultiPoint""}"
4402,2009:1097142,2009-03-10T20:51:00,SHEPPARD Aven E,PROGRESS Aven,,2,Non-Fatal Injury,At Intersection,Traffic Signal,Pedestrian Collision(internal code),Rain,Dark,Wet,Major Arterial,FALSE,-79.23489044,43.79464398613064,2,,South,2,47,Major,Other Safety Equipment Used,,,Crossing with right-of-way (intersection),Normal,,Driver turns left into pedestrian crossing with right-of-way (at intersection),,,,pedestrian,,Scarborough North (23),42 Division,Malvern East,TRUE,TRUE,FALSE,FALSE,FALSE,FALSE,TRUE,FALSE,TRUE,FALSE,"{""coordinates"": [[-79.23489044405633, 43.79464398613064]], ""type"": ""MultiPoint""}"
4403,2009:1093819,2009-03-11T06:52:00,STEELES AVE W,PINE VALLEY DR,,3,Fatal Injury,At Intersection,Traffic Signal,Pedestrian Collision(internal code),Rain,Dark,Wet,Major Arterial,FALSE,-79.56476998,43.76653437208775,1,,,1,,,Other Safety Equipment Used,,,,,,,,,,owner,,Humber River-Black Creek (7),31 Division,Humber Summit,FALSE,TRUE,FALSE,FALSE,FALSE,FALSE,TRUE,FALSE,FALSE,TRUE,"{""coordinates"": [[-79.56476998099112, 43.76653437208775]], ""type"": ""MultiPoint""}"
4404,2009:1093819,2009-03-11T06:52:00,STEELES AVE W,PINE VALLEY DR,,3,Fatal Injury,At Intersection,Traffic Signal,Pedestrian Collision(internal code),Rain,Dark,Wet,Major Arterial,FALSE,-79.56476998,43.76653437208775,2,,South,3,58,Fatal,Other Safety Equipment Used,,,Crossing - no traffic control,Inattentive,,Driver hits pedestrian at midblock,,,,pedestrian,7,Humber River-Black Creek (7),31 Division,Humber Summit,FALSE,TRUE,FALSE,FALSE,FALSE,FALSE,TRUE,FALSE,FALSE,TRUE,"{""coordinates"": [[-79.56476998099112, 43.76653437208775]], ""type"": ""MultiPoint""}"
4405,2009:1093819,2009-03-11T06:52:00,STEELES AVE W,PINE VALLEY DR,,3,Fatal Injury,At Intersection,Traffic Signal,Pedestrian Collision(internal code),Rain,Dark,Wet,Major Arterial,FALSE,-79.56476998,43.76653437208775,1,Truck - Open (Flatbed),South,2,49,None,Other Safety Equipment Used,Driving properly,Inattentive,,,Turning Left,,,,,driver,,Humber River-Black Creek (7),31 Division,Humber Summit,FALSE,TRUE,FALSE,FALSE,FALSE,FALSE,TRUE,FALSE,FALSE,TRUE,"{""coordinates"": [[-79.56476998099112, 43.76653437208775]], ""type"": ""MultiPoint""}"
4406,2009:1094026,2009-03-11T08:28:00,LESMILL Road,DUNCAN MILL Road,,3,Non-Fatal Injury,At Intersection,No Control,Pedestrian Collision(internal code),Clear,Daylight,Dry,Collector,FALSE,-79.35849067,43.760644129002024,3,Municipal Transit Bus (TTC),North,1,49,None,Other Safety Equipment Used,Failed to yield right-of-way,Normal,,,Turning Right,,,,,driver,,Don Valley East (16),33 Division,St.Andrew-Windfields,TRUE,FALSE,FALSE,FALSE,FALSE,FALSE,TRUE,FALSE,FALSE,TRUE,"{""coordinates"": [[-79.35849067228433, 43.760644129002024]], ""type"": ""MultiPoint""}"
4407,2009:1094026,2009-03-11T08:28:00,LESMILL Road,DUNCAN MILL Road,,3,Non-Fatal Injury,At Intersection,No Control,Pedestrian Collision(internal code),Clear,Daylight,Dry,Collector,FALSE,-79.35849067,43.760644129002024,1,,,2,,,Other Safety Equipment Used,,,,,,,,,,owner,,Don Valley East (16),33 Division,St.Andrew-Windfields,TRUE,FALSE,FALSE,FALSE,FALSE,FALSE,TRUE,FALSE,FALSE,TRUE,"{""coordinates"": [[-79.35849067228433, 43.760644129002024]], ""type"": ""MultiPoint""}"
4408,2009:1094026,2009-03-11T08:28:00,LESMILL Road,DUNCAN MILL Road,,3,Non-Fatal Injury,At Intersection,No Control,Pedestrian Collision(internal code),Clear,Daylight,Dry,Collector,FALSE,-79.35849067,43.760644129002024,2,,North,3,22,Major,Other Safety Equipment Used,,,Crossing with right-of-way (intersection),Normal,,Transit vehicle driver hits pedestrian anywhere along roadway,,,,pedestrian,,Don Valley East (16),33 Division,St.Andrew-Windfields,TRUE,FALSE,FALSE,FALSE,FALSE,FALSE,TRUE,FALSE,FALSE,TRUE,"{""coordinates"": [[-79.35849067228433, 43.760644129002024]], ""type"": ""MultiPoint""}"
4409,2009:1097174,2009-03-11T21:28:00,DUNDAS ST W,BLOOR ST W,,2,Non-Fatal Injury,,No Control,Pedestrian Collision(internal code),Clear,Dark,Dry,Major Arterial,FALSE,-79.452491,43.65634428,1,,,1,42,Major,Other Safety Equipment Used,,,Running onto roadway,Ability Impaired - Alcohol Over .08,,Transit vehicle driver hits pedestrian anywhere along roadway,,,,pedestrian,,Parkdale-High Park (4),11 Division,High Park North,FALSE,FALSE,FALSE,FALSE,FALSE,FALSE,TRUE,FALSE,FALSE,TRUE,"{""coordinates"": [[-79.45249100197823, 43.656344282584]], ""type"": ""MultiPoint""}"
4410,2009:1097174,2009-03-11T21:28:00,DUNDAS ST W,BLOOR ST W,,2,Non-Fatal Injury,,No Control,Pedestrian Collision(internal code),Clear,Dark,Dry,Major Arterial,FALSE,-79.452491,43.65634428,1,Municipal Transit Bus (TTC),North,2,43,None,Lap and Shoulder Belt,Driving properly,Normal,,,Going Ahead,,,,,driver,,Parkdale-High Park (4),11 Division,High Park North,FALSE,FALSE,FALSE,FALSE,FALSE,FALSE,TRUE,FALSE,FALSE,TRUE,"{""coordinates"": [[-79.45249100197823, 43.656344282584]], ""type"": ""MultiPoint""}"
4411,2009:1094123,2009-03-12T15:35:00,FIRGROVE CRES,NEEDLE FIRWAY,,2,Non-Fatal Injury,,No Control,Pedestrian Collision(internal code),Clear,Daylight,Dry,Local,FALSE,-79.51859094,43.753744325612125,2,,North,2,9,Major,Other Safety Equipment Used,,,Running onto roadway,Inattentive,,Driver hits pedestrian at midblock,,,,pedestrian,,Humber River-Black Creek (7),31 Division,Glenfield-Jane Heights,FALSE,TRUE,FALSE,FALSE,FALSE,TRUE,TRUE,FALSE,TRUE,FALSE,"{""coordinates"": [[-79.51859094014148, 43.753744325612125]], ""type"": ""MultiPoint""}"
4412,2009:1094123,2009-03-12T15:35:00,FIRGROVE CRES,NEEDLE FIRWAY,,2,Non-Fatal Injury,,No Control,Pedestrian Collision(internal code),Clear,Daylight,Dry,Local,FALSE,-79.51859094,43.753744325612125,1,Automobile or Station Wagon,West,1,81,None,Lap and Shoulder Belt,Driving properly,Medical or Physical Disability,,,Going Ahead,,,,,driver,,Humber River-Black Creek (7),31 Division,Glenfield-Jane Heights,FALSE,TRUE,FALSE,FALSE,FALSE,TRUE,TRUE,FALSE,TRUE,FALSE,"{""coordinates"": [[-79.51859094014148, 43.753744325612125]], ""type"": ""MultiPoint""}"
4413,2009:1097622,2009-03-13T05:00:00,ATTWELL DR,CARLSON CRT,,3,Non-Fatal Injury,At Intersection,Stop Sign,Turning Movement,Clear,Dark,Dry,Collector,FALSE,-79.58729114,43.689544438654785,1,Truck - Open (Flatbed),West,2,52,Minimal,Lap and Shoulder Belt,Improper turn,Normal,,,Turning Left,,,,,driver,,Etobicoke North (1),23 Division,West Humber-Clairville,FALSE,FALSE,FALSE,FALSE,FALSE,FALSE,FALSE,FALSE,FALSE,TRUE,"{""coordinates"": [[-79.58729114488088, 43.689544438654785]], ""type"": ""MultiPoint""}"
4414,2009:1097622,2009-03-13T05:00:00,ATTWELL DR,CARLSON CRT,,3,Non-Fatal Injury,At Intersection,Stop Sign,Turning Movement,Clear,Dark,Dry,Collector,FALSE,-79.58729114,43.689544438654785,1,,,1,,,Other Safety Equipment Used,,,,,,,,,,owner,,Etobicoke North (1),23 Division,West Humber-Clairville,FALSE,FALSE,FALSE,FALSE,FALSE,FALSE,FALSE,FALSE,FALSE,TRUE,"{""coordinates"": [[-79.58729114488088, 43.689544438654785]], ""type"": ""MultiPoint""}"
4415,2009:1097622,2009-03-13T05:00:00,ATTWELL DR,CARLSON CRT,,3,Non-Fatal Injury,At Intersection,Stop Sign,Turning Movement,Clear,Dark,Dry,Collector,FALSE,-79.58729114,43.689544438654785,2,Automobile or Station Wagon,North,3,46,Major,Use Unknown,Driving properly,Normal,,,Going Ahead,,,,,driver,,Etobicoke North (1),23 Division,West Humber-Clairville,FALSE,FALSE,FALSE,FALSE,FALSE,FALSE,FALSE,FALSE,FALSE,TRUE,"{""coordinates"": [[-79.58729114488088, 43.689544438654785]], ""type"": ""MultiPoint""}"
4416,2009:1094299,2009-03-13T09:14:00,GERRARD ST E,DE GRASSI ST,,2,Fatal Injury,At Intersection,Pedestrian Crossover,Pedestrian Collision(internal code),Other,Daylight,Other,Minor Arterial,FALSE,-79.34849179,43.66634512853337,1,,South,2,85,Fatal,Other Safety Equipment Used,,,Crossing - pedestrian crossover,Normal,,Transit vehicle driver hits pedestrian anywhere along roadway,,,,pedestrian,8,Toronto-Danforth (14),55 Division,South Riverdale,TRUE,FALSE,FALSE,FALSE,FALSE,TRUE,TRUE,FALSE,FALSE,TRUE,"{""coordinates"": [[-79.34849178600159, 43.66634512853337]], ""type"": ""MultiPoint""}"
4417,2009:1094299,2009-03-13T09:14:00,GERRARD ST E,DE GRASSI ST,,2,Fatal Injury,At Intersection,Pedestrian Crossover,Pedestrian Collision(internal code),Other,Daylight,Other,Minor Arterial,FALSE,-79.34849179,43.66634512853337,1,Municipal Transit Bus (TTC),West,1,44,None,Other Safety Equipment Used,Failed to yield right-of-way,Normal,,,Going Ahead,,,,,driver,,Toronto-Danforth (14),55 Division,South Riverdale,TRUE,FALSE,FALSE,FALSE,FALSE,TRUE,TRUE,FALSE,FALSE,TRUE,"{""coordinates"": [[-79.34849178600159, 43.66634512853337]], ""type"": ""MultiPoint""}"
4418,2009:1098055,2009-03-14T17:07:00,BAY ST,WELLINGTON ST W,,2,Non-Fatal Injury,,No Control,Pedestrian Collision(internal code),Clear,Daylight,Dry,Major Arterial,FALSE,-79.37999087,43.64804417795539,1,Automobile or Station Wagon,South,1,50,None,Lap and Shoulder Belt,Driving properly,Normal,,,Going Ahead,,,,,driver,,Toronto Centre (13),52 Division,Yonge-Bay Corridor,FALSE,FALSE,FALSE,FALSE,FALSE,FALSE,TRUE,FALSE,TRUE,FALSE,"{""coordinates"": [[-79.37999087400567, 43.64804417795539]], ""type"": ""MultiPoint""}"
4419,2009:1098055,2009-03-14T17:07:00,BAY ST,WELLINGTON ST W,,2,Non-Fatal Injury,,No Control,Pedestrian Collision(internal code),Clear,Daylight,Dry,Major Arterial,FALSE,-79.37999087,43.64804417795539,2,,East,2,16,Major,Other Safety Equipment Used,,,Crossing - no traffic control,Normal,,Driver hits pedestrian at midblock,,,,pedestrian,,Toronto Centre (13),52 Division,Yonge-Bay Corridor,FALSE,FALSE,FALSE,FALSE,FALSE,FALSE,TRUE,FALSE,TRUE,FALSE,"{""coordinates"": [[-79.37999087400567, 43.64804417795539]], ""type"": ""MultiPoint""}"
4420,2009:1098588,2009-03-17T18:40:00,BLACK CREEK DR,EGLINTON AVE W,,3,Non-Fatal Injury,At Intersection,No Control,Rear End,Clear,Daylight,Dry,Major Arterial,FALSE,-79.483491,43.690244312659544,1,Automobile or Station Wagon,South,1,65,None,Lap and Shoulder Belt,Driving properly,Normal,,,Stopped,,,,,driver,,York South-Weston (5),12 Division,Beechborough-Greenbrook,TRUE,TRUE,FALSE,FALSE,FALSE,TRUE,FALSE,FALSE,FALSE,FALSE,"{""coordinates"": [[-79.48349100117824, 43.690244312659544]], ""type"": ""MultiPoint""}"
4421,2009:1098588,2009-03-17T18:40:00,BLACK CREEK DR,EGLINTON AVE W,,3,Non-Fatal Injury,At Intersection,No Control,Rear End,Clear,Daylight,Dry,Major Arterial,FALSE,-79.483491,43.690244312659544,2,,,2,,,Other Safety Equipment Used,,,,,,,,,,owner,,York South-Weston (5),12 Division,Beechborough-Greenbrook,TRUE,TRUE,FALSE,FALSE,FALSE,TRUE,FALSE,FALSE,FALSE,FALSE,"{""coordinates"": [[-79.48349100117824, 43.690244312659544]], ""type"": ""MultiPoint""}"
4422,2009:1098588,2009-03-17T18:40:00,BLACK CREEK DR,EGLINTON AVE W,,3,Non-Fatal Injury,At Intersection,No Control,Rear End,Clear,Daylight,Dry,Major Arterial,FALSE,-79.483491,43.690244312659544,2,Automobile or Station Wagon,South,3,21,Major,Lap and Shoulder Belt,Following too closely,Inattentive,,,Going Ahead,,,,,driver,,York South-Weston (5),12 Division,Beechborough-Greenbrook,TRUE,TRUE,FALSE,FALSE,FALSE,TRUE,FALSE,FALSE,FALSE,FALSE,"{""coordinates"": [[-79.48349100117824, 43.690244312659544]], ""type"": ""MultiPoint""}"
4423,2009:1095732,2009-03-19T23:20:00,KINGSTON Road,MIDLAND Aven,,2,Non-Fatal Injury,,Traffic Signal,Pedestrian Collision(internal code),Clear,Dark,Dry,Major Arterial,FALSE,-79.24819054,43.71114398817985,1,Automobile or Station Wagon,East,1,40,None,Lap and Shoulder Belt,Driving properly,Normal,,,Going Ahead,,,,,driver,,Scarborough Southwest (20),41 Division,Cliffcrest,FALSE,FALSE,FALSE,FALSE,FALSE,FALSE,TRUE,FALSE,TRUE,FALSE,"{""coordinates"": [[-79.2481905426003, 43.71114398817985]], ""type"": ""MultiPoint""}"
4424,2009:1095732,2009-03-19T23:20:00,KINGSTON Road,MIDLAND Aven,,2,Non-Fatal Injury,,Traffic Signal,Pedestrian Collision(internal code),Clear,Dark,Dry,Major Arterial,FALSE,-79.24819054,43.71114398817985,2,,North,2,17,Major,Other Safety Equipment Used,,,Crossing without right-of-way (intersection),Normal,,Driver going straight hits pedestrian crossing without right-of-way (at intersection),,,,pedestrian,,Scarborough Southwest (20),41 Division,Cliffcrest,FALSE,FALSE,FALSE,FALSE,FALSE,FALSE,TRUE,FALSE,TRUE,FALSE,"{""coordinates"": [[-79.2481905426003, 43.71114398817985]], ""type"": ""MultiPoint""}"
4425,2009:1095501,2009-03-20T08:52:00,LAWRENCE AVE W,GOOD SHEPHERD CRT,,3,Non-Fatal Injury,,No Control,Pedestrian Collision(internal code),Clear,Daylight,Other,Major Arterial,FALSE,-79.45619091,43.713744265542424,1,Automobile or Station Wagon,West,2,34,None,Other Safety Equipment Used,Driving properly,Normal,,,Going Ahead,,,,,driver,,Eglinton-Lawrence (8),13 Division,Yorkdale-Glen Park,FALSE,FALSE,FALSE,FALSE,FALSE,TRUE,TRUE,FALSE,FALSE,FALSE,"{""coordinates"": [[-79.45619091024535, 43.713744265542424]], ""type"": ""MultiPoint""}"
4426,2009:1095501,2009-03-20T08:52:00,LAWRENCE AVE W,GOOD SHEPHERD CRT,,3,Non-Fatal Injury,,No Control,Pedestrian Collision(internal code),Clear,Daylight,Other,Major Arterial,FALSE,-79.45619091,43.713744265542424,2,,South,3,72,Major,Other Safety Equipment Used,,,Crossing - no traffic control,Normal,,Driver hits pedestrian at midblock,,,,pedestrian,,Eglinton-Lawrence (8),13 Division,Yorkdale-Glen Park,FALSE,FALSE,FALSE,FALSE,FALSE,TRUE,TRUE,FALSE,FALSE,FALSE,"{""coordinates"": [[-79.45619091024535, 43.713744265542424]], ""type"": ""MultiPoint""}"
4427,2009:1095501,2009-03-20T08:52:00,LAWRENCE AVE W,GOOD SHEPHERD CRT,,3,Non-Fatal Injury,,No Control,Pedestrian Collision(internal code),Clear,Daylight,Other,Major Arterial,FALSE,-79.45619091,43.713744265542424,1,,,1,,,Other Safety Equipment Used,,,,,,,,,,owner,,Eglinton-Lawrence (8),13 Division,Yorkdale-Glen Park,FALSE,FALSE,FALSE,FALSE,FALSE,TRUE,TRUE,FALSE,FALSE,FALSE,"{""coordinates"": [[-79.45619091024535, 43.713744265542424]], ""type"": ""MultiPoint""}"
4428,2009:1095631,2009-03-21T21:00:00,REXDALE BLVD,QUEENS PLATE DR,,2,Non-Fatal Injury,At Intersection,No Control,Pedestrian Collision(internal code),Clear,Dark,Dry,Major Arterial,FALSE,-79.60349111,43.71914443950771,2,,North,2,71,Major,Other Safety Equipment Used,,,Crossing without right-of-way (intersection),Normal,,Driver hits pedestrian at midblock,,,,pedestrian,,Etobicoke North (1),23 Division,West Humber-Clairville,FALSE,FALSE,FALSE,FALSE,FALSE,TRUE,TRUE,FALSE,FALSE,FALSE,"{""coordinates"": [[-79.60349110964194, 43.71914443950771]], ""type"": ""MultiPoint""}"
4429,2009:1095631,2009-03-21T21:00:00,REXDALE BLVD,QUEENS PLATE DR,,2,Non-Fatal Injury,At Intersection,No Control,Pedestrian Collision(internal code),Clear,Dark,Dry,Major Arterial,FALSE,-79.60349111,43.71914443950771,1,Automobile or Station Wagon,East,1,82,None,Other Safety Equipment Used,Driving properly,Normal,,,Going Ahead,,,,,driver,,Etobicoke North (1),23 Division,West Humber-Clairville,FALSE,FALSE,FALSE,FALSE,FALSE,TRUE,TRUE,FALSE,FALSE,FALSE,"{""coordinates"": [[-79.60349110964194, 43.71914443950771]], ""type"": ""MultiPoint""}"
4430,2009:1096330,2009-03-25T21:28:00,FRONT ST W,BLUE JAYS WAY,,3,Fatal Injury,At Intersection,Traffic Signal,Pedestrian Collision(internal code),Rain,Dark,Wet,Minor Arterial,FALSE,-79.3912909,43.64344419586531,2,,South,3,28,Fatal,Other Safety Equipment Used,,,Crossing with right-of-way (intersection),Inattentive,,Driver turns right into pedestrian crossing with right-of-way (at intersection),,,,pedestrian,9,Spadina-Fort York (10),52 Division,Wellington Place,TRUE,TRUE,FALSE,FALSE,FALSE,FALSE,TRUE,FALSE,FALSE,TRUE,"{""coordinates"": [[-79.39129090329023, 43.64344419586531]], ""type"": ""MultiPoint""}"
4431,2009:1096330,2009-03-25T21:28:00,FRONT ST W,BLUE JAYS WAY,,3,Fatal Injury,At Intersection,Traffic Signal,Pedestrian Collision(internal code),Rain,Dark,Wet,Minor Arterial,FALSE,-79.3912909,43.64344419586531,1,,,1,,,Other Safety Equipment Used,,,,,,,,,,owner,,Spadina-Fort York (10),52 Division,Wellington Place,TRUE,TRUE,FALSE,FALSE,FALSE,FALSE,TRUE,FALSE,FALSE,TRUE,"{""coordinates"": [[-79.39129090329023, 43.64344419586531]], ""type"": ""MultiPoint""}"
4432,2009:1096330,2009-03-25T21:28:00,FRONT ST W,BLUE JAYS WAY,,3,Fatal Injury,At Intersection,Traffic Signal,Pedestrian Collision(internal code),Rain,Dark,Wet,Minor Arterial,FALSE,-79.3912909,43.64344419586531,1,Truck - Open (Flatbed),South,2,32,None,Other Safety Equipment Used,Failed to yield right-of-way,Inattentive,,,Turning Right,,,,,driver,,Spadina-Fort York (10),52 Division,Wellington Place,TRUE,TRUE,FALSE,FALSE,FALSE,FALSE,TRUE,FALSE,FALSE,TRUE,"{""coordinates"": [[-79.39129090329023, 43.64344419586531]], ""type"": ""MultiPoint""}"
4433,2009:1100116,2009-03-27T19:00:00,185 FIFTH ST,,,2,Non-Fatal Injury,,No Control,SMV Other,Clear,Daylight,Dry,Local,FALSE,-79.5038912,43.60324438348321,1,Motorcycle,West,2,41,Major,Helmet,Lost control,Normal,,,Turning Right,,,,,motorcyclist,,Etobicoke-Lakeshore (3),22 Division,New Toronto,FALSE,FALSE,FALSE,TRUE,FALSE,FALSE,FALSE,FALSE,FALSE,FALSE,"{""coordinates"": [[-79.50389119701167, 43.60324438348321]], ""type"": ""MultiPoint""}"
4434,2009:1100116,2009-03-27T19:00:00,185 FIFTH ST,,,2,Non-Fatal Injury,,No Control,SMV Other,Clear,Daylight,Dry,Local,FALSE,-79.5038912,43.60324438348321,1,,,1,,,Other Safety Equipment Used,,,,,,,,,,owner,,Etobicoke-Lakeshore (3),22 Division,New Toronto,FALSE,FALSE,FALSE,TRUE,FALSE,FALSE,FALSE,FALSE,FALSE,FALSE,"{""coordinates"": [[-79.50389119701167, 43.60324438348321]], ""type"": ""MultiPoint""}"
4435,2009:1096633,2009-03-27T23:37:00,1749 JANE ST,,,2,Non-Fatal Injury,At Intersection,No Control,Pedestrian Collision(internal code),Clear,Dark,Dry,Major Arterial,TRUE,-79.50429101,43.70474433,2,,West,1,39,Major,Other Safety Equipment Used,,,Crossing - no traffic control,Had Been Drinking,,Driver hits pedestrian at midblock,,,,pedestrian,,York South-Weston (5),12 Division,Rustic,TRUE,FALSE,FALSE,FALSE,FALSE,FALSE,TRUE,FALSE,FALSE,FALSE,"{""coordinates"": [[-79.50429101045393, 43.7047443334084]], ""type"": ""MultiPoint""}"
4436,2009:1096633,2009-03-27T23:37:00,1749 JANE ST,,,2,Non-Fatal Injury,At Intersection,No Control,Pedestrian Collision(internal code),Clear,Dark,Dry,Major Arterial,TRUE,-79.50429101,43.70474433,1,Automobile or Station Wagon,North,2,,None,Other Safety Equipment Used,Failed to yield right-of-way,Unknown,,,Going Ahead,,,,,driver,,York South-Weston (5),12 Division,Rustic,TRUE,FALSE,FALSE,FALSE,FALSE,FALSE,TRUE,FALSE,FALSE,FALSE,"{""coordinates"": [[-79.50429101045393, 43.7047443334084]], ""type"": ""MultiPoint""}"
4437,2009:1103828,2009-03-28T14:44:00,DUNDAS ST W,SORAUREN AVE,,2,Non-Fatal Injury,,No Control,Cyclist Collision,Clear,Daylight,Dry,Minor Arterial,TRUE,-79.445291,43.65114427392064,1,Bicycle,West,2,33,Major,Other Safety Equipment Used,,,,,Going Ahead,,Sideswipe with cyclist and driver travelling in same direction,Driving Properly,Normal,cyclist,,Parkdale-High Park (4),11 Division,Roncesvalles,TRUE,FALSE,TRUE,FALSE,FALSE,FALSE,FALSE,FALSE,FALSE,FALSE,"{""coordinates"": [[-79.44529099682563, 43.65114427392064]], ""type"": ""MultiPoint""}"
4438,2009:1103828,2009-03-28T14:44:00,DUNDAS ST W,SORAUREN AVE,,2,Non-Fatal Injury,,No Control,Cyclist Collision,Clear,Daylight,Dry,Minor Arterial,TRUE,-79.445291,43.65114427392064,1,Automobile or Station Wagon,West,1,,None,Other Safety Equipment Used,Failed to yield right-of-way,Unknown,,,Unknown,,,,,driver,,Parkdale-High Park (4),11 Division,Roncesvalles,TRUE,FALSE,TRUE,FALSE,FALSE,FALSE,FALSE,FALSE,FALSE,FALSE,"{""coordinates"": [[-79.44529099682563, 43.65114427392064]], ""type"": ""MultiPoint""}"
4439,2009:1100162,2009-03-29T02:15:00,ST CLAIR Aven W,HOUNSLOW HEATH Road,,6,Non-Fatal Injury,At Intersection,Traffic Signal,Approaching Head On,Clear,Dark,Dry,Major Arterial,FALSE,-79.45998799,43.674142286462335,2,,North,4,33,None,Lap and Shoulder Belt,,,,,Turning Left,,,,,passenger,,Davenport (9),11 Division,Weston-Pelham Park,FALSE,FALSE,FALSE,FALSE,FALSE,FALSE,FALSE,FALSE,FALSE,FALSE,"{""coordinates"": [[-79.45998798566423, 43.674142286462335]], ""type"": ""MultiPoint""}"
4440,2009:1100162,2009-03-29T02:15:00,ST CLAIR Aven W,HOUNSLOW HEATH Road,,6,Non-Fatal Injury,At Intersection,Traffic Signal,Approaching Head On,Clear,Dark,Dry,Major Arterial,FALSE,-79.45998799,43.674142286462335,1,Automobile or Station Wagon,East,3,20,Minimal,Lap and Shoulder Belt,Driving properly,Normal,,,Stopped,,,,,driver,,Davenport (9),11 Division,Weston-Pelham Park,FALSE,FALSE,FALSE,FALSE,FALSE,FALSE,FALSE,FALSE,FALSE,FALSE,"{""coordinates"": [[-79.45998798566423, 43.674142286462335]], ""type"": ""MultiPoint""}"
4441,2009:1100162,2009-03-29T02:15:00,ST CLAIR Aven W,HOUNSLOW HEATH Road,,6,Non-Fatal Injury,At Intersection,Traffic Signal,Approaching Head On,Clear,Dark,Dry,Major Arterial,FALSE,-79.45998799,43.674142286462335,1,,,1,20,Major,Lap and Shoulder Belt,,,,,Other,,,,,passenger,,Davenport (9),11 Division,Weston-Pelham Park,FALSE,FALSE,FALSE,FALSE,FALSE,FALSE,FALSE,FALSE,FALSE,FALSE,"{""coordinates"": [[-79.45998798566423, 43.674142286462335]], ""type"": ""MultiPoint""}"