_id,collision_id,accdate,stname1,stname2,stname3,per_inv,acclass,accloc,traffictl,impactype,visible,light,rdsfcond,road_class,failtorem,longitude,latitude,veh_no,vehtype,initdir,per_no,invage,injury,safequip,drivact,drivcond,pedact,pedcond,manoeuvre,pedtype,cyclistype,cycact,cyccond,road_user,fatal_no,wardname,division,neighbourhood,aggressive,distracted,cyclist,motorcyclist,other_micromobility,older_adult,pedestrian,red_light,school_child,heavy_truck,geometry
4587,2009:1108349,2009-05-17T16:23:00,YORK MILLS Road,CHIPSTEAD Road,,6,Non-Fatal Injury,At Intersection,Traffic Signal,Turning Movement,Clear,Daylight,Dry,Major Arterial,FALSE,-79.3704907,43.75144414416463,1,Automobile or Station Wagon,East,4,81,None,Lap and Shoulder Belt,Driving properly,Normal,,,Going Ahead,,,,,driver,,Don Valley West (15),33 Division,Banbury-Don Mills,FALSE,TRUE,FALSE,FALSE,FALSE,TRUE,FALSE,FALSE,TRUE,FALSE,"{""coordinates"": [[-79.3704907017414, 43.75144414416463]], ""type"": ""MultiPoint""}"
4588,2009:1108349,2009-05-17T16:23:00,YORK MILLS Road,CHIPSTEAD Road,,6,Non-Fatal Injury,At Intersection,Traffic Signal,Turning Movement,Clear,Daylight,Dry,Major Arterial,FALSE,-79.3704907,43.75144414416463,2,,,5,,,Other Safety Equipment Used,,,,,,,,,,owner,,Don Valley West (15),33 Division,Banbury-Don Mills,FALSE,TRUE,FALSE,FALSE,FALSE,TRUE,FALSE,FALSE,TRUE,FALSE,"{""coordinates"": [[-79.3704907017414, 43.75144414416463]], ""type"": ""MultiPoint""}"
4589,2009:1104621,2009-05-18T21:41:00,AVENUE Road,LAWRENCE Aven W,,4,Non-Fatal Injury,At Intersection,Traffic Controller,Rear End,Clear,Dark,Dry,Major Arterial,FALSE,-79.41559082,43.72224420884537,2,Automobile or Station Wagon,East,4,19,None,Other Safety Equipment Used,Driving properly,Normal,,,Stopped,,,,,driver,,Eglinton-Lawrence (8),53 Division,Bedford Park-Nortown,FALSE,FALSE,FALSE,FALSE,FALSE,FALSE,FALSE,FALSE,TRUE,FALSE,"{""coordinates"": [[-79.41559082408521, 43.72224420884537]], ""type"": ""MultiPoint""}"
4590,2009:1104621,2009-05-18T21:41:00,AVENUE Road,LAWRENCE Aven W,,4,Non-Fatal Injury,At Intersection,Traffic Controller,Rear End,Clear,Dark,Dry,Major Arterial,FALSE,-79.41559082,43.72224420884537,1,,,1,31,,Other Safety Equipment Used,,,,,,,,,,owner,,Eglinton-Lawrence (8),53 Division,Bedford Park-Nortown,FALSE,FALSE,FALSE,FALSE,FALSE,FALSE,FALSE,FALSE,TRUE,FALSE,"{""coordinates"": [[-79.41559082408521, 43.72224420884537]], ""type"": ""MultiPoint""}"
4591,2009:1104621,2009-05-18T21:41:00,AVENUE Road,LAWRENCE Aven W,,4,Non-Fatal Injury,At Intersection,Traffic Controller,Rear End,Clear,Dark,Dry,Major Arterial,FALSE,-79.41559082,43.72224420884537,1,Automobile or Station Wagon,East,2,42,Major,Other Safety Equipment Used,Lost control,Medical or Physical Disability,,,Going Ahead,,,,,driver,,Eglinton-Lawrence (8),53 Division,Bedford Park-Nortown,FALSE,FALSE,FALSE,FALSE,FALSE,FALSE,FALSE,FALSE,TRUE,FALSE,"{""coordinates"": [[-79.41559082408521, 43.72224420884537]], ""type"": ""MultiPoint""}"
4592,2009:1104621,2009-05-18T21:41:00,AVENUE Road,LAWRENCE Aven W,,4,Non-Fatal Injury,At Intersection,Traffic Controller,Rear End,Clear,Dark,Dry,Major Arterial,FALSE,-79.41559082,43.72224420884537,2,,,3,,,Other Safety Equipment Used,,,,,,,,,,owner,,Eglinton-Lawrence (8),53 Division,Bedford Park-Nortown,FALSE,FALSE,FALSE,FALSE,FALSE,FALSE,FALSE,FALSE,TRUE,FALSE,"{""coordinates"": [[-79.41559082408521, 43.72224420884537]], ""type"": ""MultiPoint""}"
4593,2009:1109010,2009-05-19T16:46:00,KINGSTON Road,OLD KINGSTON Road,,3,Non-Fatal Injury,At Intersection,Traffic Signal,Turning Movement,Clear,Daylight,Dry,Minor Arterial,FALSE,-79.16879036,43.78454391948126,1,Automobile or Station Wagon,West,1,38,Major,Lap and Shoulder Belt,Improper turn,Normal,,,Turning Left,,,,,driver,,Scarborough-Rouge Park (25),43 Division,Highland Creek,FALSE,FALSE,FALSE,FALSE,FALSE,FALSE,FALSE,FALSE,FALSE,FALSE,"{""coordinates"": [[-79.16879036284233, 43.78454391948126]], ""type"": ""MultiPoint""}"
4594,2009:1109010,2009-05-19T16:46:00,KINGSTON Road,OLD KINGSTON Road,,3,Non-Fatal Injury,At Intersection,Traffic Signal,Turning Movement,Clear,Daylight,Dry,Minor Arterial,FALSE,-79.16879036,43.78454391948126,2,,,2,22,Minor,Lap and Shoulder Belt,,,,,,,,,,passenger,,Scarborough-Rouge Park (25),43 Division,Highland Creek,FALSE,FALSE,FALSE,FALSE,FALSE,FALSE,FALSE,FALSE,FALSE,FALSE,"{""coordinates"": [[-79.16879036284233, 43.78454391948126]], ""type"": ""MultiPoint""}"
4595,2009:1109010,2009-05-19T16:46:00,KINGSTON Road,OLD KINGSTON Road,,3,Non-Fatal Injury,At Intersection,Traffic Signal,Turning Movement,Clear,Daylight,Dry,Minor Arterial,FALSE,-79.16879036,43.78454391948126,2,Automobile or Station Wagon,East,3,23,Minor,Lap and Shoulder Belt,Driving properly,Normal,,,Going Ahead,,,,,driver,,Scarborough-Rouge Park (25),43 Division,Highland Creek,FALSE,FALSE,FALSE,FALSE,FALSE,FALSE,FALSE,FALSE,FALSE,FALSE,"{""coordinates"": [[-79.16879036284233, 43.78454391948126]], ""type"": ""MultiPoint""}"
4596,2009:1110059,2009-05-21T21:59:00,KING ST W,SHAW ST,,2,Non-Fatal Injury,,No Control,SMV Unattended Vehicle,Clear,Dark,Dry,Major Arterial,FALSE,-79.41519095,43.64134423,1,Automobile or Station Wagon,West,1,44,Major,Lap and Shoulder Belt,Lost control,Medical or Physical Disability,,,Going Ahead,,,,,driver,,Spadina-Fort York (10),14 Division,West Queen West,FALSE,FALSE,FALSE,FALSE,FALSE,FALSE,FALSE,FALSE,FALSE,FALSE,"{""coordinates"": [[-79.41519095384723, 43.6413442322819]], ""type"": ""MultiPoint""}"
4597,2009:1110059,2009-05-21T21:59:00,KING ST W,SHAW ST,,2,Non-Fatal Injury,,No Control,SMV Unattended Vehicle,Clear,Dark,Dry,Major Arterial,FALSE,-79.41519095,43.64134423,2,,West,2,,None,Other Safety Equipment Used,,,,,Parked,,,,,other,,Spadina-Fort York (10),14 Division,West Queen West,FALSE,FALSE,FALSE,FALSE,FALSE,FALSE,FALSE,FALSE,FALSE,FALSE,"{""coordinates"": [[-79.41519095384723, 43.6413442322819]], ""type"": ""MultiPoint""}"
4598,2009:1111516,2009-05-22T02:52:00,BARTON Ave,CHRISTIE St,,4,Non-Fatal Injury,,No Control,SMV Other,Clear,Dark,Dry,Minor Arterial,FALSE,-79.41959092,43.66654423117128,2,,,4,,,Other Safety Equipment Used,,,,,,,,,,owner,,University-Rosedale (11),14 Division,Annex,FALSE,FALSE,FALSE,FALSE,FALSE,FALSE,FALSE,FALSE,FALSE,FALSE,"{""coordinates"": [[-79.41959092161778, 43.66654423117128]], ""type"": ""MultiPoint""}"
4599,2009:1111516,2009-05-22T02:52:00,BARTON Ave,CHRISTIE St,,4,Non-Fatal Injury,,No Control,SMV Other,Clear,Dark,Dry,Minor Arterial,FALSE,-79.41959092,43.66654423117128,1,,,1,,,Other Safety Equipment Used,,,,,,,,,,owner,,University-Rosedale (11),14 Division,Annex,FALSE,FALSE,FALSE,FALSE,FALSE,FALSE,FALSE,FALSE,FALSE,FALSE,"{""coordinates"": [[-79.41959092161778, 43.66654423117128]], ""type"": ""MultiPoint""}"
4600,2009:1111516,2009-05-22T02:52:00,BARTON Ave,CHRISTIE St,,4,Non-Fatal Injury,,No Control,SMV Other,Clear,Dark,Dry,Minor Arterial,FALSE,-79.41959092,43.66654423117128,2,,,3,,,Other Safety Equipment Used,,,,,,,,,,owner,,University-Rosedale (11),14 Division,Annex,FALSE,FALSE,FALSE,FALSE,FALSE,FALSE,FALSE,FALSE,FALSE,FALSE,"{""coordinates"": [[-79.41959092161778, 43.66654423117128]], ""type"": ""MultiPoint""}"
4601,2009:1111516,2009-05-22T02:52:00,BARTON Ave,CHRISTIE St,,4,Non-Fatal Injury,,No Control,SMV Other,Clear,Dark,Dry,Minor Arterial,FALSE,-79.41959092,43.66654423117128,1,Automobile or Station Wagon,West,2,32,Major,Lap and Shoulder Belt,Lost control,Normal,,,Pulling Onto Shoulder or Toward Curb,,,,,driver,,University-Rosedale (11),14 Division,Annex,FALSE,FALSE,FALSE,FALSE,FALSE,FALSE,FALSE,FALSE,FALSE,FALSE,"{""coordinates"": [[-79.41959092161778, 43.66654423117128]], ""type"": ""MultiPoint""}"
4602,2009:1105521,2009-05-22T15:25:00,KING Stre E,ASHBY Plac,,3,Non-Fatal Injury,,No Control,Pedestrian Collision(internal code),Clear,Daylight,Dry,Major Arterial,FALSE,-79.35769082,43.65594414351146,1,,,1,45,Major,Other Safety Equipment Used,,,Walking on roadway against traffic,Had Been Drinking,Other,Driver going straight hits pedestrian crossing without right-of-way (at intersection),,,,pedestrian,,Toronto Centre (13),51 Division,Moss Park,FALSE,FALSE,FALSE,FALSE,FALSE,FALSE,TRUE,FALSE,FALSE,FALSE,"{""coordinates"": [[-79.35769081875264, 43.65594414351146]], ""type"": ""MultiPoint""}"
4603,2009:1105521,2009-05-22T15:25:00,KING Stre E,ASHBY Plac,,3,Non-Fatal Injury,,No Control,Pedestrian Collision(internal code),Clear,Daylight,Dry,Major Arterial,FALSE,-79.35769082,43.65594414351146,2,,,2,,,Other Safety Equipment Used,,,,,,,,,,owner,,Toronto Centre (13),51 Division,Moss Park,FALSE,FALSE,FALSE,FALSE,FALSE,FALSE,TRUE,FALSE,FALSE,FALSE,"{""coordinates"": [[-79.35769081875264, 43.65594414351146]], ""type"": ""MultiPoint""}"
4604,2009:1105521,2009-05-22T15:25:00,KING Stre E,ASHBY Plac,,3,Non-Fatal Injury,,No Control,Pedestrian Collision(internal code),Clear,Daylight,Dry,Major Arterial,FALSE,-79.35769082,43.65594414351146,2,Automobile or Station Wagon,West,3,41,None,Other Safety Equipment Used,Driving properly,Normal,,,Going Ahead,,,,,driver,,Toronto Centre (13),51 Division,Moss Park,FALSE,FALSE,FALSE,FALSE,FALSE,FALSE,TRUE,FALSE,FALSE,FALSE,"{""coordinates"": [[-79.35769081875264, 43.65594414351146]], ""type"": ""MultiPoint""}"
4605,2009:1110609,2009-05-22T18:45:00,JANE Stre,ALLIANCE Aven,,5,Non-Fatal Injury,At Intersection,Traffic Signal,Rear End,Clear,Daylight,Dry,Major Arterial,FALSE,-79.49569105,43.67614433641883,2,Automobile or Station Wagon,North,3,65,None,Lap and Shoulder Belt,Driving properly,Normal,,,Stopped,,,,,driver,,York South-Weston (5),12 Division,Rockcliffe-Smythe,TRUE,TRUE,FALSE,FALSE,FALSE,TRUE,FALSE,FALSE,FALSE,FALSE,"{""coordinates"": [[-79.49569104951505, 43.67614433641883]], ""type"": ""MultiPoint""}"
4606,2009:1110609,2009-05-22T18:45:00,JANE Stre,ALLIANCE Aven,,5,Non-Fatal Injury,At Intersection,Traffic Signal,Rear End,Clear,Daylight,Dry,Major Arterial,FALSE,-79.49569105,43.67614433641883,3,Automobile or Station Wagon,North,5,54,None,Lap and Shoulder Belt,Following too closely,Inattentive,,,Going Ahead,,,,,driver,,York South-Weston (5),12 Division,Rockcliffe-Smythe,TRUE,TRUE,FALSE,FALSE,FALSE,TRUE,FALSE,FALSE,FALSE,FALSE,"{""coordinates"": [[-79.49569104951505, 43.67614433641883]], ""type"": ""MultiPoint""}"
4607,2009:1110609,2009-05-22T18:45:00,JANE Stre,ALLIANCE Aven,,5,Non-Fatal Injury,At Intersection,Traffic Signal,Rear End,Clear,Daylight,Dry,Major Arterial,FALSE,-79.49569105,43.67614433641883,3,,,4,48,Major,Lap and Shoulder Belt,,,,,,,,,,passenger,,York South-Weston (5),12 Division,Rockcliffe-Smythe,TRUE,TRUE,FALSE,FALSE,FALSE,TRUE,FALSE,FALSE,FALSE,FALSE,"{""coordinates"": [[-79.49569104951505, 43.67614433641883]], ""type"": ""MultiPoint""}"
4608,2009:1110609,2009-05-22T18:45:00,JANE Stre,ALLIANCE Aven,,5,Non-Fatal Injury,At Intersection,Traffic Signal,Rear End,Clear,Daylight,Dry,Major Arterial,FALSE,-79.49569105,43.67614433641883,1,,,1,,,Other Safety Equipment Used,,,,,,,,,,owner,,York South-Weston (5),12 Division,Rockcliffe-Smythe,TRUE,TRUE,FALSE,FALSE,FALSE,TRUE,FALSE,FALSE,FALSE,FALSE,"{""coordinates"": [[-79.49569104951505, 43.67614433641883]], ""type"": ""MultiPoint""}"
4609,2009:1110609,2009-05-22T18:45:00,JANE Stre,ALLIANCE Aven,,5,Non-Fatal Injury,At Intersection,Traffic Signal,Rear End,Clear,Daylight,Dry,Major Arterial,FALSE,-79.49569105,43.67614433641883,1,Automobile or Station Wagon,North,2,42,None,Lap and Shoulder Belt,Driving properly,Normal,,,Stopped,,,,,driver,,York South-Weston (5),12 Division,Rockcliffe-Smythe,TRUE,TRUE,FALSE,FALSE,FALSE,TRUE,FALSE,FALSE,FALSE,FALSE,"{""coordinates"": [[-79.49569104951505, 43.67614433641883]], ""type"": ""MultiPoint""}"
4610,2009:1110667,2009-05-22T21:35:00,675 ANNETTE Stre,,,2,Non-Fatal Injury,,No Control,Cyclist Collision,Clear,Dark,Dry,Minor Arterial,FALSE,-79.48429106,43.659044328023334,2,Bicycle,East,2,19,Major,No Equipment Available,,,,,Turning Left,,Rear end with cyclist and driver travelling in same direction,Other,Normal,cyclist,,Parkdale-High Park (4),11 Division,Runnymede-Bloor West Village,TRUE,FALSE,TRUE,FALSE,FALSE,FALSE,FALSE,FALSE,TRUE,FALSE,"{""coordinates"": [[-79.48429105877885, 43.659044328023334]], ""type"": ""MultiPoint""}"
4611,2009:1110667,2009-05-22T21:35:00,675 ANNETTE Stre,,,2,Non-Fatal Injury,,No Control,Cyclist Collision,Clear,Dark,Dry,Minor Arterial,FALSE,-79.48429106,43.659044328023334,1,Automobile or Station Wagon,East,1,38,None,Lap and Shoulder Belt,Following too closely,Normal,,,Going Ahead,,,,,driver,,Parkdale-High Park (4),11 Division,Runnymede-Bloor West Village,TRUE,FALSE,TRUE,FALSE,FALSE,FALSE,FALSE,FALSE,TRUE,FALSE,"{""coordinates"": [[-79.48429105877885, 43.659044328023334]], ""type"": ""MultiPoint""}"
4612,2009:1111585,2009-05-24T13:45:00,BRIMLEY RD,ELLESMERE RD,,8,Non-Fatal Injury,At Intersection,Traffic Signal,Angle,Clear,Daylight,Dry,Major Arterial,FALSE,-79.2612905,43.77004401055365,3,,,6,59,Minor,Lap and Shoulder Belt,,,,,,,,,,passenger,,Scarborough Centre (21),43 Division,Bendale-Glen Andrew,TRUE,FALSE,FALSE,FALSE,FALSE,TRUE,FALSE,TRUE,TRUE,FALSE,"{""coordinates"": [[-79.26129050251821, 43.77004401055365]], ""type"": ""MultiPoint""}"
4613,2009:1111585,2009-05-24T13:45:00,BRIMLEY RD,ELLESMERE RD,,8,Non-Fatal Injury,At Intersection,Traffic Signal,Angle,Clear,Daylight,Dry,Major Arterial,FALSE,-79.2612905,43.77004401055365,1,Automobile or Station Wagon,East,4,49,Minor,Lap and Shoulder Belt,Driving properly,Normal,,,Going Ahead,,,,,driver,,Scarborough Centre (21),43 Division,Bendale-Glen Andrew,TRUE,FALSE,FALSE,FALSE,FALSE,TRUE,FALSE,TRUE,TRUE,FALSE,"{""coordinates"": [[-79.26129050251821, 43.77004401055365]], ""type"": ""MultiPoint""}"
4614,2009:1111585,2009-05-24T13:45:00,BRIMLEY RD,ELLESMERE RD,,8,Non-Fatal Injury,At Intersection,Traffic Signal,Angle,Clear,Daylight,Dry,Major Arterial,FALSE,-79.2612905,43.77004401055365,2,Automobile or Station Wagon,East,5,42,Minimal,Lap and Shoulder Belt,Driving properly,Normal,,,Going Ahead,,,,,driver,,Scarborough Centre (21),43 Division,Bendale-Glen Andrew,TRUE,FALSE,FALSE,FALSE,FALSE,TRUE,FALSE,TRUE,TRUE,FALSE,"{""coordinates"": [[-79.26129050251821, 43.77004401055365]], ""type"": ""MultiPoint""}"
4615,2009:1111585,2009-05-24T13:45:00,BRIMLEY RD,ELLESMERE RD,,8,Non-Fatal Injury,At Intersection,Traffic Signal,Angle,Clear,Daylight,Dry,Major Arterial,FALSE,-79.2612905,43.77004401055365,3,Automobile or Station Wagon,East,7,46,Minimal,Lap and Shoulder Belt,Driving properly,Normal,,,Going Ahead,,,,,driver,,Scarborough Centre (21),43 Division,Bendale-Glen Andrew,TRUE,FALSE,FALSE,FALSE,FALSE,TRUE,FALSE,TRUE,TRUE,FALSE,"{""coordinates"": [[-79.26129050251821, 43.77004401055365]], ""type"": ""MultiPoint""}"
4616,2009:1111585,2009-05-24T13:45:00,BRIMLEY RD,ELLESMERE RD,,8,Non-Fatal Injury,At Intersection,Traffic Signal,Angle,Clear,Daylight,Dry,Major Arterial,FALSE,-79.2612905,43.77004401055365,1,,,1,81,Major,Lap and Shoulder Belt,,,,,,,,,,passenger,,Scarborough Centre (21),43 Division,Bendale-Glen Andrew,TRUE,FALSE,FALSE,FALSE,FALSE,TRUE,FALSE,TRUE,TRUE,FALSE,"{""coordinates"": [[-79.26129050251821, 43.77004401055365]], ""type"": ""MultiPoint""}"
4617,2009:1111585,2009-05-24T13:45:00,BRIMLEY RD,ELLESMERE RD,,8,Non-Fatal Injury,At Intersection,Traffic Signal,Angle,Clear,Daylight,Dry,Major Arterial,FALSE,-79.2612905,43.77004401055365,4,Automobile or Station Wagon,North,8,60,Minimal,Lap and Shoulder Belt,Disobeyed traffic control,Normal,,,Going Ahead,,,,,driver,,Scarborough Centre (21),43 Division,Bendale-Glen Andrew,TRUE,FALSE,FALSE,FALSE,FALSE,TRUE,FALSE,TRUE,TRUE,FALSE,"{""coordinates"": [[-79.26129050251821, 43.77004401055365]], ""type"": ""MultiPoint""}"
4618,2009:1111585,2009-05-24T13:45:00,BRIMLEY RD,ELLESMERE RD,,8,Non-Fatal Injury,At Intersection,Traffic Signal,Angle,Clear,Daylight,Dry,Major Arterial,FALSE,-79.2612905,43.77004401055365,1,,,2,16,Minor,Lap and Shoulder Belt,,,,,,,,,,passenger,,Scarborough Centre (21),43 Division,Bendale-Glen Andrew,TRUE,FALSE,FALSE,FALSE,FALSE,TRUE,FALSE,TRUE,TRUE,FALSE,"{""coordinates"": [[-79.26129050251821, 43.77004401055365]], ""type"": ""MultiPoint""}"
4619,2009:1111585,2009-05-24T13:45:00,BRIMLEY RD,ELLESMERE RD,,8,Non-Fatal Injury,At Intersection,Traffic Signal,Angle,Clear,Daylight,Dry,Major Arterial,FALSE,-79.2612905,43.77004401055365,1,,,3,44,Major,Lap and Shoulder Belt,,,,,,,,,,passenger,,Scarborough Centre (21),43 Division,Bendale-Glen Andrew,TRUE,FALSE,FALSE,FALSE,FALSE,TRUE,FALSE,TRUE,TRUE,FALSE,"{""coordinates"": [[-79.26129050251821, 43.77004401055365]], ""type"": ""MultiPoint""}"
4620,2009:1111784,2009-05-25T17:20:00,FINCH Aven W,ALNESS Stre,,2,Non-Fatal Injury,,No Control,Turning Movement,Clear,Daylight,Dry,Major Arterial,FALSE,-79.46959085,43.76814426436104,1,Motorcycle,East,1,39,Major,Helmet,Improper passing,Inattentive,,,Going Ahead,,,,,motorcyclist,,York Centre (6),32 Division,York University Heights,TRUE,TRUE,FALSE,TRUE,FALSE,FALSE,FALSE,FALSE,FALSE,FALSE,"{""coordinates"": [[-79.46959084837869, 43.76814426436104]], ""type"": ""MultiPoint""}"
4621,2009:1111784,2009-05-25T17:20:00,FINCH Aven W,ALNESS Stre,,2,Non-Fatal Injury,,No Control,Turning Movement,Clear,Daylight,Dry,Major Arterial,FALSE,-79.46959085,43.76814426436104,2,Automobile or Station Wagon,North,2,27,None,Lap and Shoulder Belt,Driving properly,Normal,,,Turning Left,,,,,driver,,York Centre (6),32 Division,York University Heights,TRUE,TRUE,FALSE,TRUE,FALSE,FALSE,FALSE,FALSE,FALSE,FALSE,"{""coordinates"": [[-79.46959084837869, 43.76814426436104]], ""type"": ""MultiPoint""}"
4622,2009:1106184,2009-05-26T19:15:00,ROGERS Road,SILVERTHORN Aven,,1,Non-Fatal Injury,,Traffic Signal,Cyclist Collision,Rain,Daylight,Wet,Minor Arterial,FALSE,-79.46329098,43.682744287663844,2,Bicycle,West,2,54,Major,Other Safety Equipment Used,,,,,Going Ahead,,Driver turns right on red at signalized intersection and hits cyclist,Driving Properly,Normal,cyclist,,Davenport (9),12 Division,Keelesdale-Eglinton West,FALSE,TRUE,TRUE,FALSE,FALSE,FALSE,FALSE,FALSE,FALSE,FALSE,"{""coordinates"": [[-79.46329097692337, 43.682744287663844]], ""type"": ""MultiPoint""}"
4623,2009:1106184,2009-05-26T19:15:00,ROGERS Road,SILVERTHORN Aven,,1,Non-Fatal Injury,,Traffic Signal,Cyclist Collision,Rain,Daylight,Wet,Minor Arterial,FALSE,-79.46329098,43.682744287663844,1,Automobile or Station Wagon,West,1,29,None,Other Safety Equipment Used,Improper turn,Inattentive,,,Turning Right,,,,,driver,,Davenport (9),12 Division,Keelesdale-Eglinton West,FALSE,TRUE,TRUE,FALSE,FALSE,FALSE,FALSE,FALSE,FALSE,FALSE,"{""coordinates"": [[-79.46329097692337, 43.682744287663844]], ""type"": ""MultiPoint""}"
4624,2009:1112152,2009-05-27T13:52:00,COXWELL Aven,QUEEN Stre E,,5,Non-Fatal Injury,At Intersection,Traffic Signal,Turning Movement,Clear,Daylight,Dry,Minor Arterial,FALSE,-79.31659073,43.666344082454074,1,Automobile or Station Wagon,North,2,35,None,Lap and Shoulder Belt,Driving properly,Normal,,,Going Ahead,,,,,driver,,Beaches-East York (19),55 Division,Greenwood-Coxwell,FALSE,FALSE,FALSE,FALSE,FALSE,FALSE,FALSE,FALSE,FALSE,FALSE,"{""coordinates"": [[-79.31659072500902, 43.666344082454074]], ""type"": ""MultiPoint""}"
4625,2009:1112152,2009-05-27T13:52:00,COXWELL Aven,QUEEN Stre E,,5,Non-Fatal Injury,At Intersection,Traffic Signal,Turning Movement,Clear,Daylight,Dry,Minor Arterial,FALSE,-79.31659073,43.666344082454074,1,,,1,,,Other Safety Equipment Used,,,,,,,,,,owner,,Beaches-East York (19),55 Division,Greenwood-Coxwell,FALSE,FALSE,FALSE,FALSE,FALSE,FALSE,FALSE,FALSE,FALSE,FALSE,"{""coordinates"": [[-79.31659072500902, 43.666344082454074]], ""type"": ""MultiPoint""}"
4626,2009:1112152,2009-05-27T13:52:00,COXWELL Aven,QUEEN Stre E,,5,Non-Fatal Injury,At Intersection,Traffic Signal,Turning Movement,Clear,Daylight,Dry,Minor Arterial,FALSE,-79.31659073,43.666344082454074,3,,,4,,,Other Safety Equipment Used,,,,,,,,,,owner,,Beaches-East York (19),55 Division,Greenwood-Coxwell,FALSE,FALSE,FALSE,FALSE,FALSE,FALSE,FALSE,FALSE,FALSE,FALSE,"{""coordinates"": [[-79.31659072500902, 43.666344082454074]], ""type"": ""MultiPoint""}"
4627,2009:1112152,2009-05-27T13:52:00,COXWELL Aven,QUEEN Stre E,,5,Non-Fatal Injury,At Intersection,Traffic Signal,Turning Movement,Clear,Daylight,Dry,Minor Arterial,FALSE,-79.31659073,43.666344082454074,2,Automobile or Station Wagon,West,3,48,None,Lap and Shoulder Belt,Driving properly,Normal,,,Stopped,,,,,driver,,Beaches-East York (19),55 Division,Greenwood-Coxwell,FALSE,FALSE,FALSE,FALSE,FALSE,FALSE,FALSE,FALSE,FALSE,FALSE,"{""coordinates"": [[-79.31659072500902, 43.666344082454074]], ""type"": ""MultiPoint""}"
4628,2009:1112152,2009-05-27T13:52:00,COXWELL Aven,QUEEN Stre E,,5,Non-Fatal Injury,At Intersection,Traffic Signal,Turning Movement,Clear,Daylight,Dry,Minor Arterial,FALSE,-79.31659073,43.666344082454074,3,Automobile or Station Wagon,South,5,39,Major,Use Unknown,Improper turn,Medical or Physical Disability,,,Turning Left,,,,,driver,,Beaches-East York (19),55 Division,Greenwood-Coxwell,FALSE,FALSE,FALSE,FALSE,FALSE,FALSE,FALSE,FALSE,FALSE,FALSE,"{""coordinates"": [[-79.31659072500902, 43.666344082454074]], ""type"": ""MultiPoint""}"
4629,2009:1106499,2009-05-27T15:34:00,DIXON ROAD,KELFIELD ST,,1,Non-Fatal Injury,At Intersection,Traffic Signal,SMV Other,Rain,Daylight,Wet,Major Arterial,FALSE,-79.57709113,43.69024442624296,1,Automobile or Station Wagon,East,1,68,Major,Lap and Shoulder Belt,Lost control,Medical or Physical Disability,,,Going Ahead,,,,,driver,,Etobicoke North (1),23 Division,West Humber-Clairville,FALSE,FALSE,FALSE,FALSE,FALSE,TRUE,FALSE,FALSE,FALSE,FALSE,"{""coordinates"": [[-79.57709113048858, 43.69024442624296]], ""type"": ""MultiPoint""}"
4630,2009:1113026,2009-05-27T23:53:00,MCCOWAN Road,LAWRENCE Aven E,,3,Non-Fatal Injury,At Intersection,Traffic Signal,Pedestrian Collision(internal code),Rain,Dark,Wet,Major Arterial,FALSE,-79.24539049,43.75554398980358,2,,North,3,42,Major,Other Safety Equipment Used,,,Crossing with right-of-way (intersection),Normal,,Driver turns left into pedestrian crossing with right-of-way (at intersection),,,,pedestrian,,Scarborough Centre (21),43 Division,Bendale South,TRUE,FALSE,FALSE,FALSE,FALSE,FALSE,TRUE,FALSE,FALSE,FALSE,"{""coordinates"": [[-79.24539048909186, 43.75554398980358]], ""type"": ""MultiPoint""}"
4631,2009:1113026,2009-05-27T23:53:00,MCCOWAN Road,LAWRENCE Aven E,,3,Non-Fatal Injury,At Intersection,Traffic Signal,Pedestrian Collision(internal code),Rain,Dark,Wet,Major Arterial,FALSE,-79.24539049,43.75554398980358,1,,,1,,,Other Safety Equipment Used,,,,,,,,,,owner,,Scarborough Centre (21),43 Division,Bendale South,TRUE,FALSE,FALSE,FALSE,FALSE,FALSE,TRUE,FALSE,FALSE,FALSE,"{""coordinates"": [[-79.24539048909186, 43.75554398980358]], ""type"": ""MultiPoint""}"
4632,2009:1113026,2009-05-27T23:53:00,MCCOWAN Road,LAWRENCE Aven E,,3,Non-Fatal Injury,At Intersection,Traffic Signal,Pedestrian Collision(internal code),Rain,Dark,Wet,Major Arterial,FALSE,-79.24539049,43.75554398980358,1,Automobile or Station Wagon,North,2,33,None,Lap and Shoulder Belt,Failed to yield right-of-way,Normal,,,Turning Left,,,,,driver,,Scarborough Centre (21),43 Division,Bendale South,TRUE,FALSE,FALSE,FALSE,FALSE,FALSE,TRUE,FALSE,FALSE,FALSE,"{""coordinates"": [[-79.24539048909186, 43.75554398980358]], ""type"": ""MultiPoint""}"
4633,2009:1106697,2009-05-28T12:52:00,JOHN GARLAND Blvd,COLLINGDALE Rd,,1,Non-Fatal Injury,,No Control,SMV Other,Rain,Daylight,Wet,Collector,FALSE,-79.58319106,43.732844408226235,1,,,2,7,Major,Lap and Shoulder Belt,,,,,,,,,,passenger,,Etobicoke North (1),23 Division,Mount Olive-Silverstone-Jamestown,FALSE,FALSE,FALSE,FALSE,FALSE,FALSE,FALSE,FALSE,TRUE,FALSE,"{""coordinates"": [[-79.58319105812734, 43.732844408226235]], ""type"": ""MultiPoint""}"
4634,2009:1106697,2009-05-28T12:52:00,JOHN GARLAND Blvd,COLLINGDALE Rd,,1,Non-Fatal Injury,,No Control,SMV Other,Rain,Daylight,Wet,Collector,FALSE,-79.58319106,43.732844408226235,1,,,1,11,Major,Lap and Shoulder Belt,,,,,,,,,,passenger,,Etobicoke North (1),23 Division,Mount Olive-Silverstone-Jamestown,FALSE,FALSE,FALSE,FALSE,FALSE,FALSE,FALSE,FALSE,TRUE,FALSE,"{""coordinates"": [[-79.58319105812734, 43.732844408226235]], ""type"": ""MultiPoint""}"
4635,2009:1106697,2009-05-28T12:52:00,JOHN GARLAND Blvd,COLLINGDALE Rd,,1,Non-Fatal Injury,,No Control,SMV Other,Rain,Daylight,Wet,Collector,FALSE,-79.58319106,43.732844408226235,1,,,3,,,Other Safety Equipment Used,,,,,,,,,,owner,,Etobicoke North (1),23 Division,Mount Olive-Silverstone-Jamestown,FALSE,FALSE,FALSE,FALSE,FALSE,FALSE,FALSE,FALSE,TRUE,FALSE,"{""coordinates"": [[-79.58319105812734, 43.732844408226235]], ""type"": ""MultiPoint""}"