_id,collision_id,accdate,stname1,stname2,stname3,per_inv,acclass,accloc,traffictl,impactype,visible,light,rdsfcond,road_class,failtorem,longitude,latitude,veh_no,vehtype,initdir,per_no,invage,injury,safequip,drivact,drivcond,pedact,pedcond,manoeuvre,pedtype,cyclistype,cycact,cyccond,road_user,fatal_no,wardname,division,neighbourhood,aggressive,distracted,cyclist,motorcyclist,other_micromobility,older_adult,pedestrian,red_light,school_child,heavy_truck,geometry
4683,2009:1113423,2009-06-05T18:30:00,1183 FINCH Ave W,,,3,Non-Fatal Injury,,Traffic Signal,Rear End,Clear,Daylight,Dry,Major Arterial,FALSE,-79.48289087,43.765244281245465,1,Automobile or Station Wagon,East,2,21,Minimal,Air Bag Deployed,Following too closely,Normal,,,Going Ahead,,,,,driver,,York Centre (6),31 Division,York University Heights,TRUE,FALSE,FALSE,FALSE,FALSE,TRUE,FALSE,FALSE,FALSE,FALSE,"{""coordinates"": [[-79.4828908739493, 43.765244281245465]], ""type"": ""MultiPoint""}"
4684,2009:1113770,2009-06-06T20:09:00,COXWELL Ave,ROBBINS Ave,,2,Non-Fatal Injury,,No Control,Cyclist Collision,Clear,Daylight,Dry,Minor Arterial,FALSE,-79.31829072,43.67064408460452,1,Automobile or Station Wagon,South,1,41,None,Other Safety Equipment Used,Other,Inattentive,,,Parked,,,,,driver,,Beaches-East York (19),55 Division,Woodbine Corridor,FALSE,TRUE,TRUE,FALSE,FALSE,FALSE,FALSE,FALSE,FALSE,FALSE,"{""coordinates"": [[-79.31829072244706, 43.67064408460452]], ""type"": ""MultiPoint""}"
4685,2009:1113770,2009-06-06T20:09:00,COXWELL Ave,ROBBINS Ave,,2,Non-Fatal Injury,,No Control,Cyclist Collision,Clear,Daylight,Dry,Minor Arterial,FALSE,-79.31829072,43.67064408460452,2,Bicycle,South,2,51,Major,Other Safety Equipment Used,,,,,Going Ahead,,Dooring,Driving Properly,Normal,cyclist,,Beaches-East York (19),55 Division,Woodbine Corridor,FALSE,TRUE,TRUE,FALSE,FALSE,FALSE,FALSE,FALSE,FALSE,FALSE,"{""coordinates"": [[-79.31829072244706, 43.67064408460452]], ""type"": ""MultiPoint""}"
4686,2009:1113980,2009-06-07T16:31:00,ISLINGTON Ave,ABERLADY Rd,,1,Non-Fatal Injury,,No Control,SMV Other,Clear,Daylight,Dry,Major Arterial,FALSE,-79.51739117,43.63004438697138,1,Motorcycle,North,1,39,Major,Helmet,Lost control,Normal,,,Going Ahead,,,,,motorcyclist,,Etobicoke-Lakeshore (3),22 Division,Stonegate-Queensway,FALSE,FALSE,FALSE,TRUE,FALSE,FALSE,FALSE,FALSE,FALSE,FALSE,"{""coordinates"": [[-79.51739116532238, 43.63004438697138]], ""type"": ""MultiPoint""}"
4687,2009:1109235,2009-06-09T16:13:00,CUMMER Aven,BAYVIEW Aven,,3,Non-Fatal Injury,At Intersection,Traffic Signal,Pedestrian Collision(internal code),Clear,Daylight,Dry,Major Arterial,FALSE,-79.3935907,43.79224416974788,1,,North,1,62,Major,Other Safety Equipment Used,,,Crossing without right-of-way (intersection),Inattentive,,Driver going straight hits pedestrian crossing without right-of-way (at intersection),,,,pedestrian,,Willowdale (18),32 Division,Newtonbrook East,FALSE,TRUE,FALSE,FALSE,FALSE,FALSE,TRUE,FALSE,FALSE,FALSE,"{""coordinates"": [[-79.39359069695547, 43.79224416974788]], ""type"": ""MultiPoint""}"
4688,2009:1109235,2009-06-09T16:13:00,CUMMER Aven,BAYVIEW Aven,,3,Non-Fatal Injury,At Intersection,Traffic Signal,Pedestrian Collision(internal code),Clear,Daylight,Dry,Major Arterial,FALSE,-79.3935907,43.79224416974788,2,Automobile or Station Wagon,West,3,24,None,Lap and Shoulder Belt,Driving properly,Normal,,,Going Ahead,,,,,driver,,Willowdale (18),32 Division,Newtonbrook East,FALSE,TRUE,FALSE,FALSE,FALSE,FALSE,TRUE,FALSE,FALSE,FALSE,"{""coordinates"": [[-79.39359069695547, 43.79224416974788]], ""type"": ""MultiPoint""}"
4689,2009:1109235,2009-06-09T16:13:00,CUMMER Aven,BAYVIEW Aven,,3,Non-Fatal Injury,At Intersection,Traffic Signal,Pedestrian Collision(internal code),Clear,Daylight,Dry,Major Arterial,FALSE,-79.3935907,43.79224416974788,2,,,2,,,Other Safety Equipment Used,,,,,,,,,,owner,,Willowdale (18),32 Division,Newtonbrook East,FALSE,TRUE,FALSE,FALSE,FALSE,FALSE,TRUE,FALSE,FALSE,FALSE,"{""coordinates"": [[-79.39359069695547, 43.79224416974788]], ""type"": ""MultiPoint""}"
4690,2009:1108724,2009-06-10T15:46:00,EGLINTON AVE W,OLD PARK RD,,4,Non-Fatal Injury,,Traffic Signal,Pedestrian Collision(internal code),Clear,Daylight,Dry,Major Arterial,FALSE,-79.43099089,43.69984423654638,3,,South,4,44,Major,Other Safety Equipment Used,,,Running onto roadway,,,Driver going straight hits pedestrian crossing without right-of-way (at intersection),,,,pedestrian,,Eglinton-Lawrence (8),13 Division,Forest Hill North,FALSE,FALSE,FALSE,FALSE,FALSE,FALSE,TRUE,FALSE,FALSE,FALSE,"{""coordinates"": [[-79.43099088828855, 43.69984423654638]], ""type"": ""MultiPoint""}"
4691,2009:1108724,2009-06-10T15:46:00,EGLINTON AVE W,OLD PARK RD,,4,Non-Fatal Injury,,Traffic Signal,Pedestrian Collision(internal code),Clear,Daylight,Dry,Major Arterial,FALSE,-79.43099089,43.69984423654638,2,Automobile or Station Wagon,West,3,54,None,Lap and Shoulder Belt,Driving properly,Normal,,,Going Ahead,,,,,driver,,Eglinton-Lawrence (8),13 Division,Forest Hill North,FALSE,FALSE,FALSE,FALSE,FALSE,FALSE,TRUE,FALSE,FALSE,FALSE,"{""coordinates"": [[-79.43099088828855, 43.69984423654638]], ""type"": ""MultiPoint""}"
4692,2009:1108724,2009-06-10T15:46:00,EGLINTON AVE W,OLD PARK RD,,4,Non-Fatal Injury,,Traffic Signal,Pedestrian Collision(internal code),Clear,Daylight,Dry,Major Arterial,FALSE,-79.43099089,43.69984423654638,1,,,1,,,Other Safety Equipment Used,,,,,,,,,,owner,,Eglinton-Lawrence (8),13 Division,Forest Hill North,FALSE,FALSE,FALSE,FALSE,FALSE,FALSE,TRUE,FALSE,FALSE,FALSE,"{""coordinates"": [[-79.43099088828855, 43.69984423654638]], ""type"": ""MultiPoint""}"
4693,2009:1108724,2009-06-10T15:46:00,EGLINTON AVE W,OLD PARK RD,,4,Non-Fatal Injury,,Traffic Signal,Pedestrian Collision(internal code),Clear,Daylight,Dry,Major Arterial,FALSE,-79.43099089,43.69984423654638,1,Automobile or Station Wagon,West,2,52,None,Lap and Shoulder Belt,Driving properly,Normal,,,Going Ahead,,,,,driver,,Eglinton-Lawrence (8),13 Division,Forest Hill North,FALSE,FALSE,FALSE,FALSE,FALSE,FALSE,TRUE,FALSE,FALSE,FALSE,"{""coordinates"": [[-79.43099088828855, 43.69984423654638]], ""type"": ""MultiPoint""}"
4694,2009:1110888,2009-06-11T08:35:00,WELLINGTON ST W,YORK ST,,2,Non-Fatal Injury,At Intersection,Traffic Signal,Cyclist Collision,Clear,Daylight,Dry,Minor Arterial,TRUE,-79.38299088,43.64654418274837,2,Bicycle,West,2,43,Major,Helmet,,,,,Slowing or Stopping,,Sideswipe with cyclist and driver travelling in same direction,Lost control,Normal,cyclist,,Spadina-Fort York (10),52 Division,Yonge-Bay Corridor,FALSE,FALSE,TRUE,FALSE,FALSE,FALSE,FALSE,FALSE,FALSE,FALSE,"{""coordinates"": [[-79.3829908821784, 43.64654418274837]], ""type"": ""MultiPoint""}"
4695,2009:1118389,2009-06-30T11:58:00,AVENUE RD,GLENVIEW AVE,,4,Non-Fatal Injury,,No Control,Angle,Clear,Daylight,Dry,Major Arterial,FALSE,-79.41399083,43.717444208150496,1,Automobile or Station Wagon,North,3,48,Minimal,Lap and Shoulder Belt,Driving properly,Normal,,,Going Ahead,,,,,driver,,Eglinton-Lawrence (8),53 Division,Lawrence Park South,FALSE,FALSE,FALSE,FALSE,FALSE,FALSE,FALSE,FALSE,FALSE,FALSE,"{""coordinates"": [[-79.41399082899233, 43.717444208150496]], ""type"": ""MultiPoint""}"
4696,2009:1110888,2009-06-11T08:35:00,WELLINGTON ST W,YORK ST,,2,Non-Fatal Injury,At Intersection,Traffic Signal,Cyclist Collision,Clear,Daylight,Dry,Minor Arterial,TRUE,-79.38299088,43.64654418274837,1,Automobile or Station Wagon,West,1,,None,Other Safety Equipment Used,Driving properly,Normal,,,Going Ahead,,,,,driver,,Spadina-Fort York (10),52 Division,Yonge-Bay Corridor,FALSE,FALSE,TRUE,FALSE,FALSE,FALSE,FALSE,FALSE,FALSE,FALSE,"{""coordinates"": [[-79.3829908821784, 43.64654418274837]], ""type"": ""MultiPoint""}"
4697,2009:1109028,2009-06-11T10:30:00,SOUTH KINGSWAY,THE QUEENSWAY,,5,Non-Fatal Injury,,No Control,Rear End,Clear,Daylight,Dry,Minor Arterial,FALSE,-79.47299108,43.63494432188554,1,Automobile or Station Wagon,South,3,56,Minimal,Lap and Shoulder Belt,Lost control,Normal,,,Slowing or Stopping,,,,,driver,,Parkdale-High Park (4),11 Division,High Park-Swansea,FALSE,FALSE,FALSE,FALSE,FALSE,FALSE,FALSE,FALSE,FALSE,FALSE,"{""coordinates"": [[-79.47299107956891, 43.63494432188554]], ""type"": ""MultiPoint""}"
4698,2009:1109028,2009-06-11T10:30:00,SOUTH KINGSWAY,THE QUEENSWAY,,5,Non-Fatal Injury,,No Control,Rear End,Clear,Daylight,Dry,Minor Arterial,FALSE,-79.47299108,43.63494432188554,1,,,2,,Major,Lap and Shoulder Belt,,,,,,,,,,passenger,,Parkdale-High Park (4),11 Division,High Park-Swansea,FALSE,FALSE,FALSE,FALSE,FALSE,FALSE,FALSE,FALSE,FALSE,FALSE,"{""coordinates"": [[-79.47299107956891, 43.63494432188554]], ""type"": ""MultiPoint""}"
4699,2009:1109028,2009-06-11T10:30:00,SOUTH KINGSWAY,THE QUEENSWAY,,5,Non-Fatal Injury,,No Control,Rear End,Clear,Daylight,Dry,Minor Arterial,FALSE,-79.47299108,43.63494432188554,2,,,4,,,Other Safety Equipment Used,,,,,,,,,,owner,,Parkdale-High Park (4),11 Division,High Park-Swansea,FALSE,FALSE,FALSE,FALSE,FALSE,FALSE,FALSE,FALSE,FALSE,FALSE,"{""coordinates"": [[-79.47299107956891, 43.63494432188554]], ""type"": ""MultiPoint""}"
4700,2009:1109028,2009-06-11T10:30:00,SOUTH KINGSWAY,THE QUEENSWAY,,5,Non-Fatal Injury,,No Control,Rear End,Clear,Daylight,Dry,Minor Arterial,FALSE,-79.47299108,43.63494432188554,2,Automobile or Station Wagon,South,5,51,None,Other Safety Equipment Used,Driving properly,Normal,,,Stopped,,,,,driver,,Parkdale-High Park (4),11 Division,High Park-Swansea,FALSE,FALSE,FALSE,FALSE,FALSE,FALSE,FALSE,FALSE,FALSE,FALSE,"{""coordinates"": [[-79.47299107956891, 43.63494432188554]], ""type"": ""MultiPoint""}"
4701,2009:1109028,2009-06-11T10:30:00,SOUTH KINGSWAY,THE QUEENSWAY,,5,Non-Fatal Injury,,No Control,Rear End,Clear,Daylight,Dry,Minor Arterial,FALSE,-79.47299108,43.63494432188554,1,,,1,55,Minimal,Lap and Shoulder Belt,,,,,,,,,,passenger,,Parkdale-High Park (4),11 Division,High Park-Swansea,FALSE,FALSE,FALSE,FALSE,FALSE,FALSE,FALSE,FALSE,FALSE,FALSE,"{""coordinates"": [[-79.47299107956891, 43.63494432188554]], ""type"": ""MultiPoint""}"
4702,2009:1114683,2009-06-12T17:25:00,AMSTERDAM AVE,O CONNOR DR,,2,Non-Fatal Injury,,No Control,Approaching Head On,Clear,Daylight,Dry,Major Arterial,FALSE,-79.30599064,43.714244065113476,2,Automobile or Station Wagon,North,2,48,None,Lap and Shoulder Belt,Driving properly,Normal,,,Going Ahead,,,,,driver,,Beaches-East York (19),55 Division,O'Connor-Parkview,FALSE,FALSE,FALSE,TRUE,FALSE,FALSE,FALSE,FALSE,FALSE,FALSE,"{""coordinates"": [[-79.3059906415822, 43.714244065113476]], ""type"": ""MultiPoint""}"
4703,2009:1114683,2009-06-12T17:25:00,AMSTERDAM AVE,O CONNOR DR,,2,Non-Fatal Injury,,No Control,Approaching Head On,Clear,Daylight,Dry,Major Arterial,FALSE,-79.30599064,43.714244065113476,1,Motorcycle,South,1,37,Major,Helmet,Improper turn,Normal,,,Going Ahead,,,,,motorcyclist,,Beaches-East York (19),55 Division,O'Connor-Parkview,FALSE,FALSE,FALSE,TRUE,FALSE,FALSE,FALSE,FALSE,FALSE,FALSE,"{""coordinates"": [[-79.3059906415822, 43.714244065113476]], ""type"": ""MultiPoint""}"
4704,2009:1109154,2009-06-13T08:52:00,WILLIAM R ALLEN RD S,ELM RIDGE DR,,4,Non-Fatal Injury,,No Control,Rear End,Clear,Daylight,Dry,,FALSE,-79.4379909,43.703344244890275,3,Automobile or Station Wagon,South,4,65,None,Other Safety Equipment Used,Following too closely,Inattentive,,,Unknown,,,,,driver,,Eglinton-Lawrence (8),13 Division,Forest Hill North,TRUE,TRUE,FALSE,FALSE,FALSE,TRUE,FALSE,FALSE,TRUE,FALSE,"{""coordinates"": [[-79.43799089518146, 43.703344244890275]], ""type"": ""MultiPoint""}"
4705,2009:1109154,2009-06-13T08:52:00,WILLIAM R ALLEN RD S,ELM RIDGE DR,,4,Non-Fatal Injury,,No Control,Rear End,Clear,Daylight,Dry,,FALSE,-79.4379909,43.703344244890275,3,,,3,16,Minimal,Other Safety Equipment Used,,,,,,,,,,passenger,,Eglinton-Lawrence (8),13 Division,Forest Hill North,TRUE,TRUE,FALSE,FALSE,FALSE,TRUE,FALSE,FALSE,TRUE,FALSE,"{""coordinates"": [[-79.43799089518146, 43.703344244890275]], ""type"": ""MultiPoint""}"
4706,2009:1109154,2009-06-13T08:52:00,WILLIAM R ALLEN RD S,ELM RIDGE DR,,4,Non-Fatal Injury,,No Control,Rear End,Clear,Daylight,Dry,,FALSE,-79.4379909,43.703344244890275,2,Automobile or Station Wagon,South,2,42,Minimal,Other Safety Equipment Used,Driving properly,Normal,,,Stopped,,,,,driver,,Eglinton-Lawrence (8),13 Division,Forest Hill North,TRUE,TRUE,FALSE,FALSE,FALSE,TRUE,FALSE,FALSE,TRUE,FALSE,"{""coordinates"": [[-79.43799089518146, 43.703344244890275]], ""type"": ""MultiPoint""}"
4707,2009:1109154,2009-06-13T08:52:00,WILLIAM R ALLEN RD S,ELM RIDGE DR,,4,Non-Fatal Injury,,No Control,Rear End,Clear,Daylight,Dry,,FALSE,-79.4379909,43.703344244890275,1,Automobile or Station Wagon,South,1,48,Major,Other Safety Equipment Used,Driving properly,Normal,,,Slowing or Stopping,,,,,driver,,Eglinton-Lawrence (8),13 Division,Forest Hill North,TRUE,TRUE,FALSE,FALSE,FALSE,TRUE,FALSE,FALSE,TRUE,FALSE,"{""coordinates"": [[-79.43799089518146, 43.703344244890275]], ""type"": ""MultiPoint""}"
4708,2009:1114984,2009-06-13T18:18:00,DUPONT ST,SHAW ST,,3,Non-Fatal Injury,,No Control,Turning Movement,Clear,Daylight,Dry,Major Arterial,FALSE,-79.42659093,43.670544239988395,1,Motorcycle,East,1,39,Major,Helmet,Driving properly,Normal,,,Slowing or Stopping,,,,,motorcyclist,,University-Rosedale (11),14 Division,Dovercourt Village,FALSE,TRUE,FALSE,TRUE,FALSE,FALSE,FALSE,FALSE,TRUE,FALSE,"{""coordinates"": [[-79.42659092842428, 43.670544239988395]], ""type"": ""MultiPoint""}"
4709,2009:1114984,2009-06-13T18:18:00,DUPONT ST,SHAW ST,,3,Non-Fatal Injury,,No Control,Turning Movement,Clear,Daylight,Dry,Major Arterial,FALSE,-79.42659093,43.670544239988395,2,Automobile or Station Wagon,East,3,17,None,Lap and Shoulder Belt,Improper turn,Inattentive,,,Making U-Turn,,,,,driver,,University-Rosedale (11),14 Division,Dovercourt Village,FALSE,TRUE,FALSE,TRUE,FALSE,FALSE,FALSE,FALSE,TRUE,FALSE,"{""coordinates"": [[-79.42659092842428, 43.670544239988395]], ""type"": ""MultiPoint""}"
4710,2009:1114984,2009-06-13T18:18:00,DUPONT ST,SHAW ST,,3,Non-Fatal Injury,,No Control,Turning Movement,Clear,Daylight,Dry,Major Arterial,FALSE,-79.42659093,43.670544239988395,2,,,2,,,Other Safety Equipment Used,,,,,,,,,,owner,,University-Rosedale (11),14 Division,Dovercourt Village,FALSE,TRUE,FALSE,TRUE,FALSE,FALSE,FALSE,FALSE,TRUE,FALSE,"{""coordinates"": [[-79.42659092842428, 43.670544239988395]], ""type"": ""MultiPoint""}"
4711,2009:1109297,2009-06-14T22:06:00,THE QUEENSWAY,STEPHEN DR,,2,Non-Fatal Injury,,No Control,SMV Other,Clear,Dark,Dry,Major Arterial,FALSE,-79.48349111,43.63044433986595,1,,,1,34,Major,Equipment Not Used But Available,,,,,,,,,,passenger,,Etobicoke-Lakeshore (3),22 Division,Stonegate-Queensway,FALSE,FALSE,FALSE,FALSE,FALSE,FALSE,FALSE,FALSE,FALSE,FALSE,"{""coordinates"": [[-79.48349110861756, 43.63044433986595]], ""type"": ""MultiPoint""}"
4712,2009:1109297,2009-06-14T22:06:00,THE QUEENSWAY,STEPHEN DR,,2,Non-Fatal Injury,,No Control,SMV Other,Clear,Dark,Dry,Major Arterial,FALSE,-79.48349111,43.63044433986595,1,Automobile or Station Wagon,East,2,33,Minimal,Lap and Shoulder Belt,Lost control,Ability Impaired - Alcohol,,,Going Ahead,,,,,driver,,Etobicoke-Lakeshore (3),22 Division,Stonegate-Queensway,FALSE,FALSE,FALSE,FALSE,FALSE,FALSE,FALSE,FALSE,FALSE,FALSE,"{""coordinates"": [[-79.48349110861756, 43.63044433986595]], ""type"": ""MultiPoint""}"
4713,2009:1109820,2009-06-17T17:08:00,KEELE ST,DUNDAS ST W,,3,Fatal Injury,,No Control,Pedestrian Collision(internal code),Rain,Daylight,Wet,Major Arterial,TRUE,-79.46439101,43.664944296518776,1,,,1,,,Other Safety Equipment Used,,,,,,,,,,owner,,Parkdale-High Park (4),11 Division,Junction Area,FALSE,FALSE,FALSE,FALSE,FALSE,TRUE,TRUE,FALSE,FALSE,TRUE,"{""coordinates"": [[-79.46439101004255, 43.664944296518776]], ""type"": ""MultiPoint""}"
4714,2009:1109820,2009-06-17T17:08:00,KEELE ST,DUNDAS ST W,,3,Fatal Injury,,No Control,Pedestrian Collision(internal code),Rain,Daylight,Wet,Major Arterial,TRUE,-79.46439101,43.664944296518776,1,Truck - Open (Flatbed),North,2,63,None,Other Safety Equipment Used,Driving properly,Normal,,,Going Ahead,,,,,driver,,Parkdale-High Park (4),11 Division,Junction Area,FALSE,FALSE,FALSE,FALSE,FALSE,TRUE,TRUE,FALSE,FALSE,TRUE,"{""coordinates"": [[-79.46439101004255, 43.664944296518776]], ""type"": ""MultiPoint""}"
4715,2009:1109820,2009-06-17T17:08:00,KEELE ST,DUNDAS ST W,,3,Fatal Injury,,No Control,Pedestrian Collision(internal code),Rain,Daylight,Wet,Major Arterial,TRUE,-79.46439101,43.664944296518776,2,,Unknown,3,85,Fatal,Other Safety Equipment Used,,,Other,Normal,,Driver hits pedestrian at midblock,,,,pedestrian,16,Parkdale-High Park (4),11 Division,Junction Area,FALSE,FALSE,FALSE,FALSE,FALSE,TRUE,TRUE,FALSE,FALSE,TRUE,"{""coordinates"": [[-79.46439101004255, 43.664944296518776]], ""type"": ""MultiPoint""}"
4716,2009:1111004,2009-06-17T19:15:00,ST CLAIR AVE W,TWEEDSMUIR AVE,,2,Non-Fatal Injury,,Traffic Signal,Pedestrian Collision(internal code),Rain,Dark,Wet,Major Arterial,TRUE,-79.41339088,43.68414421707914,1,,South,1,81,Major,Other Safety Equipment Used,,,Crossing with right-of-way (intersection),Normal,,Driver reversing hits pedestrian,,,,pedestrian,,Toronto-St. Paul's (12),13 Division,Casa Loma,FALSE,FALSE,FALSE,FALSE,FALSE,TRUE,TRUE,FALSE,FALSE,FALSE,"{""coordinates"": [[-79.41339088146886, 43.68414421707914]], ""type"": ""MultiPoint""}"
4717,2009:1111004,2009-06-17T19:15:00,ST CLAIR AVE W,TWEEDSMUIR AVE,,2,Non-Fatal Injury,,Traffic Signal,Pedestrian Collision(internal code),Rain,Dark,Wet,Major Arterial,TRUE,-79.41339088,43.68414421707914,1,Automobile or Station Wagon,East,2,,None,Other Safety Equipment Used,Other,Unknown,,,Reversing,,,,,driver,,Toronto-St. Paul's (12),13 Division,Casa Loma,FALSE,FALSE,FALSE,FALSE,FALSE,TRUE,TRUE,FALSE,FALSE,FALSE,"{""coordinates"": [[-79.41339088146886, 43.68414421707914]], ""type"": ""MultiPoint""}"
4718,2009:1110013,2009-06-18T22:13:00,EGLINTON AVE W,MARTIN GROVE RD,,2,Non-Fatal Injury,,Traffic Controller,Turning Movement,Clear,Dark,Dry,Major Arterial,FALSE,-79.56319114,43.67444441886804,1,Automobile or Station Wagon,East,1,43,Major,Other Safety Equipment Used,Failed to yield right-of-way,Normal,,,Turning Left,,,,,driver,,Etobicoke Centre (2),22 Division,Eringate-Centennial-West Deane,TRUE,FALSE,FALSE,FALSE,FALSE,FALSE,FALSE,FALSE,FALSE,FALSE,"{""coordinates"": [[-79.56319114225505, 43.67444441886804]], ""type"": ""MultiPoint""}"
4719,2009:1110013,2009-06-18T22:13:00,EGLINTON AVE W,MARTIN GROVE RD,,2,Non-Fatal Injury,,Traffic Controller,Turning Movement,Clear,Dark,Dry,Major Arterial,FALSE,-79.56319114,43.67444441886804,2,Automobile or Station Wagon,West,2,21,Major,Other Safety Equipment Used,Driving properly,Normal,,,Going Ahead,,,,,driver,,Etobicoke Centre (2),22 Division,Eringate-Centennial-West Deane,TRUE,FALSE,FALSE,FALSE,FALSE,FALSE,FALSE,FALSE,FALSE,FALSE,"{""coordinates"": [[-79.56319114225505, 43.67444441886804]], ""type"": ""MultiPoint""}"
4720,2009:1115921,2009-06-19T10:30:00,MANNING AVE,BLOOR ST W,,3,Non-Fatal Injury,,Traffic Signal,Pedestrian Collision(internal code),Clear,Daylight,Dry,Major Arterial,FALSE,-79.41609092,43.66424423,1,,South,1,,None,Other Safety Equipment Used,,,,,Parked,,,,,other,,University-Rosedale (11),14 Division,Annex,FALSE,FALSE,FALSE,FALSE,FALSE,TRUE,TRUE,FALSE,FALSE,FALSE,"{""coordinates"": [[-79.41609091864251, 43.6642442268034]], ""type"": ""MultiPoint""}"
4721,2009:1115921,2009-06-19T10:30:00,MANNING AVE,BLOOR ST W,,3,Non-Fatal Injury,,Traffic Signal,Pedestrian Collision(internal code),Clear,Daylight,Dry,Major Arterial,FALSE,-79.41609092,43.66424423,3,,,3,44,Major,Other Safety Equipment Used,,,Playing or working on highway,Normal,,Driver reversing hits pedestrian,,,,pedestrian,,University-Rosedale (11),14 Division,Annex,FALSE,FALSE,FALSE,FALSE,FALSE,TRUE,TRUE,FALSE,FALSE,FALSE,"{""coordinates"": [[-79.41609091864251, 43.6642442268034]], ""type"": ""MultiPoint""}"
4722,2009:1115921,2009-06-19T10:30:00,MANNING AVE,BLOOR ST W,,3,Non-Fatal Injury,,Traffic Signal,Pedestrian Collision(internal code),Clear,Daylight,Dry,Major Arterial,FALSE,-79.41609092,43.66424423,2,Automobile or Station Wagon,South,2,73,None,Use Unknown,Other,Normal,,,Reversing,,,,,driver,,University-Rosedale (11),14 Division,Annex,FALSE,FALSE,FALSE,FALSE,FALSE,TRUE,TRUE,FALSE,FALSE,FALSE,"{""coordinates"": [[-79.41609091864251, 43.6642442268034]], ""type"": ""MultiPoint""}"
4723,2009:1115922,2009-06-19T14:30:00,COLLINGSBROOK BLVD,SOLWAY CRT,,3,Non-Fatal Injury,At Intersection,Stop Sign,Approaching Head On,Clear,Daylight,Dry,Collector,FALSE,-79.31619057,43.79084407837794,1,Automobile or Station Wagon,South,1,64,Major,Lap and Shoulder Belt,Driving properly,Normal,,,Going Ahead,,,,,driver,,Scarborough-Agincourt (22),42 Division,L'Amoreaux West,FALSE,FALSE,FALSE,FALSE,FALSE,FALSE,FALSE,FALSE,FALSE,FALSE,"{""coordinates"": [[-79.31619057379375, 43.79084407837794]], ""type"": ""MultiPoint""}"
4724,2009:1115922,2009-06-19T14:30:00,COLLINGSBROOK BLVD,SOLWAY CRT,,3,Non-Fatal Injury,At Intersection,Stop Sign,Approaching Head On,Clear,Daylight,Dry,Collector,FALSE,-79.31619057,43.79084407837794,2,,,2,,,Other Safety Equipment Used,,,,,,,,,,owner,,Scarborough-Agincourt (22),42 Division,L'Amoreaux West,FALSE,FALSE,FALSE,FALSE,FALSE,FALSE,FALSE,FALSE,FALSE,FALSE,"{""coordinates"": [[-79.31619057379375, 43.79084407837794]], ""type"": ""MultiPoint""}"
4725,2009:1115922,2009-06-19T14:30:00,COLLINGSBROOK BLVD,SOLWAY CRT,,3,Non-Fatal Injury,At Intersection,Stop Sign,Approaching Head On,Clear,Daylight,Dry,Collector,FALSE,-79.31619057,43.79084407837794,2,Automobile or Station Wagon,North,3,37,Minimal,Lap and Shoulder Belt,Improper lane change,Ability Impaired - Alcohol Over .08,,,Going Ahead,,,,,driver,,Scarborough-Agincourt (22),42 Division,L'Amoreaux West,FALSE,FALSE,FALSE,FALSE,FALSE,FALSE,FALSE,FALSE,FALSE,FALSE,"{""coordinates"": [[-79.31619057379375, 43.79084407837794]], ""type"": ""MultiPoint""}"
4726,2009:1110181,2009-06-19T18:44:00,PARLIAMENT ST,OAK ST,,3,Non-Fatal Injury,At Intersection,Pedestrian Crossover,Cyclist Collision,Clear,Daylight,Dry,Minor Arterial,FALSE,-79.36649083,43.66064415557528,1,,,1,32,None,Lap and Shoulder Belt,,,,,,,,,,passenger,,Toronto Centre (13),51 Division,Regent Park,TRUE,TRUE,TRUE,FALSE,FALSE,FALSE,FALSE,FALSE,TRUE,FALSE,"{""coordinates"": [[-79.36649082886137, 43.66064415557528]], ""type"": ""MultiPoint""}"
4727,2009:1110181,2009-06-19T18:44:00,PARLIAMENT ST,OAK ST,,3,Non-Fatal Injury,At Intersection,Pedestrian Crossover,Cyclist Collision,Clear,Daylight,Dry,Minor Arterial,FALSE,-79.36649083,43.66064415557528,1,Automobile or Station Wagon,South,2,29,None,Lap and Shoulder Belt,Disobeyed traffic control,Inattentive,,,Going Ahead,,,,,driver,,Toronto Centre (13),51 Division,Regent Park,TRUE,TRUE,TRUE,FALSE,FALSE,FALSE,FALSE,FALSE,TRUE,FALSE,"{""coordinates"": [[-79.36649082886137, 43.66064415557528]], ""type"": ""MultiPoint""}"
4728,2009:1110181,2009-06-19T18:44:00,PARLIAMENT ST,OAK ST,,3,Non-Fatal Injury,At Intersection,Pedestrian Crossover,Cyclist Collision,Clear,Daylight,Dry,Minor Arterial,FALSE,-79.36649083,43.66064415557528,2,Bicycle,West,3,7,Major,No Equipment Available,,,,,Going Ahead,,Driver hits cyclist at PXO (travelling in same direction or cyclist riding across crosswalk),Other,Normal,cyclist,,Toronto Centre (13),51 Division,Regent Park,TRUE,TRUE,TRUE,FALSE,FALSE,FALSE,FALSE,FALSE,TRUE,FALSE,"{""coordinates"": [[-79.36649082886137, 43.66064415557528]], ""type"": ""MultiPoint""}"
4729,2009:1115973,2009-06-20T21:30:00,JANE ST,MACDONALD AVE,,3,Non-Fatal Injury,,No Control,Pedestrian Collision(internal code),Clear,Dark,Dry,Major Arterial,FALSE,-79.50419101,43.704444333441984,1,Automobile or Station Wagon,South,2,38,None,Lap and Shoulder Belt,Driving properly,Normal,,,Going Ahead,,,,,driver,,York South-Weston (5),12 Division,Rustic,FALSE,TRUE,FALSE,FALSE,FALSE,FALSE,TRUE,FALSE,FALSE,FALSE,"{""coordinates"": [[-79.50419101087942, 43.704444333441984]], ""type"": ""MultiPoint""}"
4730,2009:1115973,2009-06-20T21:30:00,JANE ST,MACDONALD AVE,,3,Non-Fatal Injury,,No Control,Pedestrian Collision(internal code),Clear,Dark,Dry,Major Arterial,FALSE,-79.50419101,43.704444333441984,1,,,1,,,Other Safety Equipment Used,,,,,,,,,,owner,,York South-Weston (5),12 Division,Rustic,FALSE,TRUE,FALSE,FALSE,FALSE,FALSE,TRUE,FALSE,FALSE,FALSE,"{""coordinates"": [[-79.50419101087942, 43.704444333441984]], ""type"": ""MultiPoint""}"
4731,2009:1115973,2009-06-20T21:30:00,JANE ST,MACDONALD AVE,,3,Non-Fatal Injury,,No Control,Pedestrian Collision(internal code),Clear,Dark,Dry,Major Arterial,FALSE,-79.50419101,43.704444333441984,2,,,3,3,Major,Other Safety Equipment Used,,,Running onto roadway,Inattentive,,Other,,,,pedestrian,,York South-Weston (5),12 Division,Rustic,FALSE,TRUE,FALSE,FALSE,FALSE,FALSE,TRUE,FALSE,FALSE,FALSE,"{""coordinates"": [[-79.50419101087942, 43.704444333441984]], ""type"": ""MultiPoint""}"