_id,collision_id,accdate,stname1,stname2,stname3,per_inv,acclass,accloc,traffictl,impactype,visible,light,rdsfcond,road_class,failtorem,longitude,latitude,veh_no,vehtype,initdir,per_no,invage,injury,safequip,drivact,drivcond,pedact,pedcond,manoeuvre,pedtype,cyclistype,cycact,cyccond,road_user,fatal_no,wardname,division,neighbourhood,aggressive,distracted,cyclist,motorcyclist,other_micromobility,older_adult,pedestrian,red_light,school_child,heavy_truck,geometry
4780,2009:1119631,2009-07-01T21:20:00,BAYVIEW AVE,BAYVIEW MEWS LANE,,6,Non-Fatal Injury,At Intersection,Traffic Signal,Pedestrian Collision(internal code),Clear,Dark,Dry,Major Arterial,FALSE,-79.38869071,43.76934416559722,1,,,1,,,Other Safety Equipment Used,,,,,,,,,,owner,,Willowdale (18),32 Division,East Willowdale,TRUE,FALSE,FALSE,FALSE,FALSE,TRUE,TRUE,TRUE,FALSE,FALSE,"{""coordinates"": [[-79.38869071338704, 43.76934416559722]], ""type"": ""MultiPoint""}"
4781,2009:1119631,2009-07-01T21:20:00,BAYVIEW AVE,BAYVIEW MEWS LANE,,6,Non-Fatal Injury,At Intersection,Traffic Signal,Pedestrian Collision(internal code),Clear,Dark,Dry,Major Arterial,FALSE,-79.38869071,43.76934416559722,2,Automobile or Station Wagon,North,4,22,None,Lap and Shoulder Belt,Disobeyed traffic control,Normal,,,Going Ahead,,,,,driver,,Willowdale (18),32 Division,East Willowdale,TRUE,FALSE,FALSE,FALSE,FALSE,TRUE,TRUE,TRUE,FALSE,FALSE,"{""coordinates"": [[-79.38869071338704, 43.76934416559722]], ""type"": ""MultiPoint""}"
4782,2009:1119631,2009-07-01T21:20:00,BAYVIEW AVE,BAYVIEW MEWS LANE,,6,Non-Fatal Injury,At Intersection,Traffic Signal,Pedestrian Collision(internal code),Clear,Dark,Dry,Major Arterial,FALSE,-79.38869071,43.76934416559722,3,,,5,,,Other Safety Equipment Used,,,,,,,,,,owner,,Willowdale (18),32 Division,East Willowdale,TRUE,FALSE,FALSE,FALSE,FALSE,TRUE,TRUE,TRUE,FALSE,FALSE,"{""coordinates"": [[-79.38869071338704, 43.76934416559722]], ""type"": ""MultiPoint""}"
4783,2009:1119631,2009-07-01T21:20:00,BAYVIEW AVE,BAYVIEW MEWS LANE,,6,Non-Fatal Injury,At Intersection,Traffic Signal,Pedestrian Collision(internal code),Clear,Dark,Dry,Major Arterial,FALSE,-79.38869071,43.76934416559722,1,Automobile or Station Wagon,South,2,65,None,Lap and Shoulder Belt,Failed to yield right-of-way,Normal,,,Turning Left,,,,,driver,,Willowdale (18),32 Division,East Willowdale,TRUE,FALSE,FALSE,FALSE,FALSE,TRUE,TRUE,TRUE,FALSE,FALSE,"{""coordinates"": [[-79.38869071338704, 43.76934416559722]], ""type"": ""MultiPoint""}"
4784,2009:1113871,2009-07-04T03:00:00,EGLINTON AVE W,DUFFERIN ST,,1,Non-Fatal Injury,,No Control,Pedestrian Collision(internal code),Clear,Dark,Dry,Major Arterial,TRUE,-79.44909093,43.69594426274401,1,Automobile or Station Wagon,West,1,,None,Other Safety Equipment Used,Failed to yield right-of-way,Unknown,,,Going Ahead,,,,,driver,,Toronto-St. Paul's (12),13 Division,Oakwood Village,TRUE,FALSE,FALSE,FALSE,FALSE,FALSE,TRUE,FALSE,FALSE,FALSE,"{""coordinates"": [[-79.4490909279078, 43.69594426274401]], ""type"": ""MultiPoint""}"
4785,2009:1113871,2009-07-04T03:00:00,EGLINTON AVE W,DUFFERIN ST,,1,Non-Fatal Injury,,No Control,Pedestrian Collision(internal code),Clear,Dark,Dry,Major Arterial,TRUE,-79.44909093,43.69594426274401,1,,North,2,45,Major,Other Safety Equipment Used,,,Crossing - no traffic control,Normal,,Driver hits pedestrian at midblock,,,,pedestrian,,Toronto-St. Paul's (12),13 Division,Oakwood Village,TRUE,FALSE,FALSE,FALSE,FALSE,FALSE,TRUE,FALSE,FALSE,FALSE,"{""coordinates"": [[-79.4490909279078, 43.69594426274401]], ""type"": ""MultiPoint""}"
4786,2009:1120071,2009-07-06T20:30:00,FINCH AVE W,WILMINGTON AVE,,2,Non-Fatal Injury,At Intersection,Traffic Signal,Turning Movement,Clear,Daylight,Dry,Major Arterial,FALSE,-79.46069083,43.770244253103776,2,Motorcycle,East,2,22,Major,Helmet,Disobeyed traffic control,Normal,,,Going Ahead,,,,,motorcyclist,,York Centre (6),32 Division,Bathurst Manor,TRUE,FALSE,FALSE,TRUE,FALSE,TRUE,FALSE,TRUE,FALSE,FALSE,"{""coordinates"": [[-79.46069083115712, 43.770244253103776]], ""type"": ""MultiPoint""}"
4787,2009:1120071,2009-07-06T20:30:00,FINCH AVE W,WILMINGTON AVE,,2,Non-Fatal Injury,At Intersection,Traffic Signal,Turning Movement,Clear,Daylight,Dry,Major Arterial,FALSE,-79.46069083,43.770244253103776,1,Automobile or Station Wagon,West,1,79,None,Other Safety Equipment Used,Improper turn,Normal,,,Turning Left,,,,,driver,,York Centre (6),32 Division,Bathurst Manor,TRUE,FALSE,FALSE,TRUE,FALSE,TRUE,FALSE,TRUE,FALSE,FALSE,"{""coordinates"": [[-79.46069083115712, 43.770244253103776]], ""type"": ""MultiPoint""}"
4788,2009:1112683,2009-07-06T20:30:00,DON VALLEY PARKWAY N,ST DENNIS DR,,4,Fatal Injury,,No Control,SMV Other,Clear,Daylight,Dry,,FALSE,-79.32799067,43.71874409402113,1,Automobile or Station Wagon,North,4,21,Fatal,Lap and Shoulder Belt,Exceeding speed limit,Unknown,,,Changing Lanes,,,,,driver,19,Don Valley East (16),55 Division,Flemingdon Park,TRUE,FALSE,FALSE,FALSE,FALSE,FALSE,FALSE,FALSE,FALSE,FALSE,"{""coordinates"": [[-79.32799067460724, 43.71874409402113]], ""type"": ""MultiPoint""}"
4789,2009:1112683,2009-07-06T20:30:00,DON VALLEY PARKWAY N,ST DENNIS DR,,4,Fatal Injury,,No Control,SMV Other,Clear,Daylight,Dry,,FALSE,-79.32799067,43.71874409402113,1,,,3,,,Other Safety Equipment Used,,,,,,,,,,owner,,Don Valley East (16),55 Division,Flemingdon Park,TRUE,FALSE,FALSE,FALSE,FALSE,FALSE,FALSE,FALSE,FALSE,FALSE,"{""coordinates"": [[-79.32799067460724, 43.71874409402113]], ""type"": ""MultiPoint""}"
4790,2009:1112683,2009-07-06T20:30:00,DON VALLEY PARKWAY N,ST DENNIS DR,,4,Fatal Injury,,No Control,SMV Other,Clear,Daylight,Dry,,FALSE,-79.32799067,43.71874409402113,1,,,2,20,Fatal,Equipment Not Used But Available,,,,,,,,,,passenger,18,Don Valley East (16),55 Division,Flemingdon Park,TRUE,FALSE,FALSE,FALSE,FALSE,FALSE,FALSE,FALSE,FALSE,FALSE,"{""coordinates"": [[-79.32799067460724, 43.71874409402113]], ""type"": ""MultiPoint""}"
4791,2009:1112683,2009-07-06T20:30:00,DON VALLEY PARKWAY N,ST DENNIS DR,,4,Fatal Injury,,No Control,SMV Other,Clear,Daylight,Dry,,FALSE,-79.32799067,43.71874409402113,1,,,1,21,Minor,Equipment Not Used But Available,,,,,,,,,,passenger,,Don Valley East (16),55 Division,Flemingdon Park,TRUE,FALSE,FALSE,FALSE,FALSE,FALSE,FALSE,FALSE,FALSE,FALSE,"{""coordinates"": [[-79.32799067460724, 43.71874409402113]], ""type"": ""MultiPoint""}"
4792,2009:1119932,2009-07-06T22:35:00,BRIMLEY RD S,BLUFFERS PARK RD,,2,Non-Fatal Injury,,No Control,Cyclist Collision,Clear,Dark,Dry,Collector,FALSE,-79.23849053,43.709543977167364,1,Automobile or Station Wagon,North,1,23,None,Other Safety Equipment Used,Driving properly,Normal,,,Going Ahead,,,,,driver,,Scarborough Southwest (20),43 Division,Cliffcrest,FALSE,TRUE,TRUE,FALSE,FALSE,FALSE,FALSE,FALSE,TRUE,FALSE,"{""coordinates"": [[-79.23849052954607, 43.709543977167364]], ""type"": ""MultiPoint""}"
4793,2009:1119932,2009-07-06T22:35:00,BRIMLEY RD S,BLUFFERS PARK RD,,2,Non-Fatal Injury,,No Control,Cyclist Collision,Clear,Dark,Dry,Collector,FALSE,-79.23849053,43.709543977167364,2,Bicycle,South,2,17,Major,No Equipment Available,,,,,Going Ahead,,"Cyclist falls off bicycle, no contact with motorist",Lost control,Inattentive,cyclist,,Scarborough Southwest (20),43 Division,Cliffcrest,FALSE,TRUE,TRUE,FALSE,FALSE,FALSE,FALSE,FALSE,TRUE,FALSE,"{""coordinates"": [[-79.23849052954607, 43.709543977167364]], ""type"": ""MultiPoint""}"
4794,2009:1113557,2009-07-10T19:00:00,KEELE ST,VICTORY DR,,3,Non-Fatal Injury,,No Control,Pedestrian Collision(internal code),Clear,Daylight,Dry,Major Arterial,TRUE,-79.48249093,43.72854429393483,1,Automobile or Station Wagon,North,2,44,None,Other Safety Equipment Used,Failed to yield right-of-way,Inattentive,,,Going Ahead,,,,,driver,,York Centre (6),31 Division,Downsview,TRUE,TRUE,FALSE,FALSE,FALSE,FALSE,TRUE,FALSE,TRUE,FALSE,"{""coordinates"": [[-79.48249093062232, 43.72854429393483]], ""type"": ""MultiPoint""}"
4795,2009:1113557,2009-07-10T19:00:00,KEELE ST,VICTORY DR,,3,Non-Fatal Injury,,No Control,Pedestrian Collision(internal code),Clear,Daylight,Dry,Major Arterial,TRUE,-79.48249093,43.72854429393483,1,,,1,,,Other Safety Equipment Used,,,,,,,,,,owner,,York Centre (6),31 Division,Downsview,TRUE,TRUE,FALSE,FALSE,FALSE,FALSE,TRUE,FALSE,TRUE,FALSE,"{""coordinates"": [[-79.48249093062232, 43.72854429393483]], ""type"": ""MultiPoint""}"
4796,2009:1113557,2009-07-10T19:00:00,KEELE ST,VICTORY DR,,3,Non-Fatal Injury,,No Control,Pedestrian Collision(internal code),Clear,Daylight,Dry,Major Arterial,TRUE,-79.48249093,43.72854429393483,2,,East,3,17,Major,Other Safety Equipment Used,,,Crossing with right-of-way (intersection),Inattentive,,Driver going straight hits pedestrian crossing with right-of-way (at intersection),,,,pedestrian,,York Centre (6),31 Division,Downsview,TRUE,TRUE,FALSE,FALSE,FALSE,FALSE,TRUE,FALSE,TRUE,FALSE,"{""coordinates"": [[-79.48249093062232, 43.72854429393483]], ""type"": ""MultiPoint""}"
4797,2009:1120288,2009-07-10T23:55:00,1144 ROYAL YORK RD,,,2,Non-Fatal Injury,,No Control,Pedestrian Collision(internal code),Clear,Dark,Dry,Minor Arterial,FALSE,-79.51739111,43.66104437104311,2,,East,2,50,Major,Other Safety Equipment Used,,,Crossing - no traffic control,Ability Impaired - Alcohol Over .08,,Driver hits pedestrian at midblock,,,,pedestrian,,Etobicoke Centre (2),22 Division,Edenbridge-Humber Valley,FALSE,FALSE,FALSE,FALSE,FALSE,FALSE,TRUE,FALSE,FALSE,FALSE,"{""coordinates"": [[-79.51739110798198, 43.66104437104311]], ""type"": ""MultiPoint""}"
4798,2009:1120288,2009-07-10T23:55:00,1144 ROYAL YORK RD,,,2,Non-Fatal Injury,,No Control,Pedestrian Collision(internal code),Clear,Dark,Dry,Minor Arterial,FALSE,-79.51739111,43.66104437104311,1,Automobile or Station Wagon,South,1,64,None,Lap and Shoulder Belt,Driving properly,Normal,,,Going Ahead,,,,,driver,,Etobicoke Centre (2),22 Division,Edenbridge-Humber Valley,FALSE,FALSE,FALSE,FALSE,FALSE,FALSE,TRUE,FALSE,FALSE,FALSE,"{""coordinates"": [[-79.51739110798198, 43.66104437104311]], ""type"": ""MultiPoint""}"
4799,2009:1120462,2009-07-11T05:59:00,WILSON AVE,ALLARD AVE,,1,Non-Fatal Injury,,No Control,SMV Other,Clear,Daylight,Dry,Major Arterial,FALSE,-79.42999082,43.73774422,1,Automobile or Station Wagon,East,1,62,Major,Equipment Not Used But Available,Lost control,Fatigue/Fell Asleep,,,Going Ahead,,,,,driver,,Eglinton-Lawrence (8),32 Division,Bedford Park-Nortown,FALSE,FALSE,FALSE,FALSE,FALSE,FALSE,FALSE,FALSE,FALSE,FALSE,"{""coordinates"": [[-79.42999082383511, 43.7377442226501]], ""type"": ""MultiPoint""}"
4800,2009:1117940,2009-07-13T14:40:00,STANLEY AVE,QUEENS AVE,,2,Non-Fatal Injury,,No Control,Pedestrian Collision(internal code),Clear,Daylight,Dry,Local,TRUE,-79.49209115,43.614844360415056,1,Automobile or Station Wagon,East,1,20,None,Lap and Shoulder Belt,Driving properly,Normal,,,Going Ahead,,,,,driver,,Etobicoke-Lakeshore (3),22 Division,Mimico-Queensway,FALSE,FALSE,FALSE,FALSE,FALSE,FALSE,TRUE,FALSE,FALSE,FALSE,"{""coordinates"": [[-79.4920911542811, 43.614844360415056]], ""type"": ""MultiPoint""}"
4801,2009:1117940,2009-07-13T14:40:00,STANLEY AVE,QUEENS AVE,,2,Non-Fatal Injury,,No Control,Pedestrian Collision(internal code),Clear,Daylight,Dry,Local,TRUE,-79.49209115,43.614844360415056,2,,East,2,20,Major,Other Safety Equipment Used,,,Other,Normal,,Driver hits pedestrian at midblock,,,,pedestrian,,Etobicoke-Lakeshore (3),22 Division,Mimico-Queensway,FALSE,FALSE,FALSE,FALSE,FALSE,FALSE,TRUE,FALSE,FALSE,FALSE,"{""coordinates"": [[-79.4920911542811, 43.614844360415056]], ""type"": ""MultiPoint""}"
4802,2009:1120474,2009-07-13T17:43:00,GERRARD ST E,MALVERN AVE,,2,Non-Fatal Injury,At Intersection,Traffic Signal,Pedestrian Collision(internal code),Clear,Daylight,Dry,Minor Arterial,FALSE,-79.29469066,43.685144050517884,1,Automobile or Station Wagon,North,1,47,None,Other Safety Equipment Used,Improper turn,Normal,,,Turning Right,,,,,driver,,Beaches-East York (19),55 Division,East End-Danforth,FALSE,FALSE,FALSE,FALSE,FALSE,FALSE,TRUE,FALSE,TRUE,FALSE,"{""coordinates"": [[-79.29469065891963, 43.685144050517884]], ""type"": ""MultiPoint""}"
4803,2009:1120474,2009-07-13T17:43:00,GERRARD ST E,MALVERN AVE,,2,Non-Fatal Injury,At Intersection,Traffic Signal,Pedestrian Collision(internal code),Clear,Daylight,Dry,Minor Arterial,FALSE,-79.29469066,43.685144050517884,2,,West,2,18,Major,No Equipment Available,,,Crossing with right-of-way (intersection),Normal,,Driver turns right into pedestrian crossing with right-of-way (at intersection),,,,pedestrian,,Beaches-East York (19),55 Division,East End-Danforth,FALSE,FALSE,FALSE,FALSE,FALSE,FALSE,TRUE,FALSE,TRUE,FALSE,"{""coordinates"": [[-79.29469065891963, 43.685144050517884]], ""type"": ""MultiPoint""}"
4804,2009:1113959,2009-07-13T18:25:00,FRONT ST W,SPADINA AVE,,1,Non-Fatal Injury,At Intersection,Traffic Signal,Cyclist Collision,Clear,Daylight,Dry,Major Arterial,FALSE,-79.39389091,43.64274419993196,2,Bicycle,North,2,34,Major,No Equipment Available,,,,,Going Ahead,,"Cyclist without right-of-way rides into path of driver (at intersection, laneway, or driveway)",Disobeyed Traffic Control,Normal,cyclist,,Spadina-Fort York (10),52 Division,Harbourfront-CityPlace,FALSE,FALSE,TRUE,FALSE,FALSE,FALSE,FALSE,FALSE,FALSE,FALSE,"{""coordinates"": [[-79.39389090951045, 43.64274419993196]], ""type"": ""MultiPoint""}"
4805,2009:1113959,2009-07-13T18:25:00,FRONT ST W,SPADINA AVE,,1,Non-Fatal Injury,At Intersection,Traffic Signal,Cyclist Collision,Clear,Daylight,Dry,Major Arterial,FALSE,-79.39389091,43.64274419993196,1,Automobile or Station Wagon,West,1,30,None,Lap and Shoulder Belt,Driving properly,Normal,,,Going Ahead,,,,,driver,,Spadina-Fort York (10),52 Division,Harbourfront-CityPlace,FALSE,FALSE,TRUE,FALSE,FALSE,FALSE,FALSE,FALSE,FALSE,FALSE,"{""coordinates"": [[-79.39389090951045, 43.64274419993196]], ""type"": ""MultiPoint""}"
4806,2009:1120536,2009-07-13T20:28:00,EGLINTON AVE W,BATHURST ST,,3,Non-Fatal Injury,,Traffic Signal,Cyclist Collision,Clear,Daylight,Dry,Major Arterial,FALSE,-79.42559088,43.70094422881442,2,Bicycle,South,3,24,Major,Equipment Not Used But Available,,,,,Going Ahead,,"Cyclist without right-of-way rides into path of driver (at intersection, laneway, or driveway)",Disobeyed Traffic Control,Normal,cyclist,,Toronto-St. Paul's (12),13 Division,Humewood-Cedarvale,FALSE,FALSE,TRUE,FALSE,FALSE,FALSE,FALSE,FALSE,FALSE,FALSE,"{""coordinates"": [[-79.42559087664633, 43.70094422881442]], ""type"": ""MultiPoint""}"
4807,2009:1120536,2009-07-13T20:28:00,EGLINTON AVE W,BATHURST ST,,3,Non-Fatal Injury,,Traffic Signal,Cyclist Collision,Clear,Daylight,Dry,Major Arterial,FALSE,-79.42559088,43.70094422881442,1,Automobile or Station Wagon,North,2,23,None,Other Safety Equipment Used,Driving properly,Normal,,,Turning Left,,,,,driver,,Toronto-St. Paul's (12),13 Division,Humewood-Cedarvale,FALSE,FALSE,TRUE,FALSE,FALSE,FALSE,FALSE,FALSE,FALSE,FALSE,"{""coordinates"": [[-79.42559087664633, 43.70094422881442]], ""type"": ""MultiPoint""}"
4808,2009:1120536,2009-07-13T20:28:00,EGLINTON AVE W,BATHURST ST,,3,Non-Fatal Injury,,Traffic Signal,Cyclist Collision,Clear,Daylight,Dry,Major Arterial,FALSE,-79.42559088,43.70094422881442,1,,,1,,,Other Safety Equipment Used,,,,,,,,,,owner,,Toronto-St. Paul's (12),13 Division,Humewood-Cedarvale,FALSE,FALSE,TRUE,FALSE,FALSE,FALSE,FALSE,FALSE,FALSE,FALSE,"{""coordinates"": [[-79.42559087664633, 43.70094422881442]], ""type"": ""MultiPoint""}"
4809,2009:1114459,2009-07-16T00:08:00,SHEPPARD AVE E,MCCOWAN RD,,3,Non-Fatal Injury,,No Control,Turning Movement,Clear,Dark,Dry,Major Arterial,FALSE,-79.25189047,43.791044002411525,1,Automobile or Station Wagon,East,1,36,None,Other Safety Equipment Used,Improper turn,Had Been Drinking,,,Turning Left,,,,,driver,,Scarborough North (23),42 Division,Agincourt South-Malvern West,TRUE,FALSE,FALSE,TRUE,FALSE,FALSE,FALSE,FALSE,FALSE,FALSE,"{""coordinates"": [[-79.2518904700705, 43.791044002411525]], ""type"": ""MultiPoint""}"
4810,2009:1114459,2009-07-16T00:08:00,SHEPPARD AVE E,MCCOWAN RD,,3,Non-Fatal Injury,,No Control,Turning Movement,Clear,Dark,Dry,Major Arterial,FALSE,-79.25189047,43.791044002411525,1,,,3,,,Other Safety Equipment Used,,,,,,,,,,owner,,Scarborough North (23),42 Division,Agincourt South-Malvern West,TRUE,FALSE,FALSE,TRUE,FALSE,FALSE,FALSE,FALSE,FALSE,FALSE,"{""coordinates"": [[-79.2518904700705, 43.791044002411525]], ""type"": ""MultiPoint""}"
4811,2009:1114459,2009-07-16T00:08:00,SHEPPARD AVE E,MCCOWAN RD,,3,Non-Fatal Injury,,No Control,Turning Movement,Clear,Dark,Dry,Major Arterial,FALSE,-79.25189047,43.791044002411525,2,Motorcycle,West,2,37,Major,Helmet,Exceeding speed limit,Normal,,,Going Ahead,,,,,motorcyclist,,Scarborough North (23),42 Division,Agincourt South-Malvern West,TRUE,FALSE,FALSE,TRUE,FALSE,FALSE,FALSE,FALSE,FALSE,FALSE,"{""coordinates"": [[-79.2518904700705, 43.791044002411525]], ""type"": ""MultiPoint""}"
4812,2009:1121120,2009-07-17T10:09:00,HARBORD ST,SPADINA AVE,,2,Non-Fatal Injury,At Intersection,Traffic Signal,Cyclist Collision,Clear,Daylight,Dry,Major Arterial,FALSE,-79.40209089,43.66304420683163,2,Bicycle,East,2,26,Major,No Equipment Available,,,,,Going Ahead,,Driver turns right on red at signalized intersection and hits cyclist,Driving Properly,Normal,cyclist,,University-Rosedale (11),52 Division,University,FALSE,FALSE,TRUE,FALSE,FALSE,FALSE,FALSE,FALSE,FALSE,FALSE,"{""coordinates"": [[-79.40209089368854, 43.66304420683163]], ""type"": ""MultiPoint""}"
4813,2009:1121120,2009-07-17T10:09:00,HARBORD ST,SPADINA AVE,,2,Non-Fatal Injury,At Intersection,Traffic Signal,Cyclist Collision,Clear,Daylight,Dry,Major Arterial,FALSE,-79.40209089,43.66304420683163,1,Automobile or Station Wagon,East,1,38,None,Other Safety Equipment Used,Improper turn,Normal,,,Turning Right,,,,,driver,,University-Rosedale (11),52 Division,University,FALSE,FALSE,TRUE,FALSE,FALSE,FALSE,FALSE,FALSE,FALSE,FALSE,"{""coordinates"": [[-79.40209089368854, 43.66304420683163]], ""type"": ""MultiPoint""}"
4814,2009:1121287,2009-07-18T02:42:00,RIVER ST,DUNDAS ST E,,3,Non-Fatal Injury,At Intersection,Traffic Signal,Cyclist Collision,Clear,Dark,Dry,Major Arterial,FALSE,-79.35819081,43.66114414339451,2,Bicycle,East,3,20,Major,Other Safety Equipment Used,,,,,Going Ahead,,"Cyclist without right-of-way rides into path of driver (at intersection, laneway, or driveway)",Disobeyed Traffic Control,Inattentive,cyclist,,Toronto Centre (13),51 Division,Regent Park,FALSE,TRUE,TRUE,FALSE,FALSE,FALSE,FALSE,FALSE,FALSE,FALSE,"{""coordinates"": [[-79.35819081213496, 43.66114414339451]], ""type"": ""MultiPoint""}"
4815,2009:1121287,2009-07-18T02:42:00,RIVER ST,DUNDAS ST E,,3,Non-Fatal Injury,At Intersection,Traffic Signal,Cyclist Collision,Clear,Dark,Dry,Major Arterial,FALSE,-79.35819081,43.66114414339451,1,,,1,,,Other Safety Equipment Used,,,,,,,,,,owner,,Toronto Centre (13),51 Division,Regent Park,FALSE,TRUE,TRUE,FALSE,FALSE,FALSE,FALSE,FALSE,FALSE,FALSE,"{""coordinates"": [[-79.35819081213496, 43.66114414339451]], ""type"": ""MultiPoint""}"
4816,2009:1121287,2009-07-18T02:42:00,RIVER ST,DUNDAS ST E,,3,Non-Fatal Injury,At Intersection,Traffic Signal,Cyclist Collision,Clear,Dark,Dry,Major Arterial,FALSE,-79.35819081,43.66114414339451,1,Automobile or Station Wagon,North,2,51,None,Other Safety Equipment Used,Driving properly,Normal,,,Going Ahead,,,,,driver,,Toronto Centre (13),51 Division,Regent Park,FALSE,TRUE,TRUE,FALSE,FALSE,FALSE,FALSE,FALSE,FALSE,FALSE,"{""coordinates"": [[-79.35819081213496, 43.66114414339451]], ""type"": ""MultiPoint""}"
4817,2009:1114902,2009-07-18T11:37:00,WOODBINE AVE,MORTIMER AVE,,4,Fatal Injury,At Intersection,Traffic Signal,Pedestrian Collision(internal code),Clear,Daylight,Dry,Major Arterial,FALSE,-79.31589069,43.69274407971694,1,,,1,,,Other Safety Equipment Used,,,,,,,,,,owner,,Beaches-East York (19),55 Division,Danforth East York,FALSE,TRUE,FALSE,FALSE,FALSE,TRUE,TRUE,FALSE,FALSE,FALSE,"{""coordinates"": [[-79.31589068815627, 43.69274407971694]], ""type"": ""MultiPoint""}"
4818,2009:1114902,2009-07-18T11:37:00,WOODBINE AVE,MORTIMER AVE,,4,Fatal Injury,At Intersection,Traffic Signal,Pedestrian Collision(internal code),Clear,Daylight,Dry,Major Arterial,FALSE,-79.31589069,43.69274407971694,1,Automobile or Station Wagon,South,2,41,None,Other Safety Equipment Used,Driving properly,Unknown,,,Going Ahead,,,,,driver,,Beaches-East York (19),55 Division,Danforth East York,FALSE,TRUE,FALSE,FALSE,FALSE,TRUE,TRUE,FALSE,FALSE,FALSE,"{""coordinates"": [[-79.31589068815627, 43.69274407971694]], ""type"": ""MultiPoint""}"
4819,2009:1114902,2009-07-18T11:37:00,WOODBINE AVE,MORTIMER AVE,,4,Fatal Injury,At Intersection,Traffic Signal,Pedestrian Collision(internal code),Clear,Daylight,Dry,Major Arterial,FALSE,-79.31589069,43.69274407971694,2,,West,3,86,Fatal,Other Safety Equipment Used,,,Crossing without right-of-way (intersection),Inattentive,,Driver going straight hits pedestrian crossing without right-of-way (at intersection),,,,pedestrian,20,Beaches-East York (19),55 Division,Danforth East York,FALSE,TRUE,FALSE,FALSE,FALSE,TRUE,TRUE,FALSE,FALSE,FALSE,"{""coordinates"": [[-79.31589068815627, 43.69274407971694]], ""type"": ""MultiPoint""}"
4820,2009:1114902,2009-07-18T11:37:00,WOODBINE AVE,MORTIMER AVE,,4,Fatal Injury,At Intersection,Traffic Signal,Pedestrian Collision(internal code),Clear,Daylight,Dry,Major Arterial,FALSE,-79.31589069,43.69274407971694,1,,,4,24,None,Other Safety Equipment Used,,,,,,,,,,passenger,,Beaches-East York (19),55 Division,Danforth East York,FALSE,TRUE,FALSE,FALSE,FALSE,TRUE,TRUE,FALSE,FALSE,FALSE,"{""coordinates"": [[-79.31589068815627, 43.69274407971694]], ""type"": ""MultiPoint""}"
4821,2009:1121596,2009-07-18T16:53:00,QUEEN ST E,SCARBORO BEACH BLVD,,4,Non-Fatal Injury,At Intersection,Stop Sign,Turning Movement,Clear,Daylight,Dry,Minor Arterial,FALSE,-79.29349067,43.67134404902069,1,,,4,,,Other Safety Equipment Used,,,,,,,,,,owner,,Beaches-East York (19),55 Division,The Beaches,TRUE,TRUE,FALSE,TRUE,FALSE,TRUE,FALSE,FALSE,FALSE,FALSE,"{""coordinates"": [[-79.29349067441781, 43.67134404902069]], ""type"": ""MultiPoint""}"
4822,2009:1121596,2009-07-18T16:53:00,QUEEN ST E,SCARBORO BEACH BLVD,,4,Non-Fatal Injury,At Intersection,Stop Sign,Turning Movement,Clear,Daylight,Dry,Minor Arterial,FALSE,-79.29349067,43.67134404902069,2,,West,2,,None,Other Safety Equipment Used,,,,,Parked,,,,,other,,Beaches-East York (19),55 Division,The Beaches,TRUE,TRUE,FALSE,TRUE,FALSE,TRUE,FALSE,FALSE,FALSE,FALSE,"{""coordinates"": [[-79.29349067441781, 43.67134404902069]], ""type"": ""MultiPoint""}"
4823,2009:1121596,2009-07-18T16:53:00,QUEEN ST E,SCARBORO BEACH BLVD,,4,Non-Fatal Injury,At Intersection,Stop Sign,Turning Movement,Clear,Daylight,Dry,Minor Arterial,FALSE,-79.29349067,43.67134404902069,1,Automobile or Station Wagon,North,1,67,None,Lap and Shoulder Belt,Failed to yield right-of-way,Inattentive,,,Turning Left,,,,,driver,,Beaches-East York (19),55 Division,The Beaches,TRUE,TRUE,FALSE,TRUE,FALSE,TRUE,FALSE,FALSE,FALSE,FALSE,"{""coordinates"": [[-79.29349067441781, 43.67134404902069]], ""type"": ""MultiPoint""}"
4824,2009:1121596,2009-07-18T16:53:00,QUEEN ST E,SCARBORO BEACH BLVD,,4,Non-Fatal Injury,At Intersection,Stop Sign,Turning Movement,Clear,Daylight,Dry,Minor Arterial,FALSE,-79.29349067,43.67134404902069,3,Motorcycle,West,3,55,Major,Helmet,Driving properly,Normal,,,Going Ahead,,,,,motorcyclist,,Beaches-East York (19),55 Division,The Beaches,TRUE,TRUE,FALSE,TRUE,FALSE,TRUE,FALSE,FALSE,FALSE,FALSE,"{""coordinates"": [[-79.29349067441781, 43.67134404902069]], ""type"": ""MultiPoint""}"
4825,2009:1121597,2009-07-18T21:10:00,CHURCH ST,LOMBARD ST,,7,Non-Fatal Injury,At Intersection,Stop Sign,Pedestrian Collision(internal code),Clear,Dark,Dry,Minor Arterial,FALSE,-79.37519086,43.65184417004561,2,,,4,21,Minimal,Other Safety Equipment Used,,,,,,,,,,passenger,,Toronto Centre (13),51 Division,Downtown Yonge East,TRUE,FALSE,FALSE,FALSE,FALSE,FALSE,TRUE,FALSE,FALSE,FALSE,"{""coordinates"": [[-79.37519085887276, 43.65184417004561]], ""type"": ""MultiPoint""}"
4826,2009:1121597,2009-07-18T21:10:00,CHURCH ST,LOMBARD ST,,7,Non-Fatal Injury,At Intersection,Stop Sign,Pedestrian Collision(internal code),Clear,Dark,Dry,Minor Arterial,FALSE,-79.37519086,43.65184417004561,1,,,1,,,Other Safety Equipment Used,,,,,,,,,,owner,,Toronto Centre (13),51 Division,Downtown Yonge East,TRUE,FALSE,FALSE,FALSE,FALSE,FALSE,TRUE,FALSE,FALSE,FALSE,"{""coordinates"": [[-79.37519085887276, 43.65184417004561]], ""type"": ""MultiPoint""}"
4827,2009:1121597,2009-07-18T21:10:00,CHURCH ST,LOMBARD ST,,7,Non-Fatal Injury,At Intersection,Stop Sign,Pedestrian Collision(internal code),Clear,Dark,Dry,Minor Arterial,FALSE,-79.37519086,43.65184417004561,2,,,3,,,Other Safety Equipment Used,,,,,,,,,,owner,,Toronto Centre (13),51 Division,Downtown Yonge East,TRUE,FALSE,FALSE,FALSE,FALSE,FALSE,TRUE,FALSE,FALSE,FALSE,"{""coordinates"": [[-79.37519085887276, 43.65184417004561]], ""type"": ""MultiPoint""}"