_id,collision_id,accdate,stname1,stname2,stname3,per_inv,acclass,accloc,traffictl,impactype,visible,light,rdsfcond,road_class,failtorem,longitude,latitude,veh_no,vehtype,initdir,per_no,invage,injury,safequip,drivact,drivcond,pedact,pedcond,manoeuvre,pedtype,cyclistype,cycact,cyccond,road_user,fatal_no,wardname,division,neighbourhood,aggressive,distracted,cyclist,motorcyclist,other_micromobility,older_adult,pedestrian,red_light,school_child,heavy_truck,geometry
5346,2009:1143968,2009-12-01T15:10:00,ALBION RD,CLAIREPORT CRES,,4,Non-Fatal Injury,At Intersection,Traffic Signal,Rear End,Clear,Daylight,Dry,Major Arterial,FALSE,-79.63249109,43.74774445405051,2,Automobile or Station Wagon,East,4,39,Major,Lap and Shoulder Belt,Driving properly,Normal,,,Stopped,,,,,driver,,Etobicoke North (1),23 Division,West Humber-Clairville,TRUE,FALSE,FALSE,FALSE,FALSE,FALSE,FALSE,FALSE,FALSE,FALSE,"{""coordinates"": [[-79.6324910918727, 43.74774445405051]], ""type"": ""MultiPoint""}"
5347,2009:1143968,2009-12-01T15:10:00,ALBION RD,CLAIREPORT CRES,,4,Non-Fatal Injury,At Intersection,Traffic Signal,Rear End,Clear,Daylight,Dry,Major Arterial,FALSE,-79.63249109,43.74774445405051,2,,,3,,,Other Safety Equipment Used,,,,,,,,,,owner,,Etobicoke North (1),23 Division,West Humber-Clairville,TRUE,FALSE,FALSE,FALSE,FALSE,FALSE,FALSE,FALSE,FALSE,FALSE,"{""coordinates"": [[-79.6324910918727, 43.74774445405051]], ""type"": ""MultiPoint""}"
5348,2009:1143969,2009-12-01T19:20:00,HIGHWAY 27 S,QUEENS PLATE DR,,3,Non-Fatal Injury,At Intersection,Traffic Signal,Rear End,Clear,Dark,Dry,Major Arterial,FALSE,-79.5981911,43.72274443126334,2,,,2,16,Minor,Lap and Shoulder Belt,,,,,,,,,,passenger,,Etobicoke North (1),23 Division,West Humber-Clairville,TRUE,FALSE,FALSE,FALSE,FALSE,FALSE,FALSE,FALSE,TRUE,FALSE,"{""coordinates"": [[-79.59819109612208, 43.72274443126334]], ""type"": ""MultiPoint""}"
5349,2009:1143969,2009-12-01T19:20:00,HIGHWAY 27 S,QUEENS PLATE DR,,3,Non-Fatal Injury,At Intersection,Traffic Signal,Rear End,Clear,Dark,Dry,Major Arterial,FALSE,-79.5981911,43.72274443126334,2,Automobile or Station Wagon,South,3,32,Major,Lap and Shoulder Belt,Driving properly,Normal,,,Turning Left,,,,,driver,,Etobicoke North (1),23 Division,West Humber-Clairville,TRUE,FALSE,FALSE,FALSE,FALSE,FALSE,FALSE,FALSE,TRUE,FALSE,"{""coordinates"": [[-79.59819109612208, 43.72274443126334]], ""type"": ""MultiPoint""}"
5350,2009:1143969,2009-12-01T19:20:00,HIGHWAY 27 S,QUEENS PLATE DR,,3,Non-Fatal Injury,At Intersection,Traffic Signal,Rear End,Clear,Dark,Dry,Major Arterial,FALSE,-79.5981911,43.72274443126334,1,Automobile or Station Wagon,South,1,24,None,Lap and Shoulder Belt,Following too closely,Normal,,,Turning Left,,,,,driver,,Etobicoke North (1),23 Division,West Humber-Clairville,TRUE,FALSE,FALSE,FALSE,FALSE,FALSE,FALSE,FALSE,TRUE,FALSE,"{""coordinates"": [[-79.59819109612208, 43.72274443126334]], ""type"": ""MultiPoint""}"
5351,2009:1140459,2009-12-05T22:11:00,PHARMACY AVE,FINCH AVE E,,2,Non-Fatal Injury,,Traffic Signal,Pedestrian Collision(internal code),Clear,Dark,Dry,Major Arterial,FALSE,-79.32599059,43.79434409007752,2,,South,2,54,Major,Other Safety Equipment Used,,,Crossing with right-of-way (intersection),Normal,,Driver turns left into pedestrian crossing with right-of-way (at intersection),,,,pedestrian,,Scarborough-Agincourt (22),42 Division,L'Amoreaux West,TRUE,FALSE,FALSE,FALSE,FALSE,FALSE,TRUE,FALSE,FALSE,FALSE,"{""coordinates"": [[-79.32599058627072, 43.79434409007752]], ""type"": ""MultiPoint""}"
5352,2009:1140459,2009-12-05T22:11:00,PHARMACY AVE,FINCH AVE E,,2,Non-Fatal Injury,,Traffic Signal,Pedestrian Collision(internal code),Clear,Dark,Dry,Major Arterial,FALSE,-79.32599059,43.79434409007752,1,Automobile or Station Wagon,North,1,47,None,Other Safety Equipment Used,Failed to yield right-of-way,Normal,,,Turning Left,,,,,driver,,Scarborough-Agincourt (22),42 Division,L'Amoreaux West,TRUE,FALSE,FALSE,FALSE,FALSE,FALSE,TRUE,FALSE,FALSE,FALSE,"{""coordinates"": [[-79.32599058627072, 43.79434409007752]], ""type"": ""MultiPoint""}"
5353,2009:1141277,2009-12-05T23:20:00,FINCH AVE W,BATHURST ST,,2,Non-Fatal Injury,,Traffic Signal,Pedestrian Collision(internal code),Clear,Dark,Dry,Major Arterial,TRUE,-79.4429908,43.773844230994065,1,Automobile or Station Wagon,East,2,,None,Other Safety Equipment Used,Disobeyed traffic control,Unknown,,,Going Ahead,,,,,driver,,Willowdale (18),32 Division,Willowdale West,TRUE,FALSE,FALSE,FALSE,FALSE,FALSE,TRUE,TRUE,FALSE,FALSE,"{""coordinates"": [[-79.44299079778465, 43.773844230994065]], ""type"": ""MultiPoint""}"
5354,2009:1141277,2009-12-05T23:20:00,FINCH AVE W,BATHURST ST,,2,Non-Fatal Injury,,Traffic Signal,Pedestrian Collision(internal code),Clear,Dark,Dry,Major Arterial,TRUE,-79.4429908,43.773844230994065,1,,South,1,33,Major,Other Safety Equipment Used,,,Crossing with right-of-way (intersection),Normal,,Driver going straight hits pedestrian crossing with right-of-way (at intersection),,,,pedestrian,,Willowdale (18),32 Division,Willowdale West,TRUE,FALSE,FALSE,FALSE,FALSE,FALSE,TRUE,TRUE,FALSE,FALSE,"{""coordinates"": [[-79.44299079778465, 43.773844230994065]], ""type"": ""MultiPoint""}"
5355,2009:1144951,2009-12-06T07:50:00,EGLINTON AVE W,EXPLORER DR,,4,Non-Fatal Injury,At Intersection,Traffic Signal,Rear End,Clear,Daylight,Dry,Major Arterial,FALSE,-79.59409121,43.65974446466043,1,Automobile or Station Wagon,West,1,58,Major,No Equipment Available,Driving properly,Normal,,,Stopped,,,,,driver,,Etobicoke Centre (2),22 Division,Eringate-Centennial-West Deane,TRUE,FALSE,FALSE,FALSE,FALSE,FALSE,FALSE,FALSE,TRUE,FALSE,"{""coordinates"": [[-79.59409120984716, 43.65974446466043]], ""type"": ""MultiPoint""}"
5356,2009:1144951,2009-12-06T07:50:00,EGLINTON AVE W,EXPLORER DR,,4,Non-Fatal Injury,At Intersection,Traffic Signal,Rear End,Clear,Daylight,Dry,Major Arterial,FALSE,-79.59409121,43.65974446466043,2,Automobile or Station Wagon,West,3,19,None,Other Safety Equipment Used,Following too closely,Fatigue/Fell Asleep,,,Going Ahead,,,,,driver,,Etobicoke Centre (2),22 Division,Eringate-Centennial-West Deane,TRUE,FALSE,FALSE,FALSE,FALSE,FALSE,FALSE,FALSE,TRUE,FALSE,"{""coordinates"": [[-79.59409120984716, 43.65974446466043]], ""type"": ""MultiPoint""}"
5357,2009:1144951,2009-12-06T07:50:00,EGLINTON AVE W,EXPLORER DR,,4,Non-Fatal Injury,At Intersection,Traffic Signal,Rear End,Clear,Daylight,Dry,Major Arterial,FALSE,-79.59409121,43.65974446466043,3,,,4,,,Other Safety Equipment Used,,,,,,,,,,owner,,Etobicoke Centre (2),22 Division,Eringate-Centennial-West Deane,TRUE,FALSE,FALSE,FALSE,FALSE,FALSE,FALSE,FALSE,TRUE,FALSE,"{""coordinates"": [[-79.59409120984716, 43.65974446466043]], ""type"": ""MultiPoint""}"
5358,2009:1144951,2009-12-06T07:50:00,EGLINTON AVE W,EXPLORER DR,,4,Non-Fatal Injury,At Intersection,Traffic Signal,Rear End,Clear,Daylight,Dry,Major Arterial,FALSE,-79.59409121,43.65974446466043,2,,,2,,,Other Safety Equipment Used,,,,,,,,,,owner,,Etobicoke Centre (2),22 Division,Eringate-Centennial-West Deane,TRUE,FALSE,FALSE,FALSE,FALSE,FALSE,FALSE,FALSE,TRUE,FALSE,"{""coordinates"": [[-79.59409120984716, 43.65974446466043]], ""type"": ""MultiPoint""}"
5359,2009:1140944,2009-12-08T05:40:00,FINCH AVE W,KIPLING AVE,,3,Fatal Injury,At Intersection,Traffic Signal,Pedestrian Collision(internal code),Clear,Dark,Dry,Major Arterial,TRUE,-79.58209104,43.74324440085173,2,,North,3,73,Fatal,Other Safety Equipment Used,,,Other,Normal,,Other,,,,pedestrian,43,Etobicoke North (1),23 Division,Thistletown-Beaumond Heights,FALSE,TRUE,FALSE,FALSE,FALSE,TRUE,TRUE,FALSE,FALSE,FALSE,"{""coordinates"": [[-79.58209103717185, 43.74324440085173]], ""type"": ""MultiPoint""}"
5360,2009:1140944,2009-12-08T05:40:00,FINCH AVE W,KIPLING AVE,,3,Fatal Injury,At Intersection,Traffic Signal,Pedestrian Collision(internal code),Clear,Dark,Dry,Major Arterial,TRUE,-79.58209104,43.74324440085173,1,Automobile or Station Wagon,South,2,62,None,Other Safety Equipment Used,Other,Inattentive,,,Turning Left,,,,,driver,,Etobicoke North (1),23 Division,Thistletown-Beaumond Heights,FALSE,TRUE,FALSE,FALSE,FALSE,TRUE,TRUE,FALSE,FALSE,FALSE,"{""coordinates"": [[-79.58209103717185, 43.74324440085173]], ""type"": ""MultiPoint""}"
5361,2009:1140944,2009-12-08T05:40:00,FINCH AVE W,KIPLING AVE,,3,Fatal Injury,At Intersection,Traffic Signal,Pedestrian Collision(internal code),Clear,Dark,Dry,Major Arterial,TRUE,-79.58209104,43.74324440085173,1,,,1,,,Other Safety Equipment Used,,,,,,,,,,owner,,Etobicoke North (1),23 Division,Thistletown-Beaumond Heights,FALSE,TRUE,FALSE,FALSE,FALSE,TRUE,TRUE,FALSE,FALSE,FALSE,"{""coordinates"": [[-79.58209103717185, 43.74324440085173]], ""type"": ""MultiPoint""}"
5362,2009:1145801,2009-12-08T14:05:00,110 CARRIER Dr,,,3,Non-Fatal Injury,,No Control,Pedestrian Collision(internal code),Clear,Daylight,Dry,Collector,FALSE,-79.61289108,43.739444437527794,2,,,2,,,Other Safety Equipment Used,,,,,,,,,,owner,,Etobicoke North (1),23 Division,West Humber-Clairville,FALSE,TRUE,FALSE,FALSE,FALSE,FALSE,TRUE,FALSE,FALSE,FALSE,"{""coordinates"": [[-79.6128910830508, 43.739444437527794]], ""type"": ""MultiPoint""}"
5363,2009:1145801,2009-12-08T14:05:00,110 CARRIER Dr,,,3,Non-Fatal Injury,,No Control,Pedestrian Collision(internal code),Clear,Daylight,Dry,Collector,FALSE,-79.61289108,43.739444437527794,2,Automobile or Station Wagon,North,3,26,None,Other Safety Equipment Used,Driving properly,Normal,,,Going Ahead,,,,,driver,,Etobicoke North (1),23 Division,West Humber-Clairville,FALSE,TRUE,FALSE,FALSE,FALSE,FALSE,TRUE,FALSE,FALSE,FALSE,"{""coordinates"": [[-79.6128910830508, 43.739444437527794]], ""type"": ""MultiPoint""}"
5364,2009:1145801,2009-12-08T14:05:00,110 CARRIER Dr,,,3,Non-Fatal Injury,,No Control,Pedestrian Collision(internal code),Clear,Daylight,Dry,Collector,FALSE,-79.61289108,43.739444437527794,1,,West,1,28,Major,No Equipment Available,,,Running onto roadway,Inattentive,,Driver hits pedestrian at midblock,,,,pedestrian,,Etobicoke North (1),23 Division,West Humber-Clairville,FALSE,TRUE,FALSE,FALSE,FALSE,FALSE,TRUE,FALSE,FALSE,FALSE,"{""coordinates"": [[-79.6128910830508, 43.739444437527794]], ""type"": ""MultiPoint""}"
5365,2009:1140988,2009-12-08T14:56:00,FINCH AVE E,DON MILLS RD,,5,Fatal Injury,,Traffic Signal,Turning Movement,Clear,Daylight,Dry,Major Arterial,FALSE,-79.35469063,43.79264412385597,2,Automobile or Station Wagon,South,3,21,None,Other Safety Equipment Used,Driving properly,Normal,,,Stopped,,,,,driver,,Don Valley North (17),33 Division,Don Valley Village,FALSE,FALSE,FALSE,FALSE,FALSE,TRUE,FALSE,FALSE,FALSE,FALSE,"{""coordinates"": [[-79.35469063400508, 43.79264412385597]], ""type"": ""MultiPoint""}"
5366,2009:1140988,2009-12-08T14:56:00,FINCH AVE E,DON MILLS RD,,5,Fatal Injury,,Traffic Signal,Turning Movement,Clear,Daylight,Dry,Major Arterial,FALSE,-79.35469063,43.79264412385597,1,Automobile or Station Wagon,East,2,70,Minor,Other Safety Equipment Used,Improper turn,Normal,,,Turning Left,,,,,driver,,Don Valley North (17),33 Division,Don Valley Village,FALSE,FALSE,FALSE,FALSE,FALSE,TRUE,FALSE,FALSE,FALSE,FALSE,"{""coordinates"": [[-79.35469063400508, 43.79264412385597]], ""type"": ""MultiPoint""}"
5367,2009:1140988,2009-12-08T14:56:00,FINCH AVE E,DON MILLS RD,,5,Fatal Injury,,Traffic Signal,Turning Movement,Clear,Daylight,Dry,Major Arterial,FALSE,-79.35469063,43.79264412385597,1,,,1,87,Fatal,Other Safety Equipment Used,,,,,,,,,,passenger,44,Don Valley North (17),33 Division,Don Valley Village,FALSE,FALSE,FALSE,FALSE,FALSE,TRUE,FALSE,FALSE,FALSE,FALSE,"{""coordinates"": [[-79.35469063400508, 43.79264412385597]], ""type"": ""MultiPoint""}"
5368,2009:1140988,2009-12-08T14:56:00,FINCH AVE E,DON MILLS RD,,5,Fatal Injury,,Traffic Signal,Turning Movement,Clear,Daylight,Dry,Major Arterial,FALSE,-79.35469063,43.79264412385597,3,Automobile or Station Wagon,West,5,21,Minor,Other Safety Equipment Used,Driving properly,Normal,,,Going Ahead,,,,,driver,,Don Valley North (17),33 Division,Don Valley Village,FALSE,FALSE,FALSE,FALSE,FALSE,TRUE,FALSE,FALSE,FALSE,FALSE,"{""coordinates"": [[-79.35469063400508, 43.79264412385597]], ""type"": ""MultiPoint""}"
5369,2009:1140988,2009-12-08T14:56:00,FINCH AVE E,DON MILLS RD,,5,Fatal Injury,,Traffic Signal,Turning Movement,Clear,Daylight,Dry,Major Arterial,FALSE,-79.35469063,43.79264412385597,3,Automobile or Station Wagon,,4,,,Other Safety Equipment Used,,,,,,,,,,owner,,Don Valley North (17),33 Division,Don Valley Village,FALSE,FALSE,FALSE,FALSE,FALSE,TRUE,FALSE,FALSE,FALSE,FALSE,"{""coordinates"": [[-79.35469063400508, 43.79264412385597]], ""type"": ""MultiPoint""}"
5370,2009:1147258,2009-12-08T17:32:00,PITFIELD Road,BRIMLEY Road,,3,Non-Fatal Injury,At Intersection,Traffic Signal,Turning Movement,Clear,Dark,Dry,Major Arterial,FALSE,-79.2663905,43.78344401853622,1,,,1,43,Major,Air Bag Deployed,,,,,,,,,,passenger,,Scarborough North (23),42 Division,Agincourt South-Malvern West,FALSE,FALSE,FALSE,FALSE,FALSE,FALSE,FALSE,FALSE,FALSE,FALSE,"{""coordinates"": [[-79.26639049975617, 43.78344401853622]], ""type"": ""MultiPoint""}"
5371,2009:1147258,2009-12-08T17:32:00,PITFIELD Road,BRIMLEY Road,,3,Non-Fatal Injury,At Intersection,Traffic Signal,Turning Movement,Clear,Dark,Dry,Major Arterial,FALSE,-79.2663905,43.78344401853622,1,Automobile or Station Wagon,East,2,64,Major,Air Bag Deployed,Driving properly,Normal,,,Going Ahead,,,,,driver,,Scarborough North (23),42 Division,Agincourt South-Malvern West,FALSE,FALSE,FALSE,FALSE,FALSE,FALSE,FALSE,FALSE,FALSE,FALSE,"{""coordinates"": [[-79.26639049975617, 43.78344401853622]], ""type"": ""MultiPoint""}"
5372,2009:1147258,2009-12-08T17:32:00,PITFIELD Road,BRIMLEY Road,,3,Non-Fatal Injury,At Intersection,Traffic Signal,Turning Movement,Clear,Dark,Dry,Major Arterial,FALSE,-79.2663905,43.78344401853622,2,Automobile or Station Wagon,West,3,46,None,Lap and Shoulder Belt,Improper turn,Normal,,,Turning Left,,,,,driver,,Scarborough North (23),42 Division,Agincourt South-Malvern West,FALSE,FALSE,FALSE,FALSE,FALSE,FALSE,FALSE,FALSE,FALSE,FALSE,"{""coordinates"": [[-79.26639049975617, 43.78344401853622]], ""type"": ""MultiPoint""}"
5373,2009:1146015,2009-12-09T17:54:00,LEDUC DR,TORBOLTON DR,,2,Non-Fatal Injury,At Intersection,No Control,Pedestrian Collision(internal code),Clear,Dark,Wet,Local,FALSE,-79.55859105,43.71794438891139,1,Automobile or Station Wagon,East,1,26,None,Other Safety Equipment Used,Other,Normal,,,Going Ahead,,,,,driver,,Etobicoke North (1),23 Division,Rexdale-Kipling,FALSE,FALSE,FALSE,FALSE,FALSE,FALSE,TRUE,FALSE,FALSE,FALSE,"{""coordinates"": [[-79.55859105497771, 43.71794438891139]], ""type"": ""MultiPoint""}"
5374,2009:1146015,2009-12-09T17:54:00,LEDUC DR,TORBOLTON DR,,2,Non-Fatal Injury,At Intersection,No Control,Pedestrian Collision(internal code),Clear,Dark,Wet,Local,FALSE,-79.55859105,43.71794438891139,2,,East,2,29,Major,Other Safety Equipment Used,,,Walking on roadway with traffic,Normal,,Other,,,,pedestrian,,Etobicoke North (1),23 Division,Rexdale-Kipling,FALSE,FALSE,FALSE,FALSE,FALSE,FALSE,TRUE,FALSE,FALSE,FALSE,"{""coordinates"": [[-79.55859105497771, 43.71794438891139]], ""type"": ""MultiPoint""}"
5375,2009:1146277,2009-12-10T06:17:00,6 QUEENS PARK CRES E,,,4,Non-Fatal Injury,,No Control,SMV Other,Snow,Dark,Ice,Major Arterial,FALSE,-79.39009087,43.661144189858085,1,Automobile or Station Wagon,South,3,58,Minimal,Lap and Shoulder Belt,Speed too fast for conditions,Normal,,,Going Ahead,,,,,driver,,University-Rosedale (11),52 Division,Bay-Cloverhill,TRUE,FALSE,FALSE,FALSE,FALSE,FALSE,FALSE,FALSE,FALSE,FALSE,"{""coordinates"": [[-79.39009087357381, 43.661144189858085]], ""type"": ""MultiPoint""}"
5376,2009:1146277,2009-12-10T06:17:00,6 QUEENS PARK CRES E,,,4,Non-Fatal Injury,,No Control,SMV Other,Snow,Dark,Ice,Major Arterial,FALSE,-79.39009087,43.661144189858085,1,,,1,40,Major,Lap and Shoulder Belt,,,,,,,,,,passenger,,University-Rosedale (11),52 Division,Bay-Cloverhill,TRUE,FALSE,FALSE,FALSE,FALSE,FALSE,FALSE,FALSE,FALSE,FALSE,"{""coordinates"": [[-79.39009087357381, 43.661144189858085]], ""type"": ""MultiPoint""}"
5377,2009:1146277,2009-12-10T06:17:00,6 QUEENS PARK CRES E,,,4,Non-Fatal Injury,,No Control,SMV Other,Snow,Dark,Ice,Major Arterial,FALSE,-79.39009087,43.661144189858085,2,,,4,,,Other Safety Equipment Used,,,,,,,,,,owner,,University-Rosedale (11),52 Division,Bay-Cloverhill,TRUE,FALSE,FALSE,FALSE,FALSE,FALSE,FALSE,FALSE,FALSE,FALSE,"{""coordinates"": [[-79.39009087357381, 43.661144189858085]], ""type"": ""MultiPoint""}"
5378,2009:1146277,2009-12-10T06:17:00,6 QUEENS PARK CRES E,,,4,Non-Fatal Injury,,No Control,SMV Other,Snow,Dark,Ice,Major Arterial,FALSE,-79.39009087,43.661144189858085,1,,,2,,,Other Safety Equipment Used,,,,,,,,,,owner,,University-Rosedale (11),52 Division,Bay-Cloverhill,TRUE,FALSE,FALSE,FALSE,FALSE,FALSE,FALSE,FALSE,FALSE,FALSE,"{""coordinates"": [[-79.39009087357381, 43.661144189858085]], ""type"": ""MultiPoint""}"
5379,2023:4000062087,2023-06-28T23:15:00,WOLFE AVE,COMMONWEALTH AVE,5 m West of,2,Non-Fatal Injury,Intersection-Related,Traffic Signal,Same Direction,Clear,Dark with Artificial Lighting,Dry,Local,TRUE,-79.25365053,43.72742699638381,1,Automobile or Station Wagon,East,1,0,None,Use Unknown,Improper passing,Inattentive - Other,,,Overtaking,,,,,driver,,Scarborough Southwest (20),41 Division,Kennedy Park,TRUE,TRUE,FALSE,TRUE,FALSE,FALSE,FALSE,FALSE,FALSE,FALSE,"{""coordinates"": [[-79.25365053273731, 43.72742699638381]], ""type"": ""MultiPoint""}"
5380,2009:1144593,2009-12-10T15:45:00,DUNDAS Stre W,ELIZABETH Stre,,3,Non-Fatal Injury,At Intersection,Stop Sign,Pedestrian Collision(internal code),Clear,Daylight,Dry,Major Arterial,FALSE,-79.38519087,43.65544418401189,2,,West,3,57,Major,Use Unknown,,,Crossing with right-of-way (intersection),Normal,,Driver going straight hits pedestrian crossing with right-of-way (at intersection),,,,pedestrian,,University-Rosedale (11),52 Division,Yonge-Bay Corridor,TRUE,TRUE,FALSE,FALSE,FALSE,FALSE,TRUE,FALSE,FALSE,FALSE,"{""coordinates"": [[-79.38519087286826, 43.65544418401189]], ""type"": ""MultiPoint""}"
5381,2009:1144593,2009-12-10T15:45:00,DUNDAS Stre W,ELIZABETH Stre,,3,Non-Fatal Injury,At Intersection,Stop Sign,Pedestrian Collision(internal code),Clear,Daylight,Dry,Major Arterial,FALSE,-79.38519087,43.65544418401189,1,,,1,,,Other Safety Equipment Used,,,,,,,,,,owner,,University-Rosedale (11),52 Division,Yonge-Bay Corridor,TRUE,TRUE,FALSE,FALSE,FALSE,FALSE,TRUE,FALSE,FALSE,FALSE,"{""coordinates"": [[-79.38519087286826, 43.65544418401189]], ""type"": ""MultiPoint""}"
5382,2009:1144593,2009-12-10T15:45:00,DUNDAS Stre W,ELIZABETH Stre,,3,Non-Fatal Injury,At Intersection,Stop Sign,Pedestrian Collision(internal code),Clear,Daylight,Dry,Major Arterial,FALSE,-79.38519087,43.65544418401189,1,Automobile or Station Wagon,South,2,30,None,Other Safety Equipment Used,Failed to yield right-of-way,Inattentive,,,Going Ahead,,,,,driver,,University-Rosedale (11),52 Division,Yonge-Bay Corridor,TRUE,TRUE,FALSE,FALSE,FALSE,FALSE,TRUE,FALSE,FALSE,FALSE,"{""coordinates"": [[-79.38519087286826, 43.65544418401189]], ""type"": ""MultiPoint""}"
5383,2009:1142942,2009-12-10T20:10:00,BLOOR Stre W,SHAVER Aven N,,4,Non-Fatal Injury,,Traffic Signal,Angle,Rain,Dark,Wet,Major Arterial,TRUE,-79.54779119,43.63904441992862,1,Automobile or Station Wagon,South,1,65,Major,Lap and Shoulder Belt,Driving properly,Normal,,,Going Ahead,,,,,driver,,Etobicoke Centre (2),22 Division,Islington,TRUE,FALSE,FALSE,FALSE,FALSE,TRUE,FALSE,TRUE,FALSE,FALSE,"{""coordinates"": [[-79.54779118840673, 43.63904441992862]], ""type"": ""MultiPoint""}"
5384,2009:1142942,2009-12-10T20:10:00,BLOOR Stre W,SHAVER Aven N,,4,Non-Fatal Injury,,Traffic Signal,Angle,Rain,Dark,Wet,Major Arterial,TRUE,-79.54779119,43.63904441992862,4,Automobile or Station Wagon,East,4,,None,Other Safety Equipment Used,Disobeyed traffic control,Unknown,,,Going Ahead,,,,,driver,,Etobicoke Centre (2),22 Division,Islington,TRUE,FALSE,FALSE,FALSE,FALSE,TRUE,FALSE,TRUE,FALSE,FALSE,"{""coordinates"": [[-79.54779118840673, 43.63904441992862]], ""type"": ""MultiPoint""}"
5385,2009:1142942,2009-12-10T20:10:00,BLOOR Stre W,SHAVER Aven N,,4,Non-Fatal Injury,,Traffic Signal,Angle,Rain,Dark,Wet,Major Arterial,TRUE,-79.54779119,43.63904441992862,3,,,3,,,Other Safety Equipment Used,,,,,,,,,,owner,,Etobicoke Centre (2),22 Division,Islington,TRUE,FALSE,FALSE,FALSE,FALSE,TRUE,FALSE,TRUE,FALSE,FALSE,"{""coordinates"": [[-79.54779118840673, 43.63904441992862]], ""type"": ""MultiPoint""}"
5386,2009:1142942,2009-12-10T20:10:00,BLOOR Stre W,SHAVER Aven N,,4,Non-Fatal Injury,,Traffic Signal,Angle,Rain,Dark,Wet,Major Arterial,TRUE,-79.54779119,43.63904441992862,2,Automobile or Station Wagon,North,2,55,Minor,Lap and Shoulder Belt,Driving properly,Normal,,,Going Ahead,,,,,driver,,Etobicoke Centre (2),22 Division,Islington,TRUE,FALSE,FALSE,FALSE,FALSE,TRUE,FALSE,TRUE,FALSE,FALSE,"{""coordinates"": [[-79.54779118840673, 43.63904441992862]], ""type"": ""MultiPoint""}"
5387,2009:1141818,2009-12-12T11:25:00,BROWNS LINE,RIMILTON AVE,,1,Non-Fatal Injury,,No Control,Cyclist Collision,Clear,Daylight,Dry,Major Arterial,FALSE,-79.54619125,43.60384444,1,Bicycle,South,1,69,Major,Other Safety Equipment Used,,,,,Going Ahead,,"Cyclist falls off bicycle, no contact with motorist",Lost control,Medical or Physical Disability,cyclist,,Etobicoke-Lakeshore (3),22 Division,Alderwood,FALSE,FALSE,TRUE,FALSE,FALSE,TRUE,FALSE,FALSE,FALSE,FALSE,"{""coordinates"": [[-79.54619125192482, 43.6038444372309]], ""type"": ""MultiPoint""}"
5388,2009:1142007,2009-12-13T18:05:00,WARDEN AVE,MCNICOLL AVE,,2,Non-Fatal Injury,,No Control,Pedestrian Collision(internal code),Rain,Dark,Wet,Major Arterial,FALSE,-79.32229057,43.80914408631083,1,Automobile or Station Wagon,North,1,50,None,Other Safety Equipment Used,Driving properly,Normal,,,Slowing or Stopping,,,,,driver,,Scarborough-Agincourt (22),42 Division,Steeles,FALSE,TRUE,FALSE,FALSE,FALSE,FALSE,TRUE,FALSE,FALSE,FALSE,"{""coordinates"": [[-79.32229056645389, 43.80914408631083]], ""type"": ""MultiPoint""}"
5389,2009:1142007,2009-12-13T18:05:00,WARDEN AVE,MCNICOLL AVE,,2,Non-Fatal Injury,,No Control,Pedestrian Collision(internal code),Rain,Dark,Wet,Major Arterial,FALSE,-79.32229057,43.80914408631083,2,,West,2,22,Major,Other Safety Equipment Used,,,Crossing - no traffic control,Inattentive,,Driver hits pedestrian at midblock,,,,pedestrian,,Scarborough-Agincourt (22),42 Division,Steeles,FALSE,TRUE,FALSE,FALSE,FALSE,FALSE,TRUE,FALSE,FALSE,FALSE,"{""coordinates"": [[-79.32229056645389, 43.80914408631083]], ""type"": ""MultiPoint""}"
5390,2009:1146948,2009-12-14T16:18:00,GERRARD Stre E,MARJORY Aven,,3,Non-Fatal Injury,At Intersection,Traffic Signal,Pedestrian Collision(internal code),Rain,Daylight,Wet,Minor Arterial,FALSE,-79.33759076,43.668744112509586,2,,South,3,44,Major,Other Safety Equipment Used,,,Crossing without right-of-way (intersection),Inattentive,,Driver going straight hits pedestrian crossing without right-of-way (at intersection),,,,pedestrian,,Toronto-Danforth (14),55 Division,South Riverdale,FALSE,TRUE,FALSE,FALSE,FALSE,FALSE,TRUE,FALSE,FALSE,FALSE,"{""coordinates"": [[-79.3375907617917, 43.668744112509586]], ""type"": ""MultiPoint""}"
5391,2009:1146948,2009-12-14T16:18:00,GERRARD Stre E,MARJORY Aven,,3,Non-Fatal Injury,At Intersection,Traffic Signal,Pedestrian Collision(internal code),Rain,Daylight,Wet,Minor Arterial,FALSE,-79.33759076,43.668744112509586,1,,,1,,,Other Safety Equipment Used,,,,,,,,,,owner,,Toronto-Danforth (14),55 Division,South Riverdale,FALSE,TRUE,FALSE,FALSE,FALSE,FALSE,TRUE,FALSE,FALSE,FALSE,"{""coordinates"": [[-79.3375907617917, 43.668744112509586]], ""type"": ""MultiPoint""}"
5392,2009:1146948,2009-12-14T16:18:00,GERRARD Stre E,MARJORY Aven,,3,Non-Fatal Injury,At Intersection,Traffic Signal,Pedestrian Collision(internal code),Rain,Daylight,Wet,Minor Arterial,FALSE,-79.33759076,43.668744112509586,1,Automobile or Station Wagon,West,2,41,None,Other Safety Equipment Used,Driving properly,Normal,,,Going Ahead,,,,,driver,,Toronto-Danforth (14),55 Division,South Riverdale,FALSE,TRUE,FALSE,FALSE,FALSE,FALSE,TRUE,FALSE,FALSE,FALSE,"{""coordinates"": [[-79.3375907617917, 43.668744112509586]], ""type"": ""MultiPoint""}"