_id,collision_id,accdate,stname1,stname2,stname3,per_inv,acclass,accloc,traffictl,impactype,visible,light,rdsfcond,road_class,failtorem,longitude,latitude,veh_no,vehtype,initdir,per_no,invage,injury,safequip,drivact,drivcond,pedact,pedcond,manoeuvre,pedtype,cyclistype,cycact,cyccond,road_user,fatal_no,wardname,division,neighbourhood,aggressive,distracted,cyclist,motorcyclist,other_micromobility,older_adult,pedestrian,red_light,school_child,heavy_truck,geometry
5629,2010:1159418,2010-02-20T16:25:00,STEELES Aven E,BIRCHMOUNT Road,,4,Non-Fatal Injury,At Intersection,Traffic Signal,Turning Movement,Clear,Daylight,Dry,Major Arterial,FALSE,-79.31689055,43.821344080685044,2,,,3,,,Other Safety Equipment Used,,,,,,,,,,owner,,Scarborough-Agincourt (22),42 Division,Steeles,FALSE,TRUE,FALSE,FALSE,FALSE,FALSE,FALSE,FALSE,TRUE,FALSE,"{""coordinates"": [[-79.3168905466203, 43.821344080685044]], ""type"": ""MultiPoint""}"
5630,2010:1159418,2010-02-20T16:25:00,STEELES Aven E,BIRCHMOUNT Road,,4,Non-Fatal Injury,At Intersection,Traffic Signal,Turning Movement,Clear,Daylight,Dry,Major Arterial,FALSE,-79.31689055,43.821344080685044,2,Automobile or Station Wagon,East,4,55,Minor,Lap and Shoulder Belt,Driving properly,Normal,,,Going Ahead,,,,,driver,,Scarborough-Agincourt (22),42 Division,Steeles,FALSE,TRUE,FALSE,FALSE,FALSE,FALSE,FALSE,FALSE,TRUE,FALSE,"{""coordinates"": [[-79.3168905466203, 43.821344080685044]], ""type"": ""MultiPoint""}"
5631,2010:1159418,2010-02-20T16:25:00,STEELES Aven E,BIRCHMOUNT Road,,4,Non-Fatal Injury,At Intersection,Traffic Signal,Turning Movement,Clear,Daylight,Dry,Major Arterial,FALSE,-79.31689055,43.821344080685044,2,,,2,17,Major,Lap and Shoulder Belt,,,,,,,,,,passenger,,Scarborough-Agincourt (22),42 Division,Steeles,FALSE,TRUE,FALSE,FALSE,FALSE,FALSE,FALSE,FALSE,TRUE,FALSE,"{""coordinates"": [[-79.3168905466203, 43.821344080685044]], ""type"": ""MultiPoint""}"
5632,2010:1160348,2010-02-24T16:05:00,LAKE SHORE Boul W,JAMESON Aven,,4,Non-Fatal Injury,,No Control,Turning Movement,Clear,Daylight,Dry,Major Arterial,FALSE,-79.43439101,43.63204426430079,1,Automobile or Station Wagon,East,1,54,Minimal,Lap and Shoulder Belt,Driving properly,Normal,,,Going Ahead,,,,,driver,,Parkdale-High Park (4),14 Division,South Parkdale,FALSE,TRUE,FALSE,FALSE,FALSE,FALSE,FALSE,FALSE,FALSE,FALSE,"{""coordinates"": [[-79.43439100732893, 43.63204426430079]], ""type"": ""MultiPoint""}"
5633,2010:1160348,2010-02-24T16:05:00,LAKE SHORE Boul W,JAMESON Aven,,4,Non-Fatal Injury,,No Control,Turning Movement,Clear,Daylight,Dry,Major Arterial,FALSE,-79.43439101,43.63204426430079,2,,,2,36,Major,Lap and Shoulder Belt,,,,,,,,,,passenger,,Parkdale-High Park (4),14 Division,South Parkdale,FALSE,TRUE,FALSE,FALSE,FALSE,FALSE,FALSE,FALSE,FALSE,FALSE,"{""coordinates"": [[-79.43439100732893, 43.63204426430079]], ""type"": ""MultiPoint""}"
5634,2010:1160348,2010-02-24T16:05:00,LAKE SHORE Boul W,JAMESON Aven,,4,Non-Fatal Injury,,No Control,Turning Movement,Clear,Daylight,Dry,Major Arterial,FALSE,-79.43439101,43.63204426430079,2,Automobile or Station Wagon,East,3,34,Minor,Lap and Shoulder Belt,Improper lane change,Inattentive,,,Making U-Turn,,,,,driver,,Parkdale-High Park (4),14 Division,South Parkdale,FALSE,TRUE,FALSE,FALSE,FALSE,FALSE,FALSE,FALSE,FALSE,FALSE,"{""coordinates"": [[-79.43439100732893, 43.63204426430079]], ""type"": ""MultiPoint""}"
5635,2010:1160348,2010-02-24T16:05:00,LAKE SHORE Boul W,JAMESON Aven,,4,Non-Fatal Injury,,No Control,Turning Movement,Clear,Daylight,Dry,Major Arterial,FALSE,-79.43439101,43.63204426430079,3,Automobile or Station Wagon,East,4,39,None,Other Safety Equipment Used,Driving properly,Normal,,,Going Ahead,,,,,driver,,Parkdale-High Park (4),14 Division,South Parkdale,FALSE,TRUE,FALSE,FALSE,FALSE,FALSE,FALSE,FALSE,FALSE,FALSE,"{""coordinates"": [[-79.43439100732893, 43.63204426430079]], ""type"": ""MultiPoint""}"
5636,2010:1160789,2010-02-27T05:15:00,FINCH Aven W,EDITHVALE Driv,,2,Non-Fatal Injury,At Intersection,Traffic Signal,SMV Other,Snow,Dark,Slush,Major Arterial,FALSE,-79.42709077,43.77724421129145,2,,,2,,,Other Safety Equipment Used,,,,,,,,,,owner,,Willowdale (18),32 Division,Newtonbrook West,TRUE,FALSE,FALSE,FALSE,FALSE,FALSE,FALSE,FALSE,FALSE,FALSE,"{""coordinates"": [[-79.42709076782009, 43.77724421129145]], ""type"": ""MultiPoint""}"
5637,2010:1160789,2010-02-27T05:15:00,FINCH Aven W,EDITHVALE Driv,,2,Non-Fatal Injury,At Intersection,Traffic Signal,SMV Other,Snow,Dark,Slush,Major Arterial,FALSE,-79.42709077,43.77724421129145,1,Automobile or Station Wagon,East,1,30,Major,Lap and Shoulder Belt,Speed too fast for conditions,Ability Impaired - Alcohol Over .08,,,Going Ahead,,,,,driver,,Willowdale (18),32 Division,Newtonbrook West,TRUE,FALSE,FALSE,FALSE,FALSE,FALSE,FALSE,FALSE,FALSE,FALSE,"{""coordinates"": [[-79.42709076782009, 43.77724421129145]], ""type"": ""MultiPoint""}"
5638,2010:1154795,2010-02-27T23:20:00,THE QUEENSWAY,HIGH ST,,3,Non-Fatal Injury,,Traffic Signal,Pedestrian Collision(internal code),Clear,Dark,Dry,Major Arterial,FALSE,-79.48209111,43.63084433754622,1,Automobile or Station Wagon,East,3,22,None,Other Safety Equipment Used,Driving properly,Normal,,,Going Ahead,,,,,driver,,Etobicoke-Lakeshore (3),22 Division,Stonegate-Queensway,FALSE,TRUE,FALSE,FALSE,FALSE,FALSE,TRUE,FALSE,FALSE,FALSE,"{""coordinates"": [[-79.48209110508826, 43.63084433754622]], ""type"": ""MultiPoint""}"
5639,2010:1154795,2010-02-27T23:20:00,THE QUEENSWAY,HIGH ST,,3,Non-Fatal Injury,,Traffic Signal,Pedestrian Collision(internal code),Clear,Dark,Dry,Major Arterial,FALSE,-79.48209111,43.63084433754622,1,,South,2,51,Major,Other Safety Equipment Used,,,Crossing without right-of-way (intersection),Inattentive,,Driver going straight hits pedestrian crossing without right-of-way (at intersection),,,,pedestrian,,Etobicoke-Lakeshore (3),22 Division,Stonegate-Queensway,FALSE,TRUE,FALSE,FALSE,FALSE,FALSE,TRUE,FALSE,FALSE,FALSE,"{""coordinates"": [[-79.48209110508826, 43.63084433754622]], ""type"": ""MultiPoint""}"
5640,2010:1154795,2010-02-27T23:20:00,THE QUEENSWAY,HIGH ST,,3,Non-Fatal Injury,,Traffic Signal,Pedestrian Collision(internal code),Clear,Dark,Dry,Major Arterial,FALSE,-79.48209111,43.63084433754622,1,,South,1,50,Major,Other Safety Equipment Used,,,Crossing without right-of-way (intersection),Inattentive,,Driver going straight hits pedestrian crossing without right-of-way (at intersection),,,,pedestrian,,Etobicoke-Lakeshore (3),22 Division,Stonegate-Queensway,FALSE,TRUE,FALSE,FALSE,FALSE,FALSE,TRUE,FALSE,FALSE,FALSE,"{""coordinates"": [[-79.48209110508826, 43.63084433754622]], ""type"": ""MultiPoint""}"
5641,2010:1154990,2010-02-28T23:00:00,VILLIERS ST,MUNITION ST,,2,Fatal Injury,,No Control,SMV Unattended Vehicle,Clear,Dark,Dry,Local,FALSE,-79.34989081,43.648544133124815,2,Automobile or Station Wagon,East,1,53,Fatal,Use Unknown,Exceeding speed limit,Other Condition,,,Going Ahead,,,,,driver,12,Toronto-Danforth (14),51 Division,South Riverdale,TRUE,FALSE,FALSE,FALSE,FALSE,FALSE,FALSE,FALSE,FALSE,FALSE,"{""coordinates"": [[-79.34989081425317, 43.648544133124815]], ""type"": ""MultiPoint""}"
5642,2010:1154990,2010-02-28T23:00:00,VILLIERS ST,MUNITION ST,,2,Fatal Injury,,No Control,SMV Unattended Vehicle,Clear,Dark,Dry,Local,FALSE,-79.34989081,43.648544133124815,1,,East,2,,None,Other Safety Equipment Used,,,,,Parked,,,,,other,,Toronto-Danforth (14),51 Division,South Riverdale,TRUE,FALSE,FALSE,FALSE,FALSE,FALSE,FALSE,FALSE,FALSE,FALSE,"{""coordinates"": [[-79.34989081425317, 43.648544133124815]], ""type"": ""MultiPoint""}"
5643,2010:1161062,2010-03-01T07:46:00,WOODBINE Aven,KINGSTON Road,,4,Non-Fatal Injury,At Intersection,Traffic Signal,Angle,Clear,Daylight,Dry,Major Arterial,FALSE,-79.3078907,43.673944069531785,2,Automobile or Station Wagon,South,4,58,Minor,Lap and Shoulder Belt,Disobeyed traffic control,Inattentive,,,Going Ahead,,,,,driver,,Beaches-East York (19),55 Division,The Beaches,TRUE,TRUE,FALSE,FALSE,FALSE,FALSE,FALSE,TRUE,FALSE,TRUE,"{""coordinates"": [[-79.30789069831474, 43.673944069531785]], ""type"": ""MultiPoint""}"
5644,2010:1161062,2010-03-01T07:46:00,WOODBINE Aven,KINGSTON Road,,4,Non-Fatal Injury,At Intersection,Traffic Signal,Angle,Clear,Daylight,Dry,Major Arterial,FALSE,-79.3078907,43.673944069531785,1,,,1,43,Minimal,Lap and Shoulder Belt,,,,,,,,,,passenger,,Beaches-East York (19),55 Division,The Beaches,TRUE,TRUE,FALSE,FALSE,FALSE,FALSE,FALSE,TRUE,FALSE,TRUE,"{""coordinates"": [[-79.30789069831474, 43.673944069531785]], ""type"": ""MultiPoint""}"
5645,2010:1161062,2010-03-01T07:46:00,WOODBINE Aven,KINGSTON Road,,4,Non-Fatal Injury,At Intersection,Traffic Signal,Angle,Clear,Daylight,Dry,Major Arterial,FALSE,-79.3078907,43.673944069531785,1,Truck - Open (Flatbed),East,3,35,Major,Lap and Shoulder Belt,Driving properly,Normal,,,Going Ahead,,,,,driver,,Beaches-East York (19),55 Division,The Beaches,TRUE,TRUE,FALSE,FALSE,FALSE,FALSE,FALSE,TRUE,FALSE,TRUE,"{""coordinates"": [[-79.30789069831474, 43.673944069531785]], ""type"": ""MultiPoint""}"
5646,2010:1161062,2010-03-01T07:46:00,WOODBINE Aven,KINGSTON Road,,4,Non-Fatal Injury,At Intersection,Traffic Signal,Angle,Clear,Daylight,Dry,Major Arterial,FALSE,-79.3078907,43.673944069531785,1,,,2,,,Other Safety Equipment Used,,,,,,,,,,owner,,Beaches-East York (19),55 Division,The Beaches,TRUE,TRUE,FALSE,FALSE,FALSE,FALSE,FALSE,TRUE,FALSE,TRUE,"{""coordinates"": [[-79.30789069831474, 43.673944069531785]], ""type"": ""MultiPoint""}"
5647,2010:1161266,2010-03-01T17:00:00,KINGSTON RD,SHEPPARD AVE E,,7,Non-Fatal Injury,At Intersection,Traffic Signal,Turning Movement,Clear,Daylight,Dry,Major Arterial,FALSE,-79.14622032,43.79890990156965,1,,,2,73,Major,Lap and Shoulder Belt,,,,,,,,,,passenger,,Scarborough-Rouge Park (25),42 Division,Centennial Scarborough,TRUE,TRUE,FALSE,FALSE,FALSE,TRUE,FALSE,FALSE,FALSE,FALSE,"{""coordinates"": [[-79.14622032360538, 43.79890990156965]], ""type"": ""MultiPoint""}"
5648,2010:1161266,2010-03-01T17:00:00,KINGSTON RD,SHEPPARD AVE E,,7,Non-Fatal Injury,At Intersection,Traffic Signal,Turning Movement,Clear,Daylight,Dry,Major Arterial,FALSE,-79.14622032,43.79890990156965,2,,,4,,,Other Safety Equipment Used,,,,,,,,,,owner,,Scarborough-Rouge Park (25),42 Division,Centennial Scarborough,TRUE,TRUE,FALSE,FALSE,FALSE,TRUE,FALSE,FALSE,FALSE,FALSE,"{""coordinates"": [[-79.14622032360538, 43.79890990156965]], ""type"": ""MultiPoint""}"
5649,2010:1161266,2010-03-01T17:00:00,KINGSTON RD,SHEPPARD AVE E,,7,Non-Fatal Injury,At Intersection,Traffic Signal,Turning Movement,Clear,Daylight,Dry,Major Arterial,FALSE,-79.14622032,43.79890990156965,3,,,6,,,Other Safety Equipment Used,,,,,,,,,,owner,,Scarborough-Rouge Park (25),42 Division,Centennial Scarborough,TRUE,TRUE,FALSE,FALSE,FALSE,TRUE,FALSE,FALSE,FALSE,FALSE,"{""coordinates"": [[-79.14622032360538, 43.79890990156965]], ""type"": ""MultiPoint""}"
5650,2010:1161266,2010-03-01T17:00:00,KINGSTON RD,SHEPPARD AVE E,,7,Non-Fatal Injury,At Intersection,Traffic Signal,Turning Movement,Clear,Daylight,Dry,Major Arterial,FALSE,-79.14622032,43.79890990156965,1,Automobile or Station Wagon,East,3,23,None,Lap and Shoulder Belt,Failed to yield right-of-way,Inattentive,,,Turning Left,,,,,driver,,Scarborough-Rouge Park (25),42 Division,Centennial Scarborough,TRUE,TRUE,FALSE,FALSE,FALSE,TRUE,FALSE,FALSE,FALSE,FALSE,"{""coordinates"": [[-79.14622032360538, 43.79890990156965]], ""type"": ""MultiPoint""}"
5651,2010:1161266,2010-03-01T17:00:00,KINGSTON RD,SHEPPARD AVE E,,7,Non-Fatal Injury,At Intersection,Traffic Signal,Turning Movement,Clear,Daylight,Dry,Major Arterial,FALSE,-79.14622032,43.79890990156965,1,,,1,,,Other Safety Equipment Used,,,,,,,,,,owner,,Scarborough-Rouge Park (25),42 Division,Centennial Scarborough,TRUE,TRUE,FALSE,FALSE,FALSE,TRUE,FALSE,FALSE,FALSE,FALSE,"{""coordinates"": [[-79.14622032360538, 43.79890990156965]], ""type"": ""MultiPoint""}"
5652,2010:1161266,2010-03-01T17:00:00,KINGSTON RD,SHEPPARD AVE E,,7,Non-Fatal Injury,At Intersection,Traffic Signal,Turning Movement,Clear,Daylight,Dry,Major Arterial,FALSE,-79.14622032,43.79890990156965,3,,,7,,,Other Safety Equipment Used,,,,,,,,,,owner,,Scarborough-Rouge Park (25),42 Division,Centennial Scarborough,TRUE,TRUE,FALSE,FALSE,FALSE,TRUE,FALSE,FALSE,FALSE,FALSE,"{""coordinates"": [[-79.14622032360538, 43.79890990156965]], ""type"": ""MultiPoint""}"
5653,2010:1161266,2010-03-01T17:00:00,KINGSTON RD,SHEPPARD AVE E,,7,Non-Fatal Injury,At Intersection,Traffic Signal,Turning Movement,Clear,Daylight,Dry,Major Arterial,FALSE,-79.14622032,43.79890990156965,2,Automobile or Station Wagon,West,5,57,Minimal,Lap and Shoulder Belt,Driving properly,Normal,,,Going Ahead,,,,,driver,,Scarborough-Rouge Park (25),42 Division,Centennial Scarborough,TRUE,TRUE,FALSE,FALSE,FALSE,TRUE,FALSE,FALSE,FALSE,FALSE,"{""coordinates"": [[-79.14622032360538, 43.79890990156965]], ""type"": ""MultiPoint""}"
5654,2010:1161050,2010-03-01T20:04:00,QUEEN Stre E,LOCKWOOD Road,,3,Non-Fatal Injury,,No Control,Rear End,Clear,Dark,Dry,Minor Arterial,FALSE,-79.30869071,43.668044070960214,1,Automobile or Station Wagon,West,1,53,None,Other Safety Equipment Used,Following too closely,Ability Impaired - Alcohol Over .08,,,Going Ahead,,,,,driver,,Beaches-East York (19),55 Division,The Beaches,TRUE,FALSE,FALSE,FALSE,FALSE,FALSE,FALSE,FALSE,FALSE,FALSE,"{""coordinates"": [[-79.30869070765046, 43.668044070960214]], ""type"": ""MultiPoint""}"
5655,2010:1161050,2010-03-01T20:04:00,QUEEN Stre E,LOCKWOOD Road,,3,Non-Fatal Injury,,No Control,Rear End,Clear,Dark,Dry,Minor Arterial,FALSE,-79.30869071,43.668044070960214,2,Automobile or Station Wagon,West,2,28,None,Lap and Shoulder Belt,Driving properly,Unknown,,,Going Ahead,,,,,driver,,Beaches-East York (19),55 Division,The Beaches,TRUE,FALSE,FALSE,FALSE,FALSE,FALSE,FALSE,FALSE,FALSE,FALSE,"{""coordinates"": [[-79.30869070765046, 43.668044070960214]], ""type"": ""MultiPoint""}"
5656,2010:1161050,2010-03-01T20:04:00,QUEEN Stre E,LOCKWOOD Road,,3,Non-Fatal Injury,,No Control,Rear End,Clear,Dark,Dry,Minor Arterial,FALSE,-79.30869071,43.668044070960214,3,Automobile or Station Wagon,West,3,58,Major,Other Safety Equipment Used,Driving properly,Normal,,,Stopped,,,,,driver,,Beaches-East York (19),55 Division,The Beaches,TRUE,FALSE,FALSE,FALSE,FALSE,FALSE,FALSE,FALSE,FALSE,FALSE,"{""coordinates"": [[-79.30869070765046, 43.668044070960214]], ""type"": ""MultiPoint""}"
5657,2010:1155407,2010-03-02T16:05:00,HORNER AVE,EDILOU DR,,3,Fatal Injury,,No Control,Pedestrian Collision(internal code),Clear,Daylight,Dry,Minor Arterial,FALSE,-79.53139123,43.60474441784376,1,Truck - Open (Flatbed),West,2,45,None,Other Safety Equipment Used,Driving properly,Normal,,,Going Ahead,,,,,driver,,Etobicoke-Lakeshore (3),22 Division,Alderwood,FALSE,FALSE,FALSE,FALSE,FALSE,FALSE,TRUE,FALSE,FALSE,TRUE,"{""coordinates"": [[-79.53139123065385, 43.60474441784376]], ""type"": ""MultiPoint""}"
5658,2010:1155407,2010-03-02T16:05:00,HORNER AVE,EDILOU DR,,3,Fatal Injury,,No Control,Pedestrian Collision(internal code),Clear,Daylight,Dry,Minor Arterial,FALSE,-79.53139123,43.60474441784376,2,,South,3,56,Fatal,Other Safety Equipment Used,,,Crossing - no traffic control,Unknown,,Driver hits pedestrian at midblock,,,,pedestrian,13,Etobicoke-Lakeshore (3),22 Division,Alderwood,FALSE,FALSE,FALSE,FALSE,FALSE,FALSE,TRUE,FALSE,FALSE,TRUE,"{""coordinates"": [[-79.53139123065385, 43.60474441784376]], ""type"": ""MultiPoint""}"
5659,2010:1155407,2010-03-02T16:05:00,HORNER AVE,EDILOU DR,,3,Fatal Injury,,No Control,Pedestrian Collision(internal code),Clear,Daylight,Dry,Minor Arterial,FALSE,-79.53139123,43.60474441784376,1,,,1,,,Other Safety Equipment Used,,,,,,,,,,owner,,Etobicoke-Lakeshore (3),22 Division,Alderwood,FALSE,FALSE,FALSE,FALSE,FALSE,FALSE,TRUE,FALSE,FALSE,TRUE,"{""coordinates"": [[-79.53139123065385, 43.60474441784376]], ""type"": ""MultiPoint""}"
5660,2010:1155869,2010-03-04T13:08:00,SHEPPARD Ave E,BROWNSPRING Rd,,3,Non-Fatal Injury,At Intersection,No Control,Turning Movement,Clear,Daylight,Dry,Major Arterial,FALSE,-79.26249049,43.78884401,1,Motorcycle,East,1,24,Major,Helmet,Driving properly,Normal,,,Going Ahead,,,,,motorcyclist,,Scarborough North (23),42 Division,Agincourt South-Malvern West,FALSE,FALSE,FALSE,TRUE,FALSE,FALSE,FALSE,FALSE,FALSE,FALSE,"{""coordinates"": [[-79.26249048895748, 43.7888440146302]], ""type"": ""MultiPoint""}"
5661,2010:1155869,2010-03-04T13:08:00,SHEPPARD Ave E,BROWNSPRING Rd,,3,Non-Fatal Injury,At Intersection,No Control,Turning Movement,Clear,Daylight,Dry,Major Arterial,FALSE,-79.26249049,43.78884401,2,,,2,,None,Other Safety Equipment Used,,,,,Unknown,,,,,owner,,Scarborough North (23),42 Division,Agincourt South-Malvern West,FALSE,FALSE,FALSE,TRUE,FALSE,FALSE,FALSE,FALSE,FALSE,FALSE,"{""coordinates"": [[-79.26249048895748, 43.7888440146302]], ""type"": ""MultiPoint""}"
5662,2010:1155869,2010-03-04T13:08:00,SHEPPARD Ave E,BROWNSPRING Rd,,3,Non-Fatal Injury,At Intersection,No Control,Turning Movement,Clear,Daylight,Dry,Major Arterial,FALSE,-79.26249049,43.78884401,2,Automobile or Station Wagon,West,3,54,None,Lap and Shoulder Belt,Improper turn,Normal,,,Turning Left,,,,,driver,,Scarborough North (23),42 Division,Agincourt South-Malvern West,FALSE,FALSE,FALSE,TRUE,FALSE,FALSE,FALSE,FALSE,FALSE,FALSE,"{""coordinates"": [[-79.26249048895748, 43.7888440146302]], ""type"": ""MultiPoint""}"
5663,2010:1161474,2010-03-05T22:10:00,DUFFERIN Stre,EGLINTON Aven W,,2,Non-Fatal Injury,,No Control,Pedestrian Collision(internal code),Clear,Dark,Dry,Major Arterial,FALSE,-79.45029093,43.69564426450811,1,Automobile or Station Wagon,South,1,23,None,Other Safety Equipment Used,Driving properly,Normal,,,Going Ahead,,,,,driver,,Davenport (9),13 Division,Caledonia-Fairbank,FALSE,FALSE,FALSE,FALSE,FALSE,FALSE,TRUE,FALSE,FALSE,FALSE,"{""coordinates"": [[-79.45029093061869, 43.69564426450811]], ""type"": ""MultiPoint""}"
5664,2010:1161474,2010-03-05T22:10:00,DUFFERIN Stre,EGLINTON Aven W,,2,Non-Fatal Injury,,No Control,Pedestrian Collision(internal code),Clear,Dark,Dry,Major Arterial,FALSE,-79.45029093,43.69564426450811,2,,East,2,47,Major,No Equipment Available,,,Running onto roadway,Ability Impaired - Alcohol,,Driver going straight hits pedestrian crossing without right-of-way (at intersection),,,,pedestrian,,Davenport (9),13 Division,Caledonia-Fairbank,FALSE,FALSE,FALSE,FALSE,FALSE,FALSE,TRUE,FALSE,FALSE,FALSE,"{""coordinates"": [[-79.45029093061869, 43.69564426450811]], ""type"": ""MultiPoint""}"
5665,2010:1161585,2010-03-08T07:33:00,MILNER Aven,MCCOWAN Road,,2,Non-Fatal Injury,At Intersection,Traffic Signal,Pedestrian Collision(internal code),Clear,Daylight,Dry,Major Arterial,FALSE,-79.25649048,43.78534400699651,1,Automobile or Station Wagon,South,1,58,None,Lap and Shoulder Belt,Failed to yield right-of-way,Normal,,,Turning Left,,,,,driver,,Scarborough North (23),42 Division,Agincourt South-Malvern West,TRUE,FALSE,FALSE,FALSE,FALSE,FALSE,TRUE,FALSE,FALSE,FALSE,"{""coordinates"": [[-79.25649048212547, 43.78534400699651]], ""type"": ""MultiPoint""}"
5666,2010:1161585,2010-03-08T07:33:00,MILNER Aven,MCCOWAN Road,,2,Non-Fatal Injury,At Intersection,Traffic Signal,Pedestrian Collision(internal code),Clear,Daylight,Dry,Major Arterial,FALSE,-79.25649048,43.78534400699651,2,,North,2,55,Major,Other Safety Equipment Used,,,Crossing with right-of-way (intersection),Normal,,Driver turns left into pedestrian crossing with right-of-way (at intersection),,,,pedestrian,,Scarborough North (23),42 Division,Agincourt South-Malvern West,TRUE,FALSE,FALSE,FALSE,FALSE,FALSE,TRUE,FALSE,FALSE,FALSE,"{""coordinates"": [[-79.25649048212547, 43.78534400699651]], ""type"": ""MultiPoint""}"
5667,2010:1156458,2010-03-08T13:53:00,YONGE ST,MAITLAND ST,,4,Non-Fatal Injury,,No Control,Pedestrian Collision(internal code),Clear,Daylight,Dry,Major Arterial,FALSE,-79.38419086,43.66384418065933,1,Automobile or Station Wagon,West,2,49,Minor,Other Safety Equipment Used,Failed to yield right-of-way,Inattentive,,,Turning Left,,,,,driver,,Toronto Centre (13),52 Division,Bay-Cloverhill,TRUE,TRUE,FALSE,FALSE,FALSE,TRUE,TRUE,FALSE,FALSE,FALSE,"{""coordinates"": [[-79.38419085808168, 43.66384418065933]], ""type"": ""MultiPoint""}"
5668,2010:1156458,2010-03-08T13:53:00,YONGE ST,MAITLAND ST,,4,Non-Fatal Injury,,No Control,Pedestrian Collision(internal code),Clear,Daylight,Dry,Major Arterial,FALSE,-79.38419086,43.66384418065933,1,,,1,,,Other Safety Equipment Used,,,,,,,,,,owner,,Toronto Centre (13),52 Division,Bay-Cloverhill,TRUE,TRUE,FALSE,FALSE,FALSE,TRUE,TRUE,FALSE,FALSE,FALSE,"{""coordinates"": [[-79.38419085808168, 43.66384418065933]], ""type"": ""MultiPoint""}"
5669,2010:1158000,2010-03-17T09:55:00,FAYWOOD Boul,BAINBRIDGE Aven,,2,Non-Fatal Injury,,Pedestrian Crossover,Pedestrian Collision(internal code),Clear,Daylight,Dry,Collector,FALSE,-79.44969084,43.748044243959455,1,,,1,,,Other Safety Equipment Used,,,,,,,,,,owner,,York Centre (6),32 Division,Clanton Park,TRUE,TRUE,FALSE,FALSE,FALSE,TRUE,TRUE,FALSE,FALSE,FALSE,"{""coordinates"": [[-79.44969084014491, 43.748044243959455]], ""type"": ""MultiPoint""}"
5670,2010:1156458,2010-03-08T13:53:00,YONGE ST,MAITLAND ST,,4,Non-Fatal Injury,,No Control,Pedestrian Collision(internal code),Clear,Daylight,Dry,Major Arterial,FALSE,-79.38419086,43.66384418065933,2,,East,4,78,Major,Other Safety Equipment Used,,,Crossing with right-of-way (intersection),Normal,,Driver turns left into pedestrian crossing with right-of-way (at intersection),,,,pedestrian,,Toronto Centre (13),52 Division,Bay-Cloverhill,TRUE,TRUE,FALSE,FALSE,FALSE,TRUE,TRUE,FALSE,FALSE,FALSE,"{""coordinates"": [[-79.38419085808168, 43.66384418065933]], ""type"": ""MultiPoint""}"
5671,2010:1156458,2010-03-08T13:53:00,YONGE ST,MAITLAND ST,,4,Non-Fatal Injury,,No Control,Pedestrian Collision(internal code),Clear,Daylight,Dry,Major Arterial,FALSE,-79.38419086,43.66384418065933,2,,East,3,78,Major,Other Safety Equipment Used,,,Crossing with right-of-way (intersection),Normal,,Driver turns left into pedestrian crossing with right-of-way (at intersection),,,,pedestrian,,Toronto Centre (13),52 Division,Bay-Cloverhill,TRUE,TRUE,FALSE,FALSE,FALSE,TRUE,TRUE,FALSE,FALSE,FALSE,"{""coordinates"": [[-79.38419085808168, 43.66384418065933]], ""type"": ""MultiPoint""}"
5672,2010:1156744,2010-03-09T15:04:00,STEELES AVE W,GIHON SPRING DR,,4,Fatal Injury,,No Control,Approaching Head On,Clear,Daylight,Dry,Major Arterial,FALSE,-79.59529103,43.75954440783327,3,,,4,,None,Other Safety Equipment Used,,,,,,,,,,other,,Etobicoke North (1),23 Division,Mount Olive-Silverstone-Jamestown,FALSE,FALSE,FALSE,FALSE,FALSE,FALSE,FALSE,FALSE,FALSE,TRUE,"{""coordinates"": [[-79.59529102820026, 43.75954440783327]], ""type"": ""MultiPoint""}"
5673,2010:1156744,2010-03-09T15:04:00,STEELES AVE W,GIHON SPRING DR,,4,Fatal Injury,,No Control,Approaching Head On,Clear,Daylight,Dry,Major Arterial,FALSE,-79.59529103,43.75954440783327,2,Automobile or Station Wagon,East,3,47,Fatal,Air Bag Deployed,Lost control,Unknown,,,Going Ahead,,,,,driver,14,Etobicoke North (1),23 Division,Mount Olive-Silverstone-Jamestown,FALSE,FALSE,FALSE,FALSE,FALSE,FALSE,FALSE,FALSE,FALSE,TRUE,"{""coordinates"": [[-79.59529102820026, 43.75954440783327]], ""type"": ""MultiPoint""}"
5674,2010:1156744,2010-03-09T15:04:00,STEELES AVE W,GIHON SPRING DR,,4,Fatal Injury,,No Control,Approaching Head On,Clear,Daylight,Dry,Major Arterial,FALSE,-79.59529103,43.75954440783327,1,Truck - Open (Flatbed),West,2,41,None,Lap and Shoulder Belt,Driving properly,Normal,,,Going Ahead,,,,,driver,,Etobicoke North (1),23 Division,Mount Olive-Silverstone-Jamestown,FALSE,FALSE,FALSE,FALSE,FALSE,FALSE,FALSE,FALSE,FALSE,TRUE,"{""coordinates"": [[-79.59529102820026, 43.75954440783327]], ""type"": ""MultiPoint""}"
5675,2010:1156744,2010-03-09T15:04:00,STEELES AVE W,GIHON SPRING DR,,4,Fatal Injury,,No Control,Approaching Head On,Clear,Daylight,Dry,Major Arterial,FALSE,-79.59529103,43.75954440783327,1,,,1,,,Other Safety Equipment Used,,,,,,,,,,owner,,Etobicoke North (1),23 Division,Mount Olive-Silverstone-Jamestown,FALSE,FALSE,FALSE,FALSE,FALSE,FALSE,FALSE,FALSE,FALSE,TRUE,"{""coordinates"": [[-79.59529102820026, 43.75954440783327]], ""type"": ""MultiPoint""}"