_id,collision_id,accdate,stname1,stname2,stname3,per_inv,acclass,accloc,traffictl,impactype,visible,light,rdsfcond,road_class,failtorem,longitude,latitude,veh_no,vehtype,initdir,per_no,invage,injury,safequip,drivact,drivcond,pedact,pedcond,manoeuvre,pedtype,cyclistype,cycact,cyccond,road_user,fatal_no,wardname,division,neighbourhood,aggressive,distracted,cyclist,motorcyclist,other_micromobility,older_adult,pedestrian,red_light,school_child,heavy_truck,geometry
5676,2010:1157272,2010-03-12T05:23:00,ROYAL DR,DON VALLEY PARKWAY N,,4,Fatal Injury,,No Control,SMV Other,Clear,Dark,Dry,,FALSE,-79.3587908,43.672744142353295,1,,,1,48,Minor,Equipment Not Used But Available,,,,,,,,,,passenger,,Toronto-Danforth (14),55 Division,North Riverdale,TRUE,FALSE,FALSE,FALSE,FALSE,FALSE,FALSE,FALSE,FALSE,TRUE,"{""coordinates"": [[-79.35879079634543, 43.672744142353295]], ""type"": ""MultiPoint""}"
5677,2010:1157272,2010-03-12T05:23:00,ROYAL DR,DON VALLEY PARKWAY N,,4,Fatal Injury,,No Control,SMV Other,Clear,Dark,Dry,,FALSE,-79.3587908,43.672744142353295,2,,,4,,,Other Safety Equipment Used,,,,,,,,,,owner,,Toronto-Danforth (14),55 Division,North Riverdale,TRUE,FALSE,FALSE,FALSE,FALSE,FALSE,FALSE,FALSE,FALSE,TRUE,"{""coordinates"": [[-79.35879079634543, 43.672744142353295]], ""type"": ""MultiPoint""}"
5678,2010:1157272,2010-03-12T05:23:00,ROYAL DR,DON VALLEY PARKWAY N,,4,Fatal Injury,,No Control,SMV Other,Clear,Dark,Dry,,FALSE,-79.3587908,43.672744142353295,1,Truck - Open (Flatbed),South,3,34,Fatal,Equipment Not Used But Available,Speed too fast for conditions,Normal,,,Going Ahead,,,,,driver,15,Toronto-Danforth (14),55 Division,North Riverdale,TRUE,FALSE,FALSE,FALSE,FALSE,FALSE,FALSE,FALSE,FALSE,TRUE,"{""coordinates"": [[-79.35879079634543, 43.672744142353295]], ""type"": ""MultiPoint""}"
5679,2010:1157272,2010-03-12T05:23:00,ROYAL DR,DON VALLEY PARKWAY N,,4,Fatal Injury,,No Control,SMV Other,Clear,Dark,Dry,,FALSE,-79.3587908,43.672744142353295,1,,,2,,,Other Safety Equipment Used,,,,,,,,,,owner,,Toronto-Danforth (14),55 Division,North Riverdale,TRUE,FALSE,FALSE,FALSE,FALSE,FALSE,FALSE,FALSE,FALSE,TRUE,"{""coordinates"": [[-79.35879079634543, 43.672744142353295]], ""type"": ""MultiPoint""}"
5680,2010:1161998,2010-03-12T19:37:00,MARKHAM Rd,BRIMORTON Dr,,2,Non-Fatal Injury,At Intersection,Traffic Signal,Pedestrian Collision(internal code),Rain,Dark,Wet,Major Arterial,FALSE,-79.23069045,43.773443978144364,1,Automobile or Station Wagon,South,1,49,None,Lap and Shoulder Belt,Failed to yield right-of-way,Normal,,,Turning Left,,,,,driver,,Scarborough-Guildwood (24),43 Division,Woburn North,TRUE,FALSE,FALSE,FALSE,FALSE,FALSE,TRUE,FALSE,FALSE,FALSE,"{""coordinates"": [[-79.2306904547617, 43.773443978144364]], ""type"": ""MultiPoint""}"
5681,2010:1161998,2010-03-12T19:37:00,MARKHAM Rd,BRIMORTON Dr,,2,Non-Fatal Injury,At Intersection,Traffic Signal,Pedestrian Collision(internal code),Rain,Dark,Wet,Major Arterial,FALSE,-79.23069045,43.773443978144364,2,,South,2,25,Major,Other Safety Equipment Used,,,Crossing with right-of-way (intersection),Normal,,Driver turns left into pedestrian crossing with right-of-way (at intersection),,,,pedestrian,,Scarborough-Guildwood (24),43 Division,Woburn North,TRUE,FALSE,FALSE,FALSE,FALSE,FALSE,TRUE,FALSE,FALSE,FALSE,"{""coordinates"": [[-79.2306904547617, 43.773443978144364]], ""type"": ""MultiPoint""}"
5682,2010:1162673,2010-03-15T20:30:00,BURNHAMTHORPE RD,MARTIN GROVE RD,,4,Non-Fatal Injury,At Intersection,Traffic Signal,Turning Movement,Clear,Dark,Dry,Major Arterial,FALSE,-79.54899117,43.648844416011976,1,Automobile or Station Wagon,East,1,56,Major,Lap and Shoulder Belt,Improper turn,Normal,,,Turning Left,,,,,driver,,Etobicoke Centre (2),22 Division,Islington,FALSE,FALSE,FALSE,FALSE,FALSE,FALSE,FALSE,FALSE,FALSE,FALSE,"{""coordinates"": [[-79.54899117169535, 43.648844416011976]], ""type"": ""MultiPoint""}"
5683,2010:1162673,2010-03-15T20:30:00,BURNHAMTHORPE RD,MARTIN GROVE RD,,4,Non-Fatal Injury,At Intersection,Traffic Signal,Turning Movement,Clear,Dark,Dry,Major Arterial,FALSE,-79.54899117,43.648844416011976,2,Automobile or Station Wagon,West,2,27,None,Other Safety Equipment Used,Driving properly,Normal,,,Going Ahead,,,,,driver,,Etobicoke Centre (2),22 Division,Islington,FALSE,FALSE,FALSE,FALSE,FALSE,FALSE,FALSE,FALSE,FALSE,FALSE,"{""coordinates"": [[-79.54899117169535, 43.648844416011976]], ""type"": ""MultiPoint""}"
5684,2010:1162673,2010-03-15T20:30:00,BURNHAMTHORPE RD,MARTIN GROVE RD,,4,Non-Fatal Injury,At Intersection,Traffic Signal,Turning Movement,Clear,Dark,Dry,Major Arterial,FALSE,-79.54899117,43.648844416011976,3,,,4,,,Other Safety Equipment Used,,,,,,,,,,owner,,Etobicoke Centre (2),22 Division,Islington,FALSE,FALSE,FALSE,FALSE,FALSE,FALSE,FALSE,FALSE,FALSE,FALSE,"{""coordinates"": [[-79.54899117169535, 43.648844416011976]], ""type"": ""MultiPoint""}"
5685,2010:1162673,2010-03-15T20:30:00,BURNHAMTHORPE RD,MARTIN GROVE RD,,4,Non-Fatal Injury,At Intersection,Traffic Signal,Turning Movement,Clear,Dark,Dry,Major Arterial,FALSE,-79.54899117,43.648844416011976,3,,,3,,,Other Safety Equipment Used,,,,,,,,,,owner,,Etobicoke Centre (2),22 Division,Islington,FALSE,FALSE,FALSE,FALSE,FALSE,FALSE,FALSE,FALSE,FALSE,FALSE,"{""coordinates"": [[-79.54899117169535, 43.648844416011976]], ""type"": ""MultiPoint""}"
5686,2010:1162587,2010-03-16T08:38:00,FINCH Aven E,BRIDLETOWNE Circ,,2,Non-Fatal Injury,At Intersection,Traffic Signal,Pedestrian Collision(internal code),Clear,Daylight,Dry,Major Arterial,FALSE,-79.31229056,43.797444074139236,1,Automobile or Station Wagon,South,1,51,Minimal,Lap and Shoulder Belt,Failed to yield right-of-way,Normal,,,Turning Left,,,,,driver,,Scarborough-Agincourt (22),42 Division,East L'Amoreaux,TRUE,FALSE,FALSE,FALSE,FALSE,FALSE,TRUE,FALSE,FALSE,FALSE,"{""coordinates"": [[-79.31229056144481, 43.797444074139236]], ""type"": ""MultiPoint""}"
5687,2010:1162587,2010-03-16T08:38:00,FINCH Aven E,BRIDLETOWNE Circ,,2,Non-Fatal Injury,At Intersection,Traffic Signal,Pedestrian Collision(internal code),Clear,Daylight,Dry,Major Arterial,FALSE,-79.31229056,43.797444074139236,2,,North,2,53,Major,Other Safety Equipment Used,,,Crossing with right-of-way (intersection),Normal,,Driver turns left into pedestrian crossing with right-of-way (at intersection),,,,pedestrian,,Scarborough-Agincourt (22),42 Division,East L'Amoreaux,TRUE,FALSE,FALSE,FALSE,FALSE,FALSE,TRUE,FALSE,FALSE,FALSE,"{""coordinates"": [[-79.31229056144481, 43.797444074139236]], ""type"": ""MultiPoint""}"
5688,2010:1158000,2010-03-17T09:55:00,FAYWOOD Boul,BAINBRIDGE Aven,,2,Non-Fatal Injury,,Pedestrian Crossover,Pedestrian Collision(internal code),Clear,Daylight,Dry,Collector,FALSE,-79.44969084,43.748044243959455,2,,East,3,80,Major,Other Safety Equipment Used,,,Crossing - pedestrian crossover,Normal,,Driver hits pedestrian at PXO/pedestrian midblock signal,,,,pedestrian,,York Centre (6),32 Division,Clanton Park,TRUE,TRUE,FALSE,FALSE,FALSE,TRUE,TRUE,FALSE,FALSE,FALSE,"{""coordinates"": [[-79.44969084014491, 43.748044243959455]], ""type"": ""MultiPoint""}"
5689,2010:1158000,2010-03-17T09:55:00,FAYWOOD Boul,BAINBRIDGE Aven,,2,Non-Fatal Injury,,Pedestrian Crossover,Pedestrian Collision(internal code),Clear,Daylight,Dry,Collector,FALSE,-79.44969084,43.748044243959455,1,Automobile or Station Wagon,North,2,55,None,Lap and Shoulder Belt,Failed to yield right-of-way,Inattentive,,,Going Ahead,,,,,driver,,York Centre (6),32 Division,Clanton Park,TRUE,TRUE,FALSE,FALSE,FALSE,TRUE,TRUE,FALSE,FALSE,FALSE,"{""coordinates"": [[-79.44969084014491, 43.748044243959455]], ""type"": ""MultiPoint""}"
5690,2010:1158031,2010-03-17T15:46:00,LAWRENCE AVE E,WEST HILL DR,,2,Non-Fatal Injury,,No Control,SMV Unattended Vehicle,Clear,Daylight,Dry,Minor Arterial,FALSE,-79.17879039,43.77004392563462,2,,,2,,,Other Safety Equipment Used,,,,,,,,,,owner,,Scarborough-Rouge Park (25),43 Division,West Hill,FALSE,FALSE,FALSE,FALSE,FALSE,TRUE,FALSE,FALSE,FALSE,FALSE,"{""coordinates"": [[-79.1787903860858, 43.77004392563462]], ""type"": ""MultiPoint""}"
5691,2010:1158031,2010-03-17T15:46:00,LAWRENCE AVE E,WEST HILL DR,,2,Non-Fatal Injury,,No Control,SMV Unattended Vehicle,Clear,Daylight,Dry,Minor Arterial,FALSE,-79.17879039,43.77004392563462,1,Automobile or Station Wagon,East,1,80,Major,Lap and Shoulder Belt,Lost control,Unknown,,,Going Ahead,,,,,driver,,Scarborough-Rouge Park (25),43 Division,West Hill,FALSE,FALSE,FALSE,FALSE,FALSE,TRUE,FALSE,FALSE,FALSE,FALSE,"{""coordinates"": [[-79.1787903860858, 43.77004392563462]], ""type"": ""MultiPoint""}"
5692,2010:1158315,2010-03-19T04:00:00,DON VALLEY PARKWAY N,LEASIDE BDGE,,4,Non-Fatal Injury,,No Control,Pedestrian Collision(internal code),Clear,Dark,Dry,Major Arterial,FALSE,-79.34939074,43.69784412531975,2,,Unknown,4,30,Major,Other Safety Equipment Used,,,Other,Other Condition,,Other,,,,pedestrian,,Toronto-Danforth (14),55 Division,Old East York,FALSE,FALSE,FALSE,FALSE,FALSE,FALSE,TRUE,FALSE,TRUE,FALSE,"{""coordinates"": [[-79.34939074250462, 43.69784412531975]], ""type"": ""MultiPoint""}"
5693,2010:1158315,2010-03-19T04:00:00,DON VALLEY PARKWAY N,LEASIDE BDGE,,4,Non-Fatal Injury,,No Control,Pedestrian Collision(internal code),Clear,Dark,Dry,Major Arterial,FALSE,-79.34939074,43.69784412531975,1,,,2,25,None,Other Safety Equipment Used,,,,,,,,,,passenger,,Toronto-Danforth (14),55 Division,Old East York,FALSE,FALSE,FALSE,FALSE,FALSE,FALSE,TRUE,FALSE,TRUE,FALSE,"{""coordinates"": [[-79.34939074250462, 43.69784412531975]], ""type"": ""MultiPoint""}"
5694,2010:1158315,2010-03-19T04:00:00,DON VALLEY PARKWAY N,LEASIDE BDGE,,4,Non-Fatal Injury,,No Control,Pedestrian Collision(internal code),Clear,Dark,Dry,Major Arterial,FALSE,-79.34939074,43.69784412531975,1,,,1,12,None,Other Safety Equipment Used,,,,,,,,,,passenger,,Toronto-Danforth (14),55 Division,Old East York,FALSE,FALSE,FALSE,FALSE,FALSE,FALSE,TRUE,FALSE,TRUE,FALSE,"{""coordinates"": [[-79.34939074250462, 43.69784412531975]], ""type"": ""MultiPoint""}"
5695,2010:1158315,2010-03-19T04:00:00,DON VALLEY PARKWAY N,LEASIDE BDGE,,4,Non-Fatal Injury,,No Control,Pedestrian Collision(internal code),Clear,Dark,Dry,Major Arterial,FALSE,-79.34939074,43.69784412531975,1,Automobile or Station Wagon,North,3,29,None,Other Safety Equipment Used,Driving properly,Normal,,,Going Ahead,,,,,driver,,Toronto-Danforth (14),55 Division,Old East York,FALSE,FALSE,FALSE,FALSE,FALSE,FALSE,TRUE,FALSE,TRUE,FALSE,"{""coordinates"": [[-79.34939074250462, 43.69784412531975]], ""type"": ""MultiPoint""}"
5696,2010:1158316,2010-03-19T04:02:00,DON VALLEY PARKWAY N,LEASIDE BDGE,,4,Non-Fatal Injury,,No Control,Pedestrian Collision(internal code),Clear,Dark,Dry,Major Arterial,FALSE,-79.34969074,43.69804412570233,2,,Unknown,3,30,Major,Other Safety Equipment Used,,,Other,Other Condition,,Driver hits pedestrian at midblock,,,,pedestrian,,Toronto-Danforth (14),55 Division,Old East York,FALSE,FALSE,FALSE,FALSE,FALSE,FALSE,TRUE,FALSE,FALSE,FALSE,"{""coordinates"": [[-79.34969074276552, 43.69804412570233]], ""type"": ""MultiPoint""}"
5697,2010:1158316,2010-03-19T04:02:00,DON VALLEY PARKWAY N,LEASIDE BDGE,,4,Non-Fatal Injury,,No Control,Pedestrian Collision(internal code),Clear,Dark,Dry,Major Arterial,FALSE,-79.34969074,43.69804412570233,1,Automobile or Station Wagon,North,2,25,None,Other Safety Equipment Used,Driving properly,Normal,,,Going Ahead,,,,,driver,,Toronto-Danforth (14),55 Division,Old East York,FALSE,FALSE,FALSE,FALSE,FALSE,FALSE,TRUE,FALSE,FALSE,FALSE,"{""coordinates"": [[-79.34969074276552, 43.69804412570233]], ""type"": ""MultiPoint""}"
5698,2010:1158316,2010-03-19T04:02:00,DON VALLEY PARKWAY N,LEASIDE BDGE,,4,Non-Fatal Injury,,No Control,Pedestrian Collision(internal code),Clear,Dark,Dry,Major Arterial,FALSE,-79.34969074,43.69804412570233,1,,,4,41,None,Other Safety Equipment Used,,,,,,,,,,passenger,,Toronto-Danforth (14),55 Division,Old East York,FALSE,FALSE,FALSE,FALSE,FALSE,FALSE,TRUE,FALSE,FALSE,FALSE,"{""coordinates"": [[-79.34969074276552, 43.69804412570233]], ""type"": ""MultiPoint""}"
5699,2010:1158316,2010-03-19T04:02:00,DON VALLEY PARKWAY N,LEASIDE BDGE,,4,Non-Fatal Injury,,No Control,Pedestrian Collision(internal code),Clear,Dark,Dry,Major Arterial,FALSE,-79.34969074,43.69804412570233,1,,,1,,,Other Safety Equipment Used,,,,,,,,,,owner,,Toronto-Danforth (14),55 Division,Old East York,FALSE,FALSE,FALSE,FALSE,FALSE,FALSE,TRUE,FALSE,FALSE,FALSE,"{""coordinates"": [[-79.34969074276552, 43.69804412570233]], ""type"": ""MultiPoint""}"
5700,2010:1163442,2010-03-21T08:45:00,ROYAL YORK Road,NEWCASTLE Stre,,2,Non-Fatal Injury,At Intersection,Traffic Signal,Pedestrian Collision(internal code),Clear,Daylight,Dry,Minor Arterial,FALSE,-79.49889116,43.61744436977539,1,Automobile or Station Wagon,North,1,79,None,Lap and Shoulder Belt,Failed to yield right-of-way,Normal,,,Going Ahead,,,,,driver,,Etobicoke-Lakeshore (3),22 Division,Mimico-Queensway,TRUE,FALSE,FALSE,FALSE,FALSE,TRUE,TRUE,FALSE,FALSE,FALSE,"{""coordinates"": [[-79.49889116344663, 43.61744436977539]], ""type"": ""MultiPoint""}"
5701,2010:1163442,2010-03-21T08:45:00,ROYAL YORK Road,NEWCASTLE Stre,,2,Non-Fatal Injury,At Intersection,Traffic Signal,Pedestrian Collision(internal code),Clear,Daylight,Dry,Minor Arterial,FALSE,-79.49889116,43.61744436977539,2,,East,2,89,Major,No Equipment Available,,,Crossing with right-of-way (intersection),Normal,,Driver going straight hits pedestrian crossing with right-of-way (at intersection),,,,pedestrian,,Etobicoke-Lakeshore (3),22 Division,Mimico-Queensway,TRUE,FALSE,FALSE,FALSE,FALSE,TRUE,TRUE,FALSE,FALSE,FALSE,"{""coordinates"": [[-79.49889116344663, 43.61744436977539]], ""type"": ""MultiPoint""}"
5702,2010:1163512,2010-03-22T20:00:00,CARLINGVIEW Driv,DIXON Road,,3,Non-Fatal Injury,At Intersection,Traffic Signal,Pedestrian Collision(internal code),Rain,Dark,Wet,Major Arterial,FALSE,-79.59559116,43.68674445011845,2,,West,3,39,Major,Other Safety Equipment Used,,,Crossing without right-of-way (intersection),Unknown,,Driver going straight hits pedestrian crossing without right-of-way (at intersection),,,,pedestrian,,Etobicoke North (1),23 Division,West Humber-Clairville,FALSE,FALSE,FALSE,FALSE,FALSE,FALSE,TRUE,FALSE,FALSE,FALSE,"{""coordinates"": [[-79.59559116080902, 43.68674445011845]], ""type"": ""MultiPoint""}"
5703,2010:1163512,2010-03-22T20:00:00,CARLINGVIEW Driv,DIXON Road,,3,Non-Fatal Injury,At Intersection,Traffic Signal,Pedestrian Collision(internal code),Rain,Dark,Wet,Major Arterial,FALSE,-79.59559116,43.68674445011845,1,Automobile or Station Wagon,North,1,49,None,Lap and Shoulder Belt,Driving properly,Normal,,,Going Ahead,,,,,driver,,Etobicoke North (1),23 Division,West Humber-Clairville,FALSE,FALSE,FALSE,FALSE,FALSE,FALSE,TRUE,FALSE,FALSE,FALSE,"{""coordinates"": [[-79.59559116080902, 43.68674445011845]], ""type"": ""MultiPoint""}"
5704,2010:1163512,2010-03-22T20:00:00,CARLINGVIEW Driv,DIXON Road,,3,Non-Fatal Injury,At Intersection,Traffic Signal,Pedestrian Collision(internal code),Rain,Dark,Wet,Major Arterial,FALSE,-79.59559116,43.68674445011845,2,,West,2,37,Major,Other Safety Equipment Used,,,Crossing without right-of-way (intersection),Unknown,,Driver going straight hits pedestrian crossing without right-of-way (at intersection),,,,pedestrian,,Etobicoke North (1),23 Division,West Humber-Clairville,FALSE,FALSE,FALSE,FALSE,FALSE,FALSE,TRUE,FALSE,FALSE,FALSE,"{""coordinates"": [[-79.59559116080902, 43.68674445011845]], ""type"": ""MultiPoint""}"
5705,2010:1163538,2010-03-23T20:00:00,RICHVIEW Road,SCARLETT Road,,2,Non-Fatal Injury,At Intersection,Stop Sign,Pedestrian Collision(internal code),Rain,Dark,Wet,Major Arterial,TRUE,-79.51249106,43.68554435266545,1,,North,2,49,Major,Other Safety Equipment Used,,,Crossing with right-of-way (intersection),Normal,,Driver turns left into pedestrian crossing with right-of-way (at intersection),,,,pedestrian,,Etobicoke Centre (2),23 Division,Humber Heights-Westmount,FALSE,FALSE,FALSE,FALSE,FALSE,FALSE,TRUE,FALSE,FALSE,FALSE,"{""coordinates"": [[-79.51249105637285, 43.68554435266545]], ""type"": ""MultiPoint""}"
5706,2010:1163538,2010-03-23T20:00:00,RICHVIEW Road,SCARLETT Road,,2,Non-Fatal Injury,At Intersection,Stop Sign,Pedestrian Collision(internal code),Rain,Dark,Wet,Major Arterial,TRUE,-79.51249106,43.68554435266545,1,Automobile or Station Wagon,North,1,,None,Other Safety Equipment Used,Improper turn,Unknown,,,Turning Left,,,,,driver,,Etobicoke Centre (2),23 Division,Humber Heights-Westmount,FALSE,FALSE,FALSE,FALSE,FALSE,FALSE,TRUE,FALSE,FALSE,FALSE,"{""coordinates"": [[-79.51249105637285, 43.68554435266545]], ""type"": ""MultiPoint""}"
5707,2010:1158873,2010-03-24T00:00:00,SHEPPARD Aven E,TWYN RIVERS Driv,,3,Non-Fatal Injury,,No Control,SMV Other,Clear,Dark,Wet,Minor Arterial,FALSE,-79.16769035,43.80904392493043,2,,,3,,,Other Safety Equipment Used,,,,,,,,,,owner,,Scarborough-Rouge Park (25),42 Division,West Rouge,FALSE,FALSE,FALSE,TRUE,FALSE,FALSE,FALSE,FALSE,FALSE,FALSE,"{""coordinates"": [[-79.16769034534448, 43.80904392493043]], ""type"": ""MultiPoint""}"
5708,2010:1158873,2010-03-24T00:00:00,SHEPPARD Aven E,TWYN RIVERS Driv,,3,Non-Fatal Injury,,No Control,SMV Other,Clear,Dark,Wet,Minor Arterial,FALSE,-79.16769035,43.80904392493043,1,Motorcycle,West,2,58,Major,Helmet,Lost control,Had Been Drinking,,,Going Ahead,,,,,motorcyclist,,Scarborough-Rouge Park (25),42 Division,West Rouge,FALSE,FALSE,FALSE,TRUE,FALSE,FALSE,FALSE,FALSE,FALSE,FALSE,"{""coordinates"": [[-79.16769034534448, 43.80904392493043]], ""type"": ""MultiPoint""}"
5709,2010:1158873,2010-03-24T00:00:00,SHEPPARD Aven E,TWYN RIVERS Driv,,3,Non-Fatal Injury,,No Control,SMV Other,Clear,Dark,Wet,Minor Arterial,FALSE,-79.16769035,43.80904392493043,1,,,1,,,Other Safety Equipment Used,,,,,,,,,,owner,,Scarborough-Rouge Park (25),42 Division,West Rouge,FALSE,FALSE,FALSE,TRUE,FALSE,FALSE,FALSE,FALSE,FALSE,FALSE,"{""coordinates"": [[-79.16769034534448, 43.80904392493043]], ""type"": ""MultiPoint""}"
5710,2010:1158874,2010-03-24T00:42:00,GERRARD ST E,DON VALLEY PARKWAY Stre S,,7,Non-Fatal Injury,,No Control,Pedestrian Collision(internal code),Clear,Dark,Dry,Minor Arterial,FALSE,-79.3558908,43.66464413949022,1,,,1,,,Other Safety Equipment Used,,,,,,,,,,owner,,Toronto-Danforth (14),55 Division,North Riverdale,TRUE,FALSE,FALSE,FALSE,FALSE,FALSE,TRUE,FALSE,FALSE,TRUE,"{""coordinates"": [[-79.35589080261978, 43.66464413949022]], ""type"": ""MultiPoint""}"
5711,2010:1158874,2010-03-24T00:42:00,GERRARD ST E,DON VALLEY PARKWAY Stre S,,7,Non-Fatal Injury,,No Control,Pedestrian Collision(internal code),Clear,Dark,Dry,Minor Arterial,FALSE,-79.3558908,43.66464413949022,3,Automobile or Station Wagon,,6,,,Other Safety Equipment Used,,,,,,,,,,owner,,Toronto-Danforth (14),55 Division,North Riverdale,TRUE,FALSE,FALSE,FALSE,FALSE,FALSE,TRUE,FALSE,FALSE,TRUE,"{""coordinates"": [[-79.35589080261978, 43.66464413949022]], ""type"": ""MultiPoint""}"
5712,2010:1158874,2010-03-24T00:42:00,GERRARD ST E,DON VALLEY PARKWAY Stre S,,7,Non-Fatal Injury,,No Control,Pedestrian Collision(internal code),Clear,Dark,Dry,Minor Arterial,FALSE,-79.3558908,43.66464413949022,3,Municipal Transit Bus (TTC),West,7,59,None,Other Safety Equipment Used,Following too closely,Normal,,,Going Ahead,,,,,driver,,Toronto-Danforth (14),55 Division,North Riverdale,TRUE,FALSE,FALSE,FALSE,FALSE,FALSE,TRUE,FALSE,FALSE,TRUE,"{""coordinates"": [[-79.35589080261978, 43.66464413949022]], ""type"": ""MultiPoint""}"
5713,2010:1158874,2010-03-24T00:42:00,GERRARD ST E,DON VALLEY PARKWAY Stre S,,7,Non-Fatal Injury,,No Control,Pedestrian Collision(internal code),Clear,Dark,Dry,Minor Arterial,FALSE,-79.3558908,43.66464413949022,2,Automobile or Station Wagon,West,5,55,None,Other Safety Equipment Used,Driving properly,Normal,,,Stopped,,,,,driver,,Toronto-Danforth (14),55 Division,North Riverdale,TRUE,FALSE,FALSE,FALSE,FALSE,FALSE,TRUE,FALSE,FALSE,TRUE,"{""coordinates"": [[-79.35589080261978, 43.66464413949022]], ""type"": ""MultiPoint""}"
5714,2010:1158874,2010-03-24T00:42:00,GERRARD ST E,DON VALLEY PARKWAY Stre S,,7,Non-Fatal Injury,,No Control,Pedestrian Collision(internal code),Clear,Dark,Dry,Minor Arterial,FALSE,-79.3558908,43.66464413949022,1,,Unknown,2,42,Major,No Equipment Available,,,Playing or working on highway,Normal,,Transit vehicle driver hits pedestrian anywhere along roadway,,,,pedestrian,,Toronto-Danforth (14),55 Division,North Riverdale,TRUE,FALSE,FALSE,FALSE,FALSE,FALSE,TRUE,FALSE,FALSE,TRUE,"{""coordinates"": [[-79.35589080261978, 43.66464413949022]], ""type"": ""MultiPoint""}"
5715,2010:1158874,2010-03-24T00:42:00,GERRARD ST E,DON VALLEY PARKWAY Stre S,,7,Non-Fatal Injury,,No Control,Pedestrian Collision(internal code),Clear,Dark,Dry,Minor Arterial,FALSE,-79.3558908,43.66464413949022,1,Automobile or Station Wagon,West,3,59,Major,Use Unknown,Driving properly,Normal,,,Stopped,,,,,driver,,Toronto-Danforth (14),55 Division,North Riverdale,TRUE,FALSE,FALSE,FALSE,FALSE,FALSE,TRUE,FALSE,FALSE,TRUE,"{""coordinates"": [[-79.35589080261978, 43.66464413949022]], ""type"": ""MultiPoint""}"
5716,2010:1158874,2010-03-24T00:42:00,GERRARD ST E,DON VALLEY PARKWAY Stre S,,7,Non-Fatal Injury,,No Control,Pedestrian Collision(internal code),Clear,Dark,Dry,Minor Arterial,FALSE,-79.3558908,43.66464413949022,2,,,4,,,Other Safety Equipment Used,,,,,,,,,,owner,,Toronto-Danforth (14),55 Division,North Riverdale,TRUE,FALSE,FALSE,FALSE,FALSE,FALSE,TRUE,FALSE,FALSE,TRUE,"{""coordinates"": [[-79.35589080261978, 43.66464413949022]], ""type"": ""MultiPoint""}"
5717,2010:1159036,2010-03-24T17:20:00,DON VALLEY PARKWAY N,EGLINTON Aven E,,6,Non-Fatal Injury,,No Control,Rear End,Clear,Daylight,Dry,,FALSE,-79.33019067,43.72364409644773,1,,,1,,,Other Safety Equipment Used,,,,,,,,,,owner,,Don Valley East (16),33 Division,Banbury-Don Mills,TRUE,FALSE,FALSE,FALSE,FALSE,FALSE,FALSE,FALSE,FALSE,FALSE,"{""coordinates"": [[-79.33019067172268, 43.72364409644773]], ""type"": ""MultiPoint""}"
5718,2010:1159036,2010-03-24T17:20:00,DON VALLEY PARKWAY N,EGLINTON Aven E,,6,Non-Fatal Injury,,No Control,Rear End,Clear,Daylight,Dry,,FALSE,-79.33019067,43.72364409644773,2,Automobile or Station Wagon,North,3,29,Minor,Lap and Shoulder Belt,Driving properly,Normal,,,Stopped,,,,,driver,,Don Valley East (16),33 Division,Banbury-Don Mills,TRUE,FALSE,FALSE,FALSE,FALSE,FALSE,FALSE,FALSE,FALSE,FALSE,"{""coordinates"": [[-79.33019067172268, 43.72364409644773]], ""type"": ""MultiPoint""}"
5719,2010:1159036,2010-03-24T17:20:00,DON VALLEY PARKWAY N,EGLINTON Aven E,,6,Non-Fatal Injury,,No Control,Rear End,Clear,Daylight,Dry,,FALSE,-79.33019067,43.72364409644773,3,Automobile or Station Wagon,North,6,20,None,Lap and Shoulder Belt,Driving properly,Normal,,,Stopped,,,,,driver,,Don Valley East (16),33 Division,Banbury-Don Mills,TRUE,FALSE,FALSE,FALSE,FALSE,FALSE,FALSE,FALSE,FALSE,FALSE,"{""coordinates"": [[-79.33019067172268, 43.72364409644773]], ""type"": ""MultiPoint""}"
5720,2010:1159036,2010-03-24T17:20:00,DON VALLEY PARKWAY N,EGLINTON Aven E,,6,Non-Fatal Injury,,No Control,Rear End,Clear,Daylight,Dry,,FALSE,-79.33019067,43.72364409644773,3,,,5,,,Other Safety Equipment Used,,,,,,,,,,owner,,Don Valley East (16),33 Division,Banbury-Don Mills,TRUE,FALSE,FALSE,FALSE,FALSE,FALSE,FALSE,FALSE,FALSE,FALSE,"{""coordinates"": [[-79.33019067172268, 43.72364409644773]], ""type"": ""MultiPoint""}"
5721,2010:1159036,2010-03-24T17:20:00,DON VALLEY PARKWAY N,EGLINTON Aven E,,6,Non-Fatal Injury,,No Control,Rear End,Clear,Daylight,Dry,,FALSE,-79.33019067,43.72364409644773,3,,,4,23,Major,Other Safety Equipment Used,,,,,,,,,,passenger,,Don Valley East (16),33 Division,Banbury-Don Mills,TRUE,FALSE,FALSE,FALSE,FALSE,FALSE,FALSE,FALSE,FALSE,FALSE,"{""coordinates"": [[-79.33019067172268, 43.72364409644773]], ""type"": ""MultiPoint""}"
5722,2010:1159036,2010-03-24T17:20:00,DON VALLEY PARKWAY N,EGLINTON Aven E,,6,Non-Fatal Injury,,No Control,Rear End,Clear,Daylight,Dry,,FALSE,-79.33019067,43.72364409644773,1,Automobile or Station Wagon,North,2,44,None,Lap and Shoulder Belt,Following too closely,Normal,,,Going Ahead,,,,,driver,,Don Valley East (16),33 Division,Banbury-Don Mills,TRUE,FALSE,FALSE,FALSE,FALSE,FALSE,FALSE,FALSE,FALSE,FALSE,"{""coordinates"": [[-79.33019067172268, 43.72364409644773]], ""type"": ""MultiPoint""}"
5723,2010:1163874,2010-03-27T20:39:00,QUEEN Stre E,SACKVILLE Stre,,2,Non-Fatal Injury,At Intersection,No Control,Pedestrian Collision(internal code),Clear,Dark,Dry,Major Arterial,FALSE,-79.36149083,43.65624414904082,1,Automobile or Station Wagon,West,1,27,None,Lap and Shoulder Belt,Driving properly,Normal,,,Going Ahead,,,,,driver,,Toronto Centre (13),51 Division,Moss Park,FALSE,TRUE,FALSE,FALSE,FALSE,FALSE,TRUE,FALSE,TRUE,FALSE,"{""coordinates"": [[-79.36149082568419, 43.65624414904082]], ""type"": ""MultiPoint""}"