_id,collision_id,accdate,stname1,stname2,stname3,per_inv,acclass,accloc,traffictl,impactype,visible,light,rdsfcond,road_class,failtorem,longitude,latitude,veh_no,vehtype,initdir,per_no,invage,injury,safequip,drivact,drivcond,pedact,pedcond,manoeuvre,pedtype,cyclistype,cycact,cyccond,road_user,fatal_no,wardname,division,neighbourhood,aggressive,distracted,cyclist,motorcyclist,other_micromobility,older_adult,pedestrian,red_light,school_child,heavy_truck,geometry
5773,2010:1163084,2010-04-16T16:43:00,LAKE SHORE BLVD W,BUDAPEST LANE,,3,Non-Fatal Injury,,Traffic Signal,Pedestrian Collision(internal code),Clear,Daylight,Dry,Major Arterial,FALSE,-79.44769103,43.63704428271368,1,,,1,,,Other Safety Equipment Used,,,,,,,,,,owner,,Parkdale-High Park (4),11 Division,South Parkdale,FALSE,FALSE,FALSE,FALSE,FALSE,FALSE,TRUE,FALSE,FALSE,TRUE,"{""coordinates"": [[-79.44769102548578, 43.63704428271368]], ""type"": ""MultiPoint""}"
5774,2010:1163084,2010-04-16T16:43:00,LAKE SHORE BLVD W,BUDAPEST LANE,,3,Non-Fatal Injury,,Traffic Signal,Pedestrian Collision(internal code),Clear,Daylight,Dry,Major Arterial,FALSE,-79.44769103,43.63704428271368,1,Municipal Transit Bus (TTC),East,2,35,None,Lap and Shoulder Belt,Driving properly,Normal,,,Going Ahead,,,,,driver,,Parkdale-High Park (4),11 Division,South Parkdale,FALSE,FALSE,FALSE,FALSE,FALSE,FALSE,TRUE,FALSE,FALSE,TRUE,"{""coordinates"": [[-79.44769102548578, 43.63704428271368]], ""type"": ""MultiPoint""}"
5775,2010:1163084,2010-04-16T16:43:00,LAKE SHORE BLVD W,BUDAPEST LANE,,3,Non-Fatal Injury,,Traffic Signal,Pedestrian Collision(internal code),Clear,Daylight,Dry,Major Arterial,FALSE,-79.44769103,43.63704428271368,2,,North,3,56,Major,Other Safety Equipment Used,,,Running onto roadway,Unknown,,Transit vehicle driver hits pedestrian anywhere along roadway,,,,pedestrian,,Parkdale-High Park (4),11 Division,South Parkdale,FALSE,FALSE,FALSE,FALSE,FALSE,FALSE,TRUE,FALSE,FALSE,TRUE,"{""coordinates"": [[-79.44769102548578, 43.63704428271368]], ""type"": ""MultiPoint""}"
5776,2010:1163175,2010-04-18T10:59:00,BATHURST ST,DANBY AVE,,3,Non-Fatal Injury,At Intersection,No Control,Pedestrian Collision(internal code),Clear,Daylight,Dry,Major Arterial,FALSE,-79.43689082,43.749144227519984,2,,East,3,11,Major,Other Safety Equipment Used,,,Coming from behind parked vehicle or object,Unknown,,Transit vehicle driver hits pedestrian anywhere along roadway,,,,pedestrian,,York Centre (6),32 Division,Lansing-Westgate,FALSE,FALSE,FALSE,FALSE,FALSE,FALSE,TRUE,FALSE,TRUE,TRUE,"{""coordinates"": [[-79.43689081664994, 43.749144227519984]], ""type"": ""MultiPoint""}"
5777,2010:1163175,2010-04-18T10:59:00,BATHURST ST,DANBY AVE,,3,Non-Fatal Injury,At Intersection,No Control,Pedestrian Collision(internal code),Clear,Daylight,Dry,Major Arterial,FALSE,-79.43689082,43.749144227519984,1,,,1,,,Other Safety Equipment Used,,,,,,,,,,owner,,York Centre (6),32 Division,Lansing-Westgate,FALSE,FALSE,FALSE,FALSE,FALSE,FALSE,TRUE,FALSE,TRUE,TRUE,"{""coordinates"": [[-79.43689081664994, 43.749144227519984]], ""type"": ""MultiPoint""}"
5778,2010:1163175,2010-04-18T10:59:00,BATHURST ST,DANBY AVE,,3,Non-Fatal Injury,At Intersection,No Control,Pedestrian Collision(internal code),Clear,Daylight,Dry,Major Arterial,FALSE,-79.43689082,43.749144227519984,1,Municipal Transit Bus (TTC),North,2,37,None,Use Unknown,Driving properly,Normal,,,Overtaking,,,,,driver,,York Centre (6),32 Division,Lansing-Westgate,FALSE,FALSE,FALSE,FALSE,FALSE,FALSE,TRUE,FALSE,TRUE,TRUE,"{""coordinates"": [[-79.43689081664994, 43.749144227519984]], ""type"": ""MultiPoint""}"
5779,2010:1166313,2010-04-20T20:30:00,EGLINTON Ave W,BLACKTHORN Ave,,3,Non-Fatal Injury,At Intersection,No Control,Rear End,Clear,Dark,Dry,Major Arterial,FALSE,-79.46659097,43.69174428856367,1,,,1,,,Other Safety Equipment Used,,,,,,,,,,owner,,York South-Weston (5),12 Division,Keelesdale-Eglinton West,FALSE,TRUE,FALSE,FALSE,FALSE,FALSE,FALSE,FALSE,FALSE,FALSE,"{""coordinates"": [[-79.46659096732701, 43.69174428856367]], ""type"": ""MultiPoint""}"
5780,2010:1166313,2010-04-20T20:30:00,EGLINTON Ave W,BLACKTHORN Ave,,3,Non-Fatal Injury,At Intersection,No Control,Rear End,Clear,Dark,Dry,Major Arterial,FALSE,-79.46659097,43.69174428856367,2,Automobile or Station Wagon,East,3,28,Major,Lap and Shoulder Belt,Driving properly,Normal,,,Stopped,,,,,driver,,York South-Weston (5),12 Division,Keelesdale-Eglinton West,FALSE,TRUE,FALSE,FALSE,FALSE,FALSE,FALSE,FALSE,FALSE,FALSE,"{""coordinates"": [[-79.46659096732701, 43.69174428856367]], ""type"": ""MultiPoint""}"
5781,2010:1166313,2010-04-20T20:30:00,EGLINTON Ave W,BLACKTHORN Ave,,3,Non-Fatal Injury,At Intersection,No Control,Rear End,Clear,Dark,Dry,Major Arterial,FALSE,-79.46659097,43.69174428856367,1,Automobile or Station Wagon,East,2,56,None,Other Safety Equipment Used,Lost control,Inattentive,,,Going Ahead,,,,,driver,,York South-Weston (5),12 Division,Keelesdale-Eglinton West,FALSE,TRUE,FALSE,FALSE,FALSE,FALSE,FALSE,FALSE,FALSE,FALSE,"{""coordinates"": [[-79.46659096732701, 43.69174428856367]], ""type"": ""MultiPoint""}"
5782,2010:1167934,2010-04-21T07:05:00,STEELES AVE E,NINTH LINE,,2,Non-Fatal Injury,,No Control,Rear End,Clear,Daylight,Dry,Minor Arterial,FALSE,-79.2258904,43.84254398657794,1,Automobile or Station Wagon,West,1,56,Major,Lap and Shoulder Belt,Following too closely,Normal,,,Going Ahead,,,,,driver,,,,,TRUE,FALSE,FALSE,FALSE,FALSE,FALSE,FALSE,FALSE,FALSE,FALSE,"{""coordinates"": [[-79.22589039571636, 43.84254398657794]], ""type"": ""MultiPoint""}"
5783,2010:1167934,2010-04-21T07:05:00,STEELES AVE E,NINTH LINE,,2,Non-Fatal Injury,,No Control,Rear End,Clear,Daylight,Dry,Minor Arterial,FALSE,-79.2258904,43.84254398657794,2,Automobile or Station Wagon,West,2,25,None,Lap and Shoulder Belt,Driving properly,Normal,,,Stopped,,,,,driver,,,,,TRUE,FALSE,FALSE,FALSE,FALSE,FALSE,FALSE,FALSE,FALSE,FALSE,"{""coordinates"": [[-79.22589039571636, 43.84254398657794]], ""type"": ""MultiPoint""}"
5784,2010:1169892,2010-04-21T10:13:00,MOUNT PLEASANT Road,ELM Aven,,2,Non-Fatal Injury,At Intersection,Traffic Signal,Rear End,Clear,Daylight,Dry,Major Arterial,FALSE,-79.38019083,43.674544172559486,1,Motorcycle,South,1,24,Major,Helmet,Lost control,Inattentive,,,Changing Lanes,,,,,motorcyclist,,University-Rosedale (11),53 Division,Rosedale-Moore Park,FALSE,TRUE,FALSE,TRUE,FALSE,FALSE,FALSE,FALSE,FALSE,FALSE,"{""coordinates"": [[-79.3801908341597, 43.674544172559486]], ""type"": ""MultiPoint""}"
5785,2010:1169892,2010-04-21T10:13:00,MOUNT PLEASANT Road,ELM Aven,,2,Non-Fatal Injury,At Intersection,Traffic Signal,Rear End,Clear,Daylight,Dry,Major Arterial,FALSE,-79.38019083,43.674544172559486,2,Automobile or Station Wagon,South,2,57,None,Lap and Shoulder Belt,Driving properly,Normal,,,Stopped,,,,,driver,,University-Rosedale (11),53 Division,Rosedale-Moore Park,FALSE,TRUE,FALSE,TRUE,FALSE,FALSE,FALSE,FALSE,FALSE,FALSE,"{""coordinates"": [[-79.3801908341597, 43.674544172559486]], ""type"": ""MultiPoint""}"
5786,2010:1163934,2010-04-22T00:21:00,1181 FINCH AVE W,,,2,Non-Fatal Injury,At Intersection,Traffic Signal,SMV Other,Clear,Dark,Dry,Major Arterial,FALSE,-79.48289087,43.765244281245465,1,Automobile or Station Wagon,East,2,25,Major,Lap and Shoulder Belt,Exceeding speed limit,Ability Impaired - Alcohol,,,Going Ahead,,,,,driver,,York Centre (6),31 Division,York University Heights,TRUE,FALSE,FALSE,FALSE,FALSE,FALSE,FALSE,FALSE,FALSE,FALSE,"{""coordinates"": [[-79.4828908739493, 43.765244281245465]], ""type"": ""MultiPoint""}"
5787,2010:1163934,2010-04-22T00:21:00,1181 FINCH AVE W,,,2,Non-Fatal Injury,At Intersection,Traffic Signal,SMV Other,Clear,Dark,Dry,Major Arterial,FALSE,-79.48289087,43.765244281245465,1,,,1,26,Major,Lap and Shoulder Belt,,,,,,,,,,passenger,,York Centre (6),31 Division,York University Heights,TRUE,FALSE,FALSE,FALSE,FALSE,FALSE,FALSE,FALSE,FALSE,FALSE,"{""coordinates"": [[-79.4828908739493, 43.765244281245465]], ""type"": ""MultiPoint""}"
5788,2010:1167297,2010-04-24T23:02:00,DUNDAS Stre W,COLLEGE Stre,,2,Non-Fatal Injury,,No Control,Cyclist Collision,Clear,Dark,Dry,Minor Arterial,FALSE,-79.44159099,43.650344268731494,2,Bicycle,East,2,26,Major,Helmet,,,,,Stopped,,Rear end with cyclist and driver travelling in same direction,Driving Properly,Normal,cyclist,,Davenport (9),11 Division,Little Portugal,TRUE,TRUE,TRUE,FALSE,FALSE,TRUE,FALSE,FALSE,FALSE,FALSE,"{""coordinates"": [[-79.44159099094688, 43.650344268731494]], ""type"": ""MultiPoint""}"
5789,2010:1167297,2010-04-24T23:02:00,DUNDAS Stre W,COLLEGE Stre,,2,Non-Fatal Injury,,No Control,Cyclist Collision,Clear,Dark,Dry,Minor Arterial,FALSE,-79.44159099,43.650344268731494,1,Automobile or Station Wagon,East,1,83,None,Other Safety Equipment Used,Exceeding speed limit,Inattentive,,,Going Ahead,,,,,driver,,Davenport (9),11 Division,Little Portugal,TRUE,TRUE,TRUE,FALSE,FALSE,TRUE,FALSE,FALSE,FALSE,FALSE,"{""coordinates"": [[-79.44159099094688, 43.650344268731494]], ""type"": ""MultiPoint""}"
5790,2010:1167046,2010-04-25T21:03:00,WILLOWDALE AVE,ELMWOOD AVE,,6,Non-Fatal Injury,At Intersection,No Control,Turning Movement,Clear,Dark,Dry,Minor Arterial,FALSE,-79.40169074,43.768844181474485,1,,,4,20,Minimal,Lap and Shoulder Belt,,,,,,,,,,passenger,,Willowdale (18),32 Division,East Willowdale,FALSE,TRUE,FALSE,FALSE,FALSE,FALSE,FALSE,FALSE,FALSE,FALSE,"{""coordinates"": [[-79.40169073538829, 43.768844181474485]], ""type"": ""MultiPoint""}"
5791,2010:1167046,2010-04-25T21:03:00,WILLOWDALE AVE,ELMWOOD AVE,,6,Non-Fatal Injury,At Intersection,No Control,Turning Movement,Clear,Dark,Dry,Minor Arterial,FALSE,-79.40169074,43.768844181474485,2,Automobile or Station Wagon,South,6,20,None,Lap and Shoulder Belt,Driving properly,Normal,,,Turning Left,,,,,driver,,Willowdale (18),32 Division,East Willowdale,FALSE,TRUE,FALSE,FALSE,FALSE,FALSE,FALSE,FALSE,FALSE,FALSE,"{""coordinates"": [[-79.40169073538829, 43.768844181474485]], ""type"": ""MultiPoint""}"
5792,2010:1167046,2010-04-25T21:03:00,WILLOWDALE AVE,ELMWOOD AVE,,6,Non-Fatal Injury,At Intersection,No Control,Turning Movement,Clear,Dark,Dry,Minor Arterial,FALSE,-79.40169074,43.768844181474485,1,,,3,50,Major,Lap and Shoulder Belt,,,,,,,,,,passenger,,Willowdale (18),32 Division,East Willowdale,FALSE,TRUE,FALSE,FALSE,FALSE,FALSE,FALSE,FALSE,FALSE,FALSE,"{""coordinates"": [[-79.40169073538829, 43.768844181474485]], ""type"": ""MultiPoint""}"
5793,2010:1167046,2010-04-25T21:03:00,WILLOWDALE AVE,ELMWOOD AVE,,6,Non-Fatal Injury,At Intersection,No Control,Turning Movement,Clear,Dark,Dry,Minor Arterial,FALSE,-79.40169074,43.768844181474485,1,,,2,43,Minimal,Lap and Shoulder Belt,,,,,,,,,,passenger,,Willowdale (18),32 Division,East Willowdale,FALSE,TRUE,FALSE,FALSE,FALSE,FALSE,FALSE,FALSE,FALSE,FALSE,"{""coordinates"": [[-79.40169073538829, 43.768844181474485]], ""type"": ""MultiPoint""}"
5794,2010:1167046,2010-04-25T21:03:00,WILLOWDALE AVE,ELMWOOD AVE,,6,Non-Fatal Injury,At Intersection,No Control,Turning Movement,Clear,Dark,Dry,Minor Arterial,FALSE,-79.40169074,43.768844181474485,1,,,1,33,Minimal,Lap and Shoulder Belt,,,,,,,,,,passenger,,Willowdale (18),32 Division,East Willowdale,FALSE,TRUE,FALSE,FALSE,FALSE,FALSE,FALSE,FALSE,FALSE,FALSE,"{""coordinates"": [[-79.40169073538829, 43.768844181474485]], ""type"": ""MultiPoint""}"
5795,2010:1167046,2010-04-25T21:03:00,WILLOWDALE AVE,ELMWOOD AVE,,6,Non-Fatal Injury,At Intersection,No Control,Turning Movement,Clear,Dark,Dry,Minor Arterial,FALSE,-79.40169074,43.768844181474485,1,Automobile or Station Wagon,North,5,39,Minimal,Lap and Shoulder Belt,Driving properly,Inattentive,,,Going Ahead,,,,,driver,,Willowdale (18),32 Division,East Willowdale,FALSE,TRUE,FALSE,FALSE,FALSE,FALSE,FALSE,FALSE,FALSE,FALSE,"{""coordinates"": [[-79.40169073538829, 43.768844181474485]], ""type"": ""MultiPoint""}"
5796,2010:1169755,2010-04-26T10:08:00,ELLESMERE Road,BRIMLEY Road,,3,Non-Fatal Injury,At Intersection,Traffic Controller,Turning Movement,Clear,Daylight,Dry,Major Arterial,FALSE,-79.2612905,43.77004401055365,1,Automobile or Station Wagon,West,2,84,None,Other Safety Equipment Used,Failed to yield right-of-way,Inattentive,,,Turning Left,,,,,driver,,Scarborough Centre (21),43 Division,Bendale-Glen Andrew,TRUE,TRUE,FALSE,FALSE,FALSE,TRUE,FALSE,FALSE,FALSE,FALSE,"{""coordinates"": [[-79.26129050251821, 43.77004401055365]], ""type"": ""MultiPoint""}"
5797,2010:1169755,2010-04-26T10:08:00,ELLESMERE Road,BRIMLEY Road,,3,Non-Fatal Injury,At Intersection,Traffic Controller,Turning Movement,Clear,Daylight,Dry,Major Arterial,FALSE,-79.2612905,43.77004401055365,2,Pickup Truck,South,3,36,None,Other Safety Equipment Used,Failed to yield right-of-way,Inattentive,,,Going Ahead,,,,,driver,,Scarborough Centre (21),43 Division,Bendale-Glen Andrew,TRUE,TRUE,FALSE,FALSE,FALSE,TRUE,FALSE,FALSE,FALSE,FALSE,"{""coordinates"": [[-79.26129050251821, 43.77004401055365]], ""type"": ""MultiPoint""}"
5798,2010:1169755,2010-04-26T10:08:00,ELLESMERE Road,BRIMLEY Road,,3,Non-Fatal Injury,At Intersection,Traffic Controller,Turning Movement,Clear,Daylight,Dry,Major Arterial,FALSE,-79.2612905,43.77004401055365,1,,,1,81,Major,Lap and Shoulder Belt,,,,,,,,,,passenger,,Scarborough Centre (21),43 Division,Bendale-Glen Andrew,TRUE,TRUE,FALSE,FALSE,FALSE,TRUE,FALSE,FALSE,FALSE,FALSE,"{""coordinates"": [[-79.26129050251821, 43.77004401055365]], ""type"": ""MultiPoint""}"
5799,2010:1164945,2010-04-27T00:52:00,SPADINA Aven,BALDWIN Stre,,5,Non-Fatal Injury,,No Control,Pedestrian Collision(internal code),Clear,Dark,Dry,Major Arterial,FALSE,-79.3987909,43.65484420415586,1,,,2,17,None,Other Safety Equipment Used,,,,,,,,,,passenger,,University-Rosedale (11),52 Division,Kensington-Chinatown,FALSE,FALSE,FALSE,FALSE,FALSE,FALSE,TRUE,FALSE,TRUE,TRUE,"{""coordinates"": [[-79.39879090021154, 43.65484420415586]], ""type"": ""MultiPoint""}"
5800,2010:1164945,2010-04-27T00:52:00,SPADINA Aven,BALDWIN Stre,,5,Non-Fatal Injury,,No Control,Pedestrian Collision(internal code),Clear,Dark,Dry,Major Arterial,FALSE,-79.3987909,43.65484420415586,1,Municipal Transit Bus (TTC),North,5,25,None,Lap and Shoulder Belt,Driving properly,Normal,,,Going Ahead,,,,,driver,,University-Rosedale (11),52 Division,Kensington-Chinatown,FALSE,FALSE,FALSE,FALSE,FALSE,FALSE,TRUE,FALSE,TRUE,TRUE,"{""coordinates"": [[-79.39879090021154, 43.65484420415586]], ""type"": ""MultiPoint""}"
5801,2010:1164945,2010-04-27T00:52:00,SPADINA Aven,BALDWIN Stre,,5,Non-Fatal Injury,,No Control,Pedestrian Collision(internal code),Clear,Dark,Dry,Major Arterial,FALSE,-79.3987909,43.65484420415586,1,,,3,43,None,Other Safety Equipment Used,,,,,,,,,,passenger,,University-Rosedale (11),52 Division,Kensington-Chinatown,FALSE,FALSE,FALSE,FALSE,FALSE,FALSE,TRUE,FALSE,TRUE,TRUE,"{""coordinates"": [[-79.39879090021154, 43.65484420415586]], ""type"": ""MultiPoint""}"
5802,2010:1164945,2010-04-27T00:52:00,SPADINA Aven,BALDWIN Stre,,5,Non-Fatal Injury,,No Control,Pedestrian Collision(internal code),Clear,Dark,Dry,Major Arterial,FALSE,-79.3987909,43.65484420415586,1,,West,4,19,Major,Other Safety Equipment Used,,,Running onto roadway,Unknown,,Transit vehicle driver hits pedestrian anywhere along roadway,,,,pedestrian,,University-Rosedale (11),52 Division,Kensington-Chinatown,FALSE,FALSE,FALSE,FALSE,FALSE,FALSE,TRUE,FALSE,TRUE,TRUE,"{""coordinates"": [[-79.39879090021154, 43.65484420415586]], ""type"": ""MultiPoint""}"
5803,2010:1164945,2010-04-27T00:52:00,SPADINA Aven,BALDWIN Stre,,5,Non-Fatal Injury,,No Control,Pedestrian Collision(internal code),Clear,Dark,Dry,Major Arterial,FALSE,-79.3987909,43.65484420415586,1,,,1,29,None,Other Safety Equipment Used,,,,,,,,,,passenger,,University-Rosedale (11),52 Division,Kensington-Chinatown,FALSE,FALSE,FALSE,FALSE,FALSE,FALSE,TRUE,FALSE,TRUE,TRUE,"{""coordinates"": [[-79.39879090021154, 43.65484420415586]], ""type"": ""MultiPoint""}"
5804,2010:1175178,2010-06-24T16:00:00,DUFFERIN ST,EGLINTON AVE W,,1,Non-Fatal Injury,,Traffic Signal,Rear End,Clear,Daylight,Dry,Major Arterial,FALSE,-79.45029093,43.69564426450811,2,,,3,28,Minimal,Lap and Shoulder Belt,,,,,,,,,,passenger,,Davenport (9),13 Division,Caledonia-Fairbank,TRUE,FALSE,FALSE,FALSE,FALSE,FALSE,FALSE,FALSE,TRUE,FALSE,"{""coordinates"": [[-79.45029093061869, 43.69564426450811]], ""type"": ""MultiPoint""}"
5805,2010:1175797,2010-04-27T15:42:00,QUEEN St E,BROOKLYN Ave,,3,Non-Fatal Injury,,No Control,Cyclist Collision,Clear,Daylight,Dry,Minor Arterial,FALSE,-79.33589077,43.66204411081302,1,Bicycle,East,1,29,Major,No Equipment Available,,,,,Going Ahead,,Sideswipe with cyclist and driver travelling in same direction,Driving Properly,Normal,cyclist,,Toronto-Danforth (14),55 Division,South Riverdale,FALSE,FALSE,TRUE,FALSE,FALSE,FALSE,FALSE,FALSE,FALSE,FALSE,"{""coordinates"": [[-79.33589076792636, 43.66204411081302]], ""type"": ""MultiPoint""}"
5806,2010:1175797,2010-04-27T15:42:00,QUEEN St E,BROOKLYN Ave,,3,Non-Fatal Injury,,No Control,Cyclist Collision,Clear,Daylight,Dry,Minor Arterial,FALSE,-79.33589077,43.66204411081302,2,,,2,,,Other Safety Equipment Used,,,,,,,,,,owner,,Toronto-Danforth (14),55 Division,South Riverdale,FALSE,FALSE,TRUE,FALSE,FALSE,FALSE,FALSE,FALSE,FALSE,FALSE,"{""coordinates"": [[-79.33589076792636, 43.66204411081302]], ""type"": ""MultiPoint""}"
5807,2010:1175797,2010-04-27T15:42:00,QUEEN St E,BROOKLYN Ave,,3,Non-Fatal Injury,,No Control,Cyclist Collision,Clear,Daylight,Dry,Minor Arterial,FALSE,-79.33589077,43.66204411081302,2,Automobile or Station Wagon,East,3,53,None,Lap and Shoulder Belt,Driving properly,Normal,,,Going Ahead,,,,,driver,,Toronto-Danforth (14),55 Division,South Riverdale,FALSE,FALSE,TRUE,FALSE,FALSE,FALSE,FALSE,FALSE,FALSE,FALSE,"{""coordinates"": [[-79.33589076792636, 43.66204411081302]], ""type"": ""MultiPoint""}"
5808,2010:1165411,2010-04-28T06:30:00,F G GARDINER XY Expr E,DOWLING AVE,,1,Non-Fatal Injury,,No Control,Other,Clear,Daylight,Spilled Liquid,Major Arterial,FALSE,-79.43759101,43.63414426844681,1,Motorcycle,East,1,54,Major,Helmet,Driving properly,Normal,,,Going Ahead,,,,,motorcyclist,,Parkdale-High Park (4),14 Division,South Parkdale,FALSE,FALSE,FALSE,TRUE,FALSE,FALSE,FALSE,FALSE,FALSE,FALSE,"{""coordinates"": [[-79.43759101022953, 43.63414426844681]], ""type"": ""MultiPoint""}"
5809,2010:1165679,2010-04-29T09:16:00,SANDHURST CRCL,MCCOWAN RD,,2,Non-Fatal Injury,At Intersection,Traffic Signal,Cyclist Collision,Clear,Daylight,Dry,Major Arterial,FALSE,-79.26919048,43.81164402549021,2,Bicycle,South,2,52,Major,Equipment Not Used But Available,,,,,Going Ahead,,Driver turns right on red at signalized intersection and hits cyclist,Other,Normal,cyclist,,Scarborough North (23),42 Division,Agincourt North,TRUE,FALSE,TRUE,FALSE,FALSE,FALSE,FALSE,FALSE,FALSE,FALSE,"{""coordinates"": [[-79.2691904806427, 43.81164402549021]], ""type"": ""MultiPoint""}"
5810,2010:1165679,2010-04-29T09:16:00,SANDHURST CRCL,MCCOWAN RD,,2,Non-Fatal Injury,At Intersection,Traffic Signal,Cyclist Collision,Clear,Daylight,Dry,Major Arterial,FALSE,-79.26919048,43.81164402549021,1,Automobile or Station Wagon,West,1,61,None,Other Safety Equipment Used,Failed to yield right-of-way,Normal,,,Turning Right,,,,,driver,,Scarborough North (23),42 Division,Agincourt North,TRUE,FALSE,TRUE,FALSE,FALSE,FALSE,FALSE,FALSE,FALSE,FALSE,"{""coordinates"": [[-79.2691904806427, 43.81164402549021]], ""type"": ""MultiPoint""}"
5811,2010:1172452,2010-04-29T13:33:00,ELM ST,UNIVERSITY AVE,,2,Non-Fatal Injury,At Intersection,No Control,Cyclist Collision,Clear,Daylight,Dry,Collector,FALSE,-79.38799088,43.656544187871035,2,Bicycle,West,2,26,Major,Equipment Not Used But Available,,,,,Going Ahead,,Rear end with cyclist and driver travelling in same direction,Driving Properly,Normal,cyclist,,University-Rosedale (11),52 Division,Yonge-Bay Corridor,TRUE,TRUE,TRUE,FALSE,FALSE,FALSE,FALSE,FALSE,FALSE,FALSE,"{""coordinates"": [[-79.38799087661063, 43.656544187871035]], ""type"": ""MultiPoint""}"
5812,2010:1172452,2010-04-29T13:33:00,ELM ST,UNIVERSITY AVE,,2,Non-Fatal Injury,At Intersection,No Control,Cyclist Collision,Clear,Daylight,Dry,Collector,FALSE,-79.38799088,43.656544187871035,1,Automobile or Station Wagon,West,1,31,None,Lap and Shoulder Belt,Improper passing,Inattentive,,,Overtaking,,,,,driver,,University-Rosedale (11),52 Division,Yonge-Bay Corridor,TRUE,TRUE,TRUE,FALSE,FALSE,FALSE,FALSE,FALSE,FALSE,FALSE,"{""coordinates"": [[-79.38799087661063, 43.656544187871035]], ""type"": ""MultiPoint""}"
5813,2010:1168069,2010-04-29T17:20:00,ROGERS RD,KANE AVE,,2,Non-Fatal Injury,,No Control,Sideswipe,Clear,Daylight,Dry,Minor Arterial,FALSE,-79.46649098,43.682044292454904,1,Motorcycle,West,1,30,Major,Helmet,Improper passing,Inattentive,,,Overtaking,,,,,motorcyclist,,Davenport (9),12 Division,Keelesdale-Eglinton West,TRUE,TRUE,FALSE,TRUE,FALSE,FALSE,FALSE,FALSE,FALSE,FALSE,"{""coordinates"": [[-79.46649098412597, 43.682044292454904]], ""type"": ""MultiPoint""}"
5814,2010:1168069,2010-04-29T17:20:00,ROGERS RD,KANE AVE,,2,Non-Fatal Injury,,No Control,Sideswipe,Clear,Daylight,Dry,Minor Arterial,FALSE,-79.46649098,43.682044292454904,2,Automobile or Station Wagon,West,2,40,None,Lap and Shoulder Belt,Driving properly,Normal,,,Slowing or Stopping,,,,,driver,,Davenport (9),12 Division,Keelesdale-Eglinton West,TRUE,TRUE,FALSE,TRUE,FALSE,FALSE,FALSE,FALSE,FALSE,FALSE,"{""coordinates"": [[-79.46649098412597, 43.682044292454904]], ""type"": ""MultiPoint""}"
5815,2010:1171688,2010-04-30T17:05:00,DAWES RD,DENTONIA PARK AVE,,3,Non-Fatal Injury,At Intersection,Pedestrian Crossover,Rear End,Clear,Daylight,Dry,Minor Arterial,TRUE,-79.29709065,43.69214405372793,1,Automobile or Station Wagon,South,1,67,None,Other Safety Equipment Used,Following too closely,Unknown,,,Going Ahead,,,,,driver,,Beaches-East York (19),55 Division,Taylor-Massey,TRUE,FALSE,FALSE,FALSE,FALSE,TRUE,FALSE,FALSE,FALSE,FALSE,"{""coordinates"": [[-79.2970906543246, 43.69214405372793]], ""type"": ""MultiPoint""}"
5816,2010:1171688,2010-04-30T17:05:00,DAWES RD,DENTONIA PARK AVE,,3,Non-Fatal Injury,At Intersection,Pedestrian Crossover,Rear End,Clear,Daylight,Dry,Minor Arterial,TRUE,-79.29709065,43.69214405372793,3,Automobile or Station Wagon,South,3,79,None,Other Safety Equipment Used,Driving properly,Normal,,,Slowing or Stopping,,,,,driver,,Beaches-East York (19),55 Division,Taylor-Massey,TRUE,FALSE,FALSE,FALSE,FALSE,TRUE,FALSE,FALSE,FALSE,FALSE,"{""coordinates"": [[-79.2970906543246, 43.69214405372793]], ""type"": ""MultiPoint""}"
5817,2010:1171688,2010-04-30T17:05:00,DAWES RD,DENTONIA PARK AVE,,3,Non-Fatal Injury,At Intersection,Pedestrian Crossover,Rear End,Clear,Daylight,Dry,Minor Arterial,TRUE,-79.29709065,43.69214405372793,2,,,2,83,Major,Other Safety Equipment Used,,,,,,,,,,passenger,,Beaches-East York (19),55 Division,Taylor-Massey,TRUE,FALSE,FALSE,FALSE,FALSE,TRUE,FALSE,FALSE,FALSE,FALSE,"{""coordinates"": [[-79.2970906543246, 43.69214405372793]], ""type"": ""MultiPoint""}"
5818,2010:1165924,2010-05-01T07:52:00,MAPLE LEAF DR,CIRILLO CRT,,1,Non-Fatal Injury,,No Control,SMV Other,Clear,Daylight,Dry,Collector,FALSE,-79.48479096,43.71354430379422,1,Automobile or Station Wagon,West,1,77,Major,Other Safety Equipment Used,Lost control,Medical or Physical Disability,,,Going Ahead,,,,,driver,,York South-Weston (5),12 Division,Maple Leaf,FALSE,FALSE,FALSE,FALSE,FALSE,TRUE,FALSE,FALSE,FALSE,FALSE,"{""coordinates"": [[-79.48479096163673, 43.71354430379422]], ""type"": ""MultiPoint""}"
5819,2010:1174097,2010-05-01T17:00:00,BRIMLEY RD,ST CLAIR AVE E,,2,Non-Fatal Injury,,Traffic Signal,Pedestrian Collision(internal code),Clear,Daylight,Dry,Minor Arterial,FALSE,-79.24149052,43.72084398174446,1,Automobile or Station Wagon,North,1,59,None,Lap and Shoulder Belt,Driving properly,Normal,,,Going Ahead,,,,,driver,,Scarborough Southwest (20),41 Division,Cliffcrest,FALSE,FALSE,FALSE,FALSE,FALSE,FALSE,TRUE,FALSE,FALSE,FALSE,"{""coordinates"": [[-79.24149052126563, 43.72084398174446]], ""type"": ""MultiPoint""}"
5820,2010:1174097,2010-05-01T17:00:00,BRIMLEY RD,ST CLAIR AVE E,,2,Non-Fatal Injury,,Traffic Signal,Pedestrian Collision(internal code),Clear,Daylight,Dry,Minor Arterial,FALSE,-79.24149052,43.72084398174446,2,,West,2,38,Major,No Equipment Available,,,Crossing without right-of-way (intersection),Normal,,Driver going straight hits pedestrian crossing without right-of-way (at intersection),,,,pedestrian,,Scarborough Southwest (20),41 Division,Cliffcrest,FALSE,FALSE,FALSE,FALSE,FALSE,FALSE,TRUE,FALSE,FALSE,FALSE,"{""coordinates"": [[-79.24149052126563, 43.72084398174446]], ""type"": ""MultiPoint""}"