_id,collision_id,accdate,stname1,stname2,stname3,per_inv,acclass,accloc,traffictl,impactype,visible,light,rdsfcond,road_class,failtorem,longitude,latitude,veh_no,vehtype,initdir,per_no,invage,injury,safequip,drivact,drivcond,pedact,pedcond,manoeuvre,pedtype,cyclistype,cycact,cyccond,road_user,fatal_no,wardname,division,neighbourhood,aggressive,distracted,cyclist,motorcyclist,other_micromobility,older_adult,pedestrian,red_light,school_child,heavy_truck,geometry
6207,2010:1183116,2010-08-15T18:10:00,SPADINA AVE,BLOOR ST W,,2,Non-Fatal Injury,,No Control,Pedestrian Collision(internal code),Clear,Daylight,Dry,Major Arterial,FALSE,-79.40339089,43.665944207939965,1,Automobile or Station Wagon,North,2,28,Minimal,Lap and Shoulder Belt,Driving properly,Normal,,,Going Ahead,,,,,driver,,University-Rosedale (11),52 Division,University,FALSE,FALSE,FALSE,FALSE,FALSE,FALSE,TRUE,FALSE,FALSE,FALSE,"{""coordinates"": [[-79.40339089160102, 43.665944207939965]], ""type"": ""MultiPoint""}"
6208,2010:1190214,2010-08-15T20:35:00,FINCH AVE E,MIDLAND AVE,,3,Non-Fatal Injury,At Intersection,Traffic Signal,Turning Movement,Rain,Dusk,Wet,Major Arterial,FALSE,-79.28629051,43.803744044322144,2,Automobile or Station Wagon,East,3,21,None,Lap and Shoulder Belt,Failed to yield right-of-way,Inattentive,,,Turning Left,,,,,driver,,Scarborough North (23),42 Division,Agincourt North,TRUE,TRUE,FALSE,FALSE,FALSE,FALSE,FALSE,FALSE,FALSE,FALSE,"{""coordinates"": [[-79.28629051440188, 43.803744044322144]], ""type"": ""MultiPoint""}"
6209,2010:1190214,2010-08-15T20:35:00,FINCH AVE E,MIDLAND AVE,,3,Non-Fatal Injury,At Intersection,Traffic Signal,Turning Movement,Rain,Dusk,Wet,Major Arterial,FALSE,-79.28629051,43.803744044322144,2,,,2,,,Other Safety Equipment Used,,,,,,,,,,owner,,Scarborough North (23),42 Division,Agincourt North,TRUE,TRUE,FALSE,FALSE,FALSE,FALSE,FALSE,FALSE,FALSE,FALSE,"{""coordinates"": [[-79.28629051440188, 43.803744044322144]], ""type"": ""MultiPoint""}"
6210,2010:1190214,2010-08-15T20:35:00,FINCH AVE E,MIDLAND AVE,,3,Non-Fatal Injury,At Intersection,Traffic Signal,Turning Movement,Rain,Dusk,Wet,Major Arterial,FALSE,-79.28629051,43.803744044322144,1,Automobile or Station Wagon,West,1,38,Major,Lap and Shoulder Belt,Driving properly,Normal,,,Going Ahead,,,,,driver,,Scarborough North (23),42 Division,Agincourt North,TRUE,TRUE,FALSE,FALSE,FALSE,FALSE,FALSE,FALSE,FALSE,FALSE,"{""coordinates"": [[-79.28629051440188, 43.803744044322144]], ""type"": ""MultiPoint""}"
6211,2010:1183260,2010-08-16T10:15:00,519 DUNDAS ST W,,,3,Non-Fatal Injury,At Intersection,No Control,Pedestrian Collision(internal code),Clear,Daylight,Other,Major Arterial,FALSE,-79.3988909,43.652744204845426,1,Automobile or Station Wagon,North,1,76,None,Lap and Shoulder Belt,Failed to yield right-of-way,Inattentive,,,Going Ahead,,,,,driver,,Spadina-Fort York (10),14 Division,Kensington-Chinatown,TRUE,TRUE,FALSE,FALSE,FALSE,TRUE,TRUE,FALSE,FALSE,FALSE,"{""coordinates"": [[-79.39889090370029, 43.652744204845426]], ""type"": ""MultiPoint""}"
6212,2010:1183260,2010-08-16T10:15:00,519 DUNDAS ST W,,,3,Non-Fatal Injury,At Intersection,No Control,Pedestrian Collision(internal code),Clear,Daylight,Other,Major Arterial,FALSE,-79.3988909,43.652744204845426,3,,Unknown,3,34,Major,Other Safety Equipment Used,,,On sidewalk or shoulder,Normal,,Driver hits pedestrian at private driveway,,,,pedestrian,,Spadina-Fort York (10),14 Division,Kensington-Chinatown,TRUE,TRUE,FALSE,FALSE,FALSE,TRUE,TRUE,FALSE,FALSE,FALSE,"{""coordinates"": [[-79.39889090370029, 43.652744204845426]], ""type"": ""MultiPoint""}"
6213,2010:1183260,2010-08-16T10:15:00,519 DUNDAS ST W,,,3,Non-Fatal Injury,At Intersection,No Control,Pedestrian Collision(internal code),Clear,Daylight,Other,Major Arterial,FALSE,-79.3988909,43.652744204845426,2,Automobile or Station Wagon,East,2,65,None,Other Safety Equipment Used,Driving properly,Normal,,,Stopped,,,,,driver,,Spadina-Fort York (10),14 Division,Kensington-Chinatown,TRUE,TRUE,FALSE,FALSE,FALSE,TRUE,TRUE,FALSE,FALSE,FALSE,"{""coordinates"": [[-79.39889090370029, 43.652744204845426]], ""type"": ""MultiPoint""}"
6214,2010:1188020,2010-08-17T14:00:00,MORNINGSIDE AVE,OLD FINCH AVE,,2,Non-Fatal Injury,,No Control,Pedestrian Collision(internal code),Clear,Daylight,Dry,Pending,TRUE,-79.2161904,43.81924397,1,Automobile or Station Wagon,South,1,,None,Other Safety Equipment Used,Other,Unknown,,,Going Ahead,,,,,driver,,Scarborough-Rouge Park (25),42 Division,Malvern East,FALSE,FALSE,FALSE,FALSE,FALSE,FALSE,TRUE,FALSE,FALSE,FALSE,"{""coordinates"": [[-79.2161904009568, 43.8192439730442]], ""type"": ""MultiPoint""}"
6215,2010:1188020,2010-08-17T14:00:00,MORNINGSIDE AVE,OLD FINCH AVE,,2,Non-Fatal Injury,,No Control,Pedestrian Collision(internal code),Clear,Daylight,Dry,Pending,TRUE,-79.2161904,43.81924397,1,,South,2,44,Major,Other Safety Equipment Used,,,On sidewalk or shoulder,Ability Impaired - Drugs,,Driver hits pedestrian on sidewalk or shoulder,,,,pedestrian,,Scarborough-Rouge Park (25),42 Division,Malvern East,FALSE,FALSE,FALSE,FALSE,FALSE,FALSE,TRUE,FALSE,FALSE,FALSE,"{""coordinates"": [[-79.2161904009568, 43.8192439730442]], ""type"": ""MultiPoint""}"
6216,2010:1183999,2010-08-18T17:52:00,2301 BRIMLEY RD,,,3,Non-Fatal Injury,,No Control,Pedestrian Collision(internal code),Clear,Daylight,Dry,Major Arterial,FALSE,-79.2726905,43.79694402770952,2,,West,3,73,Minor,Other Safety Equipment Used,,,Crossing - no traffic control,Unknown,,Driver hits pedestrian at midblock,,,,pedestrian,,Scarborough North (23),42 Division,Agincourt North,TRUE,TRUE,FALSE,FALSE,FALSE,TRUE,TRUE,FALSE,FALSE,FALSE,"{""coordinates"": [[-79.27269049857439, 43.79694402770952]], ""type"": ""MultiPoint""}"
6217,2010:1183999,2010-08-18T17:52:00,2301 BRIMLEY RD,,,3,Non-Fatal Injury,,No Control,Pedestrian Collision(internal code),Clear,Daylight,Dry,Major Arterial,FALSE,-79.2726905,43.79694402770952,1,Automobile or Station Wagon,West,1,74,None,Lap and Shoulder Belt,Failed to yield right-of-way,Inattentive,,,Turning Left,,,,,driver,,Scarborough North (23),42 Division,Agincourt North,TRUE,TRUE,FALSE,FALSE,FALSE,TRUE,TRUE,FALSE,FALSE,FALSE,"{""coordinates"": [[-79.27269049857439, 43.79694402770952]], ""type"": ""MultiPoint""}"
6218,2010:1183999,2010-08-18T17:52:00,2301 BRIMLEY RD,,,3,Non-Fatal Injury,,No Control,Pedestrian Collision(internal code),Clear,Daylight,Dry,Major Arterial,FALSE,-79.2726905,43.79694402770952,2,,West,2,70,Major,Other Safety Equipment Used,,,Crossing - no traffic control,Unknown,,Driver hits pedestrian at midblock,,,,pedestrian,,Scarborough North (23),42 Division,Agincourt North,TRUE,TRUE,FALSE,FALSE,FALSE,TRUE,TRUE,FALSE,FALSE,FALSE,"{""coordinates"": [[-79.27269049857439, 43.79694402770952]], ""type"": ""MultiPoint""}"
6219,2010:1184084,2010-08-19T17:15:00,ROXTON RD,DEWSON ST,,2,Non-Fatal Injury,,No Control,Pedestrian Collision(internal code),Clear,Daylight,Dry,Local,TRUE,-79.42269094,43.65784423837623,1,Automobile or Station Wagon,North,1,29,None,Other Safety Equipment Used,Other,Unknown,,,Reversing,,,,,driver,,University-Rosedale (11),14 Division,Palmerston-Little Italy,FALSE,FALSE,FALSE,FALSE,FALSE,TRUE,TRUE,FALSE,FALSE,FALSE,"{""coordinates"": [[-79.4226909417494, 43.65784423837623]], ""type"": ""MultiPoint""}"
6220,2010:1184084,2010-08-19T17:15:00,ROXTON RD,DEWSON ST,,2,Non-Fatal Injury,,No Control,Pedestrian Collision(internal code),Clear,Daylight,Dry,Local,TRUE,-79.42269094,43.65784423837623,2,,Unknown,2,86,Major,Other Safety Equipment Used,,,Coming from behind parked vehicle or object,Normal,,Driver reversing hits pedestrian,,,,pedestrian,,University-Rosedale (11),14 Division,Palmerston-Little Italy,FALSE,FALSE,FALSE,FALSE,FALSE,TRUE,TRUE,FALSE,FALSE,FALSE,"{""coordinates"": [[-79.4226909417494, 43.65784423837623]], ""type"": ""MultiPoint""}"
6221,2010:1184434,2010-08-20T22:15:00,LAKE SHORE BLVD E,JOSEPH DUGGAN RD,,3,Fatal Injury,,Traffic Signal,Pedestrian Collision(internal code),Clear,Dark,Dry,Major Arterial,FALSE,-79.30618671,43.664343067511695,1,,,1,,,Other Safety Equipment Used,,,,,,,,,,owner,,Beaches-East York (19),55 Division,South Riverdale,FALSE,FALSE,FALSE,FALSE,FALSE,FALSE,TRUE,FALSE,TRUE,TRUE,"{""coordinates"": [[-79.30618670775635, 43.664343067511695]], ""type"": ""MultiPoint""}"
6222,2010:1184434,2010-08-20T22:15:00,LAKE SHORE BLVD E,JOSEPH DUGGAN RD,,3,Fatal Injury,,Traffic Signal,Pedestrian Collision(internal code),Clear,Dark,Dry,Major Arterial,FALSE,-79.30618671,43.664343067511695,1,Municipal Transit Bus (TTC),East,2,35,None,Other Safety Equipment Used,Driving properly,Normal,,,Going Ahead,,,,,driver,,Beaches-East York (19),55 Division,South Riverdale,FALSE,FALSE,FALSE,FALSE,FALSE,FALSE,TRUE,FALSE,TRUE,TRUE,"{""coordinates"": [[-79.30618670775635, 43.664343067511695]], ""type"": ""MultiPoint""}"
6223,2010:1184434,2010-08-20T22:15:00,LAKE SHORE BLVD E,JOSEPH DUGGAN RD,,3,Fatal Injury,,Traffic Signal,Pedestrian Collision(internal code),Clear,Dark,Dry,Major Arterial,FALSE,-79.30618671,43.664343067511695,2,,North,3,17,Fatal,Other Safety Equipment Used,,,Crossing without right-of-way (intersection),Unknown,,Transit vehicle driver hits pedestrian anywhere along roadway,,,,pedestrian,29,Beaches-East York (19),55 Division,South Riverdale,FALSE,FALSE,FALSE,FALSE,FALSE,FALSE,TRUE,FALSE,TRUE,TRUE,"{""coordinates"": [[-79.30618670775635, 43.664343067511695]], ""type"": ""MultiPoint""}"
6224,2010:1194863,2010-08-21T03:51:00,WARDEN AVE,HOLLIS AVE,,3,Non-Fatal Injury,At Intersection,Traffic Signal,SMV Other,Clear,Dark,Dry,Minor Arterial,FALSE,-79.27299061,43.69284402038598,1,Automobile or Station Wagon,East,2,25,None,Use Unknown,Lost control,Ability Impaired - Alcohol Over .08,,,Unknown,,,,,driver,,Scarborough Southwest (20),41 Division,Birchcliffe-Cliffside,FALSE,FALSE,FALSE,FALSE,FALSE,FALSE,FALSE,FALSE,FALSE,FALSE,"{""coordinates"": [[-79.27299060905983, 43.69284402038598]], ""type"": ""MultiPoint""}"
6225,2010:1194863,2010-08-21T03:51:00,WARDEN AVE,HOLLIS AVE,,3,Non-Fatal Injury,At Intersection,Traffic Signal,SMV Other,Clear,Dark,Dry,Minor Arterial,FALSE,-79.27299061,43.69284402038598,2,,,3,,,Other Safety Equipment Used,,,,,,,,,,owner,,Scarborough Southwest (20),41 Division,Birchcliffe-Cliffside,FALSE,FALSE,FALSE,FALSE,FALSE,FALSE,FALSE,FALSE,FALSE,FALSE,"{""coordinates"": [[-79.27299060905983, 43.69284402038598]], ""type"": ""MultiPoint""}"
6226,2010:1194863,2010-08-21T03:51:00,WARDEN AVE,HOLLIS AVE,,3,Non-Fatal Injury,At Intersection,Traffic Signal,SMV Other,Clear,Dark,Dry,Minor Arterial,FALSE,-79.27299061,43.69284402038598,1,,,1,27,Major,Equipment Not Used But Available,,,,,,,,,,passenger,,Scarborough Southwest (20),41 Division,Birchcliffe-Cliffside,FALSE,FALSE,FALSE,FALSE,FALSE,FALSE,FALSE,FALSE,FALSE,FALSE,"{""coordinates"": [[-79.27299060905983, 43.69284402038598]], ""type"": ""MultiPoint""}"
6227,2010:1185601,2010-08-21T13:38:00,GERRARD ST E,NASMITH AVE,,3,Non-Fatal Injury,,No Control,Rear End,Rain,Daylight,Wet,Minor Arterial,TRUE,-79.36229082,43.66294415,2,,East,2,,None,Other Safety Equipment Used,,,,,Parked,,,,,other,,Toronto Centre (13),51 Division,Regent Park,TRUE,FALSE,FALSE,TRUE,FALSE,FALSE,FALSE,FALSE,FALSE,FALSE,"{""coordinates"": [[-79.36229081738512, 43.6629441490545]], ""type"": ""MultiPoint""}"
6228,2010:1185601,2010-08-21T13:38:00,GERRARD ST E,NASMITH AVE,,3,Non-Fatal Injury,,No Control,Rear End,Rain,Daylight,Wet,Minor Arterial,TRUE,-79.36229082,43.66294415,1,Motorcycle,East,1,57,Major,Helmet,Driving properly,Normal,,,Going Ahead,,,,,motorcyclist,,Toronto Centre (13),51 Division,Regent Park,TRUE,FALSE,FALSE,TRUE,FALSE,FALSE,FALSE,FALSE,FALSE,FALSE,"{""coordinates"": [[-79.36229081738512, 43.6629441490545]], ""type"": ""MultiPoint""}"
6229,2010:1185601,2010-08-21T13:38:00,GERRARD ST E,NASMITH AVE,,3,Non-Fatal Injury,,No Control,Rear End,Rain,Daylight,Wet,Minor Arterial,TRUE,-79.36229082,43.66294415,3,Automobile or Station Wagon,East,3,,None,Other Safety Equipment Used,Following too closely,Unknown,,,Going Ahead,,,,,driver,,Toronto Centre (13),51 Division,Regent Park,TRUE,FALSE,FALSE,TRUE,FALSE,FALSE,FALSE,FALSE,FALSE,FALSE,"{""coordinates"": [[-79.36229081738512, 43.6629441490545]], ""type"": ""MultiPoint""}"
6230,2010:1184541,2010-08-21T13:43:00,230 ROSETHORN AVE,,,3,Non-Fatal Injury,,No Control,Pedestrian Collision(internal code),Rain,Daylight,Wet,Local,FALSE,-79.46459098,43.68304428936876,1,Automobile or Station Wagon,West,2,32,None,Lap and Shoulder Belt,Other,Inattentive,,,Reversing,,,,,driver,,York South-Weston (5),12 Division,Keelesdale-Eglinton West,FALSE,TRUE,FALSE,FALSE,FALSE,TRUE,TRUE,FALSE,FALSE,FALSE,"{""coordinates"": [[-79.4645909788278, 43.68304428936876]], ""type"": ""MultiPoint""}"
6231,2010:1184541,2010-08-21T13:43:00,230 ROSETHORN AVE,,,3,Non-Fatal Injury,,No Control,Pedestrian Collision(internal code),Rain,Daylight,Wet,Local,FALSE,-79.46459098,43.68304428936876,2,,South,3,78,Major,Other Safety Equipment Used,,,On sidewalk or shoulder,Normal,,Driver hits pedestrian at private driveway,,,,pedestrian,,York South-Weston (5),12 Division,Keelesdale-Eglinton West,FALSE,TRUE,FALSE,FALSE,FALSE,TRUE,TRUE,FALSE,FALSE,FALSE,"{""coordinates"": [[-79.4645909788278, 43.68304428936876]], ""type"": ""MultiPoint""}"
6232,2010:1184541,2010-08-21T13:43:00,230 ROSETHORN AVE,,,3,Non-Fatal Injury,,No Control,Pedestrian Collision(internal code),Rain,Daylight,Wet,Local,FALSE,-79.46459098,43.68304428936876,1,,,1,,,Lap and Shoulder Belt,,,,,,,,,,owner,,York South-Weston (5),12 Division,Keelesdale-Eglinton West,FALSE,TRUE,FALSE,FALSE,FALSE,TRUE,TRUE,FALSE,FALSE,FALSE,"{""coordinates"": [[-79.4645909788278, 43.68304428936876]], ""type"": ""MultiPoint""}"
6233,2010:1192115,2010-08-25T08:55:00,BATHURST ST,SHEPPARD AVE W,,6,Non-Fatal Injury,At Intersection,Traffic Signal,Turning Movement,Clear,Daylight,Dry,Major Arterial,FALSE,-79.43849081,43.75544422838427,3,,,4,22,Minor,Lap and Shoulder Belt,,,,,,,,,,passenger,,York Centre (6),32 Division,Clanton Park,TRUE,FALSE,FALSE,FALSE,FALSE,FALSE,FALSE,TRUE,TRUE,FALSE,"{""coordinates"": [[-79.43849081163438, 43.75544422838427]], ""type"": ""MultiPoint""}"
6234,2010:1192115,2010-08-25T08:55:00,BATHURST ST,SHEPPARD AVE W,,6,Non-Fatal Injury,At Intersection,Traffic Signal,Turning Movement,Clear,Daylight,Dry,Major Arterial,FALSE,-79.43849081,43.75544422838427,2,Automobile or Station Wagon,East,3,36,None,Other Safety Equipment Used,Driving properly,Normal,,,Stopped,,,,,driver,,York Centre (6),32 Division,Clanton Park,TRUE,FALSE,FALSE,FALSE,FALSE,FALSE,FALSE,TRUE,TRUE,FALSE,"{""coordinates"": [[-79.43849081163438, 43.75544422838427]], ""type"": ""MultiPoint""}"
6235,2010:1192115,2010-08-25T08:55:00,BATHURST ST,SHEPPARD AVE W,,6,Non-Fatal Injury,At Intersection,Traffic Signal,Turning Movement,Clear,Daylight,Dry,Major Arterial,FALSE,-79.43849081,43.75544422838427,1,,,1,,,Other Safety Equipment Used,,,,,,,,,,owner,,York Centre (6),32 Division,Clanton Park,TRUE,FALSE,FALSE,FALSE,FALSE,FALSE,FALSE,TRUE,TRUE,FALSE,"{""coordinates"": [[-79.43849081163438, 43.75544422838427]], ""type"": ""MultiPoint""}"
6236,2010:1192115,2010-08-25T08:55:00,BATHURST ST,SHEPPARD AVE W,,6,Non-Fatal Injury,At Intersection,Traffic Signal,Turning Movement,Clear,Daylight,Dry,Major Arterial,FALSE,-79.43849081,43.75544422838427,3,Automobile or Station Wagon,South,6,33,Minor,Lap and Shoulder Belt,Disobeyed traffic control,Normal,,,Going Ahead,,,,,driver,,York Centre (6),32 Division,Clanton Park,TRUE,FALSE,FALSE,FALSE,FALSE,FALSE,FALSE,TRUE,TRUE,FALSE,"{""coordinates"": [[-79.43849081163438, 43.75544422838427]], ""type"": ""MultiPoint""}"
6237,2010:1192115,2010-08-25T08:55:00,BATHURST ST,SHEPPARD AVE W,,6,Non-Fatal Injury,At Intersection,Traffic Signal,Turning Movement,Clear,Daylight,Dry,Major Arterial,FALSE,-79.43849081,43.75544422838427,3,,,5,6,Major,Lap and Shoulder Belt,,,,,,,,,,passenger,,York Centre (6),32 Division,Clanton Park,TRUE,FALSE,FALSE,FALSE,FALSE,FALSE,FALSE,TRUE,TRUE,FALSE,"{""coordinates"": [[-79.43849081163438, 43.75544422838427]], ""type"": ""MultiPoint""}"
6238,2010:1192115,2010-08-25T08:55:00,BATHURST ST,SHEPPARD AVE W,,6,Non-Fatal Injury,At Intersection,Traffic Signal,Turning Movement,Clear,Daylight,Dry,Major Arterial,FALSE,-79.43849081,43.75544422838427,1,Automobile or Station Wagon,North,2,23,Minor,Lap and Shoulder Belt,Driving properly,Normal,,,Turning Left,,,,,driver,,York Centre (6),32 Division,Clanton Park,TRUE,FALSE,FALSE,FALSE,FALSE,FALSE,FALSE,TRUE,TRUE,FALSE,"{""coordinates"": [[-79.43849081163438, 43.75544422838427]], ""type"": ""MultiPoint""}"
6239,2010:1192130,2010-08-25T23:44:00,CHESSWOOD DR,CHAMPAGNE DR,,3,Non-Fatal Injury,At Intersection,Stop Sign,Angle,Clear,Dark,Dry,Minor Arterial,FALSE,-79.47659086,43.76434427372642,2,Automobile or Station Wagon,North,3,51,Minimal,Lap and Shoulder Belt,Other,Had Been Drinking,,,Going Ahead,,,,,driver,,York Centre (6),32 Division,York University Heights,TRUE,FALSE,FALSE,TRUE,FALSE,FALSE,FALSE,FALSE,FALSE,FALSE,"{""coordinates"": [[-79.47659086460493, 43.76434427372642]], ""type"": ""MultiPoint""}"
6240,2010:1192130,2010-08-25T23:44:00,CHESSWOOD DR,CHAMPAGNE DR,,3,Non-Fatal Injury,At Intersection,Stop Sign,Angle,Clear,Dark,Dry,Minor Arterial,FALSE,-79.47659086,43.76434427372642,1,Motorcycle,West,2,30,Major,Helmet,Disobeyed traffic control,Had Been Drinking,,,Going Ahead,,,,,motorcyclist,,York Centre (6),32 Division,York University Heights,TRUE,FALSE,FALSE,TRUE,FALSE,FALSE,FALSE,FALSE,FALSE,FALSE,"{""coordinates"": [[-79.47659086460493, 43.76434427372642]], ""type"": ""MultiPoint""}"
6241,2010:1192130,2010-08-25T23:44:00,CHESSWOOD DR,CHAMPAGNE DR,,3,Non-Fatal Injury,At Intersection,Stop Sign,Angle,Clear,Dark,Dry,Minor Arterial,FALSE,-79.47659086,43.76434427372642,1,,,1,,,Other Safety Equipment Used,,,,,,,,,,owner,,York Centre (6),32 Division,York University Heights,TRUE,FALSE,FALSE,TRUE,FALSE,FALSE,FALSE,FALSE,FALSE,FALSE,"{""coordinates"": [[-79.47659086460493, 43.76434427372642]], ""type"": ""MultiPoint""}"
6242,2010:1185844,2010-08-27T01:28:00,DUNDAS ST W,BURNHAMTHORPE RD,,2,Non-Fatal Injury,,No Control,Pedestrian Collision(internal code),Clear,Dark,Dry,Major Arterial,FALSE,-79.52929115,43.64894439183272,2,,South,2,86,Major,Other Safety Equipment Used,,,Crossing - no traffic control,Had Been Drinking,,Driver hits pedestrian at midblock,,,,pedestrian,,Etobicoke-Lakeshore (3),22 Division,Islington,FALSE,FALSE,FALSE,FALSE,FALSE,TRUE,TRUE,FALSE,FALSE,FALSE,"{""coordinates"": [[-79.52929114585793, 43.64894439183272]], ""type"": ""MultiPoint""}"
6243,2010:1185844,2010-08-27T01:28:00,DUNDAS ST W,BURNHAMTHORPE RD,,2,Non-Fatal Injury,,No Control,Pedestrian Collision(internal code),Clear,Dark,Dry,Major Arterial,FALSE,-79.52929115,43.64894439183272,1,Automobile or Station Wagon,East,1,21,None,Other Safety Equipment Used,Other,Had Been Drinking,,,Going Ahead,,,,,driver,,Etobicoke-Lakeshore (3),22 Division,Islington,FALSE,FALSE,FALSE,FALSE,FALSE,TRUE,TRUE,FALSE,FALSE,FALSE,"{""coordinates"": [[-79.52929114585793, 43.64894439183272]], ""type"": ""MultiPoint""}"
6244,2010:1193686,2010-08-27T11:03:00,EGLINTON AVE E,HOLLY ST,,3,Non-Fatal Injury,,No Control,Pedestrian Collision(internal code),Clear,Daylight,Dry,Major Arterial,FALSE,-79.39669081,43.70704419,3,,Unknown,3,42,Major,Other Safety Equipment Used,,,Playing or working on highway,Normal,,Driver hits pedestrian at midblock,,,,pedestrian,,Toronto-St. Paul's (12),53 Division,South Eglinton-Davisville,TRUE,TRUE,FALSE,FALSE,FALSE,FALSE,TRUE,FALSE,FALSE,TRUE,"{""coordinates"": [[-79.3966908145499, 43.7070441878496]], ""type"": ""MultiPoint""}"
6245,2010:1193686,2010-08-27T11:03:00,EGLINTON AVE E,HOLLY ST,,3,Non-Fatal Injury,,No Control,Pedestrian Collision(internal code),Clear,Daylight,Dry,Major Arterial,FALSE,-79.39669081,43.70704419,1,Truck - Open (Flatbed),West,1,46,None,Use Unknown,Speed too fast for conditions,Inattentive,,,Going Ahead,,,,,driver,,Toronto-St. Paul's (12),53 Division,South Eglinton-Davisville,TRUE,TRUE,FALSE,FALSE,FALSE,FALSE,TRUE,FALSE,FALSE,TRUE,"{""coordinates"": [[-79.3966908145499, 43.7070441878496]], ""type"": ""MultiPoint""}"
6246,2010:1193686,2010-08-27T11:03:00,EGLINTON AVE E,HOLLY ST,,3,Non-Fatal Injury,,No Control,Pedestrian Collision(internal code),Clear,Daylight,Dry,Major Arterial,FALSE,-79.39669081,43.70704419,2,,,2,,None,Other Safety Equipment Used,,,,,,,,,,other,,Toronto-St. Paul's (12),53 Division,South Eglinton-Davisville,TRUE,TRUE,FALSE,FALSE,FALSE,FALSE,TRUE,FALSE,FALSE,TRUE,"{""coordinates"": [[-79.3966908145499, 43.7070441878496]], ""type"": ""MultiPoint""}"
6247,2010:1186795,2010-08-28T20:30:00,WESTMORE DR,COUNTRYMAN CRCL,,2,Non-Fatal Injury,At Intersection,Stop Sign,Pedestrian Collision(internal code),Clear,Dark,Dry,Collector,TRUE,-79.60059008,43.733644427323895,1,,West,2,15,Major,No Equipment Available,,,Crossing - no traffic control,Inattentive,,Driver hits pedestrian at midblock,,,,pedestrian,,Etobicoke North (1),23 Division,West Humber-Clairville,FALSE,TRUE,FALSE,FALSE,FALSE,FALSE,TRUE,FALSE,TRUE,FALSE,"{""coordinates"": [[-79.60059007854942, 43.733644427323895]], ""type"": ""MultiPoint""}"
6248,2010:1186795,2010-08-28T20:30:00,WESTMORE DR,COUNTRYMAN CRCL,,2,Non-Fatal Injury,At Intersection,Stop Sign,Pedestrian Collision(internal code),Clear,Dark,Dry,Collector,TRUE,-79.60059008,43.733644427323895,1,Automobile or Station Wagon,North,1,,None,Other Safety Equipment Used,Driving properly,Unknown,,,Going Ahead,,,,,driver,,Etobicoke North (1),23 Division,West Humber-Clairville,FALSE,TRUE,FALSE,FALSE,FALSE,FALSE,TRUE,FALSE,TRUE,FALSE,"{""coordinates"": [[-79.60059007854942, 43.733644427323895]], ""type"": ""MultiPoint""}"
6249,2010:1192618,2010-09-01T18:10:00,FINCH AVE W,PEARLDALE AVE,,3,Non-Fatal Injury,At Intersection,Traffic Signal,Pedestrian Collision(internal code),Clear,Daylight,Dry,Major Arterial,FALSE,-79.562391,43.747744376364885,1,Automobile or Station Wagon,North,2,26,None,Other Safety Equipment Used,Failed to yield right-of-way,Normal,,,Turning Left,,,,,driver,,Humber River-Black Creek (7),31 Division,Humbermede,TRUE,FALSE,FALSE,FALSE,FALSE,FALSE,TRUE,FALSE,FALSE,FALSE,"{""coordinates"": [[-79.56239100401392, 43.747744376364885]], ""type"": ""MultiPoint""}"
6250,2010:1192618,2010-09-01T18:10:00,FINCH AVE W,PEARLDALE AVE,,3,Non-Fatal Injury,At Intersection,Traffic Signal,Pedestrian Collision(internal code),Clear,Daylight,Dry,Major Arterial,FALSE,-79.562391,43.747744376364885,1,,South,1,2,Minor,No Equipment Available,,,Crossing with right-of-way (intersection),Normal,,Driver turns left into pedestrian crossing with right-of-way (at intersection),,,,pedestrian,,Humber River-Black Creek (7),31 Division,Humbermede,TRUE,FALSE,FALSE,FALSE,FALSE,FALSE,TRUE,FALSE,FALSE,FALSE,"{""coordinates"": [[-79.56239100401392, 43.747744376364885]], ""type"": ""MultiPoint""}"
6251,2010:1192618,2010-09-01T18:10:00,FINCH AVE W,PEARLDALE AVE,,3,Non-Fatal Injury,At Intersection,Traffic Signal,Pedestrian Collision(internal code),Clear,Daylight,Dry,Major Arterial,FALSE,-79.562391,43.747744376364885,2,,South,3,35,Major,No Equipment Available,,,Crossing with right-of-way (intersection),Normal,,Driver turns left into pedestrian crossing with right-of-way (at intersection),,,,pedestrian,,Humber River-Black Creek (7),31 Division,Humbermede,TRUE,FALSE,FALSE,FALSE,FALSE,FALSE,TRUE,FALSE,FALSE,FALSE,"{""coordinates"": [[-79.56239100401392, 43.747744376364885]], ""type"": ""MultiPoint""}"
6252,2010:1192624,2010-09-01T19:05:00,SHAFTESBURY ST,CODSELL AVE,,1,Non-Fatal Injury,,Stop Sign,SMV Other,Clear,Dusk,Dry,Local,FALSE,-79.45608884,43.75484225033252,1,Moped,South,1,58,Major,Helmet,,,,,Going Ahead,,,,,motorcyclist,,York Centre (6),32 Division,Bathurst Manor,FALSE,FALSE,FALSE,TRUE,FALSE,FALSE,FALSE,FALSE,FALSE,FALSE,"{""coordinates"": [[-79.45608884185255, 43.75484225033252]], ""type"": ""MultiPoint""}"
6253,2010:1186908,2010-09-02T10:40:00,MILLWOOD Rd,VILLAGE STATION Rd,,2,Non-Fatal Injury,At Intersection,No Control,Angle,Clear,Daylight,Dry,Major Arterial,FALSE,-79.35809075,43.701844136595575,1,Automobile or Station Wagon,East,1,46,Minimal,Lap and Shoulder Belt,Driving properly,Normal,,,Going Ahead,,,,,driver,,Don Valley West (15),53 Division,Leaside-Bennington,FALSE,FALSE,FALSE,FALSE,FALSE,TRUE,FALSE,FALSE,FALSE,FALSE,"{""coordinates"": [[-79.35809075256512, 43.701844136595575]], ""type"": ""MultiPoint""}"