_id,collision_id,accdate,stname1,stname2,stname3,per_inv,acclass,accloc,traffictl,impactype,visible,light,rdsfcond,road_class,failtorem,longitude,latitude,veh_no,vehtype,initdir,per_no,invage,injury,safequip,drivact,drivcond,pedact,pedcond,manoeuvre,pedtype,cyclistype,cycact,cyccond,road_user,fatal_no,wardname,division,neighbourhood,aggressive,distracted,cyclist,motorcyclist,other_micromobility,older_adult,pedestrian,red_light,school_child,heavy_truck,geometry
6632,2010:1209441,2010-12-28T17:50:00,STEELES AVE E,MIDLAND AVE,,2,Non-Fatal Injury,At Intersection,Traffic Signal,Pedestrian Collision(internal code),Snow,Dark,Wet,Major Arterial,TRUE,-79.29729051,43.825944058889085,1,,Unknown,2,30,Major,Other Safety Equipment Used,,,Crossing - no traffic control,Other Condition,,Driver turns right into pedestrian crossing without right-of-way (at intersection),,,,pedestrian,,Scarborough North (23),42 Division,Milliken,FALSE,FALSE,FALSE,FALSE,FALSE,FALSE,TRUE,FALSE,FALSE,FALSE,"{""coordinates"": [[-79.29729051206526, 43.825944058889085]], ""type"": ""MultiPoint""}"
6633,2010:1209441,2010-12-28T17:50:00,STEELES AVE E,MIDLAND AVE,,2,Non-Fatal Injury,At Intersection,Traffic Signal,Pedestrian Collision(internal code),Snow,Dark,Wet,Major Arterial,TRUE,-79.29729051,43.825944058889085,1,Automobile or Station Wagon,North,1,,None,Other Safety Equipment Used,Improper turn,Unknown,,,Turning Right,,,,,driver,,Scarborough North (23),42 Division,Milliken,FALSE,FALSE,FALSE,FALSE,FALSE,FALSE,TRUE,FALSE,FALSE,FALSE,"{""coordinates"": [[-79.29729051206526, 43.825944058889085]], ""type"": ""MultiPoint""}"
6634,2010:1219081,2010-12-29T21:59:00,DANFORTH AVE,BOWDEN ST,,3,Non-Fatal Injury,,No Control,Pedestrian Collision(internal code),Clear,Dark,Dry,Major Arterial,FALSE,-79.35458778,43.67704213567718,2,Automobile or Station Wagon,East,3,32,None,Other Safety Equipment Used,Improper passing,Ability Impaired - Alcohol,,,Changing Lanes,,,,,driver,,Toronto-Danforth (14),55 Division,Playter Estates-Danforth,TRUE,FALSE,FALSE,FALSE,FALSE,FALSE,TRUE,FALSE,FALSE,FALSE,"{""coordinates"": [[-79.35458778215205, 43.67704213567718]], ""type"": ""MultiPoint""}"
6635,2010:1219081,2010-12-29T21:59:00,DANFORTH AVE,BOWDEN ST,,3,Non-Fatal Injury,,No Control,Pedestrian Collision(internal code),Clear,Dark,Dry,Major Arterial,FALSE,-79.35458778,43.67704213567718,2,,,2,,,Other Safety Equipment Used,,,,,,,,,,owner,,Toronto-Danforth (14),55 Division,Playter Estates-Danforth,TRUE,FALSE,FALSE,FALSE,FALSE,FALSE,TRUE,FALSE,FALSE,FALSE,"{""coordinates"": [[-79.35458778215205, 43.67704213567718]], ""type"": ""MultiPoint""}"
6636,2010:1219081,2010-12-29T21:59:00,DANFORTH AVE,BOWDEN ST,,3,Non-Fatal Injury,,No Control,Pedestrian Collision(internal code),Clear,Dark,Dry,Major Arterial,FALSE,-79.35458778,43.67704213567718,1,,,1,60,Major,Other Safety Equipment Used,,,Person getting on/off vehicle,Normal,,Driver hits pedestrian at midblock,,,,pedestrian,,Toronto-Danforth (14),55 Division,Playter Estates-Danforth,TRUE,FALSE,FALSE,FALSE,FALSE,FALSE,TRUE,FALSE,FALSE,FALSE,"{""coordinates"": [[-79.35458778215205, 43.67704213567718]], ""type"": ""MultiPoint""}"
6637,2011:1220521,2011-01-01T03:28:00,HIGH PARK AVE,DUNDAS ST W,,2,Non-Fatal Injury,,No Control,Pedestrian Collision(internal code),Clear,Dark,Wet,Local,FALSE,-79.47019102,43.66504430487306,2,,Unknown,2,29,Major,Other Safety Equipment Used,,,Other,Ability Impaired - Alcohol,,Other,,,,pedestrian,,Parkdale-High Park (4),11 Division,Junction Area,FALSE,FALSE,FALSE,FALSE,FALSE,FALSE,TRUE,FALSE,FALSE,FALSE,"{""coordinates"": [[-79.47019102097781, 43.66504430487306]], ""type"": ""MultiPoint""}"
6638,2011:1220521,2011-01-01T03:28:00,HIGH PARK AVE,DUNDAS ST W,,2,Non-Fatal Injury,,No Control,Pedestrian Collision(internal code),Clear,Dark,Wet,Local,FALSE,-79.47019102,43.66504430487306,1,Automobile or Station Wagon,South,1,56,None,Lap and Shoulder Belt,Driving properly,Normal,,,Going Ahead,,,,,driver,,Parkdale-High Park (4),11 Division,Junction Area,FALSE,FALSE,FALSE,FALSE,FALSE,FALSE,TRUE,FALSE,FALSE,FALSE,"{""coordinates"": [[-79.47019102097781, 43.66504430487306]], ""type"": ""MultiPoint""}"
6639,2011:1210091,2011-01-01T05:13:00,SPADINA RD,DUPONT ST,,2,Non-Fatal Injury,At Intersection,Traffic Signal,Cyclist Collision,Clear,Dark,Wet,Major Arterial,FALSE,-79.40709088,43.67484421081928,2,Bicycle,North,2,22,Major,No Equipment Available,,,,,Going Ahead,,Driver turns left into path of cyclist,Driving Properly,Had Been Drinking,cyclist,,University-Rosedale (11),53 Division,Annex,TRUE,FALSE,TRUE,FALSE,FALSE,FALSE,FALSE,FALSE,FALSE,FALSE,"{""coordinates"": [[-79.40709088452056, 43.67484421081928]], ""type"": ""MultiPoint""}"
6640,2011:1210091,2011-01-01T05:13:00,SPADINA RD,DUPONT ST,,2,Non-Fatal Injury,At Intersection,Traffic Signal,Cyclist Collision,Clear,Dark,Wet,Major Arterial,FALSE,-79.40709088,43.67484421081928,1,Automobile or Station Wagon,South,1,63,None,Other Safety Equipment Used,Failed to yield right-of-way,Normal,,,Turning Left,,,,,driver,,University-Rosedale (11),53 Division,Annex,TRUE,FALSE,TRUE,FALSE,FALSE,FALSE,FALSE,FALSE,FALSE,FALSE,"{""coordinates"": [[-79.40709088452056, 43.67484421081928]], ""type"": ""MultiPoint""}"
6641,2011:1210132,2011-01-02T01:05:00,MCCOWAN RD,ELLESMERE RD,,2,Non-Fatal Injury,At Intersection,Traffic Signal,Turning Movement,Clear,Dark,Dry,Major Arterial,FALSE,-79.25149048,43.77214399896183,1,Automobile or Station Wagon,South,1,59,None,Lap and Shoulder Belt,Improper turn,Normal,,,Turning Left,,,,,driver,,Scarborough-Guildwood (24),43 Division,Woburn North,TRUE,FALSE,FALSE,TRUE,FALSE,FALSE,FALSE,FALSE,FALSE,FALSE,"{""coordinates"": [[-79.25149048466187, 43.77214399896183]], ""type"": ""MultiPoint""}"
6642,2011:1210132,2011-01-02T01:05:00,MCCOWAN RD,ELLESMERE RD,,2,Non-Fatal Injury,At Intersection,Traffic Signal,Turning Movement,Clear,Dark,Dry,Major Arterial,FALSE,-79.25149048,43.77214399896183,2,Motorcycle,North,2,20,Major,Helmet,Exceeding speed limit,Normal,,,Going Ahead,,,,,motorcyclist,,Scarborough-Guildwood (24),43 Division,Woburn North,TRUE,FALSE,FALSE,TRUE,FALSE,FALSE,FALSE,FALSE,FALSE,FALSE,"{""coordinates"": [[-79.25149048466187, 43.77214399896183]], ""type"": ""MultiPoint""}"
6643,2011:1219581,2011-01-04T16:40:00,DUFFERIN ST,PRESTON RD,,3,Non-Fatal Injury,,No Control,Approaching Head On,Clear,Dusk,Dry,Major Arterial,FALSE,-79.44829093,43.69104426347185,1,Automobile or Station Wagon,North,1,61,Major,Lap Belt Only of Combined Assembly,Driving properly,Normal,,,Going Ahead,,,,,driver,,Toronto-St. Paul's (12),13 Division,Oakwood Village,FALSE,TRUE,FALSE,FALSE,FALSE,FALSE,FALSE,FALSE,FALSE,FALSE,"{""coordinates"": [[-79.44829093478101, 43.69104426347185]], ""type"": ""MultiPoint""}"
6644,2011:1219581,2011-01-04T16:40:00,DUFFERIN ST,PRESTON RD,,3,Non-Fatal Injury,,No Control,Approaching Head On,Clear,Dusk,Dry,Major Arterial,FALSE,-79.44829093,43.69104426347185,3,Automobile or Station Wagon,South,3,30,Minimal,Lap Belt Only of Combined Assembly,Lost control,Inattentive,,,Going Ahead,,,,,driver,,Toronto-St. Paul's (12),13 Division,Oakwood Village,FALSE,TRUE,FALSE,FALSE,FALSE,FALSE,FALSE,FALSE,FALSE,FALSE,"{""coordinates"": [[-79.44829093478101, 43.69104426347185]], ""type"": ""MultiPoint""}"
6645,2011:1219581,2011-01-04T16:40:00,DUFFERIN ST,PRESTON RD,,3,Non-Fatal Injury,,No Control,Approaching Head On,Clear,Dusk,Dry,Major Arterial,FALSE,-79.44829093,43.69104426347185,2,Automobile or Station Wagon,South,2,31,None,Other Safety Equipment Used,Lost control,Inattentive,,,Going Ahead,,,,,driver,,Toronto-St. Paul's (12),13 Division,Oakwood Village,FALSE,TRUE,FALSE,FALSE,FALSE,FALSE,FALSE,FALSE,FALSE,FALSE,"{""coordinates"": [[-79.44829093478101, 43.69104426347185]], ""type"": ""MultiPoint""}"
6646,2011:1219697,2011-01-05T10:07:00,DUPONT ST,CHRISTIE ST,,2,Non-Fatal Injury,At Intersection,Traffic Signal,Pedestrian Collision(internal code),Clear,Daylight,Dry,Major Arterial,FALSE,-79.42149092,43.67164423232956,1,Automobile or Station Wagon,South,1,60,None,Lap and Shoulder Belt,Failed to yield right-of-way,Normal,,,Turning Left,,,,,driver,,University-Rosedale (11),14 Division,Annex,TRUE,FALSE,FALSE,FALSE,FALSE,TRUE,TRUE,FALSE,FALSE,FALSE,"{""coordinates"": [[-79.42149091693827, 43.67164423232956]], ""type"": ""MultiPoint""}"
6647,2011:1219697,2011-01-05T10:07:00,DUPONT ST,CHRISTIE ST,,2,Non-Fatal Injury,At Intersection,Traffic Signal,Pedestrian Collision(internal code),Clear,Daylight,Dry,Major Arterial,FALSE,-79.42149092,43.67164423232956,2,,North,2,80,Major,Other Safety Equipment Used,,,Crossing with right-of-way (intersection),Normal,,Driver turns left into pedestrian crossing with right-of-way (at intersection),,,,pedestrian,,University-Rosedale (11),14 Division,Annex,TRUE,FALSE,FALSE,FALSE,FALSE,TRUE,TRUE,FALSE,FALSE,FALSE,"{""coordinates"": [[-79.42149091693827, 43.67164423232956]], ""type"": ""MultiPoint""}"
6648,2011:1219857,2011-01-05T16:39:00,KENNEDY RD,CARDWELL AVE,,3,Non-Fatal Injury,At Intersection,Traffic Signal,Pedestrian Collision(internal code),Clear,Dark,Wet,Major Arterial,FALSE,-79.28949054,43.78574405,1,Automobile or Station Wagon,North,2,20,None,Lap and Shoulder Belt,Driving properly,Normal,,,Turning Right,,,,,driver,,Scarborough-Agincourt (22),42 Division,Tam O'Shanter-Sullivan,FALSE,FALSE,FALSE,FALSE,FALSE,TRUE,TRUE,FALSE,FALSE,FALSE,"{""coordinates"": [[-79.28949053526264, 43.7857440463402]], ""type"": ""MultiPoint""}"
6649,2011:1219857,2011-01-05T16:39:00,KENNEDY RD,CARDWELL AVE,,3,Non-Fatal Injury,At Intersection,Traffic Signal,Pedestrian Collision(internal code),Clear,Dark,Wet,Major Arterial,FALSE,-79.28949054,43.78574405,1,,,1,,,Other Safety Equipment Used,,,,,,,,,,owner,,Scarborough-Agincourt (22),42 Division,Tam O'Shanter-Sullivan,FALSE,FALSE,FALSE,FALSE,FALSE,TRUE,TRUE,FALSE,FALSE,FALSE,"{""coordinates"": [[-79.28949053526264, 43.7857440463402]], ""type"": ""MultiPoint""}"
6650,2011:1219857,2011-01-05T16:39:00,KENNEDY RD,CARDWELL AVE,,3,Non-Fatal Injury,At Intersection,Traffic Signal,Pedestrian Collision(internal code),Clear,Dark,Wet,Major Arterial,FALSE,-79.28949054,43.78574405,2,,East,3,79,Major,Other Safety Equipment Used,,,Crossing without right-of-way (intersection),Normal,,Driver turns right into pedestrian crossing without right-of-way (at intersection),,,,pedestrian,,Scarborough-Agincourt (22),42 Division,Tam O'Shanter-Sullivan,FALSE,FALSE,FALSE,FALSE,FALSE,TRUE,TRUE,FALSE,FALSE,FALSE,"{""coordinates"": [[-79.28949053526264, 43.7857440463402]], ""type"": ""MultiPoint""}"
6651,2011:1219703,2011-01-05T19:51:00,FINCH AVE E,WARDEN AVE,,2,Non-Fatal Injury,At Intersection,No Control,Rear End,Clear,Dark,Wet,Major Arterial,FALSE,-79.31499057,43.796944077274894,1,Automobile or Station Wagon,West,1,72,None,Air Bag Deployed,Following too closely,Normal,,,Going Ahead,,,,,driver,,Scarborough-Agincourt (22),42 Division,East L'Amoreaux,TRUE,FALSE,FALSE,FALSE,FALSE,TRUE,FALSE,FALSE,FALSE,FALSE,"{""coordinates"": [[-79.31499056622243, 43.796944077274894]], ""type"": ""MultiPoint""}"
6652,2011:1219703,2011-01-05T19:51:00,FINCH AVE E,WARDEN AVE,,2,Non-Fatal Injury,At Intersection,No Control,Rear End,Clear,Dark,Wet,Major Arterial,FALSE,-79.31499057,43.796944077274894,2,Automobile or Station Wagon,West,2,41,Major,Lap and Shoulder Belt,Driving properly,Normal,,,Stopped,,,,,driver,,Scarborough-Agincourt (22),42 Division,East L'Amoreaux,TRUE,FALSE,FALSE,FALSE,FALSE,TRUE,FALSE,FALSE,FALSE,FALSE,"{""coordinates"": [[-79.31499056622243, 43.796944077274894]], ""type"": ""MultiPoint""}"
6653,2011:1220073,2011-01-06T14:15:00,QUEEN ST W,YORK ST,,3,Non-Fatal Injury,,No Control,Pedestrian Collision(internal code),Snow,Daylight,Wet,Major Arterial,FALSE,-79.38579088,43.651044185896346,1,Municipal Transit Bus (TTC),West,3,41,None,Other Safety Equipment Used,Driving properly,Unknown,,,Going Ahead,,,,,driver,,Spadina-Fort York (10),52 Division,Yonge-Bay Corridor,FALSE,FALSE,FALSE,FALSE,FALSE,FALSE,TRUE,FALSE,FALSE,TRUE,"{""coordinates"": [[-79.38579088078049, 43.651044185896346]], ""type"": ""MultiPoint""}"
6654,2011:1220073,2011-01-06T14:15:00,QUEEN ST W,YORK ST,,3,Non-Fatal Injury,,No Control,Pedestrian Collision(internal code),Snow,Daylight,Wet,Major Arterial,FALSE,-79.38579088,43.651044185896346,1,,,2,,,Other Safety Equipment Used,,,,,,,,,,owner,,Spadina-Fort York (10),52 Division,Yonge-Bay Corridor,FALSE,FALSE,FALSE,FALSE,FALSE,FALSE,TRUE,FALSE,FALSE,TRUE,"{""coordinates"": [[-79.38579088078049, 43.651044185896346]], ""type"": ""MultiPoint""}"
6655,2011:1220073,2011-01-06T14:15:00,QUEEN ST W,YORK ST,,3,Non-Fatal Injury,,No Control,Pedestrian Collision(internal code),Snow,Daylight,Wet,Major Arterial,FALSE,-79.38579088,43.651044185896346,1,,South,1,24,Major,No Equipment Available,,,Walking on roadway against traffic,Ability Impaired - Alcohol,,Transit vehicle driver hits pedestrian anywhere along roadway,,,,pedestrian,,Spadina-Fort York (10),52 Division,Yonge-Bay Corridor,FALSE,FALSE,FALSE,FALSE,FALSE,FALSE,TRUE,FALSE,FALSE,TRUE,"{""coordinates"": [[-79.38579088078049, 43.651044185896346]], ""type"": ""MultiPoint""}"
6656,2011:1220130,2011-01-06T20:30:00,ELLESMERE RD,GANDER DR,,4,Non-Fatal Injury,,Traffic Signal,Sideswipe,Snow,Dark,Loose Snow,Major Arterial,FALSE,-79.22659045,43.77754397484405,2,,,3,51,Major,Lap and Shoulder Belt,,,,,,,,,,passenger,,Scarborough-Guildwood (24),43 Division,Golfdale-Cedarbrae-Woburn,FALSE,FALSE,FALSE,FALSE,FALSE,FALSE,FALSE,FALSE,FALSE,FALSE,"{""coordinates"": [[-79.22659044603623, 43.77754397484405]], ""type"": ""MultiPoint""}"
6657,2011:1220130,2011-01-06T20:30:00,ELLESMERE RD,GANDER DR,,4,Non-Fatal Injury,,Traffic Signal,Sideswipe,Snow,Dark,Loose Snow,Major Arterial,FALSE,-79.22659045,43.77754397484405,2,Automobile or Station Wagon,East,4,54,Minimal,Lap and Shoulder Belt,Driving properly,Normal,,,Going Ahead,,,,,driver,,Scarborough-Guildwood (24),43 Division,Golfdale-Cedarbrae-Woburn,FALSE,FALSE,FALSE,FALSE,FALSE,FALSE,FALSE,FALSE,FALSE,FALSE,"{""coordinates"": [[-79.22659044603623, 43.77754397484405]], ""type"": ""MultiPoint""}"
6658,2011:1220130,2011-01-06T20:30:00,ELLESMERE RD,GANDER DR,,4,Non-Fatal Injury,,Traffic Signal,Sideswipe,Snow,Dark,Loose Snow,Major Arterial,FALSE,-79.22659045,43.77754397484405,1,Automobile or Station Wagon,East,1,42,None,Other Safety Equipment Used,Lost control,Normal,,,Going Ahead,,,,,driver,,Scarborough-Guildwood (24),43 Division,Golfdale-Cedarbrae-Woburn,FALSE,FALSE,FALSE,FALSE,FALSE,FALSE,FALSE,FALSE,FALSE,FALSE,"{""coordinates"": [[-79.22659044603623, 43.77754397484405]], ""type"": ""MultiPoint""}"
6659,2011:1220130,2011-01-06T20:30:00,ELLESMERE RD,GANDER DR,,4,Non-Fatal Injury,,Traffic Signal,Sideswipe,Snow,Dark,Loose Snow,Major Arterial,FALSE,-79.22659045,43.77754397484405,2,,,2,52,Major,Lap and Shoulder Belt,,,,,,,,,,passenger,,Scarborough-Guildwood (24),43 Division,Golfdale-Cedarbrae-Woburn,FALSE,FALSE,FALSE,FALSE,FALSE,FALSE,FALSE,FALSE,FALSE,FALSE,"{""coordinates"": [[-79.22659044603623, 43.77754397484405]], ""type"": ""MultiPoint""}"
6660,2011:1211140,2011-01-07T14:30:00,BATHURST ST,PORTUGAL SQ,,2,Non-Fatal Injury,,No Control,Pedestrian Collision(internal code),Clear,Daylight,Wet,Major Arterial,FALSE,-79.40335492,43.64550221338038,2,,North,2,52,Major,Other Safety Equipment Used,,,Crossing with right-of-way (intersection),Normal,,Driver turns left into pedestrian crossing with right-of-way (at intersection),,,,pedestrian,,Spadina-Fort York (10),14 Division,Wellington Place,TRUE,FALSE,FALSE,FALSE,FALSE,FALSE,TRUE,FALSE,FALSE,FALSE,"{""coordinates"": [[-79.40335492384709, 43.64550221338038]], ""type"": ""MultiPoint""}"
6661,2011:1211140,2011-01-07T14:30:00,BATHURST ST,PORTUGAL SQ,,2,Non-Fatal Injury,,No Control,Pedestrian Collision(internal code),Clear,Daylight,Wet,Major Arterial,FALSE,-79.40335492,43.64550221338038,1,Automobile or Station Wagon,North,1,51,None,Other Safety Equipment Used,Failed to yield right-of-way,Normal,,,Turning Left,,,,,driver,,Spadina-Fort York (10),14 Division,Wellington Place,TRUE,FALSE,FALSE,FALSE,FALSE,FALSE,TRUE,FALSE,FALSE,FALSE,"{""coordinates"": [[-79.40335492384709, 43.64550221338038]], ""type"": ""MultiPoint""}"
6662,2011:1211163,2011-01-07T19:00:00,FINCH AVE W,YORK GATE BLVD,,2,Non-Fatal Injury,At Intersection,No Control,Pedestrian Collision(internal code),Clear,Dark,Dry,Major Arterial,FALSE,-79.51979094,43.756944326029746,1,Automobile or Station Wagon,West,1,39,None,Other Safety Equipment Used,Driving properly,Normal,,,Going Ahead,,,,,driver,,Humber River-Black Creek (7),31 Division,Glenfield-Jane Heights,FALSE,FALSE,FALSE,FALSE,FALSE,FALSE,TRUE,FALSE,FALSE,FALSE,"{""coordinates"": [[-79.51979093753306, 43.756944326029746]], ""type"": ""MultiPoint""}"
6663,2011:1211163,2011-01-07T19:00:00,FINCH AVE W,YORK GATE BLVD,,2,Non-Fatal Injury,At Intersection,No Control,Pedestrian Collision(internal code),Clear,Dark,Dry,Major Arterial,FALSE,-79.51979094,43.756944326029746,2,,North,2,49,Major,Other Safety Equipment Used,,,Crossing - no traffic control,Had Been Drinking,,Driver hits pedestrian at midblock,,,,pedestrian,,Humber River-Black Creek (7),31 Division,Glenfield-Jane Heights,FALSE,FALSE,FALSE,FALSE,FALSE,FALSE,TRUE,FALSE,FALSE,FALSE,"{""coordinates"": [[-79.51979093753306, 43.756944326029746]], ""type"": ""MultiPoint""}"
6664,2011:1211679,2011-01-10T08:37:00,VICTORIA PARK AVE,SLOANE AVE,,4,Non-Fatal Injury,,No Control,Rear End,Clear,Daylight,Wet,Major Arterial,FALSE,-79.30849061,43.73884406726105,2,,,3,,,Other Safety Equipment Used,,,,,,,,,,owner,,Don Valley East (16),33 Division,Victoria Village,TRUE,TRUE,FALSE,FALSE,FALSE,FALSE,FALSE,FALSE,TRUE,TRUE,"{""coordinates"": [[-79.30849061343697, 43.73884406726105]], ""type"": ""MultiPoint""}"
6665,2011:1211679,2011-01-10T08:37:00,VICTORIA PARK AVE,SLOANE AVE,,4,Non-Fatal Injury,,No Control,Rear End,Clear,Daylight,Wet,Major Arterial,FALSE,-79.30849061,43.73884406726105,2,Municipal Transit Bus (TTC),South,4,28,None,Other Safety Equipment Used,Driving properly,Normal,,,Stopped,,,,,driver,,Don Valley East (16),33 Division,Victoria Village,TRUE,TRUE,FALSE,FALSE,FALSE,FALSE,FALSE,FALSE,TRUE,TRUE,"{""coordinates"": [[-79.30849061343697, 43.73884406726105]], ""type"": ""MultiPoint""}"
6666,2011:1211679,2011-01-10T08:37:00,VICTORIA PARK AVE,SLOANE AVE,,4,Non-Fatal Injury,,No Control,Rear End,Clear,Daylight,Wet,Major Arterial,FALSE,-79.30849061,43.73884406726105,1,,,2,11,Major,Lap and Shoulder Belt,,,,,,,,,,passenger,,Don Valley East (16),33 Division,Victoria Village,TRUE,TRUE,FALSE,FALSE,FALSE,FALSE,FALSE,FALSE,TRUE,TRUE,"{""coordinates"": [[-79.30849061343697, 43.73884406726105]], ""type"": ""MultiPoint""}"
6667,2011:1211679,2011-01-10T08:37:00,VICTORIA PARK AVE,SLOANE AVE,,4,Non-Fatal Injury,,No Control,Rear End,Clear,Daylight,Wet,Major Arterial,FALSE,-79.30849061,43.73884406726105,1,Automobile or Station Wagon,South,1,40,None,Lap and Shoulder Belt,Speed too fast for conditions,Inattentive,,,Going Ahead,,,,,driver,,Don Valley East (16),33 Division,Victoria Village,TRUE,TRUE,FALSE,FALSE,FALSE,FALSE,FALSE,FALSE,TRUE,TRUE,"{""coordinates"": [[-79.30849061343697, 43.73884406726105]], ""type"": ""MultiPoint""}"
6668,2011:1220905,2011-01-10T12:32:00,SHEPPARD AVE W,BEECROFT RD,,3,Non-Fatal Injury,,Traffic Signal,Pedestrian Collision(internal code),Clear,Daylight,Dry,Major Arterial,FALSE,-79.41319076,43.76104419636176,1,Automobile or Station Wagon,South,2,47,None,Lap and Shoulder Belt,Failed to yield right-of-way,Normal,,,Turning Right,,,,,driver,,Willowdale (18),32 Division,Lansing-Westgate,TRUE,FALSE,FALSE,FALSE,FALSE,TRUE,TRUE,FALSE,FALSE,FALSE,"{""coordinates"": [[-79.41319076301777, 43.76104419636176]], ""type"": ""MultiPoint""}"
6669,2011:1220905,2011-01-10T12:32:00,SHEPPARD AVE W,BEECROFT RD,,3,Non-Fatal Injury,,Traffic Signal,Pedestrian Collision(internal code),Clear,Daylight,Dry,Major Arterial,FALSE,-79.41319076,43.76104419636176,1,,,1,,,Other Safety Equipment Used,,,,,,,,,,owner,,Willowdale (18),32 Division,Lansing-Westgate,TRUE,FALSE,FALSE,FALSE,FALSE,TRUE,TRUE,FALSE,FALSE,FALSE,"{""coordinates"": [[-79.41319076301777, 43.76104419636176]], ""type"": ""MultiPoint""}"
6670,2011:1220905,2011-01-10T12:32:00,SHEPPARD AVE W,BEECROFT RD,,3,Non-Fatal Injury,,Traffic Signal,Pedestrian Collision(internal code),Clear,Daylight,Dry,Major Arterial,FALSE,-79.41319076,43.76104419636176,2,,East,3,66,Major,Other Safety Equipment Used,,,Crossing with right-of-way (intersection),Normal,,Driver turns right into pedestrian crossing with right-of-way (at intersection),,,,pedestrian,,Willowdale (18),32 Division,Lansing-Westgate,TRUE,FALSE,FALSE,FALSE,FALSE,TRUE,TRUE,FALSE,FALSE,FALSE,"{""coordinates"": [[-79.41319076301777, 43.76104419636176]], ""type"": ""MultiPoint""}"
6671,2011:1225333,2011-01-11T06:15:00,EGLINTON AVE E,IONVIEW RD,,4,Non-Fatal Injury,At Intersection,Traffic Signal,Rear End,Clear,Dawn,Wet,Major Arterial,FALSE,-79.27119056,43.73144401938384,2,Automobile or Station Wagon,West,4,40,Minimal,Lap and Shoulder Belt,Following too closely,Normal,,,Going Ahead,,,,,driver,,Scarborough Centre (21),41 Division,Ionview,TRUE,FALSE,FALSE,FALSE,FALSE,FALSE,FALSE,FALSE,FALSE,FALSE,"{""coordinates"": [[-79.27119055846754, 43.73144401938384]], ""type"": ""MultiPoint""}"
6672,2011:1225333,2011-01-11T06:15:00,EGLINTON AVE E,IONVIEW RD,,4,Non-Fatal Injury,At Intersection,Traffic Signal,Rear End,Clear,Dawn,Wet,Major Arterial,FALSE,-79.27119056,43.73144401938384,1,Automobile or Station Wagon,West,1,41,Minor,Lap and Shoulder Belt,Driving properly,Normal,,,Stopped,,,,,driver,,Scarborough Centre (21),41 Division,Ionview,TRUE,FALSE,FALSE,FALSE,FALSE,FALSE,FALSE,FALSE,FALSE,FALSE,"{""coordinates"": [[-79.27119055846754, 43.73144401938384]], ""type"": ""MultiPoint""}"
6673,2011:1225333,2011-01-11T06:15:00,EGLINTON AVE E,IONVIEW RD,,4,Non-Fatal Injury,At Intersection,Traffic Signal,Rear End,Clear,Dawn,Wet,Major Arterial,FALSE,-79.27119056,43.73144401938384,2,,,2,32,Major,Lap and Shoulder Belt,,,,,,,,,,passenger,,Scarborough Centre (21),41 Division,Ionview,TRUE,FALSE,FALSE,FALSE,FALSE,FALSE,FALSE,FALSE,FALSE,FALSE,"{""coordinates"": [[-79.27119055846754, 43.73144401938384]], ""type"": ""MultiPoint""}"
6674,2011:1225333,2011-01-11T06:15:00,EGLINTON AVE E,IONVIEW RD,,4,Non-Fatal Injury,At Intersection,Traffic Signal,Rear End,Clear,Dawn,Wet,Major Arterial,FALSE,-79.27119056,43.73144401938384,2,,,3,,,Other Safety Equipment Used,,,,,,,,,,owner,,Scarborough Centre (21),41 Division,Ionview,TRUE,FALSE,FALSE,FALSE,FALSE,FALSE,FALSE,FALSE,FALSE,FALSE,"{""coordinates"": [[-79.27119055846754, 43.73144401938384]], ""type"": ""MultiPoint""}"
6675,2011:1212031,2011-01-11T10:23:00,QUEEN ST W,BATHURST ST,,3,Fatal Injury,At Intersection,No Control,Pedestrian Collision(internal code),Clear,Daylight,Wet,Major Arterial,FALSE,-79.40389092,43.64724421371036,1,,North,1,,Fatal,Other Safety Equipment Used,,,Crossing - no traffic control,Unknown,,Transit vehicle driver hits pedestrian anywhere along roadway,,,,pedestrian,1,Spadina-Fort York (10),14 Division,Kensington-Chinatown,FALSE,FALSE,FALSE,FALSE,FALSE,FALSE,TRUE,FALSE,FALSE,TRUE,"{""coordinates"": [[-79.40389092214572, 43.64724421371036]], ""type"": ""MultiPoint""}"
6676,2011:1212031,2011-01-11T10:23:00,QUEEN ST W,BATHURST ST,,3,Fatal Injury,At Intersection,No Control,Pedestrian Collision(internal code),Clear,Daylight,Wet,Major Arterial,FALSE,-79.40389092,43.64724421371036,2,,,2,,,Other Safety Equipment Used,,,,,,,,,,owner,,Spadina-Fort York (10),14 Division,Kensington-Chinatown,FALSE,FALSE,FALSE,FALSE,FALSE,FALSE,TRUE,FALSE,FALSE,TRUE,"{""coordinates"": [[-79.40389092214572, 43.64724421371036]], ""type"": ""MultiPoint""}"
6677,2011:1212031,2011-01-11T10:23:00,QUEEN ST W,BATHURST ST,,3,Fatal Injury,At Intersection,No Control,Pedestrian Collision(internal code),Clear,Daylight,Wet,Major Arterial,FALSE,-79.40389092,43.64724421371036,2,Municipal Transit Bus (TTC),West,3,54,None,Other Safety Equipment Used,Driving properly,Normal,,,Going Ahead,,,,,driver,,Spadina-Fort York (10),14 Division,Kensington-Chinatown,FALSE,FALSE,FALSE,FALSE,FALSE,FALSE,TRUE,FALSE,FALSE,TRUE,"{""coordinates"": [[-79.40389092214572, 43.64724421371036]], ""type"": ""MultiPoint""}"
6678,2011:1221014,2011-01-11T11:40:00,DUNDAS ST W,BAY ST,,5,Non-Fatal Injury,At Intersection,Traffic Signal,Pedestrian Collision(internal code),Clear,Daylight,Dry,Major Arterial,FALSE,-79.38379087,43.65574418188723,1,,,1,30,Minor,Lap and Shoulder Belt,,,,,,,,,,passenger,,University-Rosedale (11),52 Division,Yonge-Bay Corridor,TRUE,TRUE,FALSE,FALSE,FALSE,TRUE,TRUE,FALSE,FALSE,FALSE,"{""coordinates"": [[-79.38379086969196, 43.65574418188723]], ""type"": ""MultiPoint""}"