_id,collision_id,accdate,stname1,stname2,stname3,per_inv,acclass,accloc,traffictl,impactype,visible,light,rdsfcond,road_class,failtorem,longitude,latitude,veh_no,vehtype,initdir,per_no,invage,injury,safequip,drivact,drivcond,pedact,pedcond,manoeuvre,pedtype,cyclistype,cycact,cyccond,road_user,fatal_no,wardname,division,neighbourhood,aggressive,distracted,cyclist,motorcyclist,other_micromobility,older_adult,pedestrian,red_light,school_child,heavy_truck,geometry
6868,2011:1237144,2011-04-02T19:30:00,WESTON Road,LANYARD Road,,7,Non-Fatal Injury,At Intersection,Traffic Signal,Sideswipe,Clear,Dark,Dry,Major Arterial,TRUE,-79.54159098,43.74824435304292,3,,,3,55,Major,Lap and Shoulder Belt,,,,,,,,,,passenger,,Humber River-Black Creek (7),31 Division,Humbermede,FALSE,FALSE,FALSE,FALSE,FALSE,FALSE,FALSE,FALSE,TRUE,FALSE,"{""coordinates"": [[-79.54159097701373, 43.74824435304292]], ""type"": ""MultiPoint""}"
6869,2011:1237144,2011-04-02T19:30:00,WESTON Road,LANYARD Road,,7,Non-Fatal Injury,At Intersection,Traffic Signal,Sideswipe,Clear,Dark,Dry,Major Arterial,TRUE,-79.54159098,43.74824435304292,1,Automobile or Station Wagon,North,1,50,None,Lap and Shoulder Belt,Driving properly,Normal,,,Going Ahead,,,,,driver,,Humber River-Black Creek (7),31 Division,Humbermede,FALSE,FALSE,FALSE,FALSE,FALSE,FALSE,FALSE,FALSE,TRUE,FALSE,"{""coordinates"": [[-79.54159097701373, 43.74824435304292]], ""type"": ""MultiPoint""}"
6870,2011:1237144,2011-04-02T19:30:00,WESTON Road,LANYARD Road,,7,Non-Fatal Injury,At Intersection,Traffic Signal,Sideswipe,Clear,Dark,Dry,Major Arterial,TRUE,-79.54159098,43.74824435304292,4,,,6,,,Other Safety Equipment Used,,,,,,,,,,owner,,Humber River-Black Creek (7),31 Division,Humbermede,FALSE,FALSE,FALSE,FALSE,FALSE,FALSE,FALSE,FALSE,TRUE,FALSE,"{""coordinates"": [[-79.54159097701373, 43.74824435304292]], ""type"": ""MultiPoint""}"
6871,2011:1237144,2011-04-02T19:30:00,WESTON Road,LANYARD Road,,7,Non-Fatal Injury,At Intersection,Traffic Signal,Sideswipe,Clear,Dark,Dry,Major Arterial,TRUE,-79.54159098,43.74824435304292,2,Automobile or Station Wagon,North,2,42,Minor,Lap and Shoulder Belt,Driving properly,Normal,,,Going Ahead,,,,,driver,,Humber River-Black Creek (7),31 Division,Humbermede,FALSE,FALSE,FALSE,FALSE,FALSE,FALSE,FALSE,FALSE,TRUE,FALSE,"{""coordinates"": [[-79.54159097701373, 43.74824435304292]], ""type"": ""MultiPoint""}"
6872,2011:1236980,2011-04-02T22:10:00,LAWRENCE AVE W,VARNA DR,,5,Non-Fatal Injury,At Intersection,Traffic Signal,Turning Movement,Clear,Dark,Dry,Major Arterial,FALSE,-79.43769087,43.717444239568934,2,,,4,,,Other Safety Equipment Used,,,,,,,,,,owner,,Eglinton-Lawrence (8),13 Division,Englemount-Lawrence,TRUE,FALSE,FALSE,FALSE,FALSE,TRUE,FALSE,FALSE,FALSE,FALSE,"{""coordinates"": [[-79.43769087104438, 43.717444239568934]], ""type"": ""MultiPoint""}"
6873,2011:1236980,2011-04-02T22:10:00,LAWRENCE AVE W,VARNA DR,,5,Non-Fatal Injury,At Intersection,Traffic Signal,Turning Movement,Clear,Dark,Dry,Major Arterial,FALSE,-79.43769087,43.717444239568934,2,,,2,,Minor,Child Safety Seat Used Correctly,,,,,,,,,,passenger,,Eglinton-Lawrence (8),13 Division,Englemount-Lawrence,TRUE,FALSE,FALSE,FALSE,FALSE,TRUE,FALSE,FALSE,FALSE,FALSE,"{""coordinates"": [[-79.43769087104438, 43.717444239568934]], ""type"": ""MultiPoint""}"
6874,2011:1236980,2011-04-02T22:10:00,LAWRENCE AVE W,VARNA DR,,5,Non-Fatal Injury,At Intersection,Traffic Signal,Turning Movement,Clear,Dark,Dry,Major Arterial,FALSE,-79.43769087,43.717444239568934,2,,,3,1,Major,Lap Belt Only,,,,,,,,,,passenger,,Eglinton-Lawrence (8),13 Division,Englemount-Lawrence,TRUE,FALSE,FALSE,FALSE,FALSE,TRUE,FALSE,FALSE,FALSE,FALSE,"{""coordinates"": [[-79.43769087104438, 43.717444239568934]], ""type"": ""MultiPoint""}"
6875,2011:1236980,2011-04-02T22:10:00,LAWRENCE AVE W,VARNA DR,,5,Non-Fatal Injury,At Intersection,Traffic Signal,Turning Movement,Clear,Dark,Dry,Major Arterial,FALSE,-79.43769087,43.717444239568934,1,Automobile or Station Wagon,East,1,74,Minimal,Lap and Shoulder Belt,Failed to yield right-of-way,Normal,,,Turning Left,,,,,driver,,Eglinton-Lawrence (8),13 Division,Englemount-Lawrence,TRUE,FALSE,FALSE,FALSE,FALSE,TRUE,FALSE,FALSE,FALSE,FALSE,"{""coordinates"": [[-79.43769087104438, 43.717444239568934]], ""type"": ""MultiPoint""}"
6876,2011:1236980,2011-04-02T22:10:00,LAWRENCE AVE W,VARNA DR,,5,Non-Fatal Injury,At Intersection,Traffic Signal,Turning Movement,Clear,Dark,Dry,Major Arterial,FALSE,-79.43769087,43.717444239568934,2,Automobile or Station Wagon,West,5,27,Minor,Air Bag Deployed,Driving properly,Normal,,,Going Ahead,,,,,driver,,Eglinton-Lawrence (8),13 Division,Englemount-Lawrence,TRUE,FALSE,FALSE,FALSE,FALSE,TRUE,FALSE,FALSE,FALSE,FALSE,"{""coordinates"": [[-79.43769087104438, 43.717444239568934]], ""type"": ""MultiPoint""}"
6877,2011:1226172,2011-04-04T03:19:00,SHEPPARD AVE W,WESTON RD,,2,Non-Fatal Injury,At Intersection,Traffic Signal,SMV Other,Rain,Dark,Wet,Major Arterial,FALSE,-79.538191,43.73374435708254,1,Automobile or Station Wagon,West,1,35,Major,Lap and Shoulder Belt,Lost control,Unknown,,,Going Ahead,,,,,driver,,Humber River-Black Creek (7),31 Division,Pelmo Park-Humberlea,FALSE,FALSE,FALSE,FALSE,FALSE,FALSE,FALSE,FALSE,FALSE,FALSE,"{""coordinates"": [[-79.53819099972253, 43.73374435708254]], ""type"": ""MultiPoint""}"
6878,2011:1226172,2011-04-04T03:19:00,SHEPPARD AVE W,WESTON RD,,2,Non-Fatal Injury,At Intersection,Traffic Signal,SMV Other,Rain,Dark,Wet,Major Arterial,FALSE,-79.538191,43.73374435708254,2,,,2,,,Other Safety Equipment Used,,,,,,,,,,owner,,Humber River-Black Creek (7),31 Division,Pelmo Park-Humberlea,FALSE,FALSE,FALSE,FALSE,FALSE,FALSE,FALSE,FALSE,FALSE,FALSE,"{""coordinates"": [[-79.53819099972253, 43.73374435708254]], ""type"": ""MultiPoint""}"
6879,2011:1226490,2011-04-05T07:45:00,DUNDAS ST W,BLOOR ST W,,3,Non-Fatal Injury,,No Control,Pedestrian Collision(internal code),Clear,Daylight,Dry,Minor Arterial,FALSE,-79.452291,43.655744282519926,1,,,1,24,None,Other Safety Equipment Used,,,,,,,,,,other,,Parkdale-High Park (4),11 Division,Roncesvalles,FALSE,FALSE,FALSE,FALSE,FALSE,FALSE,TRUE,FALSE,FALSE,FALSE,"{""coordinates"": [[-79.45229100261804, 43.655744282519926]], ""type"": ""MultiPoint""}"
6880,2011:1226490,2011-04-05T07:45:00,DUNDAS ST W,BLOOR ST W,,3,Non-Fatal Injury,,No Control,Pedestrian Collision(internal code),Clear,Daylight,Dry,Minor Arterial,FALSE,-79.452291,43.655744282519926,2,,West,2,60,Major,Other Safety Equipment Used,,,Crossing - no traffic control,Normal,Other,Driver hits pedestrian at midblock,,,,pedestrian,,Parkdale-High Park (4),11 Division,Roncesvalles,FALSE,FALSE,FALSE,FALSE,FALSE,FALSE,TRUE,FALSE,FALSE,FALSE,"{""coordinates"": [[-79.45229100261804, 43.655744282519926]], ""type"": ""MultiPoint""}"
6881,2011:1226490,2011-04-05T07:45:00,DUNDAS ST W,BLOOR ST W,,3,Non-Fatal Injury,,No Control,Pedestrian Collision(internal code),Clear,Daylight,Dry,Minor Arterial,FALSE,-79.452291,43.655744282519926,3,Automobile or Station Wagon,North,3,24,None,Other Safety Equipment Used,Driving properly,Normal,,,Slowing or Stopping,,,,,driver,,Parkdale-High Park (4),11 Division,Roncesvalles,FALSE,FALSE,FALSE,FALSE,FALSE,FALSE,TRUE,FALSE,FALSE,FALSE,"{""coordinates"": [[-79.45229100261804, 43.655744282519926]], ""type"": ""MultiPoint""}"
6882,2011:1237364,2011-04-05T10:20:00,JARVIS ST,WELLESLEY ST E,,2,Non-Fatal Injury,At Intersection,Traffic Signal,Cyclist Collision,Clear,Daylight,Dry,Major Arterial,FALSE,-79.37829084,43.666244171597775,2,Bicycle,South,2,69,Major,Helmet,,,,,Overtaking,,Sideswipe with cyclist and driver travelling in same direction,Improper Passing,Normal,cyclist,,Toronto Centre (13),51 Division,Cabbagetown-South St.James Town,FALSE,FALSE,TRUE,FALSE,FALSE,TRUE,FALSE,FALSE,FALSE,FALSE,"{""coordinates"": [[-79.37829084312935, 43.666244171597775]], ""type"": ""MultiPoint""}"
6883,2011:1237364,2011-04-05T10:20:00,JARVIS ST,WELLESLEY ST E,,2,Non-Fatal Injury,At Intersection,Traffic Signal,Cyclist Collision,Clear,Daylight,Dry,Major Arterial,FALSE,-79.37829084,43.666244171597775,1,Automobile or Station Wagon,South,1,65,None,Lap and Shoulder Belt,Driving properly,Normal,,,Going Ahead,,,,,driver,,Toronto Centre (13),51 Division,Cabbagetown-South St.James Town,FALSE,FALSE,TRUE,FALSE,FALSE,TRUE,FALSE,FALSE,FALSE,FALSE,"{""coordinates"": [[-79.37829084312935, 43.666244171597775]], ""type"": ""MultiPoint""}"
6884,2011:1237405,2011-04-06T21:38:00,PARKWAY FOREST DR,FOREST MANOR RD,,2,Non-Fatal Injury,At Intersection,No Control,Pedestrian Collision(internal code),Clear,Dark,Dry,Collector,FALSE,-79.34339063,43.775044110457564,1,Automobile or Station Wagon,South,1,61,None,Lap and Shoulder Belt,Failed to yield right-of-way,Inattentive,,,Turning Right,,,,,driver,,Don Valley North (17),33 Division,Henry Farm,TRUE,TRUE,FALSE,FALSE,FALSE,FALSE,TRUE,FALSE,FALSE,FALSE,"{""coordinates"": [[-79.34339063304265, 43.775044110457564]], ""type"": ""MultiPoint""}"
6885,2011:1237405,2011-04-06T21:38:00,PARKWAY FOREST DR,FOREST MANOR RD,,2,Non-Fatal Injury,At Intersection,No Control,Pedestrian Collision(internal code),Clear,Dark,Dry,Collector,FALSE,-79.34339063,43.775044110457564,2,,South,2,59,Major,Other Safety Equipment Used,,,Crossing with right-of-way (intersection),Normal,Other,Driver turns right into pedestrian crossing with right-of-way (at intersection),,,,pedestrian,,Don Valley North (17),33 Division,Henry Farm,TRUE,TRUE,FALSE,FALSE,FALSE,FALSE,TRUE,FALSE,FALSE,FALSE,"{""coordinates"": [[-79.34339063304265, 43.775044110457564]], ""type"": ""MultiPoint""}"
6886,2011:1226853,2011-04-07T20:40:00,WILLOWDALE Aven,REVCOE Driv,,3,Non-Fatal Injury,,No Control,Rear End,Clear,Dark,Dry,Minor Arterial,FALSE,-79.40909073,43.78574418871502,1,,,1,,,Other Safety Equipment Used,,,,,,,,,,owner,,Willowdale (18),32 Division,Newtonbrook East,TRUE,FALSE,FALSE,FALSE,FALSE,TRUE,FALSE,FALSE,FALSE,FALSE,"{""coordinates"": [[-79.4090907290268, 43.78574418871502]], ""type"": ""MultiPoint""}"
6887,2011:1226853,2011-04-07T20:40:00,WILLOWDALE Aven,REVCOE Driv,,3,Non-Fatal Injury,,No Control,Rear End,Clear,Dark,Dry,Minor Arterial,FALSE,-79.40909073,43.78574418871502,1,Automobile or Station Wagon,North,2,55,Minor,Lap and Shoulder Belt,Driving properly,Normal,,,Going Ahead,,,,,driver,,Willowdale (18),32 Division,Newtonbrook East,TRUE,FALSE,FALSE,FALSE,FALSE,TRUE,FALSE,FALSE,FALSE,FALSE,"{""coordinates"": [[-79.4090907290268, 43.78574418871502]], ""type"": ""MultiPoint""}"
6888,2011:1226853,2011-04-07T20:40:00,WILLOWDALE Aven,REVCOE Driv,,3,Non-Fatal Injury,,No Control,Rear End,Clear,Dark,Dry,Minor Arterial,FALSE,-79.40909073,43.78574418871502,2,Automobile or Station Wagon,North,3,75,Major,Lap and Shoulder Belt,Following too closely,Medical or Physical Disability,,,Going Ahead,,,,,driver,,Willowdale (18),32 Division,Newtonbrook East,TRUE,FALSE,FALSE,FALSE,FALSE,TRUE,FALSE,FALSE,FALSE,FALSE,"{""coordinates"": [[-79.4090907290268, 43.78574418871502]], ""type"": ""MultiPoint""}"
6889,2011:1232425,2011-04-08T16:28:00,EGLINTON AVE W,HEDDINGTON AVE,,4,Non-Fatal Injury,At Intersection,Traffic Signal,Rear End,Clear,Daylight,Dry,Major Arterial,FALSE,-79.41389085,43.70344421212239,1,Automobile or Station Wagon,West,1,70,Minor,Lap and Shoulder Belt,Driving properly,Normal,,,Slowing or Stopping,,,,,driver,,Toronto-St. Paul's (12),53 Division,Forest Hill South,TRUE,FALSE,FALSE,FALSE,FALSE,TRUE,FALSE,TRUE,FALSE,FALSE,"{""coordinates"": [[-79.41389085134354, 43.70344421212239]], ""type"": ""MultiPoint""}"
6890,2011:1232425,2011-04-08T16:28:00,EGLINTON AVE W,HEDDINGTON AVE,,4,Non-Fatal Injury,At Intersection,Traffic Signal,Rear End,Clear,Daylight,Dry,Major Arterial,FALSE,-79.41389085,43.70344421212239,3,,,3,,,Other Safety Equipment Used,,,,,,,,,,owner,,Toronto-St. Paul's (12),53 Division,Forest Hill South,TRUE,FALSE,FALSE,FALSE,FALSE,TRUE,FALSE,TRUE,FALSE,FALSE,"{""coordinates"": [[-79.41389085134354, 43.70344421212239]], ""type"": ""MultiPoint""}"
6891,2011:1232425,2011-04-08T16:28:00,EGLINTON AVE W,HEDDINGTON AVE,,4,Non-Fatal Injury,At Intersection,Traffic Signal,Rear End,Clear,Daylight,Dry,Major Arterial,FALSE,-79.41389085,43.70344421212239,3,Automobile or Station Wagon,West,4,38,Minor,Lap and Shoulder Belt,Driving properly,Normal,,,Slowing or Stopping,,,,,driver,,Toronto-St. Paul's (12),53 Division,Forest Hill South,TRUE,FALSE,FALSE,FALSE,FALSE,TRUE,FALSE,TRUE,FALSE,FALSE,"{""coordinates"": [[-79.41389085134354, 43.70344421212239]], ""type"": ""MultiPoint""}"
6892,2011:1232425,2011-04-08T16:28:00,EGLINTON AVE W,HEDDINGTON AVE,,4,Non-Fatal Injury,At Intersection,Traffic Signal,Rear End,Clear,Daylight,Dry,Major Arterial,FALSE,-79.41389085,43.70344421212239,2,Automobile or Station Wagon,West,2,66,Major,Lap and Shoulder Belt,Disobeyed traffic control,Normal,,,Going Ahead,,,,,driver,,Toronto-St. Paul's (12),53 Division,Forest Hill South,TRUE,FALSE,FALSE,FALSE,FALSE,TRUE,FALSE,TRUE,FALSE,FALSE,"{""coordinates"": [[-79.41389085134354, 43.70344421212239]], ""type"": ""MultiPoint""}"
6893,2011:1234453,2011-05-23T11:15:00,VICTORIA PARK AVE,SHEPPARD AVE E,,4,Non-Fatal Injury,At Intersection,Traffic Signal,Angle,Clear,Daylight,Dry,Major Arterial,FALSE,-79.3230096,43.77523208583926,1,,,4,,,Other Safety Equipment Used,,,,,,,,,,owner,,Scarborough-Agincourt (22),42 Division,Tam O'Shanter-Sullivan,TRUE,FALSE,FALSE,FALSE,FALSE,FALSE,FALSE,TRUE,FALSE,FALSE,"{""coordinates"": [[-79.32300959944067, 43.77523208583926]], ""type"": ""MultiPoint""}"
6894,2011:1227443,2011-04-11T17:50:00,LA ROSE Aven,TIMOTHY Cour,,2,Non-Fatal Injury,,Pedestrian Crossover,Pedestrian Collision(internal code),Clear,Daylight,Dry,Collector,FALSE,-79.51959106,43.68584436089896,1,Automobile or Station Wagon,West,1,83,None,Other Safety Equipment Used,,,,,Going Ahead,,,,,driver,,Etobicoke Centre (2),23 Division,Humber Heights-Westmount,FALSE,FALSE,FALSE,FALSE,FALSE,TRUE,TRUE,FALSE,FALSE,FALSE,"{""coordinates"": [[-79.51959106493418, 43.68584436089896]], ""type"": ""MultiPoint""}"
6895,2011:1227443,2011-04-11T17:50:00,LA ROSE Aven,TIMOTHY Cour,,2,Non-Fatal Injury,,Pedestrian Crossover,Pedestrian Collision(internal code),Clear,Daylight,Dry,Collector,FALSE,-79.51959106,43.68584436089896,2,,,2,,Major,Other Safety Equipment Used,,,,,Other,,,,,pedestrian,,Etobicoke Centre (2),23 Division,Humber Heights-Westmount,FALSE,FALSE,FALSE,FALSE,FALSE,TRUE,TRUE,FALSE,FALSE,FALSE,"{""coordinates"": [[-79.51959106493418, 43.68584436089896]], ""type"": ""MultiPoint""}"
6896,2011:1236141,2011-04-15T12:06:00,MCNICOLL AVE,TAPSCOTT RD,,3,Non-Fatal Injury,,No Control,SMV Other,Clear,Daylight,Dry,Minor Arterial,FALSE,-79.23999043,43.82674399661807,2,,,2,,,Other Safety Equipment Used,,,,,,,,,,owner,,Scarborough North (23),42 Division,Morningside Heights,FALSE,FALSE,FALSE,FALSE,FALSE,FALSE,FALSE,FALSE,FALSE,FALSE,"{""coordinates"": [[-79.23999042563054, 43.82674399661807]], ""type"": ""MultiPoint""}"
6897,2011:1236141,2011-04-15T12:06:00,MCNICOLL AVE,TAPSCOTT RD,,3,Non-Fatal Injury,,No Control,SMV Other,Clear,Daylight,Dry,Minor Arterial,FALSE,-79.23999043,43.82674399661807,2,,,3,,,Other Safety Equipment Used,,,,,,,,,,owner,,Scarborough North (23),42 Division,Morningside Heights,FALSE,FALSE,FALSE,FALSE,FALSE,FALSE,FALSE,FALSE,FALSE,FALSE,"{""coordinates"": [[-79.23999042563054, 43.82674399661807]], ""type"": ""MultiPoint""}"
6898,2011:1236141,2011-04-15T12:06:00,MCNICOLL AVE,TAPSCOTT RD,,3,Non-Fatal Injury,,No Control,SMV Other,Clear,Daylight,Dry,Minor Arterial,FALSE,-79.23999043,43.82674399661807,1,Automobile or Station Wagon,West,1,29,Major,Lap and Shoulder Belt,Lost control,Normal,,,Going Ahead,,,,,driver,,Scarborough North (23),42 Division,Morningside Heights,FALSE,FALSE,FALSE,FALSE,FALSE,FALSE,FALSE,FALSE,FALSE,FALSE,"{""coordinates"": [[-79.23999042563054, 43.82674399661807]], ""type"": ""MultiPoint""}"
6899,2011:1228390,2011-04-17T11:30:00,WILSON AVE,HIGHVIEW AVE,,2,Non-Fatal Injury,At Intersection,Traffic Signal,SMV Other,Clear,Daylight,Dry,Major Arterial,FALSE,-79.49679097,43.72334431504952,2,,,2,,,Other Safety Equipment Used,,,,,,,,,,owner,,York Centre (6),31 Division,Oakdale-Beverley Heights,FALSE,FALSE,FALSE,FALSE,FALSE,TRUE,FALSE,FALSE,FALSE,FALSE,"{""coordinates"": [[-79.4967909650968, 43.72334431504952]], ""type"": ""MultiPoint""}"
6900,2011:1228390,2011-04-17T11:30:00,WILSON AVE,HIGHVIEW AVE,,2,Non-Fatal Injury,At Intersection,Traffic Signal,SMV Other,Clear,Daylight,Dry,Major Arterial,FALSE,-79.49679097,43.72334431504952,1,Automobile or Station Wagon,East,1,72,Major,Lap and Shoulder Belt,Lost control,Other Condition,,,Going Ahead,,,,,driver,,York Centre (6),31 Division,Oakdale-Beverley Heights,FALSE,FALSE,FALSE,FALSE,FALSE,TRUE,FALSE,FALSE,FALSE,FALSE,"{""coordinates"": [[-79.4967909650968, 43.72334431504952]], ""type"": ""MultiPoint""}"
6901,2011:1228585,2011-04-18T10:24:00,HIGHWAY 27 N,CARRIER DR,,1,Non-Fatal Injury,At Intersection,No Control,Sideswipe,Clear,Daylight,Dry,Major Arterial,FALSE,-79.60559107,43.73984442911941,1,Automobile or Station Wagon,North,2,85,Minor,Lap and Shoulder Belt,Lost control,Normal,,,Unknown,,,,,driver,,Etobicoke North (1),23 Division,West Humber-Clairville,FALSE,FALSE,FALSE,FALSE,FALSE,TRUE,FALSE,FALSE,FALSE,TRUE,"{""coordinates"": [[-79.60559107311428, 43.73984442911941]], ""type"": ""MultiPoint""}"
6902,2011:1228585,2011-04-18T10:24:00,HIGHWAY 27 N,CARRIER DR,,1,Non-Fatal Injury,At Intersection,No Control,Sideswipe,Clear,Daylight,Dry,Major Arterial,FALSE,-79.60559107,43.73984442911941,1,,,1,33,Major,Lap and Shoulder Belt,,,,,,,,,,passenger,,Etobicoke North (1),23 Division,West Humber-Clairville,FALSE,FALSE,FALSE,FALSE,FALSE,TRUE,FALSE,FALSE,FALSE,TRUE,"{""coordinates"": [[-79.60559107311428, 43.73984442911941]], ""type"": ""MultiPoint""}"
6903,2011:1228585,2011-04-18T10:24:00,HIGHWAY 27 N,CARRIER DR,,1,Non-Fatal Injury,At Intersection,No Control,Sideswipe,Clear,Daylight,Dry,Major Arterial,FALSE,-79.60559107,43.73984442911941,2,Truck - Open (Flatbed),North,4,45,None,Lap and Shoulder Belt,Driving properly,Normal,,,Going Ahead,,,,,driver,,Etobicoke North (1),23 Division,West Humber-Clairville,FALSE,FALSE,FALSE,FALSE,FALSE,TRUE,FALSE,FALSE,FALSE,TRUE,"{""coordinates"": [[-79.60559107311428, 43.73984442911941]], ""type"": ""MultiPoint""}"
6904,2011:1228585,2011-04-18T10:24:00,HIGHWAY 27 N,CARRIER DR,,1,Non-Fatal Injury,At Intersection,No Control,Sideswipe,Clear,Daylight,Dry,Major Arterial,FALSE,-79.60559107,43.73984442911941,2,,,3,,,Other Safety Equipment Used,,,,,,,,,,owner,,Etobicoke North (1),23 Division,West Humber-Clairville,FALSE,FALSE,FALSE,FALSE,FALSE,TRUE,FALSE,FALSE,FALSE,TRUE,"{""coordinates"": [[-79.60559107311428, 43.73984442911941]], ""type"": ""MultiPoint""}"
6905,2011:1228586,2011-04-18T13:15:00,DUNDAS ST W,BAY ST,,2,Non-Fatal Injury,,No Control,Cyclist Collision,Clear,Daylight,Dry,Major Arterial,FALSE,-79.38279087,43.655944180373965,2,Bicycle,East,3,25,Major,Helmet,,,,,Going Ahead,,Sideswipe with cyclist and driver travelling in same direction,Driving Properly,Normal,cyclist,,University-Rosedale (11),52 Division,Yonge-Bay Corridor,TRUE,FALSE,TRUE,FALSE,FALSE,FALSE,FALSE,FALSE,FALSE,FALSE,"{""coordinates"": [[-79.38279086744635, 43.655944180373965]], ""type"": ""MultiPoint""}"
6906,2011:1228586,2011-04-18T13:15:00,DUNDAS ST W,BAY ST,,2,Non-Fatal Injury,,No Control,Cyclist Collision,Clear,Daylight,Dry,Major Arterial,FALSE,-79.38279087,43.655944180373965,1,Automobile or Station Wagon,East,2,28,None,Lap and Shoulder Belt,Failed to yield right-of-way,Normal,,,Pulling Away from Shoulder or Curb,,,,,driver,,University-Rosedale (11),52 Division,Yonge-Bay Corridor,TRUE,FALSE,TRUE,FALSE,FALSE,FALSE,FALSE,FALSE,FALSE,FALSE,"{""coordinates"": [[-79.38279086744635, 43.655944180373965]], ""type"": ""MultiPoint""}"
6907,2011:1228586,2011-04-18T13:15:00,DUNDAS ST W,BAY ST,,2,Non-Fatal Injury,,No Control,Cyclist Collision,Clear,Daylight,Dry,Major Arterial,FALSE,-79.38279087,43.655944180373965,1,,,1,,,Other Safety Equipment Used,,,,,,,,,,owner,,University-Rosedale (11),52 Division,Yonge-Bay Corridor,TRUE,FALSE,TRUE,FALSE,FALSE,FALSE,FALSE,FALSE,FALSE,FALSE,"{""coordinates"": [[-79.38279086744635, 43.655944180373965]], ""type"": ""MultiPoint""}"
6908,2011:1228987,2011-04-20T05:38:00,MARKHAM RD,HIGHWAY 401 C E,,1,Non-Fatal Injury,,No Control,Cyclist Collision,Rain,Dark,Wet,Major Arterial,FALSE,-79.23519045,43.78534398475485,2,Bicycle,North,2,37,Major,Other Safety Equipment Used,,,,,Going Ahead,,Rear end with cyclist and driver travelling in same direction,Driving Properly,Normal,cyclist,,Scarborough-Guildwood (24),43 Division,Woburn North,TRUE,TRUE,TRUE,FALSE,FALSE,FALSE,FALSE,FALSE,FALSE,FALSE,"{""coordinates"": [[-79.23519045167562, 43.78534398475485]], ""type"": ""MultiPoint""}"
6909,2011:1228987,2011-04-20T05:38:00,MARKHAM RD,HIGHWAY 401 C E,,1,Non-Fatal Injury,,No Control,Cyclist Collision,Rain,Dark,Wet,Major Arterial,FALSE,-79.23519045,43.78534398475485,1,Automobile or Station Wagon,North,1,51,None,Other Safety Equipment Used,Speed too fast for conditions,Inattentive,,,Going Ahead,,,,,driver,,Scarborough-Guildwood (24),43 Division,Woburn North,TRUE,TRUE,TRUE,FALSE,FALSE,FALSE,FALSE,FALSE,FALSE,FALSE,"{""coordinates"": [[-79.23519045167562, 43.78534398475485]], ""type"": ""MultiPoint""}"
6910,2011:1229005,2011-04-20T17:30:00,MIDLAND AVE,GILDER DR,,3,Non-Fatal Injury,,Traffic Signal,Pedestrian Collision(internal code),Clear,Daylight,Dry,Major Arterial,FALSE,-79.25879053,43.73604400365881,2,,East,3,14,Major,Other Safety Equipment Used,,,Running onto roadway,Normal,,Driver going straight hits pedestrian crossing without right-of-way (at intersection),,,,pedestrian,,Scarborough Centre (21),41 Division,Eglinton East,FALSE,FALSE,FALSE,FALSE,FALSE,FALSE,TRUE,FALSE,TRUE,FALSE,"{""coordinates"": [[-79.25879053145252, 43.73604400365881]], ""type"": ""MultiPoint""}"
6911,2011:1229005,2011-04-20T17:30:00,MIDLAND AVE,GILDER DR,,3,Non-Fatal Injury,,Traffic Signal,Pedestrian Collision(internal code),Clear,Daylight,Dry,Major Arterial,FALSE,-79.25879053,43.73604400365881,1,,,1,,,Other Safety Equipment Used,,,,,,,,,,owner,,Scarborough Centre (21),41 Division,Eglinton East,FALSE,FALSE,FALSE,FALSE,FALSE,FALSE,TRUE,FALSE,TRUE,FALSE,"{""coordinates"": [[-79.25879053145252, 43.73604400365881]], ""type"": ""MultiPoint""}"
6912,2011:1229005,2011-04-20T17:30:00,MIDLAND AVE,GILDER DR,,3,Non-Fatal Injury,,Traffic Signal,Pedestrian Collision(internal code),Clear,Daylight,Dry,Major Arterial,FALSE,-79.25879053,43.73604400365881,1,Automobile or Station Wagon,North,2,36,None,Other Safety Equipment Used,Driving properly,Normal,,,Going Ahead,,,,,driver,,Scarborough Centre (21),41 Division,Eglinton East,FALSE,FALSE,FALSE,FALSE,FALSE,FALSE,TRUE,FALSE,TRUE,FALSE,"{""coordinates"": [[-79.25879053145252, 43.73604400365881]], ""type"": ""MultiPoint""}"
6913,2011:1239766,2011-06-01T19:35:00,THE ESPLANADE,BERKELEY Stre,,3,Non-Fatal Injury,,Traffic Signal,SMV Other,Clear,Daylight,Dry,Collector,TRUE,-79.36359084,43.65014415319863,1,Motorcycle,East,2,32,Major,Helmet,Driving properly,Normal,,,Going Ahead,,,,,motorcyclist,,Toronto Centre (13),51 Division,St Lawrence-East Bayfront-The Islands,FALSE,FALSE,FALSE,TRUE,FALSE,FALSE,FALSE,FALSE,FALSE,FALSE,"{""coordinates"": [[-79.36359083874612, 43.65014415319863]], ""type"": ""MultiPoint""}"
6914,2011:1229003,2011-04-20T19:10:00,4335 BLOOR ST W,,,2,Non-Fatal Injury,,No Control,Pedestrian Collision(internal code),Clear,Daylight,Dry,Major Arterial,FALSE,-79.57599124,43.63164445910343,1,Automobile or Station Wagon,North,1,42,None,Other Safety Equipment Used,Driving properly,Normal,,,Turning Left,,,,,driver,,Etobicoke Centre (2),22 Division,Markland Wood,FALSE,TRUE,FALSE,FALSE,FALSE,FALSE,TRUE,FALSE,FALSE,FALSE,"{""coordinates"": [[-79.57599123916467, 43.63164445910343]], ""type"": ""MultiPoint""}"
6915,2011:1229003,2011-04-20T19:10:00,4335 BLOOR ST W,,,2,Non-Fatal Injury,,No Control,Pedestrian Collision(internal code),Clear,Daylight,Dry,Major Arterial,FALSE,-79.57599124,43.63164445910343,2,,South,2,56,Major,Other Safety Equipment Used,,,Crossing - no traffic control,Inattentive,,Driver turns left into pedestrian crossing without right-of-way (at intersection),,,,pedestrian,,Etobicoke Centre (2),22 Division,Markland Wood,FALSE,TRUE,FALSE,FALSE,FALSE,FALSE,TRUE,FALSE,FALSE,FALSE,"{""coordinates"": [[-79.57599123916467, 43.63164445910343]], ""type"": ""MultiPoint""}"
6916,2011:1239488,2011-04-22T15:19:00,DANFORTH AVE,WOODMOUNT AVE,,4,Non-Fatal Injury,,No Control,Sideswipe,Clear,Daylight,Dry,Major Arterial,FALSE,-79.3146907,43.68524407852666,3,Automobile or Station Wagon,West,4,17,None,Other Safety Equipment Used,Improper lane change,Inattentive,,,Changing Lanes,,,,,driver,,Beaches-East York (19),55 Division,Woodbine Corridor,FALSE,TRUE,FALSE,TRUE,FALSE,TRUE,FALSE,FALSE,TRUE,FALSE,"{""coordinates"": [[-79.31469069601228, 43.68524407852666]], ""type"": ""MultiPoint""}"