_id,collision_id,accdate,stname1,stname2,stname3,per_inv,acclass,accloc,traffictl,impactype,visible,light,rdsfcond,road_class,failtorem,longitude,latitude,veh_no,vehtype,initdir,per_no,invage,injury,safequip,drivact,drivcond,pedact,pedcond,manoeuvre,pedtype,cyclistype,cycact,cyccond,road_user,fatal_no,wardname,division,neighbourhood,aggressive,distracted,cyclist,motorcyclist,other_micromobility,older_adult,pedestrian,red_light,school_child,heavy_truck,geometry
7158,2011:1250828,2011-07-16T08:47:00,SHEPPARD Aven E,MORNINGSIDE Aven,,5,Non-Fatal Injury,,No Control,Rear End,Clear,Daylight,Dry,Major Arterial,FALSE,-79.19829039,43.802243952432896,4,,,4,7,Minimal,Child Safety Seat Used Correctly,,,,,,,,,,passenger,,Scarborough-Rouge Park (25),42 Division,Morningside Heights,FALSE,FALSE,FALSE,FALSE,FALSE,TRUE,FALSE,FALSE,TRUE,FALSE,"{""coordinates"": [[-79.19829039002964, 43.802243952432896]], ""type"": ""MultiPoint""}"
7159,2011:1244328,2011-07-16T12:15:00,LAWRENCE AVE W,ROYAL YORK RD,,3,Fatal Injury,At Intersection,Traffic Signal,SMV Other,Clear,Daylight,Dry,Minor Arterial,FALSE,-79.53269106,43.696144370893684,1,Automobile or Station Wagon,West,2,73,Major,Air Bag Deployed,Lost control,Unknown,,,Going Ahead,,,,,driver,,Etobicoke Centre (2),23 Division,Humber Heights-Westmount,FALSE,FALSE,FALSE,FALSE,FALSE,TRUE,FALSE,FALSE,FALSE,FALSE,"{""coordinates"": [[-79.53269106262334, 43.696144370893684]], ""type"": ""MultiPoint""}"
7160,2011:1244328,2011-07-16T12:15:00,LAWRENCE AVE W,ROYAL YORK RD,,3,Fatal Injury,At Intersection,Traffic Signal,SMV Other,Clear,Daylight,Dry,Minor Arterial,FALSE,-79.53269106,43.696144370893684,2,,,3,,,Other Safety Equipment Used,,,,,,,,,,owner,,Etobicoke Centre (2),23 Division,Humber Heights-Westmount,FALSE,FALSE,FALSE,FALSE,FALSE,TRUE,FALSE,FALSE,FALSE,FALSE,"{""coordinates"": [[-79.53269106262334, 43.696144370893684]], ""type"": ""MultiPoint""}"
7161,2011:1244328,2011-07-16T12:15:00,LAWRENCE AVE W,ROYAL YORK RD,,3,Fatal Injury,At Intersection,Traffic Signal,SMV Other,Clear,Daylight,Dry,Minor Arterial,FALSE,-79.53269106,43.696144370893684,1,,,1,74,Fatal,Air Bag Deployed,,,,,,,,,,passenger,14,Etobicoke Centre (2),23 Division,Humber Heights-Westmount,FALSE,FALSE,FALSE,FALSE,FALSE,TRUE,FALSE,FALSE,FALSE,FALSE,"{""coordinates"": [[-79.53269106262334, 43.696144370893684]], ""type"": ""MultiPoint""}"
7162,2011:1251049,2011-07-17T06:30:00,BREMNER Boul,VAN DE WATER Cres,,3,Non-Fatal Injury,At Intersection,Traffic Signal,Rear End,Clear,Daylight,Dry,Minor Arterial,FALSE,-79.3889909,43.64034419315007,2,Automobile or Station Wagon,East,3,35,Minimal,Lap Belt Only,Improper passing,Inattentive,,,Slowing or Stopping,,,,,driver,,Spadina-Fort York (10),52 Division,Harbourfront-CityPlace,TRUE,TRUE,FALSE,TRUE,FALSE,FALSE,FALSE,FALSE,FALSE,FALSE,"{""coordinates"": [[-79.38899090353141, 43.64034419315007]], ""type"": ""MultiPoint""}"
7163,2011:1251049,2011-07-17T06:30:00,BREMNER Boul,VAN DE WATER Cres,,3,Non-Fatal Injury,At Intersection,Traffic Signal,Rear End,Clear,Daylight,Dry,Minor Arterial,FALSE,-79.3889909,43.64034419315007,1,Motorcycle,East,1,32,Major,Helmet,Driving properly,Normal,,,Going Ahead,,,,,motorcyclist,,Spadina-Fort York (10),52 Division,Harbourfront-CityPlace,TRUE,TRUE,FALSE,TRUE,FALSE,FALSE,FALSE,FALSE,FALSE,FALSE,"{""coordinates"": [[-79.38899090353141, 43.64034419315007]], ""type"": ""MultiPoint""}"
7164,2011:1244462,2011-07-17T20:00:00,TWYN RIVERS Driv,LITTLE ROUGE RIVER,,3,Non-Fatal Injury,,No Control,Approaching Head On,Clear,Daylight,Dry,Collector,FALSE,-79.15699033,43.81454392,1,Motorcycle,East,1,31,Major,Helmet,Other,Unknown,,,Going Ahead,,,,,motorcyclist,,Scarborough-Rouge Park (25),42 Division,Morningside Heights,FALSE,FALSE,FALSE,TRUE,FALSE,FALSE,FALSE,FALSE,FALSE,FALSE,"{""coordinates"": [[-79.15699032791747, 43.8145439163157]], ""type"": ""MultiPoint""}"
7165,2011:1244462,2011-07-17T20:00:00,TWYN RIVERS Driv,LITTLE ROUGE RIVER,,3,Non-Fatal Injury,,No Control,Approaching Head On,Clear,Daylight,Dry,Collector,FALSE,-79.15699033,43.81454392,3,Automobile or Station Wagon,West,3,35,None,Lap and Shoulder Belt,Driving properly,Normal,,,Going Ahead,,,,,driver,,Scarborough-Rouge Park (25),42 Division,Morningside Heights,FALSE,FALSE,FALSE,TRUE,FALSE,FALSE,FALSE,FALSE,FALSE,FALSE,"{""coordinates"": [[-79.15699032791747, 43.8145439163157]], ""type"": ""MultiPoint""}"
7166,2011:1244462,2011-07-17T20:00:00,TWYN RIVERS Driv,LITTLE ROUGE RIVER,,3,Non-Fatal Injury,,No Control,Approaching Head On,Clear,Daylight,Dry,Collector,FALSE,-79.15699033,43.81454392,2,Motorcycle,East,2,25,Minor,Helmet,Other,Unknown,,,Going Ahead,,,,,motorcyclist,,Scarborough-Rouge Park (25),42 Division,Morningside Heights,FALSE,FALSE,FALSE,TRUE,FALSE,FALSE,FALSE,FALSE,FALSE,FALSE,"{""coordinates"": [[-79.15699032791747, 43.8145439163157]], ""type"": ""MultiPoint""}"
7167,2011:1244530,2011-07-18T00:28:00,BAYVIEW Ave,MCKEE Ave,,6,Non-Fatal Injury,,No Control,Pedestrian Collision(internal code),Clear,Dark with Artificial Lighting,Dry,Major Arterial,FALSE,-79.39079071,43.778844167445335,3,Automobile or Station Wagon,North,1,27,Major,Lap and Shoulder Belt,Exceeding speed limit,Had Been Drinking,,,Going Ahead,,,,,driver,,Don Valley North (17),33 Division,Bayview Village,TRUE,FALSE,FALSE,FALSE,FALSE,FALSE,TRUE,FALSE,FALSE,FALSE,"{""coordinates"": [[-79.390790706731, 43.778844167445335]], ""type"": ""MultiPoint""}"
7168,2011:1244530,2011-07-18T00:28:00,BAYVIEW Ave,MCKEE Ave,,6,Non-Fatal Injury,,No Control,Pedestrian Collision(internal code),Clear,Dark with Artificial Lighting,Dry,Major Arterial,FALSE,-79.39079071,43.778844167445335,1,Automobile or Station Wagon,Unknown,3,56,Major,Other Safety Equipment Used,,,Playing or working on highway,Normal,,Driver hits pedestrian at midblock,,,,pedestrian,,Don Valley North (17),33 Division,Bayview Village,TRUE,FALSE,FALSE,FALSE,FALSE,FALSE,TRUE,FALSE,FALSE,FALSE,"{""coordinates"": [[-79.390790706731, 43.778844167445335]], ""type"": ""MultiPoint""}"
7169,2011:1244530,2011-07-18T00:28:00,BAYVIEW Ave,MCKEE Ave,,6,Non-Fatal Injury,,No Control,Pedestrian Collision(internal code),Clear,Dark with Artificial Lighting,Dry,Major Arterial,FALSE,-79.39079071,43.778844167445335,3,,,2,23,Major,Lap and Shoulder Belt,,,,,,,,,,passenger,,Don Valley North (17),33 Division,Bayview Village,TRUE,FALSE,FALSE,FALSE,FALSE,FALSE,TRUE,FALSE,FALSE,FALSE,"{""coordinates"": [[-79.390790706731, 43.778844167445335]], ""type"": ""MultiPoint""}"
7170,2011:1244530,2011-07-18T00:28:00,BAYVIEW Ave,MCKEE Ave,,6,Non-Fatal Injury,,No Control,Pedestrian Collision(internal code),Clear,Dark with Artificial Lighting,Dry,Major Arterial,FALSE,-79.39079071,43.778844167445335,3,,,5,,,Other Safety Equipment Used,,,,,,,,,,owner,,Don Valley North (17),33 Division,Bayview Village,TRUE,FALSE,FALSE,FALSE,FALSE,FALSE,TRUE,FALSE,FALSE,FALSE,"{""coordinates"": [[-79.390790706731, 43.778844167445335]], ""type"": ""MultiPoint""}"
7171,2011:1244530,2011-07-18T00:28:00,BAYVIEW Ave,MCKEE Ave,,6,Non-Fatal Injury,,No Control,Pedestrian Collision(internal code),Clear,Dark with Artificial Lighting,Dry,Major Arterial,FALSE,-79.39079071,43.778844167445335,3,,,6,29,Major,Lap and Shoulder Belt,,,,,,,,,,passenger,,Don Valley North (17),33 Division,Bayview Village,TRUE,FALSE,FALSE,FALSE,FALSE,FALSE,TRUE,FALSE,FALSE,FALSE,"{""coordinates"": [[-79.390790706731, 43.778844167445335]], ""type"": ""MultiPoint""}"
7172,2011:1244530,2011-07-18T00:28:00,BAYVIEW Ave,MCKEE Ave,,6,Non-Fatal Injury,,No Control,Pedestrian Collision(internal code),Clear,Dark with Artificial Lighting,Dry,Major Arterial,FALSE,-79.39079071,43.778844167445335,2,,,4,24,Major,Other Safety Equipment Used,,,,,,,,,,passenger,,Don Valley North (17),33 Division,Bayview Village,TRUE,FALSE,FALSE,FALSE,FALSE,FALSE,TRUE,FALSE,FALSE,FALSE,"{""coordinates"": [[-79.390790706731, 43.778844167445335]], ""type"": ""MultiPoint""}"
7173,2011:1244765,2011-07-19T03:40:00,GARDINER X W SHERWAY GARDENS RAMP,427 C S QEW X W RAMP,,1,Non-Fatal Injury,,No Control,SMV Other,Clear,Dark,Dry,,FALSE,-79.55109124,43.61304443839935,1,Motorcycle,West,1,23,Major,Helmet,Lost control,Normal,,,Going Ahead,,,,,motorcyclist,,Etobicoke-Lakeshore (3),22 Division,Etobicoke City Centre,FALSE,FALSE,FALSE,TRUE,FALSE,FALSE,FALSE,FALSE,FALSE,FALSE,"{""coordinates"": [[-79.55109124124391, 43.61304443839935]], ""type"": ""MultiPoint""}"
7174,2011:1252312,2011-07-19T19:25:00,PARKSIDE DR,ALGONQUIN AVE,,5,Non-Fatal Injury,At Intersection,No Control,Rear End,Clear,Daylight,Dry,Major Arterial,FALSE,-79.45549103,43.64314429,1,,,1,74,Major,Other Safety Equipment Used,,,,,,,,,,passenger,,Parkdale-High Park (4),11 Division,High Park-Swansea,FALSE,FALSE,FALSE,FALSE,FALSE,TRUE,FALSE,FALSE,FALSE,FALSE,"{""coordinates"": [[-79.45549103051522, 43.6431442921334]], ""type"": ""MultiPoint""}"
7175,2011:1252312,2011-07-19T19:25:00,PARKSIDE DR,ALGONQUIN AVE,,5,Non-Fatal Injury,At Intersection,No Control,Rear End,Clear,Daylight,Dry,Major Arterial,FALSE,-79.45549103,43.64314429,2,,,4,,,Other Safety Equipment Used,,,,,,,,,,owner,,Parkdale-High Park (4),11 Division,High Park-Swansea,FALSE,FALSE,FALSE,FALSE,FALSE,TRUE,FALSE,FALSE,FALSE,FALSE,"{""coordinates"": [[-79.45549103051522, 43.6431442921334]], ""type"": ""MultiPoint""}"
7176,2011:1252312,2011-07-19T19:25:00,PARKSIDE DR,ALGONQUIN AVE,,5,Non-Fatal Injury,At Intersection,No Control,Rear End,Clear,Daylight,Dry,Major Arterial,FALSE,-79.45549103,43.64314429,1,Automobile or Station Wagon,North,3,43,Minor,Lap Belt Only,Driving properly,Normal,,,Stopped,,,,,driver,,Parkdale-High Park (4),11 Division,High Park-Swansea,FALSE,FALSE,FALSE,FALSE,FALSE,TRUE,FALSE,FALSE,FALSE,FALSE,"{""coordinates"": [[-79.45549103051522, 43.6431442921334]], ""type"": ""MultiPoint""}"
7177,2011:1252312,2011-07-19T19:25:00,PARKSIDE DR,ALGONQUIN AVE,,5,Non-Fatal Injury,At Intersection,No Control,Rear End,Clear,Daylight,Dry,Major Arterial,FALSE,-79.45549103,43.64314429,1,,,2,44,Minor,Lap Belt Only,,,,,,,,,,passenger,,Parkdale-High Park (4),11 Division,High Park-Swansea,FALSE,FALSE,FALSE,FALSE,FALSE,TRUE,FALSE,FALSE,FALSE,FALSE,"{""coordinates"": [[-79.45549103051522, 43.6431442921334]], ""type"": ""MultiPoint""}"
7178,2011:1252312,2011-07-19T19:25:00,PARKSIDE DR,ALGONQUIN AVE,,5,Non-Fatal Injury,At Intersection,No Control,Rear End,Clear,Daylight,Dry,Major Arterial,FALSE,-79.45549103,43.64314429,2,Automobile or Station Wagon,North,5,33,None,Other Safety Equipment Used,Other,Normal,,,Going Ahead,,,,,driver,,Parkdale-High Park (4),11 Division,High Park-Swansea,FALSE,FALSE,FALSE,FALSE,FALSE,TRUE,FALSE,FALSE,FALSE,FALSE,"{""coordinates"": [[-79.45549103051522, 43.6431442921334]], ""type"": ""MultiPoint""}"
7179,2011:1251243,2011-07-20T10:23:00,3030 BIRCHMOUNT RD,,,3,Non-Fatal Injury,,No Control,Turning Movement,Clear,Daylight,Dry,Major Arterial,FALSE,-79.30849055,43.802744070021056,2,,,2,61,Minimal,Air Bag Deployed,,,,,,,,,,passenger,,Scarborough-Agincourt (22),42 Division,East L'Amoreaux,TRUE,TRUE,FALSE,FALSE,FALSE,FALSE,FALSE,FALSE,FALSE,FALSE,"{""coordinates"": [[-79.30849055053626, 43.802744070021056]], ""type"": ""MultiPoint""}"
7180,2011:1251243,2011-07-20T10:23:00,3030 BIRCHMOUNT RD,,,3,Non-Fatal Injury,,No Control,Turning Movement,Clear,Daylight,Dry,Major Arterial,FALSE,-79.30849055,43.802744070021056,2,Automobile or Station Wagon,East,3,63,Major,Air Bag Deployed,Failed to yield right-of-way,Inattentive,,,Turning Left,,,,,driver,,Scarborough-Agincourt (22),42 Division,East L'Amoreaux,TRUE,TRUE,FALSE,FALSE,FALSE,FALSE,FALSE,FALSE,FALSE,FALSE,"{""coordinates"": [[-79.30849055053626, 43.802744070021056]], ""type"": ""MultiPoint""}"
7181,2011:1246736,2011-07-24T13:49:00,LAWRENCE AVE E,OVERTURE RD,,1,Fatal Injury,At Intersection,Traffic Signal,Approaching Head On,Clear,Daylight,Dry,Major Arterial,FALSE,-79.19949042,43.765443945290464,2,,,4,,Minimal,No Equipment Available,,,,,Other,,,,,passenger,,Scarborough-Guildwood (24),43 Division,West Hill,FALSE,FALSE,FALSE,FALSE,FALSE,TRUE,FALSE,FALSE,FALSE,FALSE,"{""coordinates"": [[-79.19949041779152, 43.765443945290464]], ""type"": ""MultiPoint""}"
7182,2011:1251243,2011-07-20T10:23:00,3030 BIRCHMOUNT RD,,,3,Non-Fatal Injury,,No Control,Turning Movement,Clear,Daylight,Dry,Major Arterial,FALSE,-79.30849055,43.802744070021056,1,Automobile or Station Wagon,South,1,54,Minimal,Air Bag Deployed,Driving properly,Normal,,,Going Ahead,,,,,driver,,Scarborough-Agincourt (22),42 Division,East L'Amoreaux,TRUE,TRUE,FALSE,FALSE,FALSE,FALSE,FALSE,FALSE,FALSE,FALSE,"{""coordinates"": [[-79.30849055053626, 43.802744070021056]], ""type"": ""MultiPoint""}"
7183,2011:1251261,2011-07-20T11:30:00,KEELE ST,YORE RD,,6,Non-Fatal Injury,,No Control,SMV Other,Clear,Daylight,Dry,Major Arterial,FALSE,-79.47429098,43.691944299144616,2,,,4,,,Other Safety Equipment Used,,,,,,,,,,owner,,York South-Weston (5),12 Division,Beechborough-Greenbrook,FALSE,TRUE,FALSE,FALSE,FALSE,FALSE,FALSE,FALSE,FALSE,TRUE,"{""coordinates"": [[-79.4742909811681, 43.691944299144616]], ""type"": ""MultiPoint""}"
7184,2011:1251261,2011-07-20T11:30:00,KEELE ST,YORE RD,,6,Non-Fatal Injury,,No Control,SMV Other,Clear,Daylight,Dry,Major Arterial,FALSE,-79.47429098,43.691944299144616,1,Truck - Open (Flatbed),East,3,28,Minor,Lap and Shoulder Belt,Lost control,Inattentive,,,Turning Left,,,,,driver,,York South-Weston (5),12 Division,Beechborough-Greenbrook,FALSE,TRUE,FALSE,FALSE,FALSE,FALSE,FALSE,FALSE,FALSE,TRUE,"{""coordinates"": [[-79.4742909811681, 43.691944299144616]], ""type"": ""MultiPoint""}"
7185,2011:1251261,2011-07-20T11:30:00,KEELE ST,YORE RD,,6,Non-Fatal Injury,,No Control,SMV Other,Clear,Daylight,Dry,Major Arterial,FALSE,-79.47429098,43.691944299144616,1,,,1,48,Major,Lap and Shoulder Belt,,,,,,,,,,passenger,,York South-Weston (5),12 Division,Beechborough-Greenbrook,FALSE,TRUE,FALSE,FALSE,FALSE,FALSE,FALSE,FALSE,FALSE,TRUE,"{""coordinates"": [[-79.4742909811681, 43.691944299144616]], ""type"": ""MultiPoint""}"
7186,2011:1251261,2011-07-20T11:30:00,KEELE ST,YORE RD,,6,Non-Fatal Injury,,No Control,SMV Other,Clear,Daylight,Dry,Major Arterial,FALSE,-79.47429098,43.691944299144616,2,,,6,,,Other Safety Equipment Used,,,,,,,,,,owner,,York South-Weston (5),12 Division,Beechborough-Greenbrook,FALSE,TRUE,FALSE,FALSE,FALSE,FALSE,FALSE,FALSE,FALSE,TRUE,"{""coordinates"": [[-79.4742909811681, 43.691944299144616]], ""type"": ""MultiPoint""}"
7187,2011:1251261,2011-07-20T11:30:00,KEELE ST,YORE RD,,6,Non-Fatal Injury,,No Control,SMV Other,Clear,Daylight,Dry,Major Arterial,FALSE,-79.47429098,43.691944299144616,1,,,2,,,Other Safety Equipment Used,,,,,,,,,,owner,,York South-Weston (5),12 Division,Beechborough-Greenbrook,FALSE,TRUE,FALSE,FALSE,FALSE,FALSE,FALSE,FALSE,FALSE,TRUE,"{""coordinates"": [[-79.4742909811681, 43.691944299144616]], ""type"": ""MultiPoint""}"
7188,2011:1251261,2011-07-20T11:30:00,KEELE ST,YORE RD,,6,Non-Fatal Injury,,No Control,SMV Other,Clear,Daylight,Dry,Major Arterial,FALSE,-79.47429098,43.691944299144616,2,,,5,,,Other Safety Equipment Used,,,,,,,,,,owner,,York South-Weston (5),12 Division,Beechborough-Greenbrook,FALSE,TRUE,FALSE,FALSE,FALSE,FALSE,FALSE,FALSE,FALSE,TRUE,"{""coordinates"": [[-79.4742909811681, 43.691944299144616]], ""type"": ""MultiPoint""}"
7189,2011:1251239,2011-07-20T13:23:00,SHEPPARD AVE E,ALLANFORD RD,,2,Non-Fatal Injury,At Intersection,Traffic Signal,Turning Movement,Clear,Daylight,Dry,Major Arterial,FALSE,-79.29349054,43.78214405078685,1,Automobile or Station Wagon,East,1,18,Major,Lap and Shoulder Belt,Disobeyed traffic control,Inattentive,,,Going Ahead,,,,,driver,,Scarborough-Agincourt (22),42 Division,Tam O'Shanter-Sullivan,TRUE,TRUE,FALSE,FALSE,FALSE,FALSE,FALSE,TRUE,TRUE,FALSE,"{""coordinates"": [[-79.29349054492663, 43.78214405078685]], ""type"": ""MultiPoint""}"
7190,2011:1251239,2011-07-20T13:23:00,SHEPPARD AVE E,ALLANFORD RD,,2,Non-Fatal Injury,At Intersection,Traffic Signal,Turning Movement,Clear,Daylight,Dry,Major Arterial,FALSE,-79.29349054,43.78214405078685,2,Automobile or Station Wagon,North,2,35,Minimal,Lap and Shoulder Belt,Driving properly,Normal,,,Turning Left,,,,,driver,,Scarborough-Agincourt (22),42 Division,Tam O'Shanter-Sullivan,TRUE,TRUE,FALSE,FALSE,FALSE,FALSE,FALSE,TRUE,TRUE,FALSE,"{""coordinates"": [[-79.29349054492663, 43.78214405078685]], ""type"": ""MultiPoint""}"
7191,2011:1253635,2011-07-20T18:00:00,QUEENS QUAY W,REES ST,,3,Non-Fatal Injury,At Intersection,Traffic Signal,Cyclist Collision,Clear,Daylight,Dry,Minor Arterial,FALSE,-79.3865909,43.63884418988292,1,,,1,,,Other Safety Equipment Used,,,,,,,,,,owner,,Spadina-Fort York (10),52 Division,Harbourfront-CityPlace,FALSE,FALSE,TRUE,FALSE,FALSE,FALSE,FALSE,FALSE,FALSE,FALSE,"{""coordinates"": [[-79.3865909010781, 43.63884418988292]], ""type"": ""MultiPoint""}"
7192,2011:1253635,2011-07-20T18:00:00,QUEENS QUAY W,REES ST,,3,Non-Fatal Injury,At Intersection,Traffic Signal,Cyclist Collision,Clear,Daylight,Dry,Minor Arterial,FALSE,-79.3865909,43.63884418988292,1,Automobile or Station Wagon,West,2,42,None,Lap and Shoulder Belt,Other,Normal,,,Parked,,,,,driver,,Spadina-Fort York (10),52 Division,Harbourfront-CityPlace,FALSE,FALSE,TRUE,FALSE,FALSE,FALSE,FALSE,FALSE,FALSE,FALSE,"{""coordinates"": [[-79.3865909010781, 43.63884418988292]], ""type"": ""MultiPoint""}"
7193,2011:1253635,2011-07-20T18:00:00,QUEENS QUAY W,REES ST,,3,Non-Fatal Injury,At Intersection,Traffic Signal,Cyclist Collision,Clear,Daylight,Dry,Minor Arterial,FALSE,-79.3865909,43.63884418988292,2,Bicycle,West,3,43,Major,Helmet,,,,,Going Ahead,,Dooring,Driving Properly,Normal,cyclist,,Spadina-Fort York (10),52 Division,Harbourfront-CityPlace,FALSE,FALSE,TRUE,FALSE,FALSE,FALSE,FALSE,FALSE,FALSE,FALSE,"{""coordinates"": [[-79.3865909010781, 43.63884418988292]], ""type"": ""MultiPoint""}"
7194,2011:1251696,2011-07-20T18:19:00,EGLINTON AVE E,DON AVON DR,,3,Non-Fatal Injury,,No Control,Turning Movement,Clear,Daylight,Dry,Major Arterial,FALSE,-79.36229074,43.71404414020224,2,Automobile or Station Wagon,East,3,50,Major,Lap and Shoulder Belt,Driving properly,Normal,,,Going Ahead,,,,,driver,,Don Valley West (15),53 Division,Thorncliffe Park,TRUE,TRUE,FALSE,FALSE,FALSE,FALSE,FALSE,FALSE,FALSE,FALSE,"{""coordinates"": [[-79.36229074225726, 43.71404414020224]], ""type"": ""MultiPoint""}"
7195,2011:1251696,2011-07-20T18:19:00,EGLINTON AVE E,DON AVON DR,,3,Non-Fatal Injury,,No Control,Turning Movement,Clear,Daylight,Dry,Major Arterial,FALSE,-79.36229074,43.71404414020224,1,,,1,56,Minor,Air Bag Deployed,,,,,,,,,,passenger,,Don Valley West (15),53 Division,Thorncliffe Park,TRUE,TRUE,FALSE,FALSE,FALSE,FALSE,FALSE,FALSE,FALSE,FALSE,"{""coordinates"": [[-79.36229074225726, 43.71404414020224]], ""type"": ""MultiPoint""}"
7196,2011:1251696,2011-07-20T18:19:00,EGLINTON AVE E,DON AVON DR,,3,Non-Fatal Injury,,No Control,Turning Movement,Clear,Daylight,Dry,Major Arterial,FALSE,-79.36229074,43.71404414020224,1,Automobile or Station Wagon,West,2,53,Minor,Air Bag Deployed,Failed to yield right-of-way,Inattentive,,,Turning Left,,,,,driver,,Don Valley West (15),53 Division,Thorncliffe Park,TRUE,TRUE,FALSE,FALSE,FALSE,FALSE,FALSE,FALSE,FALSE,FALSE,"{""coordinates"": [[-79.36229074225726, 43.71404414020224]], ""type"": ""MultiPoint""}"
7197,2011:1251711,2011-07-21T16:45:00,NORTHERN DANCER BLVD,QUEEN ST E,,2,Non-Fatal Injury,At Intersection,Stop Sign,Pedestrian Collision(internal code),Clear,Daylight,Dry,Minor Arterial,FALSE,-79.31139071,43.66744407488252,2,,East,2,43,Major,No Equipment Available,,,Crossing with right-of-way (intersection),Normal,,Driver turns left into pedestrian crossing with right-of-way (at intersection),,,,pedestrian,,Beaches-East York (19),55 Division,The Beaches,TRUE,TRUE,FALSE,FALSE,FALSE,FALSE,TRUE,FALSE,FALSE,FALSE,"{""coordinates"": [[-79.3113907136003, 43.66744407488252]], ""type"": ""MultiPoint""}"
7198,2011:1251711,2011-07-21T16:45:00,NORTHERN DANCER BLVD,QUEEN ST E,,2,Non-Fatal Injury,At Intersection,Stop Sign,Pedestrian Collision(internal code),Clear,Daylight,Dry,Minor Arterial,FALSE,-79.31139071,43.66744407488252,1,Automobile or Station Wagon,North,1,37,None,Other Safety Equipment Used,Failed to yield right-of-way,Inattentive,,,Turning Left,,,,,driver,,Beaches-East York (19),55 Division,The Beaches,TRUE,TRUE,FALSE,FALSE,FALSE,FALSE,TRUE,FALSE,FALSE,FALSE,"{""coordinates"": [[-79.3113907136003, 43.66744407488252]], ""type"": ""MultiPoint""}"
7199,2011:1249794,2011-07-23T22:02:00,HIGHWAY 27 S,VICE REGENT BLVD,,2,Non-Fatal Injury,At Intersection,No Control,Pedestrian Collision(internal code),Rain,Dark with Artificial Lighting,Wet,Major Arterial,FALSE,-79.59299111,43.71134443222007,1,Automobile or Station Wagon,South,1,49,None,Other Safety Equipment Used,Driving properly,Normal,,,Going Ahead,,,,,driver,,Etobicoke North (1),23 Division,West Humber-Clairville,FALSE,FALSE,FALSE,FALSE,FALSE,TRUE,TRUE,FALSE,FALSE,FALSE,"{""coordinates"": [[-79.59299111105226, 43.71134443222007]], ""type"": ""MultiPoint""}"
7200,2011:1249794,2011-07-23T22:02:00,HIGHWAY 27 S,VICE REGENT BLVD,,2,Non-Fatal Injury,At Intersection,No Control,Pedestrian Collision(internal code),Rain,Dark with Artificial Lighting,Wet,Major Arterial,FALSE,-79.59299111,43.71134443222007,2,,West,2,67,Major,Other Safety Equipment Used,,,Crossing - no traffic control,Had Been Drinking,,Driver going straight hits pedestrian crossing without right-of-way (at intersection),,,,pedestrian,,Etobicoke North (1),23 Division,West Humber-Clairville,FALSE,FALSE,FALSE,FALSE,FALSE,TRUE,TRUE,FALSE,FALSE,FALSE,"{""coordinates"": [[-79.59299111105226, 43.71134443222007]], ""type"": ""MultiPoint""}"
7201,2011:1246736,2011-07-24T13:49:00,LAWRENCE AVE E,OVERTURE RD,,1,Fatal Injury,At Intersection,Traffic Signal,Approaching Head On,Clear,Daylight,Dry,Major Arterial,FALSE,-79.19949042,43.765443945290464,1,,,1,,Major,Lap and Shoulder Belt,,,,,Other,,,,,passenger,,Scarborough-Guildwood (24),43 Division,West Hill,FALSE,FALSE,FALSE,FALSE,FALSE,TRUE,FALSE,FALSE,FALSE,FALSE,"{""coordinates"": [[-79.19949041779152, 43.765443945290464]], ""type"": ""MultiPoint""}"
7202,2011:1246736,2011-07-24T13:49:00,LAWRENCE AVE E,OVERTURE RD,,1,Fatal Injury,At Intersection,Traffic Signal,Approaching Head On,Clear,Daylight,Dry,Major Arterial,FALSE,-79.19949042,43.765443945290464,2,,,5,,Minimal,No Equipment Available,,,,,Other,,,,,passenger,,Scarborough-Guildwood (24),43 Division,West Hill,FALSE,FALSE,FALSE,FALSE,FALSE,TRUE,FALSE,FALSE,FALSE,FALSE,"{""coordinates"": [[-79.19949041779152, 43.765443945290464]], ""type"": ""MultiPoint""}"
7203,2011:1246736,2011-07-24T13:49:00,LAWRENCE AVE E,OVERTURE RD,,1,Fatal Injury,At Intersection,Traffic Signal,Approaching Head On,Clear,Daylight,Dry,Major Arterial,FALSE,-79.19949042,43.765443945290464,1,Automobile or Station Wagon,East,2,66,Fatal,Lap and Shoulder Belt,,,,,Going Ahead,,,,,driver,15,Scarborough-Guildwood (24),43 Division,West Hill,FALSE,FALSE,FALSE,FALSE,FALSE,TRUE,FALSE,FALSE,FALSE,FALSE,"{""coordinates"": [[-79.19949041779152, 43.765443945290464]], ""type"": ""MultiPoint""}"
7204,2011:1246736,2011-07-24T13:49:00,LAWRENCE AVE E,OVERTURE RD,,1,Fatal Injury,At Intersection,Traffic Signal,Approaching Head On,Clear,Daylight,Dry,Major Arterial,FALSE,-79.19949042,43.765443945290464,2,Automobile or Station Wagon,West,6,42,None,Other Safety Equipment Used,,,,,Stopped,,,,,driver,,Scarborough-Guildwood (24),43 Division,West Hill,FALSE,FALSE,FALSE,FALSE,FALSE,TRUE,FALSE,FALSE,FALSE,FALSE,"{""coordinates"": [[-79.19949041779152, 43.765443945290464]], ""type"": ""MultiPoint""}"
7205,2011:1246736,2011-07-24T13:49:00,LAWRENCE AVE E,OVERTURE RD,,1,Fatal Injury,At Intersection,Traffic Signal,Approaching Head On,Clear,Daylight,Dry,Major Arterial,FALSE,-79.19949042,43.765443945290464,2,,,3,,Minimal,Other Safety Equipment Used,,,,,Other,,,,,passenger,,Scarborough-Guildwood (24),43 Division,West Hill,FALSE,FALSE,FALSE,FALSE,FALSE,TRUE,FALSE,FALSE,FALSE,FALSE,"{""coordinates"": [[-79.19949041779152, 43.765443945290464]], ""type"": ""MultiPoint""}"
7206,2011:1254646,2011-07-27T09:55:00,FINCH AVE E,KENNETH AVE,,2,Non-Fatal Injury,At Intersection,Traffic Signal,Pedestrian Collision(internal code),Clear,Daylight,Dry,Major Arterial,FALSE,-79.41229074,43.78044419310994,2,,North,2,53,Major,Other Safety Equipment Used,,,Crossing with right-of-way (intersection),Normal,,Driver turns left into pedestrian crossing with right-of-way (at intersection),,,,pedestrian,,Willowdale (18),32 Division,East Willowdale,TRUE,FALSE,FALSE,FALSE,FALSE,TRUE,TRUE,FALSE,FALSE,FALSE,"{""coordinates"": [[-79.41229074007055, 43.78044419310994]], ""type"": ""MultiPoint""}"