_id,collision_id,accdate,stname1,stname2,stname3,per_inv,acclass,accloc,traffictl,impactype,visible,light,rdsfcond,road_class,failtorem,longitude,latitude,veh_no,vehtype,initdir,per_no,invage,injury,safequip,drivact,drivcond,pedact,pedcond,manoeuvre,pedtype,cyclistype,cycact,cyccond,road_user,fatal_no,wardname,division,neighbourhood,aggressive,distracted,cyclist,motorcyclist,other_micromobility,older_adult,pedestrian,red_light,school_child,heavy_truck,geometry
7256,2011:1247862,2011-08-07T11:54:00,DIXON RD,GOLFWOOD HTS Heig,,3,Fatal Injury,At Intersection,Traffic Signal,Turning Movement,Clear,Daylight,Dry,Major Arterial,FALSE,-79.53989107,43.698544378013615,2,Automobile or Station Wagon,East,2,76,Minimal,Lap Belt Only,Driving properly,Normal,,,Turning Left,,,,,driver,,Etobicoke Centre (2),23 Division,Kingsview Village-The Westway,TRUE,FALSE,FALSE,TRUE,FALSE,TRUE,FALSE,FALSE,FALSE,FALSE,"{""coordinates"": [[-79.53989106736474, 43.698544378013615]], ""type"": ""MultiPoint""}"
7257,2011:1247862,2011-08-07T11:54:00,DIXON RD,GOLFWOOD HTS Heig,,3,Fatal Injury,At Intersection,Traffic Signal,Turning Movement,Clear,Daylight,Dry,Major Arterial,FALSE,-79.53989107,43.698544378013615,3,,,3,,,Other Safety Equipment Used,,,,,,,,,,owner,,Etobicoke Centre (2),23 Division,Kingsview Village-The Westway,TRUE,FALSE,FALSE,TRUE,FALSE,TRUE,FALSE,FALSE,FALSE,FALSE,"{""coordinates"": [[-79.53989106736474, 43.698544378013615]], ""type"": ""MultiPoint""}"
7258,2011:1247862,2011-08-07T11:54:00,DIXON RD,GOLFWOOD HTS Heig,,3,Fatal Injury,At Intersection,Traffic Signal,Turning Movement,Clear,Daylight,Dry,Major Arterial,FALSE,-79.53989107,43.698544378013615,1,Motorcycle,West,1,30,Fatal,Helmet,Exceeding speed limit,Normal,,,Going Ahead,,,,,motorcyclist,17,Etobicoke Centre (2),23 Division,Kingsview Village-The Westway,TRUE,FALSE,FALSE,TRUE,FALSE,TRUE,FALSE,FALSE,FALSE,FALSE,"{""coordinates"": [[-79.53989106736474, 43.698544378013615]], ""type"": ""MultiPoint""}"
7259,2011:1258248,2011-08-08T14:57:00,BIRCHMOUNT RD,BONIS AVE,,2,Non-Fatal Injury,At Intersection,Traffic Signal,Cyclist Collision,Clear,Daylight,Dry,Major Arterial,FALSE,-79.29929055,43.783544057835094,2,Bicycle,East,2,60,Major,No Equipment Available,,,,,Going Ahead,,Driver turns left into path of cyclist,Other,Normal,cyclist,,Scarborough-Agincourt (22),42 Division,Tam O'Shanter-Sullivan,TRUE,FALSE,TRUE,FALSE,FALSE,FALSE,FALSE,FALSE,FALSE,FALSE,"{""coordinates"": [[-79.29929055310892, 43.783544057835094]], ""type"": ""MultiPoint""}"
7260,2011:1258248,2011-08-08T14:57:00,BIRCHMOUNT RD,BONIS AVE,,2,Non-Fatal Injury,At Intersection,Traffic Signal,Cyclist Collision,Clear,Daylight,Dry,Major Arterial,FALSE,-79.29929055,43.783544057835094,1,Automobile or Station Wagon,West,1,50,None,Other Safety Equipment Used,Failed to yield right-of-way,Normal,,,Turning Left,,,,,driver,,Scarborough-Agincourt (22),42 Division,Tam O'Shanter-Sullivan,TRUE,FALSE,TRUE,FALSE,FALSE,FALSE,FALSE,FALSE,FALSE,FALSE,"{""coordinates"": [[-79.29929055310892, 43.783544057835094]], ""type"": ""MultiPoint""}"
7261,2011:1258512,2011-08-09T18:10:00,QUEEN ST E,DALHOUSIE ST,,3,Non-Fatal Injury,,No Control,Rear End,Clear,Daylight,Dry,Major Arterial,FALSE,-79.37519086,43.65334416974078,1,Municipal Transit Bus (TTC),East,2,51,None,Lap Belt Only,Driving properly,Normal,,,Going Ahead,,,,,driver,,Toronto Centre (13),51 Division,Downtown Yonge East,FALSE,TRUE,FALSE,FALSE,FALSE,FALSE,FALSE,FALSE,FALSE,TRUE,"{""coordinates"": [[-79.37519085661532, 43.65334416974078]], ""type"": ""MultiPoint""}"
7262,2011:1258512,2011-08-09T18:10:00,QUEEN ST E,DALHOUSIE ST,,3,Non-Fatal Injury,,No Control,Rear End,Clear,Daylight,Dry,Major Arterial,FALSE,-79.37519086,43.65334416974078,1,,,1,,,Other Safety Equipment Used,,,,,,,,,,owner,,Toronto Centre (13),51 Division,Downtown Yonge East,FALSE,TRUE,FALSE,FALSE,FALSE,FALSE,FALSE,FALSE,FALSE,TRUE,"{""coordinates"": [[-79.37519085661532, 43.65334416974078]], ""type"": ""MultiPoint""}"
7263,2011:1258512,2011-08-09T18:10:00,QUEEN ST E,DALHOUSIE ST,,3,Non-Fatal Injury,,No Control,Rear End,Clear,Daylight,Dry,Major Arterial,FALSE,-79.37519086,43.65334416974078,2,Automobile or Station Wagon,East,3,51,Major,Lap Belt Only,Other,Inattentive,,,Slowing or Stopping,,,,,driver,,Toronto Centre (13),51 Division,Downtown Yonge East,FALSE,TRUE,FALSE,FALSE,FALSE,FALSE,FALSE,FALSE,FALSE,TRUE,"{""coordinates"": [[-79.37519085661532, 43.65334416974078]], ""type"": ""MultiPoint""}"
7264,2011:1251421,2011-08-09T21:41:00,ST CLAIR AVE E,VICROSS RD,,4,Non-Fatal Injury,,No Control,Pedestrian Collision(internal code),Clear,Dark,Dry,Major Arterial,TRUE,-79.30189064,43.707844059857884,1,Automobile or Station Wagon,East,2,31,None,Other Safety Equipment Used,Driving properly,Normal,,,Going Ahead,,,,,driver,,Beaches-East York (19),55 Division,O'Connor-Parkview,FALSE,FALSE,FALSE,FALSE,FALSE,FALSE,TRUE,FALSE,FALSE,FALSE,"{""coordinates"": [[-79.30189064264026, 43.707844059857884]], ""type"": ""MultiPoint""}"
7265,2011:1251421,2011-08-09T21:41:00,ST CLAIR AVE E,VICROSS RD,,4,Non-Fatal Injury,,No Control,Pedestrian Collision(internal code),Clear,Dark,Dry,Major Arterial,TRUE,-79.30189064,43.707844059857884,2,,South,4,56,Major,Other Safety Equipment Used,,,Crossing - no traffic control,Normal,,Driver hits pedestrian at midblock,,,,pedestrian,,Beaches-East York (19),55 Division,O'Connor-Parkview,FALSE,FALSE,FALSE,FALSE,FALSE,FALSE,TRUE,FALSE,FALSE,FALSE,"{""coordinates"": [[-79.30189064264026, 43.707844059857884]], ""type"": ""MultiPoint""}"
7266,2011:1251421,2011-08-09T21:41:00,ST CLAIR AVE E,VICROSS RD,,4,Non-Fatal Injury,,No Control,Pedestrian Collision(internal code),Clear,Dark,Dry,Major Arterial,TRUE,-79.30189064,43.707844059857884,2,Automobile or Station Wagon,Unknown,3,,None,Other Safety Equipment Used,Other,Other Condition,,,Unknown,,,,,driver,,Beaches-East York (19),55 Division,O'Connor-Parkview,FALSE,FALSE,FALSE,FALSE,FALSE,FALSE,TRUE,FALSE,FALSE,FALSE,"{""coordinates"": [[-79.30189064264026, 43.707844059857884]], ""type"": ""MultiPoint""}"
7267,2011:1251421,2011-08-09T21:41:00,ST CLAIR AVE E,VICROSS RD,,4,Non-Fatal Injury,,No Control,Pedestrian Collision(internal code),Clear,Dark,Dry,Major Arterial,TRUE,-79.30189064,43.707844059857884,1,,,1,,,Other Safety Equipment Used,,,,,,,,,,owner,,Beaches-East York (19),55 Division,O'Connor-Parkview,FALSE,FALSE,FALSE,FALSE,FALSE,FALSE,TRUE,FALSE,FALSE,FALSE,"{""coordinates"": [[-79.30189064264026, 43.707844059857884]], ""type"": ""MultiPoint""}"
7268,2011:1258447,2011-08-11T15:30:00,BISHOP Aven,KENNETH Aven,,2,Non-Fatal Injury,At Intersection,No Control,Pedestrian Collision(internal code),Clear,Daylight,Dry,Collector,FALSE,-79.41309074,43.78234419385691,2,,East,2,56,Major,No Equipment Available,,,Crossing with right-of-way (intersection),Normal,,Driver turns left into pedestrian crossing with right-of-way (at intersection),,,,pedestrian,,Willowdale (18),32 Division,Newtonbrook East,TRUE,TRUE,FALSE,FALSE,FALSE,FALSE,TRUE,FALSE,FALSE,FALSE,"{""coordinates"": [[-79.41309073927114, 43.78234419385691]], ""type"": ""MultiPoint""}"
7269,2011:1258447,2011-08-11T15:30:00,BISHOP Aven,KENNETH Aven,,2,Non-Fatal Injury,At Intersection,No Control,Pedestrian Collision(internal code),Clear,Daylight,Dry,Collector,FALSE,-79.41309074,43.78234419385691,1,Automobile or Station Wagon,West,1,51,None,Other Safety Equipment Used,Failed to yield right-of-way,Inattentive,,,Turning Left,,,,,driver,,Willowdale (18),32 Division,Newtonbrook East,TRUE,TRUE,FALSE,FALSE,FALSE,FALSE,TRUE,FALSE,FALSE,FALSE,"{""coordinates"": [[-79.41309073927114, 43.78234419385691]], ""type"": ""MultiPoint""}"
7270,2011:1258313,2011-08-12T14:30:00,STEELES AVE W,MARKBROOK LANE,,3,Non-Fatal Injury,,No Control,Rear End,Clear,Daylight,Dry,Major Arterial,FALSE,-79.58609102,43.76004439759172,1,Motorcycle,West,1,29,Major,Helmet,Speed too fast for conditions,Inattentive,,,Going Ahead,,,,,motorcyclist,,Etobicoke North (1),23 Division,Mount Olive-Silverstone-Jamestown,TRUE,TRUE,FALSE,TRUE,FALSE,FALSE,FALSE,FALSE,FALSE,TRUE,"{""coordinates"": [[-79.58609101607878, 43.76004439759172]], ""type"": ""MultiPoint""}"
7271,2011:1258313,2011-08-12T14:30:00,STEELES AVE W,MARKBROOK LANE,,3,Non-Fatal Injury,,No Control,Rear End,Clear,Daylight,Dry,Major Arterial,FALSE,-79.58609102,43.76004439759172,2,Municipal Transit Bus (TTC),West,3,44,None,Lap Belt Only of Combined Assembly,Driving properly,Normal,,,Stopped,,,,,driver,,Etobicoke North (1),23 Division,Mount Olive-Silverstone-Jamestown,TRUE,TRUE,FALSE,TRUE,FALSE,FALSE,FALSE,FALSE,FALSE,TRUE,"{""coordinates"": [[-79.58609101607878, 43.76004439759172]], ""type"": ""MultiPoint""}"
7272,2011:1258313,2011-08-12T14:30:00,STEELES AVE W,MARKBROOK LANE,,3,Non-Fatal Injury,,No Control,Rear End,Clear,Daylight,Dry,Major Arterial,FALSE,-79.58609102,43.76004439759172,2,,,2,,,Other Safety Equipment Used,,,,,,,,,,owner,,Etobicoke North (1),23 Division,Mount Olive-Silverstone-Jamestown,TRUE,TRUE,FALSE,TRUE,FALSE,FALSE,FALSE,FALSE,FALSE,TRUE,"{""coordinates"": [[-79.58609101607878, 43.76004439759172]], ""type"": ""MultiPoint""}"
7273,2011:1248878,2011-08-12T18:08:00,DUFFERIN Stre,STEEPROCK Driv,,3,Non-Fatal Injury,At Intersection,Traffic Signal,Turning Movement,Clear,Daylight,Dry,Major Arterial,FALSE,-79.46519085,43.761044260404525,2,Automobile or Station Wagon,North,3,51,Minimal,Lap and Shoulder Belt,Driving properly,Normal,,,Turning Left,,,,,driver,,York Centre (6),32 Division,Bathurst Manor,TRUE,TRUE,FALSE,TRUE,FALSE,FALSE,FALSE,FALSE,FALSE,FALSE,"{""coordinates"": [[-79.46519084965489, 43.761044260404525]], ""type"": ""MultiPoint""}"
7274,2011:1248878,2011-08-12T18:08:00,DUFFERIN Stre,STEEPROCK Driv,,3,Non-Fatal Injury,At Intersection,Traffic Signal,Turning Movement,Clear,Daylight,Dry,Major Arterial,FALSE,-79.46519085,43.761044260404525,1,Motorcycle,South,2,25,Major,Helmet,Speed too fast for conditions,Inattentive,,,Going Ahead,,,,,motorcyclist,,York Centre (6),32 Division,Bathurst Manor,TRUE,TRUE,FALSE,TRUE,FALSE,FALSE,FALSE,FALSE,FALSE,FALSE,"{""coordinates"": [[-79.46519084965489, 43.761044260404525]], ""type"": ""MultiPoint""}"
7275,2011:1248878,2011-08-12T18:08:00,DUFFERIN Stre,STEEPROCK Driv,,3,Non-Fatal Injury,At Intersection,Traffic Signal,Turning Movement,Clear,Daylight,Dry,Major Arterial,FALSE,-79.46519085,43.761044260404525,1,,,1,,,Other Safety Equipment Used,,,,,,,,,,owner,,York Centre (6),32 Division,Bathurst Manor,TRUE,TRUE,FALSE,TRUE,FALSE,FALSE,FALSE,FALSE,FALSE,FALSE,"{""coordinates"": [[-79.46519084965489, 43.761044260404525]], ""type"": ""MultiPoint""}"
7276,2011:1248931,2011-08-13T18:00:00,28 REGATTA CRES,,,1,Fatal Injury,,No Control,Pedestrian Collision(internal code),Clear,Daylight,Dry,Local,FALSE,-79.44389078,43.789344229554466,2,,South,2,75,Fatal,Other Safety Equipment Used,,,On sidewalk or shoulder,Unknown,,Driver hits pedestrian at private driveway,,,,pedestrian,19,Willowdale (18),32 Division,Newtonbrook West,FALSE,FALSE,FALSE,FALSE,FALSE,TRUE,TRUE,FALSE,FALSE,FALSE,"{""coordinates"": [[-79.44389078121449, 43.789344229554466]], ""type"": ""MultiPoint""}"
7277,2011:1248931,2011-08-13T18:00:00,28 REGATTA CRES,,,1,Fatal Injury,,No Control,Pedestrian Collision(internal code),Clear,Daylight,Dry,Local,FALSE,-79.44389078,43.789344229554466,1,Automobile or Station Wagon,West,1,48,None,Use Unknown,Other,Unknown,,,Reversing,,,,,driver,,Willowdale (18),32 Division,Newtonbrook West,FALSE,FALSE,FALSE,FALSE,FALSE,TRUE,TRUE,FALSE,FALSE,FALSE,"{""coordinates"": [[-79.44389078121449, 43.789344229554466]], ""type"": ""MultiPoint""}"
7278,2011:1249167,2011-08-15T18:25:00,THE QUEENSWAY,INVERLEIGH Dr,,5,Non-Fatal Injury,,No Control,Rear End,Clear,Daylight,Dry,Major Arterial,FALSE,-79.49589114,43.62784436006972,2,,,3,56,Minimal,Lap and Shoulder Belt,,,,,,,,,,passenger,,Etobicoke-Lakeshore (3),22 Division,Stonegate-Queensway,FALSE,FALSE,FALSE,FALSE,FALSE,FALSE,FALSE,FALSE,FALSE,FALSE,"{""coordinates"": [[-79.49589113828314, 43.62784436006972]], ""type"": ""MultiPoint""}"
7279,2011:1249167,2011-08-15T18:25:00,THE QUEENSWAY,INVERLEIGH Dr,,5,Non-Fatal Injury,,No Control,Rear End,Clear,Daylight,Dry,Major Arterial,FALSE,-79.49589114,43.62784436006972,1,Automobile or Station Wagon,East,2,55,Major,Lap and Shoulder Belt,Lost control,Medical or Physical Disability,,,Going Ahead,,,,,driver,,Etobicoke-Lakeshore (3),22 Division,Stonegate-Queensway,FALSE,FALSE,FALSE,FALSE,FALSE,FALSE,FALSE,FALSE,FALSE,FALSE,"{""coordinates"": [[-79.49589113828314, 43.62784436006972]], ""type"": ""MultiPoint""}"
7280,2011:1249167,2011-08-15T18:25:00,THE QUEENSWAY,INVERLEIGH Dr,,5,Non-Fatal Injury,,No Control,Rear End,Clear,Daylight,Dry,Major Arterial,FALSE,-79.49589114,43.62784436006972,2,,,4,62,Minimal,Lap and Shoulder Belt,,,,,,,,,,passenger,,Etobicoke-Lakeshore (3),22 Division,Stonegate-Queensway,FALSE,FALSE,FALSE,FALSE,FALSE,FALSE,FALSE,FALSE,FALSE,FALSE,"{""coordinates"": [[-79.49589113828314, 43.62784436006972]], ""type"": ""MultiPoint""}"
7281,2011:1249167,2011-08-15T18:25:00,THE QUEENSWAY,INVERLEIGH Dr,,5,Non-Fatal Injury,,No Control,Rear End,Clear,Daylight,Dry,Major Arterial,FALSE,-79.49589114,43.62784436006972,1,,,1,,,Other Safety Equipment Used,,,,,,,,,,owner,,Etobicoke-Lakeshore (3),22 Division,Stonegate-Queensway,FALSE,FALSE,FALSE,FALSE,FALSE,FALSE,FALSE,FALSE,FALSE,FALSE,"{""coordinates"": [[-79.49589113828314, 43.62784436006972]], ""type"": ""MultiPoint""}"
7282,2011:1249167,2011-08-15T18:25:00,THE QUEENSWAY,INVERLEIGH Dr,,5,Non-Fatal Injury,,No Control,Rear End,Clear,Daylight,Dry,Major Arterial,FALSE,-79.49589114,43.62784436006972,2,Automobile or Station Wagon,East,5,63,Minimal,Lap and Shoulder Belt,Driving properly,Normal,,,Slowing or Stopping,,,,,driver,,Etobicoke-Lakeshore (3),22 Division,Stonegate-Queensway,FALSE,FALSE,FALSE,FALSE,FALSE,FALSE,FALSE,FALSE,FALSE,FALSE,"{""coordinates"": [[-79.49589113828314, 43.62784436006972]], ""type"": ""MultiPoint""}"
7283,2011:1249168,2011-08-15T21:10:00,F G GARDINER XY Expr E,427 X S GARDINER X E RAMP,,3,Non-Fatal Injury,,No Control,Rear End,Clear,Dark,Dry,,TRUE,-79.53439121,43.61604442,2,Automobile or Station Wagon,West,3,,None,Other Safety Equipment Used,Following too closely,Unknown,,,Going Ahead,,,,,driver,,Etobicoke-Lakeshore (3),22 Division,Alderwood,TRUE,FALSE,FALSE,FALSE,FALSE,FALSE,FALSE,FALSE,TRUE,FALSE,"{""coordinates"": [[-79.53439121362925, 43.6160444156413]], ""type"": ""MultiPoint""}"
7284,2011:1249168,2011-08-15T21:10:00,F G GARDINER XY Expr E,427 X S GARDINER X E RAMP,,3,Non-Fatal Injury,,No Control,Rear End,Clear,Dark,Dry,,TRUE,-79.53439121,43.61604442,1,Automobile or Station Wagon,West,2,18,Major,Lap and Shoulder Belt,Driving properly,Normal,,,Going Ahead,,,,,driver,,Etobicoke-Lakeshore (3),22 Division,Alderwood,TRUE,FALSE,FALSE,FALSE,FALSE,FALSE,FALSE,FALSE,TRUE,FALSE,"{""coordinates"": [[-79.53439121362925, 43.6160444156413]], ""type"": ""MultiPoint""}"
7285,2011:1249168,2011-08-15T21:10:00,F G GARDINER XY Expr E,427 X S GARDINER X E RAMP,,3,Non-Fatal Injury,,No Control,Rear End,Clear,Dark,Dry,,TRUE,-79.53439121,43.61604442,1,,,1,50,Major,Lap and Shoulder Belt,,,,,,,,,,passenger,,Etobicoke-Lakeshore (3),22 Division,Alderwood,TRUE,FALSE,FALSE,FALSE,FALSE,FALSE,FALSE,FALSE,TRUE,FALSE,"{""coordinates"": [[-79.53439121362925, 43.6160444156413]], ""type"": ""MultiPoint""}"
7286,2011:1249510,2011-08-16T06:06:00,374 BROCK AVE,PUBLIC LANE,,1,Fatal Injury,,No Control,SMV Other,Clear,Daylight,Dry,Laneway,FALSE,-79.43739098,43.652744261673874,2,,,2,,None,Other Safety Equipment Used,,,,,Other,,,,,other,,Davenport (9),11 Division,Dufferin Grove,FALSE,FALSE,FALSE,FALSE,FALSE,FALSE,FALSE,FALSE,FALSE,FALSE,"{""coordinates"": [[-79.43739097872162, 43.652744261673874]], ""type"": ""MultiPoint""}"
7287,2011:1249510,2011-08-16T06:06:00,374 BROCK AVE,PUBLIC LANE,,1,Fatal Injury,,No Control,SMV Other,Clear,Daylight,Dry,Laneway,FALSE,-79.43739098,43.652744261673874,1,Automobile or Station Wagon,North,1,59,Fatal,Equipment Not Used But Available,Other,Normal,,,Reversing,,,,,driver,20,Davenport (9),11 Division,Dufferin Grove,FALSE,FALSE,FALSE,FALSE,FALSE,FALSE,FALSE,FALSE,FALSE,FALSE,"{""coordinates"": [[-79.43739097872162, 43.652744261673874]], ""type"": ""MultiPoint""}"
7288,2011:1253834,2011-08-16T16:40:00,BLUE JAYS WAY,NAVY WHARF CRT,,1,Non-Fatal Injury,At Intersection,No Control,Cyclist Collision,Clear,Daylight,Dry,Minor Arterial,TRUE,-79.39189091,43.641744197175385,1,Bicycle,West,2,28,Major,Helmet,,,,,Turning Left,,Cyclist turns left into path of driver,Driving Properly,Normal,cyclist,,Spadina-Fort York (10),52 Division,Harbourfront-CityPlace,TRUE,FALSE,TRUE,FALSE,FALSE,FALSE,FALSE,FALSE,FALSE,FALSE,"{""coordinates"": [[-79.39189090710931, 43.641744197175385]], ""type"": ""MultiPoint""}"
7289,2011:1253834,2011-08-16T16:40:00,BLUE JAYS WAY,NAVY WHARF CRT,,1,Non-Fatal Injury,At Intersection,No Control,Cyclist Collision,Clear,Daylight,Dry,Minor Arterial,TRUE,-79.39189091,43.641744197175385,1,Automobile or Station Wagon,West,1,,None,Other Safety Equipment Used,Failed to yield right-of-way,Unknown,,,Going Ahead,,,,,driver,,Spadina-Fort York (10),52 Division,Harbourfront-CityPlace,TRUE,FALSE,TRUE,FALSE,FALSE,FALSE,FALSE,FALSE,FALSE,FALSE,"{""coordinates"": [[-79.39189090710931, 43.641744197175385]], ""type"": ""MultiPoint""}"
7290,2011:1249833,2011-08-17T06:58:00,BATHURST ST,WILLIS ST,,3,Non-Fatal Injury,,No Control,Pedestrian Collision(internal code),Clear,Daylight,Dry,Major Arterial,FALSE,-79.40419092,43.64764421404876,1,Automobile or Station Wagon,South,2,36,None,Lap and Shoulder Belt,Driving properly,Normal,,,Going Ahead,,,,,driver,,Spadina-Fort York (10),14 Division,Trinity-Bellwoods,FALSE,FALSE,FALSE,FALSE,FALSE,FALSE,TRUE,FALSE,FALSE,FALSE,"{""coordinates"": [[-79.4041909221015, 43.64764421404876]], ""type"": ""MultiPoint""}"
7291,2011:1249833,2011-08-17T06:58:00,BATHURST ST,WILLIS ST,,3,Non-Fatal Injury,,No Control,Pedestrian Collision(internal code),Clear,Daylight,Dry,Major Arterial,FALSE,-79.40419092,43.64764421404876,2,,East,3,34,Major,Other Safety Equipment Used,,,Running onto roadway,Other Condition,,Driver going straight hits pedestrian crossing without right-of-way (at intersection),,,,pedestrian,,Spadina-Fort York (10),14 Division,Trinity-Bellwoods,FALSE,FALSE,FALSE,FALSE,FALSE,FALSE,TRUE,FALSE,FALSE,FALSE,"{""coordinates"": [[-79.4041909221015, 43.64764421404876]], ""type"": ""MultiPoint""}"
7292,2011:1249833,2011-08-17T06:58:00,BATHURST ST,WILLIS ST,,3,Non-Fatal Injury,,No Control,Pedestrian Collision(internal code),Clear,Daylight,Dry,Major Arterial,FALSE,-79.40419092,43.64764421404876,1,,,1,,,Other Safety Equipment Used,,,,,,,,,,owner,,Spadina-Fort York (10),14 Division,Trinity-Bellwoods,FALSE,FALSE,FALSE,FALSE,FALSE,FALSE,TRUE,FALSE,FALSE,FALSE,"{""coordinates"": [[-79.4041909221015, 43.64764421404876]], ""type"": ""MultiPoint""}"
7293,2011:1259502,2011-08-19T12:35:00,QUEEN ST E,RUSHBROOKE AVE,,2,Non-Fatal Injury,At Intersection,No Control,Pedestrian Collision(internal code),Clear,Daylight,Dry,Minor Arterial,FALSE,-79.33229076,43.66284410549421,1,Automobile or Station Wagon,East,1,52,None,Lap and Shoulder Belt,Other,Normal,,,Reversing,,,,,driver,,Toronto-Danforth (14),55 Division,South Riverdale,FALSE,FALSE,FALSE,FALSE,FALSE,TRUE,TRUE,FALSE,FALSE,FALSE,"{""coordinates"": [[-79.33229075989, 43.66284410549421]], ""type"": ""MultiPoint""}"
7294,2011:1259502,2011-08-19T12:35:00,QUEEN ST E,RUSHBROOKE AVE,,2,Non-Fatal Injury,At Intersection,No Control,Pedestrian Collision(internal code),Clear,Daylight,Dry,Minor Arterial,FALSE,-79.33229076,43.66284410549421,2,,West,2,86,Major,Other Safety Equipment Used,,,Other,Normal,,Driver reversing hits pedestrian,,,,pedestrian,,Toronto-Danforth (14),55 Division,South Riverdale,FALSE,FALSE,FALSE,FALSE,FALSE,TRUE,TRUE,FALSE,FALSE,FALSE,"{""coordinates"": [[-79.33229075989, 43.66284410549421]], ""type"": ""MultiPoint""}"
7295,2011:1260223,2011-08-19T13:20:00,BATHURST ST,BARTON AVE,,3,Non-Fatal Injury,At Intersection,Traffic Signal,Turning Movement,Clear,Daylight,Dry,Major Arterial,FALSE,-79.41239091,43.668144220311085,2,Automobile or Station Wagon,North,3,43,None,Lap Belt Only,Improper turn,Normal,,,Turning Left,,,,,driver,,University-Rosedale (11),14 Division,Annex,FALSE,FALSE,FALSE,TRUE,FALSE,FALSE,FALSE,FALSE,TRUE,FALSE,"{""coordinates"": [[-79.41239090528718, 43.668144220311085]], ""type"": ""MultiPoint""}"
7296,2011:1260223,2011-08-19T13:20:00,BATHURST ST,BARTON AVE,,3,Non-Fatal Injury,At Intersection,Traffic Signal,Turning Movement,Clear,Daylight,Dry,Major Arterial,FALSE,-79.41239091,43.668144220311085,1,,,1,17,Major,Helmet,,,,,,,,,,passenger,,University-Rosedale (11),14 Division,Annex,FALSE,FALSE,FALSE,TRUE,FALSE,FALSE,FALSE,FALSE,TRUE,FALSE,"{""coordinates"": [[-79.41239090528718, 43.668144220311085]], ""type"": ""MultiPoint""}"
7297,2011:1260223,2011-08-19T13:20:00,BATHURST ST,BARTON AVE,,3,Non-Fatal Injury,At Intersection,Traffic Signal,Turning Movement,Clear,Daylight,Dry,Major Arterial,FALSE,-79.41239091,43.668144220311085,1,Motorcycle,South,2,39,Major,Helmet,Driving properly,Normal,,,Going Ahead,,,,,motorcyclist,,University-Rosedale (11),14 Division,Annex,FALSE,FALSE,FALSE,TRUE,FALSE,FALSE,FALSE,FALSE,TRUE,FALSE,"{""coordinates"": [[-79.41239090528718, 43.668144220311085]], ""type"": ""MultiPoint""}"
7298,2011:1259578,2011-08-19T21:28:00,BLOOR ST W,HARCROFT RD,,2,Non-Fatal Injury,,No Control,Cyclist Collision,Clear,Dark,Dry,Major Arterial,TRUE,-79.47289105,43.65184431446143,1,Automobile or Station Wagon,East,1,,None,Use Unknown,Improper passing,Unknown,,,Overtaking,,,,,driver,,Parkdale-High Park (4),11 Division,High Park-Swansea,TRUE,FALSE,TRUE,FALSE,FALSE,FALSE,FALSE,FALSE,FALSE,FALSE,"{""coordinates"": [[-79.47289104948845, 43.65184431446143]], ""type"": ""MultiPoint""}"
7299,2011:1259578,2011-08-19T21:28:00,BLOOR ST W,HARCROFT RD,,2,Non-Fatal Injury,,No Control,Cyclist Collision,Clear,Dark,Dry,Major Arterial,TRUE,-79.47289105,43.65184431446143,1,Bicycle,East,2,45,Major,No Equipment Available,,,,,Going Ahead,,Sideswipe with cyclist and driver travelling in same direction,Driving Properly,Normal,cyclist,,Parkdale-High Park (4),11 Division,High Park-Swansea,TRUE,FALSE,TRUE,FALSE,FALSE,FALSE,FALSE,FALSE,FALSE,FALSE,"{""coordinates"": [[-79.47289104948845, 43.65184431446143]], ""type"": ""MultiPoint""}"
7300,2011:1250312,2011-08-20T02:03:00,PORT UNION RD,ADENMORE RD,,4,Non-Fatal Injury,,No Control,SMV Other,Clear,Dark,Dry,Minor Arterial,FALSE,-79.13829032,43.783343889199124,1,,,2,19,Minimal,Lap Belt Only,,,,,,,,,,passenger,,Scarborough-Rouge Park (25),43 Division,Centennial Scarborough,TRUE,FALSE,FALSE,FALSE,FALSE,FALSE,FALSE,FALSE,TRUE,FALSE,"{""coordinates"": [[-79.13829032247291, 43.783343889199124]], ""type"": ""MultiPoint""}"
7301,2011:1250312,2011-08-20T02:03:00,PORT UNION RD,ADENMORE RD,,4,Non-Fatal Injury,,No Control,SMV Other,Clear,Dark,Dry,Minor Arterial,FALSE,-79.13829032,43.783343889199124,1,,,1,19,Minimal,Lap and Shoulder Belt,,,,,,,,,,passenger,,Scarborough-Rouge Park (25),43 Division,Centennial Scarborough,TRUE,FALSE,FALSE,FALSE,FALSE,FALSE,FALSE,FALSE,TRUE,FALSE,"{""coordinates"": [[-79.13829032247291, 43.783343889199124]], ""type"": ""MultiPoint""}"
7302,2011:1250312,2011-08-20T02:03:00,PORT UNION RD,ADENMORE RD,,4,Non-Fatal Injury,,No Control,SMV Other,Clear,Dark,Dry,Minor Arterial,FALSE,-79.13829032,43.783343889199124,2,,,4,,,Other Safety Equipment Used,,,,,,,,,,owner,,Scarborough-Rouge Park (25),43 Division,Centennial Scarborough,TRUE,FALSE,FALSE,FALSE,FALSE,FALSE,FALSE,FALSE,TRUE,FALSE,"{""coordinates"": [[-79.13829032247291, 43.783343889199124]], ""type"": ""MultiPoint""}"
7303,2011:1250312,2011-08-20T02:03:00,PORT UNION RD,ADENMORE RD,,4,Non-Fatal Injury,,No Control,SMV Other,Clear,Dark,Dry,Minor Arterial,FALSE,-79.13829032,43.783343889199124,1,Automobile or Station Wagon,North,3,19,Major,Equipment Not Used But Available,Improper passing,Had Been Drinking,,,Overtaking,,,,,driver,,Scarborough-Rouge Park (25),43 Division,Centennial Scarborough,TRUE,FALSE,FALSE,FALSE,FALSE,FALSE,FALSE,FALSE,TRUE,FALSE,"{""coordinates"": [[-79.13829032247291, 43.783343889199124]], ""type"": ""MultiPoint""}"
7304,2011:1250553,2011-08-22T05:51:00,ROYAL YORK RD,HARTFIELD RD,,3,Fatal Injury,,No Control,SMV Other,Clear,Dark,Dry,Minor Arterial,FALSE,-79.5200911,43.66714437115732,2,Automobile or Station Wagon,North,2,53,Fatal,Other Safety Equipment Used,Lost control,Unknown,,,Going Ahead,,,,,driver,21,Etobicoke Centre (2),22 Division,Edenbridge-Humber Valley,FALSE,FALSE,FALSE,FALSE,FALSE,FALSE,FALSE,FALSE,FALSE,FALSE,"{""coordinates"": [[-79.52009110019023, 43.66714437115732]], ""type"": ""MultiPoint""}"