_id,collision_id,accdate,stname1,stname2,stname3,per_inv,acclass,accloc,traffictl,impactype,visible,light,rdsfcond,road_class,failtorem,longitude,latitude,veh_no,vehtype,initdir,per_no,invage,injury,safequip,drivact,drivcond,pedact,pedcond,manoeuvre,pedtype,cyclistype,cycact,cyccond,road_user,fatal_no,wardname,division,neighbourhood,aggressive,distracted,cyclist,motorcyclist,other_micromobility,older_adult,pedestrian,red_light,school_child,heavy_truck,geometry
7305,2011:1250553,2011-08-22T05:51:00,ROYAL YORK RD,HARTFIELD RD,,3,Fatal Injury,,No Control,SMV Other,Clear,Dark,Dry,Minor Arterial,FALSE,-79.5200911,43.66714437115732,3,,,3,,,Other Safety Equipment Used,,,,,,,,,,owner,,Etobicoke Centre (2),22 Division,Edenbridge-Humber Valley,FALSE,FALSE,FALSE,FALSE,FALSE,FALSE,FALSE,FALSE,FALSE,FALSE,"{""coordinates"": [[-79.52009110019023, 43.66714437115732]], ""type"": ""MultiPoint""}"
7306,2011:1250553,2011-08-22T05:51:00,ROYAL YORK RD,HARTFIELD RD,,3,Fatal Injury,,No Control,SMV Other,Clear,Dark,Dry,Minor Arterial,FALSE,-79.5200911,43.66714437115732,1,,,1,,,Other Safety Equipment Used,,,,,,,,,,owner,,Etobicoke Centre (2),22 Division,Edenbridge-Humber Valley,FALSE,FALSE,FALSE,FALSE,FALSE,FALSE,FALSE,FALSE,FALSE,FALSE,"{""coordinates"": [[-79.52009110019023, 43.66714437115732]], ""type"": ""MultiPoint""}"
7307,2011:1260139,2011-08-23T10:50:00,ELLESMERE RD,MCCOWAN RD,,5,Non-Fatal Injury,At Intersection,Traffic Signal,Angle,Clear,Daylight,Dry,Major Arterial,FALSE,-79.25149048,43.77214399896183,1,Automobile or Station Wagon,West,2,46,Minimal,Lap Belt Only,Driving properly,Normal,,,Going Ahead,,,,,driver,,Scarborough-Guildwood (24),43 Division,Woburn North,TRUE,FALSE,FALSE,FALSE,FALSE,TRUE,FALSE,TRUE,FALSE,FALSE,"{""coordinates"": [[-79.25149048466187, 43.77214399896183]], ""type"": ""MultiPoint""}"
7308,2011:1260139,2011-08-23T10:50:00,ELLESMERE RD,MCCOWAN RD,,5,Non-Fatal Injury,At Intersection,Traffic Signal,Angle,Clear,Daylight,Dry,Major Arterial,FALSE,-79.25149048,43.77214399896183,3,Automobile or Station Wagon,East,4,63,Minimal,Lap Belt Only,Driving properly,Normal,,,Going Ahead,,,,,driver,,Scarborough-Guildwood (24),43 Division,Woburn North,TRUE,FALSE,FALSE,FALSE,FALSE,TRUE,FALSE,TRUE,FALSE,FALSE,"{""coordinates"": [[-79.25149048466187, 43.77214399896183]], ""type"": ""MultiPoint""}"
7309,2011:1260139,2011-08-23T10:50:00,ELLESMERE RD,MCCOWAN RD,,5,Non-Fatal Injury,At Intersection,Traffic Signal,Angle,Clear,Daylight,Dry,Major Arterial,FALSE,-79.25149048,43.77214399896183,4,Automobile or Station Wagon,West,5,61,Minimal,Lap and Shoulder Belt,Driving properly,Normal,,,Going Ahead,,,,,driver,,Scarborough-Guildwood (24),43 Division,Woburn North,TRUE,FALSE,FALSE,FALSE,FALSE,TRUE,FALSE,TRUE,FALSE,FALSE,"{""coordinates"": [[-79.25149048466187, 43.77214399896183]], ""type"": ""MultiPoint""}"
7310,2011:1260139,2011-08-23T10:50:00,ELLESMERE RD,MCCOWAN RD,,5,Non-Fatal Injury,At Intersection,Traffic Signal,Angle,Clear,Daylight,Dry,Major Arterial,FALSE,-79.25149048,43.77214399896183,1,,,1,76,Minimal,Lap Belt Only,,,,,,,,,,passenger,,Scarborough-Guildwood (24),43 Division,Woburn North,TRUE,FALSE,FALSE,FALSE,FALSE,TRUE,FALSE,TRUE,FALSE,FALSE,"{""coordinates"": [[-79.25149048466187, 43.77214399896183]], ""type"": ""MultiPoint""}"
7311,2011:1260139,2011-08-23T10:50:00,ELLESMERE RD,MCCOWAN RD,,5,Non-Fatal Injury,At Intersection,Traffic Signal,Angle,Clear,Daylight,Dry,Major Arterial,FALSE,-79.25149048,43.77214399896183,2,Automobile or Station Wagon,South,3,75,Major,Lap Belt Only,Disobeyed traffic control,Medical or Physical Disability,,,Going Ahead,,,,,driver,,Scarborough-Guildwood (24),43 Division,Woburn North,TRUE,FALSE,FALSE,FALSE,FALSE,TRUE,FALSE,TRUE,FALSE,FALSE,"{""coordinates"": [[-79.25149048466187, 43.77214399896183]], ""type"": ""MultiPoint""}"
7312,2011:1260151,2011-08-23T17:42:00,WRIGHT AVE,SAM FRUSTAGLIO DR,,2,Non-Fatal Injury,At Intersection,No Control,SMV Other,Clear,Daylight with Artificial Lighting,Dry,Local,FALSE,-79.50899103,43.69934434,1,,,1,,,Other Safety Equipment Used,,,,,,,,,,owner,,York South-Weston (5),12 Division,Weston,FALSE,TRUE,FALSE,TRUE,FALSE,FALSE,FALSE,FALSE,FALSE,FALSE,"{""coordinates"": [[-79.50899102641027, 43.6993443415762]], ""type"": ""MultiPoint""}"
7313,2011:1260151,2011-08-23T17:42:00,WRIGHT AVE,SAM FRUSTAGLIO DR,,2,Non-Fatal Injury,At Intersection,No Control,SMV Other,Clear,Daylight with Artificial Lighting,Dry,Local,FALSE,-79.50899103,43.69934434,2,Motorcycle,West,2,24,Major,Helmet,Lost control,Inattentive,,,Going Ahead,,,,,motorcyclist,,York South-Weston (5),12 Division,Weston,FALSE,TRUE,FALSE,TRUE,FALSE,FALSE,FALSE,FALSE,FALSE,FALSE,"{""coordinates"": [[-79.50899102641027, 43.6993443415762]], ""type"": ""MultiPoint""}"
7314,2011:1252518,2011-08-23T19:05:00,WILLOWDALE AVE,PARKVIEW AVE,,3,Non-Fatal Injury,At Intersection,Stop Sign,Pedestrian Collision(internal code),Clear,Dusk,Dry,Minor Arterial,FALSE,-79.40359073,43.77314418337708,2,,West,3,72,Major,Other Safety Equipment Used,,,Crossing - no traffic control,Normal,,Driver turns left into pedestrian crossing without right-of-way (at intersection),,,,pedestrian,,Willowdale (18),32 Division,East Willowdale,FALSE,FALSE,FALSE,FALSE,FALSE,TRUE,TRUE,FALSE,FALSE,FALSE,"{""coordinates"": [[-79.40359073384207, 43.77314418337708]], ""type"": ""MultiPoint""}"
7315,2011:1250852,2011-08-23T19:05:00,WILLOWDALE AVE,PARKVIEW AVE,,3,Non-Fatal Injury,At Intersection,Stop Sign,Pedestrian Collision(internal code),Clear,Daylight,Dry,Minor Arterial,FALSE,-79.40359073,43.77314418337708,3,,,3,,Major,Other Safety Equipment Used,,,,,Other,,,,,pedestrian,,Willowdale (18),32 Division,East Willowdale,FALSE,FALSE,FALSE,FALSE,FALSE,FALSE,TRUE,FALSE,FALSE,FALSE,"{""coordinates"": [[-79.40359073384207, 43.77314418337708]], ""type"": ""MultiPoint""}"
7316,2011:1250852,2011-08-23T19:05:00,WILLOWDALE AVE,PARKVIEW AVE,,3,Non-Fatal Injury,At Intersection,Stop Sign,Pedestrian Collision(internal code),Clear,Daylight,Dry,Minor Arterial,FALSE,-79.40359073,43.77314418337708,1,,,1,,,Other Safety Equipment Used,,,,,,,,,,owner,,Willowdale (18),32 Division,East Willowdale,FALSE,FALSE,FALSE,FALSE,FALSE,FALSE,TRUE,FALSE,FALSE,FALSE,"{""coordinates"": [[-79.40359073384207, 43.77314418337708]], ""type"": ""MultiPoint""}"
7317,2011:1252518,2011-08-23T19:05:00,WILLOWDALE AVE,PARKVIEW AVE,,3,Non-Fatal Injury,At Intersection,Stop Sign,Pedestrian Collision(internal code),Clear,Dusk,Dry,Minor Arterial,FALSE,-79.40359073,43.77314418337708,1,,,1,,,Other Safety Equipment Used,,,,,,,,,,owner,,Willowdale (18),32 Division,East Willowdale,FALSE,FALSE,FALSE,FALSE,FALSE,TRUE,TRUE,FALSE,FALSE,FALSE,"{""coordinates"": [[-79.40359073384207, 43.77314418337708]], ""type"": ""MultiPoint""}"
7318,2011:1250852,2011-08-23T19:05:00,WILLOWDALE AVE,PARKVIEW AVE,,3,Non-Fatal Injury,At Intersection,Stop Sign,Pedestrian Collision(internal code),Clear,Daylight,Dry,Minor Arterial,FALSE,-79.40359073,43.77314418337708,2,Automobile or Station Wagon,,2,24,None,Other Safety Equipment Used,,,,,Turning Left,,,,,driver,,Willowdale (18),32 Division,East Willowdale,FALSE,FALSE,FALSE,FALSE,FALSE,FALSE,TRUE,FALSE,FALSE,FALSE,"{""coordinates"": [[-79.40359073384207, 43.77314418337708]], ""type"": ""MultiPoint""}"
7319,2011:1252518,2011-08-23T19:05:00,WILLOWDALE AVE,PARKVIEW AVE,,3,Non-Fatal Injury,At Intersection,Stop Sign,Pedestrian Collision(internal code),Clear,Dusk,Dry,Minor Arterial,FALSE,-79.40359073,43.77314418337708,1,Automobile or Station Wagon,East,2,24,None,Other Safety Equipment Used,Driving properly,Normal,,,Turning Left,,,,,driver,,Willowdale (18),32 Division,East Willowdale,FALSE,FALSE,FALSE,FALSE,FALSE,TRUE,TRUE,FALSE,FALSE,FALSE,"{""coordinates"": [[-79.40359073384207, 43.77314418337708]], ""type"": ""MultiPoint""}"
7320,2011:1260122,2011-08-24T16:30:00,DUNDAS ST W,PALMERSTON AVE,,3,Non-Fatal Injury,,No Control,Sideswipe,Clear,Daylight,Dry,Major Arterial,FALSE,-79.40849092,43.65174421929625,2,Automobile or Station Wagon,West,3,27,None,Other Safety Equipment Used,Improper turn,Normal,,,Turning Left,,,,,driver,,Spadina-Fort York (10),14 Division,Trinity-Bellwoods,FALSE,FALSE,FALSE,TRUE,FALSE,FALSE,FALSE,FALSE,FALSE,FALSE,"{""coordinates"": [[-79.40849092400154, 43.65174421929625]], ""type"": ""MultiPoint""}"
7321,2011:1260122,2011-08-24T16:30:00,DUNDAS ST W,PALMERSTON AVE,,3,Non-Fatal Injury,,No Control,Sideswipe,Clear,Daylight,Dry,Major Arterial,FALSE,-79.40849092,43.65174421929625,1,Motorcycle,West,1,33,Major,Helmet,Driving properly,Normal,,,Going Ahead,,,,,motorcyclist,,Spadina-Fort York (10),14 Division,Trinity-Bellwoods,FALSE,FALSE,FALSE,TRUE,FALSE,FALSE,FALSE,FALSE,FALSE,FALSE,"{""coordinates"": [[-79.40849092400154, 43.65174421929625]], ""type"": ""MultiPoint""}"
7322,2011:1260122,2011-08-24T16:30:00,DUNDAS ST W,PALMERSTON AVE,,3,Non-Fatal Injury,,No Control,Sideswipe,Clear,Daylight,Dry,Major Arterial,FALSE,-79.40849092,43.65174421929625,2,,,2,,,Other Safety Equipment Used,,,,,,,,,,owner,,Spadina-Fort York (10),14 Division,Trinity-Bellwoods,FALSE,FALSE,FALSE,TRUE,FALSE,FALSE,FALSE,FALSE,FALSE,FALSE,"{""coordinates"": [[-79.40849092400154, 43.65174421929625]], ""type"": ""MultiPoint""}"
7323,2011:1254054,2011-08-24T18:40:00,4662 DUNDAS ST W,,,2,Non-Fatal Injury,,No Control,Other,Clear,Daylight,Dry,Major Arterial,TRUE,-79.52319113,43.65484438129101,1,Motorcycle,West,1,41,Major,Helmet,Driving properly,Normal,,,Going Ahead,,,,,motorcyclist,,Etobicoke Centre (2),22 Division,Kingsway South,FALSE,FALSE,FALSE,TRUE,FALSE,FALSE,FALSE,FALSE,FALSE,FALSE,"{""coordinates"": [[-79.5231911269852, 43.65484438129101]], ""type"": ""MultiPoint""}"
7324,2011:1254054,2011-08-24T18:40:00,4662 DUNDAS ST W,,,2,Non-Fatal Injury,,No Control,Other,Clear,Daylight,Dry,Major Arterial,TRUE,-79.52319113,43.65484438129101,2,Automobile or Station Wagon,West,2,,None,Other Safety Equipment Used,Other,Unknown,,,Slowing or Stopping,,,,,driver,,Etobicoke Centre (2),22 Division,Kingsway South,FALSE,FALSE,FALSE,TRUE,FALSE,FALSE,FALSE,FALSE,FALSE,FALSE,"{""coordinates"": [[-79.5231911269852, 43.65484438129101]], ""type"": ""MultiPoint""}"
7325,2011:1263204,2011-08-25T08:03:00,MIDLAND AVE,STEELES AVE E,,4,Non-Fatal Injury,At Intersection,Traffic Signal,Pedestrian Collision(internal code),Clear,Daylight,Dry,Major Arterial,FALSE,-79.29729051,43.825944058889085,1,,,1,,,Other Safety Equipment Used,,,,,,,,,,owner,,Scarborough North (23),42 Division,Milliken,TRUE,FALSE,FALSE,FALSE,FALSE,FALSE,TRUE,FALSE,FALSE,FALSE,"{""coordinates"": [[-79.29729051206526, 43.825944058889085]], ""type"": ""MultiPoint""}"
7326,2025:5000415151,2025-02-25T16:55:00,JANE ST,FINCH AVE W,80 m South of,2,Non-Fatal Injury,Non-Intersection,No Control,SMV Other,Clear,Daylight,Wet,Major Arterial,FALSE,-79.51741464,43.756319823598304,1,Automobile or Station Wagon,North,1,37,Minimal,Lap and Shoulder Belt,Driving properly,Normal,,,Going Ahead,,,,,driver,,Humber River-Black Creek (7),31 Division,Glenfield-Jane Heights,FALSE,FALSE,FALSE,FALSE,FALSE,TRUE,TRUE,FALSE,FALSE,FALSE,"{""coordinates"": [[-79.51741463537029, 43.756319823598304]], ""type"": ""MultiPoint""}"
7327,2011:1263204,2011-08-25T08:03:00,MIDLAND AVE,STEELES AVE E,,4,Non-Fatal Injury,At Intersection,Traffic Signal,Pedestrian Collision(internal code),Clear,Daylight,Dry,Major Arterial,FALSE,-79.29729051,43.825944058889085,3,,East,4,49,Major,Other Safety Equipment Used,,,Crossing with right-of-way (intersection),Normal,,Driver turns right into pedestrian crossing with right-of-way (at intersection),,,,pedestrian,,Scarborough North (23),42 Division,Milliken,TRUE,FALSE,FALSE,FALSE,FALSE,FALSE,TRUE,FALSE,FALSE,FALSE,"{""coordinates"": [[-79.29729051206526, 43.825944058889085]], ""type"": ""MultiPoint""}"
7328,2011:1263204,2011-08-25T08:03:00,MIDLAND AVE,STEELES AVE E,,4,Non-Fatal Injury,At Intersection,Traffic Signal,Pedestrian Collision(internal code),Clear,Daylight,Dry,Major Arterial,FALSE,-79.29729051,43.825944058889085,1,Automobile or Station Wagon,East,2,48,None,Other Safety Equipment Used,Failed to yield right-of-way,Normal,,,Turning Right,,,,,driver,,Scarborough North (23),42 Division,Milliken,TRUE,FALSE,FALSE,FALSE,FALSE,FALSE,TRUE,FALSE,FALSE,FALSE,"{""coordinates"": [[-79.29729051206526, 43.825944058889085]], ""type"": ""MultiPoint""}"
7329,2011:1263204,2011-08-25T08:03:00,MIDLAND AVE,STEELES AVE E,,4,Non-Fatal Injury,At Intersection,Traffic Signal,Pedestrian Collision(internal code),Clear,Daylight,Dry,Major Arterial,FALSE,-79.29729051,43.825944058889085,2,,,3,,,Other Safety Equipment Used,,,,,,,,,,owner,,Scarborough North (23),42 Division,Milliken,TRUE,FALSE,FALSE,FALSE,FALSE,FALSE,TRUE,FALSE,FALSE,FALSE,"{""coordinates"": [[-79.29729051206526, 43.825944058889085]], ""type"": ""MultiPoint""}"
7330,2011:1263122,2011-08-25T19:44:00,LAWTON Blvd,WALMSLEY Blvd,,2,Non-Fatal Injury,,No Control,Cyclist Collision,Clear,Daylight,Dry,Local,FALSE,-79.39669084,43.69304419139432,2,Bicycle,North,2,51,Major,Helmet,,,,,Going Ahead,,Sideswipe with cyclist and driver travelling in same direction,Improper Passing,Normal,cyclist,,Toronto-St. Paul's (12),53 Division,Yonge-St.Clair,FALSE,FALSE,TRUE,FALSE,FALSE,FALSE,FALSE,FALSE,FALSE,FALSE,"{""coordinates"": [[-79.39669083642998, 43.69304419139432]], ""type"": ""MultiPoint""}"
7331,2011:1263122,2011-08-25T19:44:00,LAWTON Blvd,WALMSLEY Blvd,,2,Non-Fatal Injury,,No Control,Cyclist Collision,Clear,Daylight,Dry,Local,FALSE,-79.39669084,43.69304419139432,1,Automobile or Station Wagon,North,1,40,None,Lap Belt Only,Driving properly,Normal,,,Overtaking,,,,,driver,,Toronto-St. Paul's (12),53 Division,Yonge-St.Clair,FALSE,FALSE,TRUE,FALSE,FALSE,FALSE,FALSE,FALSE,FALSE,FALSE,"{""coordinates"": [[-79.39669083642998, 43.69304419139432]], ""type"": ""MultiPoint""}"
7332,2011:1251485,2011-08-26T19:24:00,F G GARDINER E Expr E,SPADINA Ave,,2,Non-Fatal Injury,,No Control,Rear End,Clear,Daylight,Dry,,FALSE,-79.39799093,43.637744207360214,2,Motorcycle,East,2,45,Major,Helmet,Driving properly,Normal,,,Going Ahead,,,,,motorcyclist,,Spadina-Fort York (10),14 Division,Harbourfront-CityPlace,FALSE,FALSE,FALSE,TRUE,FALSE,FALSE,FALSE,FALSE,FALSE,FALSE,"{""coordinates"": [[-79.397990925442, 43.637744207360214]], ""type"": ""MultiPoint""}"
7333,2011:1251485,2011-08-26T19:24:00,F G GARDINER E Expr E,SPADINA Ave,,2,Non-Fatal Injury,,No Control,Rear End,Clear,Daylight,Dry,,FALSE,-79.39799093,43.637744207360214,1,Automobile or Station Wagon,East,1,40,None,Other Safety Equipment Used,Improper lane change,Normal,,,Changing Lanes,,,,,driver,,Spadina-Fort York (10),14 Division,Harbourfront-CityPlace,FALSE,FALSE,FALSE,TRUE,FALSE,FALSE,FALSE,FALSE,FALSE,FALSE,"{""coordinates"": [[-79.397990925442, 43.637744207360214]], ""type"": ""MultiPoint""}"
7334,2011:1252026,2011-08-28T16:00:00,WARDEN AVE,ST CLAIR AVE E,,1,Non-Fatal Injury,,Traffic Signal,SMV Other,Clear,Daylight,Dry,Major Arterial,FALSE,-79.2809906,43.712044031751084,1,Motorcycle,North,1,27,Major,Helmet,Driving properly,Normal,,,Going Ahead,,,,,motorcyclist,,Scarborough Southwest (20),41 Division,Clairlea-Birchmount,FALSE,FALSE,FALSE,TRUE,FALSE,FALSE,FALSE,FALSE,FALSE,FALSE,"{""coordinates"": [[-79.28099059976076, 43.712044031751084]], ""type"": ""MultiPoint""}"
7335,2011:1251858,2011-08-29T19:35:00,DON VALLEY PARKWAY S,QUEEN St E,,2,Non-Fatal Injury,,No Control,Rear End,Clear,Daylight,Dry,Local,FALSE,-79.35329081,43.65744413682104,2,Automobile or Station Wagon,South,2,45,None,Lap and Shoulder Belt,Driving properly,Normal,,,Going Ahead,,,,,driver,,Toronto-Danforth (14),55 Division,South Riverdale,TRUE,FALSE,FALSE,TRUE,FALSE,FALSE,FALSE,FALSE,FALSE,FALSE,"{""coordinates"": [[-79.35329080804775, 43.65744413682104]], ""type"": ""MultiPoint""}"
7336,2011:1251858,2011-08-29T19:35:00,DON VALLEY PARKWAY S,QUEEN St E,,2,Non-Fatal Injury,,No Control,Rear End,Clear,Daylight,Dry,Local,FALSE,-79.35329081,43.65744413682104,1,Motorcycle,South,1,26,Major,Helmet,Following too closely,Normal,,,Going Ahead,,,,,motorcyclist,,Toronto-Danforth (14),55 Division,South Riverdale,TRUE,FALSE,FALSE,TRUE,FALSE,FALSE,FALSE,FALSE,FALSE,FALSE,"{""coordinates"": [[-79.35329080804775, 43.65744413682104]], ""type"": ""MultiPoint""}"
7337,2011:1252228,2011-08-30T14:38:00,LAWRENCE AVE E,E OF DVP ON RAMP Aven,,18,Fatal Injury,,No Control,Rear End,Clear,Daylight,Dry,Major Arterial,FALSE,-79.32799064,43.74024409201077,4,Municipal Transit Bus (TTC),West,7,51,None,Other Safety Equipment Used,Exceeding speed limit,Normal,,,Changing Lanes,,,,,driver,,Don Valley East (16),33 Division,Victoria Village,TRUE,FALSE,FALSE,FALSE,FALSE,FALSE,FALSE,FALSE,TRUE,TRUE,"{""coordinates"": [[-79.32799064498386, 43.74024409201077]], ""type"": ""MultiPoint""}"
7338,2011:1252228,2011-08-30T14:38:00,LAWRENCE AVE E,E OF DVP ON RAMP Aven,,18,Fatal Injury,,No Control,Rear End,Clear,Daylight,Dry,Major Arterial,FALSE,-79.32799064,43.74024409201077,4,,,14,9,None,Other Safety Equipment Used,,,,,,,,,,passenger,,Don Valley East (16),33 Division,Victoria Village,TRUE,FALSE,FALSE,FALSE,FALSE,FALSE,FALSE,FALSE,TRUE,TRUE,"{""coordinates"": [[-79.32799064498386, 43.74024409201077]], ""type"": ""MultiPoint""}"
7339,2011:1252228,2011-08-30T14:38:00,LAWRENCE AVE E,E OF DVP ON RAMP Aven,,18,Fatal Injury,,No Control,Rear End,Clear,Daylight,Dry,Major Arterial,FALSE,-79.32799064,43.74024409201077,4,,,9,43,Fatal,Other Safety Equipment Used,,,,,,,,,,passenger,22,Don Valley East (16),33 Division,Victoria Village,TRUE,FALSE,FALSE,FALSE,FALSE,FALSE,FALSE,FALSE,TRUE,TRUE,"{""coordinates"": [[-79.32799064498386, 43.74024409201077]], ""type"": ""MultiPoint""}"
7340,2011:1252228,2011-08-30T14:38:00,LAWRENCE AVE E,E OF DVP ON RAMP Aven,,18,Fatal Injury,,No Control,Rear End,Clear,Daylight,Dry,Major Arterial,FALSE,-79.32799064,43.74024409201077,4,,,17,21,None,Other Safety Equipment Used,,,,,,,,,,passenger,,Don Valley East (16),33 Division,Victoria Village,TRUE,FALSE,FALSE,FALSE,FALSE,FALSE,FALSE,FALSE,TRUE,TRUE,"{""coordinates"": [[-79.32799064498386, 43.74024409201077]], ""type"": ""MultiPoint""}"
7341,2011:1252228,2011-08-30T14:38:00,LAWRENCE AVE E,E OF DVP ON RAMP Aven,,18,Fatal Injury,,No Control,Rear End,Clear,Daylight,Dry,Major Arterial,FALSE,-79.32799064,43.74024409201077,4,,,8,20,None,Other Safety Equipment Used,,,,,,,,,,passenger,,Don Valley East (16),33 Division,Victoria Village,TRUE,FALSE,FALSE,FALSE,FALSE,FALSE,FALSE,FALSE,TRUE,TRUE,"{""coordinates"": [[-79.32799064498386, 43.74024409201077]], ""type"": ""MultiPoint""}"
7342,2011:1252228,2011-08-30T14:38:00,LAWRENCE AVE E,E OF DVP ON RAMP Aven,,18,Fatal Injury,,No Control,Rear End,Clear,Daylight,Dry,Major Arterial,FALSE,-79.32799064,43.74024409201077,4,,,5,44,Minor,Other Safety Equipment Used,,,,,,,,,,passenger,,Don Valley East (16),33 Division,Victoria Village,TRUE,FALSE,FALSE,FALSE,FALSE,FALSE,FALSE,FALSE,TRUE,TRUE,"{""coordinates"": [[-79.32799064498386, 43.74024409201077]], ""type"": ""MultiPoint""}"
7343,2011:1252228,2011-08-30T14:38:00,LAWRENCE AVE E,E OF DVP ON RAMP Aven,,18,Fatal Injury,,No Control,Rear End,Clear,Daylight,Dry,Major Arterial,FALSE,-79.32799064,43.74024409201077,5,,,18,40,Minor,Other Safety Equipment Used,,,,,,,,,,passenger,,Don Valley East (16),33 Division,Victoria Village,TRUE,FALSE,FALSE,FALSE,FALSE,FALSE,FALSE,FALSE,TRUE,TRUE,"{""coordinates"": [[-79.32799064498386, 43.74024409201077]], ""type"": ""MultiPoint""}"
7344,2011:1252228,2011-08-30T14:38:00,LAWRENCE AVE E,E OF DVP ON RAMP Aven,,18,Fatal Injury,,No Control,Rear End,Clear,Daylight,Dry,Major Arterial,FALSE,-79.32799064,43.74024409201077,4,,,11,45,Minor,Other Safety Equipment Used,,,,,,,,,,passenger,,Don Valley East (16),33 Division,Victoria Village,TRUE,FALSE,FALSE,FALSE,FALSE,FALSE,FALSE,FALSE,TRUE,TRUE,"{""coordinates"": [[-79.32799064498386, 43.74024409201077]], ""type"": ""MultiPoint""}"
7345,2011:1252228,2011-08-30T14:38:00,LAWRENCE AVE E,E OF DVP ON RAMP Aven,,18,Fatal Injury,,No Control,Rear End,Clear,Daylight,Dry,Major Arterial,FALSE,-79.32799064,43.74024409201077,4,,,13,28,Minor,Other Safety Equipment Used,,,,,,,,,,passenger,,Don Valley East (16),33 Division,Victoria Village,TRUE,FALSE,FALSE,FALSE,FALSE,FALSE,FALSE,FALSE,TRUE,TRUE,"{""coordinates"": [[-79.32799064498386, 43.74024409201077]], ""type"": ""MultiPoint""}"
7346,2011:1252228,2011-08-30T14:38:00,LAWRENCE AVE E,E OF DVP ON RAMP Aven,,18,Fatal Injury,,No Control,Rear End,Clear,Daylight,Dry,Major Arterial,FALSE,-79.32799064,43.74024409201077,4,,,15,17,Minor,Other Safety Equipment Used,,,,,,,,,,passenger,,Don Valley East (16),33 Division,Victoria Village,TRUE,FALSE,FALSE,FALSE,FALSE,FALSE,FALSE,FALSE,TRUE,TRUE,"{""coordinates"": [[-79.32799064498386, 43.74024409201077]], ""type"": ""MultiPoint""}"
7347,2011:1252228,2011-08-30T14:38:00,LAWRENCE AVE E,E OF DVP ON RAMP Aven,,18,Fatal Injury,,No Control,Rear End,Clear,Daylight,Dry,Major Arterial,FALSE,-79.32799064,43.74024409201077,1,,,2,,,Other Safety Equipment Used,,,,,,,,,,owner,,Don Valley East (16),33 Division,Victoria Village,TRUE,FALSE,FALSE,FALSE,FALSE,FALSE,FALSE,FALSE,TRUE,TRUE,"{""coordinates"": [[-79.32799064498386, 43.74024409201077]], ""type"": ""MultiPoint""}"
7348,2011:1252228,2011-08-30T14:38:00,LAWRENCE AVE E,E OF DVP ON RAMP Aven,,18,Fatal Injury,,No Control,Rear End,Clear,Daylight,Dry,Major Arterial,FALSE,-79.32799064,43.74024409201077,2,Automobile or Station Wagon,West,3,48,None,Other Safety Equipment Used,Driving properly,Normal,,,Going Ahead,,,,,driver,,Don Valley East (16),33 Division,Victoria Village,TRUE,FALSE,FALSE,FALSE,FALSE,FALSE,FALSE,FALSE,TRUE,TRUE,"{""coordinates"": [[-79.32799064498386, 43.74024409201077]], ""type"": ""MultiPoint""}"
7349,2011:1252228,2011-08-30T14:38:00,LAWRENCE AVE E,E OF DVP ON RAMP Aven,,18,Fatal Injury,,No Control,Rear End,Clear,Daylight,Dry,Major Arterial,FALSE,-79.32799064,43.74024409201077,4,,,10,36,Minor,Other Safety Equipment Used,,,,,,,,,,passenger,,Don Valley East (16),33 Division,Victoria Village,TRUE,FALSE,FALSE,FALSE,FALSE,FALSE,FALSE,FALSE,TRUE,TRUE,"{""coordinates"": [[-79.32799064498386, 43.74024409201077]], ""type"": ""MultiPoint""}"
7350,2011:1252228,2011-08-30T14:38:00,LAWRENCE AVE E,E OF DVP ON RAMP Aven,,18,Fatal Injury,,No Control,Rear End,Clear,Daylight,Dry,Major Arterial,FALSE,-79.32799064,43.74024409201077,3,,,4,56,None,Other Safety Equipment Used,,,,,,,,,,passenger,,Don Valley East (16),33 Division,Victoria Village,TRUE,FALSE,FALSE,FALSE,FALSE,FALSE,FALSE,FALSE,TRUE,TRUE,"{""coordinates"": [[-79.32799064498386, 43.74024409201077]], ""type"": ""MultiPoint""}"
7351,2011:1252228,2011-08-30T14:38:00,LAWRENCE AVE E,E OF DVP ON RAMP Aven,,18,Fatal Injury,,No Control,Rear End,Clear,Daylight,Dry,Major Arterial,FALSE,-79.32799064,43.74024409201077,4,,,6,,,Other Safety Equipment Used,,,,,,,,,,owner,,Don Valley East (16),33 Division,Victoria Village,TRUE,FALSE,FALSE,FALSE,FALSE,FALSE,FALSE,FALSE,TRUE,TRUE,"{""coordinates"": [[-79.32799064498386, 43.74024409201077]], ""type"": ""MultiPoint""}"
7352,2011:1252228,2011-08-30T14:38:00,LAWRENCE AVE E,E OF DVP ON RAMP Aven,,18,Fatal Injury,,No Control,Rear End,Clear,Daylight,Dry,Major Arterial,FALSE,-79.32799064,43.74024409201077,4,,,12,35,Minor,Other Safety Equipment Used,,,,,,,,,,passenger,,Don Valley East (16),33 Division,Victoria Village,TRUE,FALSE,FALSE,FALSE,FALSE,FALSE,FALSE,FALSE,TRUE,TRUE,"{""coordinates"": [[-79.32799064498386, 43.74024409201077]], ""type"": ""MultiPoint""}"
7353,2011:1252228,2011-08-30T14:38:00,LAWRENCE AVE E,E OF DVP ON RAMP Aven,,18,Fatal Injury,,No Control,Rear End,Clear,Daylight,Dry,Major Arterial,FALSE,-79.32799064,43.74024409201077,4,,,16,36,Minor,Other Safety Equipment Used,,,,,,,,,,passenger,,Don Valley East (16),33 Division,Victoria Village,TRUE,FALSE,FALSE,FALSE,FALSE,FALSE,FALSE,FALSE,TRUE,TRUE,"{""coordinates"": [[-79.32799064498386, 43.74024409201077]], ""type"": ""MultiPoint""}"
7354,2011:1252228,2011-08-30T14:38:00,LAWRENCE AVE E,E OF DVP ON RAMP Aven,,18,Fatal Injury,,No Control,Rear End,Clear,Daylight,Dry,Major Arterial,FALSE,-79.32799064,43.74024409201077,1,Truck - Open (Flatbed),West,1,40,None,Other Safety Equipment Used,Driving properly,Normal,,,Slowing or Stopping,,,,,driver,,Don Valley East (16),33 Division,Victoria Village,TRUE,FALSE,FALSE,FALSE,FALSE,FALSE,FALSE,FALSE,TRUE,TRUE,"{""coordinates"": [[-79.32799064498386, 43.74024409201077]], ""type"": ""MultiPoint""}"