_id,collision_id,accdate,stname1,stname2,stname3,per_inv,acclass,accloc,traffictl,impactype,visible,light,rdsfcond,road_class,failtorem,longitude,latitude,veh_no,vehtype,initdir,per_no,invage,injury,safequip,drivact,drivcond,pedact,pedcond,manoeuvre,pedtype,cyclistype,cycact,cyccond,road_user,fatal_no,wardname,division,neighbourhood,aggressive,distracted,cyclist,motorcyclist,other_micromobility,older_adult,pedestrian,red_light,school_child,heavy_truck,geometry
7405,2011:1253623,2011-09-12T13:16:00,STEELES AVE W,STEINWAY BLVD,,1,Fatal Injury,,No Control,Turning Movement,Clear,Daylight,Dry,Major Arterial,FALSE,-79.62099107,43.75394443824241,3,Automobile or Station Wagon,North,4,46,None,Other Safety Equipment Used,Driving properly,Normal,,,Turning Right,,,,,driver,,,,,TRUE,FALSE,FALSE,FALSE,FALSE,FALSE,FALSE,FALSE,FALSE,FALSE,"{""coordinates"": [[-79.62099106781089, 43.75394443824241]], ""type"": ""MultiPoint""}"
7406,2011:1253623,2011-09-12T13:16:00,STEELES AVE W,STEINWAY BLVD,,1,Fatal Injury,,No Control,Turning Movement,Clear,Daylight,Dry,Major Arterial,FALSE,-79.62099107,43.75394443824241,2,,,3,,,Other Safety Equipment Used,,,,,,,,,,owner,,,,,TRUE,FALSE,FALSE,FALSE,FALSE,FALSE,FALSE,FALSE,FALSE,FALSE,"{""coordinates"": [[-79.62099106781089, 43.75394443824241]], ""type"": ""MultiPoint""}"
7407,2011:1253623,2011-09-12T13:16:00,STEELES AVE W,STEINWAY BLVD,,1,Fatal Injury,,No Control,Turning Movement,Clear,Daylight,Dry,Major Arterial,FALSE,-79.62099107,43.75394443824241,1,,,1,,,Other Safety Equipment Used,,,,,,,,,,owner,,,,,TRUE,FALSE,FALSE,FALSE,FALSE,FALSE,FALSE,FALSE,FALSE,FALSE,"{""coordinates"": [[-79.62099106781089, 43.75394443824241]], ""type"": ""MultiPoint""}"
7408,2011:1253623,2011-09-12T13:16:00,STEELES AVE W,STEINWAY BLVD,,1,Fatal Injury,,No Control,Turning Movement,Clear,Daylight,Dry,Major Arterial,FALSE,-79.62099107,43.75394443824241,4,,,5,,,Other Safety Equipment Used,,,,,,,,,,owner,,,,,TRUE,FALSE,FALSE,FALSE,FALSE,FALSE,FALSE,FALSE,FALSE,FALSE,"{""coordinates"": [[-79.62099106781089, 43.75394443824241]], ""type"": ""MultiPoint""}"
7409,2011:1253623,2011-09-12T13:16:00,STEELES AVE W,STEINWAY BLVD,,1,Fatal Injury,,No Control,Turning Movement,Clear,Daylight,Dry,Major Arterial,FALSE,-79.62099107,43.75394443824241,1,Automobile or Station Wagon,West,2,59,Minor,Other Safety Equipment Used,Driving properly,Normal,,,Turning Left,,,,,driver,,,,,TRUE,FALSE,FALSE,FALSE,FALSE,FALSE,FALSE,FALSE,FALSE,FALSE,"{""coordinates"": [[-79.62099106781089, 43.75394443824241]], ""type"": ""MultiPoint""}"
7410,2011:1253770,2011-09-13T13:55:00,LUMSDEN AVE,OAK PARK AVE,,3,Non-Fatal Injury,At Intersection,Stop Sign,Pedestrian Collision(internal code),Clear,Daylight,Dry,Minor Arterial,FALSE,-79.31036768,43.693914072016675,1,Automobile or Station Wagon,,3,53,None,Other Safety Equipment Used,,,,,Going Ahead,,,,,driver,,Beaches-East York (19),55 Division,Woodbine-Lumsden,FALSE,FALSE,FALSE,FALSE,FALSE,FALSE,TRUE,FALSE,FALSE,FALSE,"{""coordinates"": [[-79.31036767643259, 43.693914072016675]], ""type"": ""MultiPoint""}"
7411,2011:1253770,2011-09-13T13:55:00,LUMSDEN AVE,OAK PARK AVE,,3,Non-Fatal Injury,At Intersection,Stop Sign,Pedestrian Collision(internal code),Clear,Daylight,Dry,Minor Arterial,FALSE,-79.31036768,43.693914072016675,2,,,1,,Major,Other Safety Equipment Used,,,,,Other,,,,,pedestrian,,Beaches-East York (19),55 Division,Woodbine-Lumsden,FALSE,FALSE,FALSE,FALSE,FALSE,FALSE,TRUE,FALSE,FALSE,FALSE,"{""coordinates"": [[-79.31036767643259, 43.693914072016675]], ""type"": ""MultiPoint""}"
7412,2011:1253770,2011-09-13T13:55:00,LUMSDEN AVE,OAK PARK AVE,,3,Non-Fatal Injury,At Intersection,Stop Sign,Pedestrian Collision(internal code),Clear,Daylight,Dry,Minor Arterial,FALSE,-79.31036768,43.693914072016675,2,Automobile or Station Wagon,,2,,None,Other Safety Equipment Used,,,,,Unknown,,,,,driver,,Beaches-East York (19),55 Division,Woodbine-Lumsden,FALSE,FALSE,FALSE,FALSE,FALSE,FALSE,TRUE,FALSE,FALSE,FALSE,"{""coordinates"": [[-79.31036767643259, 43.693914072016675]], ""type"": ""MultiPoint""}"
7413,2011:1253771,2011-09-13T19:58:00,LAKE SHORE BLVD W,bastion st,,2,Non-Fatal Injury,At Intersection,Traffic Signal,Pedestrian Collision(internal code),Clear,Dark with Artificial Lighting,Dry,Major Arterial,FALSE,-79.40359094,43.63594421630604,1,Automobile or Station Wagon,East,1,31,None,Other Safety Equipment Used,Driving properly,Normal,,,Going Ahead,,,,,driver,,Spadina-Fort York (10),14 Division,Fort York-Liberty Village,FALSE,FALSE,FALSE,FALSE,FALSE,FALSE,TRUE,FALSE,FALSE,FALSE,"{""coordinates"": [[-79.40359093942703, 43.63594421630604]], ""type"": ""MultiPoint""}"
7414,2011:1253771,2011-09-13T19:58:00,LAKE SHORE BLVD W,bastion st,,2,Non-Fatal Injury,At Intersection,Traffic Signal,Pedestrian Collision(internal code),Clear,Dark with Artificial Lighting,Dry,Major Arterial,FALSE,-79.40359094,43.63594421630604,2,,Unknown,2,27,Major,Other Safety Equipment Used,,,Running onto roadway,Unknown,,Driver going straight hits pedestrian crossing without right-of-way (at intersection),,,,pedestrian,,Spadina-Fort York (10),14 Division,Fort York-Liberty Village,FALSE,FALSE,FALSE,FALSE,FALSE,FALSE,TRUE,FALSE,FALSE,FALSE,"{""coordinates"": [[-79.40359093942703, 43.63594421630604]], ""type"": ""MultiPoint""}"
7415,2011:1264189,2011-09-13T21:22:00,BATHURST St,HERRICK St,,3,Non-Fatal Injury,,No Control,Turning Movement,Clear,Dark,Dry,Major Arterial,FALSE,-79.41019091,43.662644218707655,2,Automobile or Station Wagon,North,3,49,None,Lap Belt Only,Failed to yield right-of-way,Normal,,,Making U-Turn,,,,,driver,,University-Rosedale (11),14 Division,University,TRUE,FALSE,FALSE,TRUE,FALSE,FALSE,FALSE,FALSE,FALSE,FALSE,"{""coordinates"": [[-79.41019090988722, 43.662644218707655]], ""type"": ""MultiPoint""}"
7416,2011:1264189,2011-09-13T21:22:00,BATHURST St,HERRICK St,,3,Non-Fatal Injury,,No Control,Turning Movement,Clear,Dark,Dry,Major Arterial,FALSE,-79.41019091,43.662644218707655,1,,,1,35,Major,Helmet,,,,,,,,,,passenger,,University-Rosedale (11),14 Division,University,TRUE,FALSE,FALSE,TRUE,FALSE,FALSE,FALSE,FALSE,FALSE,FALSE,"{""coordinates"": [[-79.41019090988722, 43.662644218707655]], ""type"": ""MultiPoint""}"
7417,2011:1264189,2011-09-13T21:22:00,BATHURST St,HERRICK St,,3,Non-Fatal Injury,,No Control,Turning Movement,Clear,Dark,Dry,Major Arterial,FALSE,-79.41019091,43.662644218707655,1,Motorcycle,North,2,34,Major,Helmet,Driving properly,Normal,,,Going Ahead,,,,,motorcyclist,,University-Rosedale (11),14 Division,University,TRUE,FALSE,FALSE,TRUE,FALSE,FALSE,FALSE,FALSE,FALSE,FALSE,"{""coordinates"": [[-79.41019090988722, 43.662644218707655]], ""type"": ""MultiPoint""}"
7418,2011:1265429,2011-09-14T14:00:00,YONGE Stre,ST MARY Stre,,3,Non-Fatal Injury,,Stop Sign,Pedestrian Collision(internal code),Clear,Daylight,Dry,Major Arterial,FALSE,-79.38589086,43.667944182189615,1,Automobile or Station Wagon,East,3,50,None,Other Safety Equipment Used,Improper turn,Inattentive,,,Turning Left,,,,,driver,,Toronto Centre (13),52 Division,Bay-Cloverhill,FALSE,TRUE,FALSE,FALSE,FALSE,TRUE,TRUE,FALSE,FALSE,FALSE,"{""coordinates"": [[-79.38589085505501, 43.667944182189615]], ""type"": ""MultiPoint""}"
7419,2011:1265429,2011-09-14T14:00:00,YONGE Stre,ST MARY Stre,,3,Non-Fatal Injury,,Stop Sign,Pedestrian Collision(internal code),Clear,Daylight,Dry,Major Arterial,FALSE,-79.38589086,43.667944182189615,1,,East,1,85,Major,Other Safety Equipment Used,,,Crossing without right-of-way (intersection),Inattentive,,Driver turns left into pedestrian crossing without right-of-way (at intersection),,,,pedestrian,,Toronto Centre (13),52 Division,Bay-Cloverhill,FALSE,TRUE,FALSE,FALSE,FALSE,TRUE,TRUE,FALSE,FALSE,FALSE,"{""coordinates"": [[-79.38589085505501, 43.667944182189615]], ""type"": ""MultiPoint""}"
7420,2011:1254156,2011-09-15T18:04:00,FINCH AVE E,SKYMARK DR,,4,Non-Fatal Injury,At Intersection,Traffic Signal,Rear End,Clear,Dusk with Artificial Lighting,Dry,Major Arterial,FALSE,-79.35225263,43.79308912097712,2,Passenger Van,West,4,48,Minor,Lap and Shoulder Belt,Driving properly,Normal,,,Stopped,,,,,driver,,Don Valley North (17),33 Division,Don Valley Village,FALSE,FALSE,FALSE,FALSE,FALSE,TRUE,FALSE,FALSE,FALSE,FALSE,"{""coordinates"": [[-79.35225262964438, 43.79308912097712]], ""type"": ""MultiPoint""}"
7421,2011:1254156,2011-09-15T18:04:00,FINCH AVE E,SKYMARK DR,,4,Non-Fatal Injury,At Intersection,Traffic Signal,Rear End,Clear,Dusk with Artificial Lighting,Dry,Major Arterial,FALSE,-79.35225263,43.79308912097712,1,Automobile or Station Wagon,West,2,79,Major,Lap Belt Only,Lost control,Medical or Physical Disability,,,Going Ahead,,,,,driver,,Don Valley North (17),33 Division,Don Valley Village,FALSE,FALSE,FALSE,FALSE,FALSE,TRUE,FALSE,FALSE,FALSE,FALSE,"{""coordinates"": [[-79.35225262964438, 43.79308912097712]], ""type"": ""MultiPoint""}"
7422,2011:1254156,2011-09-15T18:04:00,FINCH AVE E,SKYMARK DR,,4,Non-Fatal Injury,At Intersection,Traffic Signal,Rear End,Clear,Dusk with Artificial Lighting,Dry,Major Arterial,FALSE,-79.35225263,43.79308912097712,1,,,1,,,Other Safety Equipment Used,,,,,,,,,,other,,Don Valley North (17),33 Division,Don Valley Village,FALSE,FALSE,FALSE,FALSE,FALSE,TRUE,FALSE,FALSE,FALSE,FALSE,"{""coordinates"": [[-79.35225262964438, 43.79308912097712]], ""type"": ""MultiPoint""}"
7423,2011:1254156,2011-09-15T18:04:00,FINCH AVE E,SKYMARK DR,,4,Non-Fatal Injury,At Intersection,Traffic Signal,Rear End,Clear,Dusk with Artificial Lighting,Dry,Major Arterial,FALSE,-79.35225263,43.79308912097712,2,,,3,49,Minor,Lap and Shoulder Belt,,,,,,,,,,passenger,,Don Valley North (17),33 Division,Don Valley Village,FALSE,FALSE,FALSE,FALSE,FALSE,TRUE,FALSE,FALSE,FALSE,FALSE,"{""coordinates"": [[-79.35225262964438, 43.79308912097712]], ""type"": ""MultiPoint""}"
7424,2011:1264906,2011-09-16T08:45:00,MIDDLEFIELD RD,PASSMORE AVE,,4,Non-Fatal Injury,At Intersection,Traffic Signal,Cyclist Collision,Clear,Daylight,Dry,Minor Arterial,FALSE,-79.26519046,43.82734402,2,Automobile or Station Wagon,South,3,62,None,Lap and Shoulder Belt,Failed to yield right-of-way,Inattentive,,,Turning Left,,,,,driver,,Scarborough North (23),42 Division,Milliken,TRUE,TRUE,TRUE,FALSE,FALSE,TRUE,FALSE,FALSE,FALSE,FALSE,"{""coordinates"": [[-79.26519046129879, 43.8273440230157]], ""type"": ""MultiPoint""}"
7425,2011:1264906,2011-09-16T08:45:00,MIDDLEFIELD RD,PASSMORE AVE,,4,Non-Fatal Injury,At Intersection,Traffic Signal,Cyclist Collision,Clear,Daylight,Dry,Minor Arterial,FALSE,-79.26519046,43.82734402,1,Automobile or Station Wagon,West,1,63,None,Lap and Shoulder Belt,Driving properly,Normal,,,Stopped,,,,,driver,,Scarborough North (23),42 Division,Milliken,TRUE,TRUE,TRUE,FALSE,FALSE,TRUE,FALSE,FALSE,FALSE,FALSE,"{""coordinates"": [[-79.26519046129879, 43.8273440230157]], ""type"": ""MultiPoint""}"
7426,2011:1264906,2011-09-16T08:45:00,MIDDLEFIELD RD,PASSMORE AVE,,4,Non-Fatal Injury,At Intersection,Traffic Signal,Cyclist Collision,Clear,Daylight,Dry,Minor Arterial,FALSE,-79.26519046,43.82734402,3,Bicycle,North,4,75,Major,No Equipment Available,,,,,Going Ahead,,Driver turns left into path of cyclist,Driving Properly,Normal,cyclist,,Scarborough North (23),42 Division,Milliken,TRUE,TRUE,TRUE,FALSE,FALSE,TRUE,FALSE,FALSE,FALSE,FALSE,"{""coordinates"": [[-79.26519046129879, 43.8273440230157]], ""type"": ""MultiPoint""}"
7427,2011:1264906,2011-09-16T08:45:00,MIDDLEFIELD RD,PASSMORE AVE,,4,Non-Fatal Injury,At Intersection,Traffic Signal,Cyclist Collision,Clear,Daylight,Dry,Minor Arterial,FALSE,-79.26519046,43.82734402,2,,,2,,,Other Safety Equipment Used,,,,,,,,,,owner,,Scarborough North (23),42 Division,Milliken,TRUE,TRUE,TRUE,FALSE,FALSE,TRUE,FALSE,FALSE,FALSE,FALSE,"{""coordinates"": [[-79.26519046129879, 43.8273440230157]], ""type"": ""MultiPoint""}"
7428,2011:1266099,2011-09-17T13:20:00,AVENUE Road,BERNARD Aven,,6,Non-Fatal Injury,,No Control,Rear End,Clear,Daylight,Dry,Major Arterial,FALSE,-79.39629087,43.67394419565964,2,Automobile or Station Wagon,South,3,24,None,Other Safety Equipment Used,Driving properly,Normal,,,Stopped,,,,,driver,,University-Rosedale (11),53 Division,Annex,TRUE,FALSE,FALSE,FALSE,FALSE,FALSE,FALSE,FALSE,FALSE,FALSE,"{""coordinates"": [[-79.39629086552405, 43.67394419565964]], ""type"": ""MultiPoint""}"
7429,2011:1266099,2011-09-17T13:20:00,AVENUE Road,BERNARD Aven,,6,Non-Fatal Injury,,No Control,Rear End,Clear,Daylight,Dry,Major Arterial,FALSE,-79.39629087,43.67394419565964,3,,,5,,,Other Safety Equipment Used,,,,,,,,,,owner,,University-Rosedale (11),53 Division,Annex,TRUE,FALSE,FALSE,FALSE,FALSE,FALSE,FALSE,FALSE,FALSE,FALSE,"{""coordinates"": [[-79.39629086552405, 43.67394419565964]], ""type"": ""MultiPoint""}"
7430,2011:1266099,2011-09-17T13:20:00,AVENUE Road,BERNARD Aven,,6,Non-Fatal Injury,,No Control,Rear End,Clear,Daylight,Dry,Major Arterial,FALSE,-79.39629087,43.67394419565964,3,Automobile or Station Wagon,South,6,57,Major,Other Safety Equipment Used,Following too closely,Normal,,,Going Ahead,,,,,driver,,University-Rosedale (11),53 Division,Annex,TRUE,FALSE,FALSE,FALSE,FALSE,FALSE,FALSE,FALSE,FALSE,FALSE,"{""coordinates"": [[-79.39629086552405, 43.67394419565964]], ""type"": ""MultiPoint""}"
7431,2011:1266099,2011-09-17T13:20:00,AVENUE Road,BERNARD Aven,,6,Non-Fatal Injury,,No Control,Rear End,Clear,Daylight,Dry,Major Arterial,FALSE,-79.39629087,43.67394419565964,1,Automobile or Station Wagon,South,2,24,Minor,Lap and Shoulder Belt,Driving properly,Normal,,,Stopped,,,,,driver,,University-Rosedale (11),53 Division,Annex,TRUE,FALSE,FALSE,FALSE,FALSE,FALSE,FALSE,FALSE,FALSE,FALSE,"{""coordinates"": [[-79.39629086552405, 43.67394419565964]], ""type"": ""MultiPoint""}"
7432,2011:1266099,2011-09-17T13:20:00,AVENUE Road,BERNARD Aven,,6,Non-Fatal Injury,,No Control,Rear End,Clear,Daylight,Dry,Major Arterial,FALSE,-79.39629087,43.67394419565964,1,,,1,,,Other Safety Equipment Used,,,,,,,,,,owner,,University-Rosedale (11),53 Division,Annex,TRUE,FALSE,FALSE,FALSE,FALSE,FALSE,FALSE,FALSE,FALSE,FALSE,"{""coordinates"": [[-79.39629086552405, 43.67394419565964]], ""type"": ""MultiPoint""}"
7433,2011:1266099,2011-09-17T13:20:00,AVENUE Road,BERNARD Aven,,6,Non-Fatal Injury,,No Control,Rear End,Clear,Daylight,Dry,Major Arterial,FALSE,-79.39629087,43.67394419565964,3,,,4,26,Major,Equipment Not Used But Available,,,,,,,,,,passenger,,University-Rosedale (11),53 Division,Annex,TRUE,FALSE,FALSE,FALSE,FALSE,FALSE,FALSE,FALSE,FALSE,FALSE,"{""coordinates"": [[-79.39629086552405, 43.67394419565964]], ""type"": ""MultiPoint""}"
7434,2011:1265542,2011-09-18T01:20:00,DAVENPORT RD,HURON ST,,1,Non-Fatal Injury,At Intersection,Stop Sign,SMV Other,Clear,Dark,Dry,Minor Arterial,FALSE,-79.40569088,43.67804420794754,1,Motorcycle,West,1,32,Major,Helmet,Speed too fast for conditions,Had Been Drinking,,,Going Ahead,,,,,motorcyclist,,Toronto-St. Paul's (12),53 Division,Casa Loma,TRUE,FALSE,FALSE,TRUE,FALSE,FALSE,FALSE,FALSE,FALSE,FALSE,"{""coordinates"": [[-79.4056908767971, 43.67804420794754]], ""type"": ""MultiPoint""}"
7435,2011:1254898,2011-09-18T03:55:00,KIPLING Aven,THORNCREST Road,,2,Non-Fatal Injury,At Intersection,Stop Sign,Pedestrian Collision(internal code),Clear,Dark,Dry,Major Arterial,TRUE,-79.54389114,43.66134440295322,1,Automobile or Station Wagon,North,1,,None,Other Safety Equipment Used,,,,,Going Ahead,,,,,driver,,Etobicoke Centre (2),22 Division,Princess-Rosethorn,FALSE,FALSE,FALSE,FALSE,FALSE,FALSE,TRUE,FALSE,FALSE,FALSE,"{""coordinates"": [[-79.54389114176998, 43.66134440295322]], ""type"": ""MultiPoint""}"
7436,2011:1254898,2011-09-18T03:55:00,KIPLING Aven,THORNCREST Road,,2,Non-Fatal Injury,At Intersection,Stop Sign,Pedestrian Collision(internal code),Clear,Dark,Dry,Major Arterial,TRUE,-79.54389114,43.66134440295322,1,,,2,,Major,Other Safety Equipment Used,,,,,Other,,,,,pedestrian,,Etobicoke Centre (2),22 Division,Princess-Rosethorn,FALSE,FALSE,FALSE,FALSE,FALSE,FALSE,TRUE,FALSE,FALSE,FALSE,"{""coordinates"": [[-79.54389114176998, 43.66134440295322]], ""type"": ""MultiPoint""}"
7437,2011:1282222,2011-12-29T03:31:00,NEILSON Rd,TAPSCOTT Rd,,3,Non-Fatal Injury,,No Control,SMV Other,Clear,Dark,Dry,Minor Arterial,TRUE,-79.21789041,43.805643971894604,1,,,1,24,Major,Lap Belt Only,,,,,,,,,,passenger,,Scarborough-Rouge Park (25),42 Division,Malvern East,TRUE,FALSE,FALSE,FALSE,FALSE,FALSE,FALSE,FALSE,FALSE,FALSE,"{""coordinates"": [[-79.21789041327136, 43.805643971894604]], ""type"": ""MultiPoint""}"
7438,2011:1265838,2011-09-19T19:55:00,BLACK CREEK DR,TRETHEWEY DR,,2,Non-Fatal Injury,At Intersection,Traffic Signal,Pedestrian Collision(internal code),Rain,Dark,Wet,Major Arterial,FALSE,-79.486091,43.694644314242275,1,Automobile or Station Wagon,West,1,42,None,Other Safety Equipment Used,Failed to yield right-of-way,Inattentive,,,Turning Right,,,,,driver,,York South-Weston (5),12 Division,Beechborough-Greenbrook,TRUE,TRUE,FALSE,FALSE,FALSE,FALSE,TRUE,FALSE,FALSE,FALSE,"{""coordinates"": [[-79.48609099804598, 43.694644314242275]], ""type"": ""MultiPoint""}"
7439,2011:1265838,2011-09-19T19:55:00,BLACK CREEK DR,TRETHEWEY DR,,2,Non-Fatal Injury,At Intersection,Traffic Signal,Pedestrian Collision(internal code),Rain,Dark,Wet,Major Arterial,FALSE,-79.486091,43.694644314242275,2,,West,2,38,Major,No Equipment Available,,,Crossing with right-of-way (intersection),Normal,,Driver turns right into pedestrian crossing with right-of-way (at intersection),,,,pedestrian,,York South-Weston (5),12 Division,Beechborough-Greenbrook,TRUE,TRUE,FALSE,FALSE,FALSE,FALSE,TRUE,FALSE,FALSE,FALSE,"{""coordinates"": [[-79.48609099804598, 43.694644314242275]], ""type"": ""MultiPoint""}"
7440,2011:1255068,2011-09-20T17:23:00,ANTIBES DR,BATHURST ST,,3,Non-Fatal Injury,At Intersection,Traffic Signal,Cyclist Collision,Clear,Daylight,Dry,Major Arterial,FALSE,-79.44479079,43.781044231987046,2,,,2,,,Other Safety Equipment Used,,,,,,,,,,owner,,Willowdale (18),32 Division,Newtonbrook West,FALSE,FALSE,TRUE,FALSE,FALSE,FALSE,FALSE,FALSE,FALSE,TRUE,"{""coordinates"": [[-79.44479079234496, 43.781044231987046]], ""type"": ""MultiPoint""}"
7441,2011:1255068,2011-09-20T17:23:00,ANTIBES DR,BATHURST ST,,3,Non-Fatal Injury,At Intersection,Traffic Signal,Cyclist Collision,Clear,Daylight,Dry,Major Arterial,FALSE,-79.44479079,43.781044231987046,2,Municipal Transit Bus (TTC),East,3,62,None,Other Safety Equipment Used,Driving properly,Normal,,,Going Ahead,,,,,driver,,Willowdale (18),32 Division,Newtonbrook West,FALSE,FALSE,TRUE,FALSE,FALSE,FALSE,FALSE,FALSE,FALSE,TRUE,"{""coordinates"": [[-79.44479079234496, 43.781044231987046]], ""type"": ""MultiPoint""}"
7442,2011:1255068,2011-09-20T17:23:00,ANTIBES DR,BATHURST ST,,3,Non-Fatal Injury,At Intersection,Traffic Signal,Cyclist Collision,Clear,Daylight,Dry,Major Arterial,FALSE,-79.44479079,43.781044231987046,1,Bicycle,East,1,48,Major,Helmet,,,,,Overtaking,,Sideswipe with cyclist and driver travelling in same direction,Improper Passing,Normal,cyclist,,Willowdale (18),32 Division,Newtonbrook West,FALSE,FALSE,TRUE,FALSE,FALSE,FALSE,FALSE,FALSE,FALSE,TRUE,"{""coordinates"": [[-79.44479079234496, 43.781044231987046]], ""type"": ""MultiPoint""}"
7443,2011:1266347,2011-09-21T22:33:00,DUFFERIN Stre,DUNDAS Stre W,,2,Non-Fatal Injury,At Intersection,Traffic Signal,Cyclist Collision,Clear,Dark with Artificial Lighting,Wet,Minor Arterial,FALSE,-79.43149097,43.64964425400077,1,Automobile or Station Wagon,North,1,28,None,Other Safety Equipment Used,Driving properly,Unknown,,,Going Ahead,,,,,driver,,Davenport (9),11 Division,Little Portugal,FALSE,FALSE,TRUE,FALSE,FALSE,FALSE,FALSE,FALSE,FALSE,FALSE,"{""coordinates"": [[-79.4314909723603, 43.64964425400077]], ""type"": ""MultiPoint""}"
7444,2011:1266347,2011-09-21T22:33:00,DUFFERIN Stre,DUNDAS Stre W,,2,Non-Fatal Injury,At Intersection,Traffic Signal,Cyclist Collision,Clear,Dark with Artificial Lighting,Wet,Minor Arterial,FALSE,-79.43149097,43.64964425400077,2,Bicycle,South,2,23,Major,Equipment Not Used But Available,,,,,Turning Left,,Cyclist turns left into path of driver,Improper Turn,Unknown,cyclist,,Davenport (9),11 Division,Little Portugal,FALSE,FALSE,TRUE,FALSE,FALSE,FALSE,FALSE,FALSE,FALSE,FALSE,"{""coordinates"": [[-79.4314909723603, 43.64964425400077]], ""type"": ""MultiPoint""}"
7445,2011:1266314,2011-09-21T23:28:00,DANFORTH AVE,COXWELL AVE,,3,Non-Fatal Injury,At Intersection,Traffic Signal,Pedestrian Collision(internal code),Rain,Dark,Wet,Major Arterial,FALSE,-79.32359072,43.68334409114951,1,,,1,,,Other Safety Equipment Used,,,,,,,,,,owner,,Beaches-East York (19),55 Division,Woodbine Corridor,TRUE,FALSE,FALSE,FALSE,FALSE,FALSE,TRUE,FALSE,FALSE,FALSE,"{""coordinates"": [[-79.3235907151712, 43.68334409114951]], ""type"": ""MultiPoint""}"
7446,2011:1266314,2011-09-21T23:28:00,DANFORTH AVE,COXWELL AVE,,3,Non-Fatal Injury,At Intersection,Traffic Signal,Pedestrian Collision(internal code),Rain,Dark,Wet,Major Arterial,FALSE,-79.32359072,43.68334409114951,2,,North,3,58,Major,Use Unknown,,,Crossing with right-of-way (intersection),Normal,,Driver turns left into pedestrian crossing with right-of-way (at intersection),,,,pedestrian,,Beaches-East York (19),55 Division,Woodbine Corridor,TRUE,FALSE,FALSE,FALSE,FALSE,FALSE,TRUE,FALSE,FALSE,FALSE,"{""coordinates"": [[-79.3235907151712, 43.68334409114951]], ""type"": ""MultiPoint""}"
7447,2011:1266314,2011-09-21T23:28:00,DANFORTH AVE,COXWELL AVE,,3,Non-Fatal Injury,At Intersection,Traffic Signal,Pedestrian Collision(internal code),Rain,Dark,Wet,Major Arterial,FALSE,-79.32359072,43.68334409114951,1,Automobile or Station Wagon,South,2,30,None,Other Safety Equipment Used,Failed to yield right-of-way,Had Been Drinking,,,Turning Left,,,,,driver,,Beaches-East York (19),55 Division,Woodbine Corridor,TRUE,FALSE,FALSE,FALSE,FALSE,FALSE,TRUE,FALSE,FALSE,FALSE,"{""coordinates"": [[-79.3235907151712, 43.68334409114951]], ""type"": ""MultiPoint""}"
7448,2011:1266571,2011-09-22T09:36:00,KINGSTON RD,BLANTYRE AVE,,2,Non-Fatal Injury,,No Control,Pedestrian Collision(internal code),Clear,Daylight,Dry,Major Arterial,FALSE,-79.28079064,43.681644030990704,1,Automobile or Station Wagon,West,1,52,None,Other Safety Equipment Used,Driving properly,Normal,,,Going Ahead,,,,,driver,,Scarborough Southwest (20),41 Division,Birchcliffe-Cliffside,FALSE,TRUE,FALSE,FALSE,FALSE,FALSE,TRUE,FALSE,TRUE,FALSE,"{""coordinates"": [[-79.28079063742446, 43.681644030990704]], ""type"": ""MultiPoint""}"
7449,2011:1266571,2011-09-22T09:36:00,KINGSTON RD,BLANTYRE AVE,,2,Non-Fatal Injury,,No Control,Pedestrian Collision(internal code),Clear,Daylight,Dry,Major Arterial,FALSE,-79.28079064,43.681644030990704,2,,North,2,18,Major,No Equipment Available,,,Crossing - no traffic control,Inattentive,,Driver hits pedestrian at midblock,,,,pedestrian,,Scarborough Southwest (20),41 Division,Birchcliffe-Cliffside,FALSE,TRUE,FALSE,FALSE,FALSE,FALSE,TRUE,FALSE,TRUE,FALSE,"{""coordinates"": [[-79.28079063742446, 43.681644030990704]], ""type"": ""MultiPoint""}"
7450,2011:1255918,2011-09-22T16:17:00,O CONNOR Driv,DOHME Aven,,2,Non-Fatal Injury,At Intersection,Traffic Signal,Pedestrian Collision(internal code),Clear,Daylight,Dry,Major Arterial,FALSE,-79.30899065,43.71054406929537,1,Automobile or Station Wagon,North,1,38,None,Other Safety Equipment Used,Driving properly,Normal,,,Going Ahead,,,,,driver,,Beaches-East York (19),55 Division,O'Connor-Parkview,FALSE,TRUE,FALSE,FALSE,FALSE,FALSE,TRUE,FALSE,FALSE,FALSE,"{""coordinates"": [[-79.30899065183972, 43.71054406929537]], ""type"": ""MultiPoint""}"
7451,2011:1255918,2011-09-22T16:17:00,O CONNOR Driv,DOHME Aven,,2,Non-Fatal Injury,At Intersection,Traffic Signal,Pedestrian Collision(internal code),Clear,Daylight,Dry,Major Arterial,FALSE,-79.30899065,43.71054406929537,2,,West,2,20,Major,Other Safety Equipment Used,,,Coming from behind parked vehicle or object,Inattentive,,Driver going straight hits pedestrian crossing without right-of-way (at intersection),,,,pedestrian,,Beaches-East York (19),55 Division,O'Connor-Parkview,FALSE,TRUE,FALSE,FALSE,FALSE,FALSE,TRUE,FALSE,FALSE,FALSE,"{""coordinates"": [[-79.30899065183972, 43.71054406929537]], ""type"": ""MultiPoint""}"
7452,2011:1266373,2011-09-22T19:10:00,MOUNT PLEASANT Road,KEEWATIN Aven,,3,Non-Fatal Injury,At Intersection,Stop Sign,Turning Movement,Clear,Dark,Dry,Major Arterial,FALSE,-79.3921908,43.71374418014897,1,,,1,,,Other Safety Equipment Used,,,,,,,,,,owner,,Don Valley West (15),53 Division,North Toronto,TRUE,TRUE,FALSE,FALSE,FALSE,FALSE,FALSE,FALSE,FALSE,FALSE,"{""coordinates"": [[-79.39219079604929, 43.71374418014897]], ""type"": ""MultiPoint""}"