_id,collision_id,accdate,stname1,stname2,stname3,per_inv,acclass,accloc,traffictl,impactype,visible,light,rdsfcond,road_class,failtorem,longitude,latitude,veh_no,vehtype,initdir,per_no,invage,injury,safequip,drivact,drivcond,pedact,pedcond,manoeuvre,pedtype,cyclistype,cycact,cyccond,road_user,fatal_no,wardname,division,neighbourhood,aggressive,distracted,cyclist,motorcyclist,other_micromobility,older_adult,pedestrian,red_light,school_child,heavy_truck,geometry
7688,2011:1265525,2011-11-22T21:45:00,BATHURST ST,BARTON AVE,,6,Non-Fatal Injury,,No Control,Pedestrian Collision(internal code),Rain,Dark with Artificial Lighting,Wet,Major Arterial,FALSE,-79.41239091,43.668144220311085,1,,,3,33,None,Other Safety Equipment Used,,,,,,,,,,passenger,,University-Rosedale (11),14 Division,Annex,FALSE,FALSE,FALSE,FALSE,FALSE,FALSE,TRUE,FALSE,FALSE,FALSE,"{""coordinates"": [[-79.41239090528718, 43.668144220311085]], ""type"": ""MultiPoint""}"
7689,2011:1265525,2011-11-22T21:45:00,BATHURST ST,BARTON AVE,,6,Non-Fatal Injury,,No Control,Pedestrian Collision(internal code),Rain,Dark with Artificial Lighting,Wet,Major Arterial,FALSE,-79.41239091,43.668144220311085,1,Automobile or Station Wagon,South,5,57,None,Other Safety Equipment Used,Driving properly,Normal,,,Going Ahead,,,,,driver,,University-Rosedale (11),14 Division,Annex,FALSE,FALSE,FALSE,FALSE,FALSE,FALSE,TRUE,FALSE,FALSE,FALSE,"{""coordinates"": [[-79.41239090528718, 43.668144220311085]], ""type"": ""MultiPoint""}"
7690,2011:1265525,2011-11-22T21:45:00,BATHURST ST,BARTON AVE,,6,Non-Fatal Injury,,No Control,Pedestrian Collision(internal code),Rain,Dark with Artificial Lighting,Wet,Major Arterial,FALSE,-79.41239091,43.668144220311085,1,,,2,28,None,Other Safety Equipment Used,,,,,,,,,,passenger,,University-Rosedale (11),14 Division,Annex,FALSE,FALSE,FALSE,FALSE,FALSE,FALSE,TRUE,FALSE,FALSE,FALSE,"{""coordinates"": [[-79.41239090528718, 43.668144220311085]], ""type"": ""MultiPoint""}"
7691,2011:1265525,2011-11-22T21:45:00,BATHURST ST,BARTON AVE,,6,Non-Fatal Injury,,No Control,Pedestrian Collision(internal code),Rain,Dark with Artificial Lighting,Wet,Major Arterial,FALSE,-79.41239091,43.668144220311085,1,,,1,32,None,Other Safety Equipment Used,,,,,,,,,,passenger,,University-Rosedale (11),14 Division,Annex,FALSE,FALSE,FALSE,FALSE,FALSE,FALSE,TRUE,FALSE,FALSE,FALSE,"{""coordinates"": [[-79.41239090528718, 43.668144220311085]], ""type"": ""MultiPoint""}"
7692,2011:1275666,2011-11-23T01:18:00,WILSON HEIGHTS BLVD,SHEPPARD AVE W,,2,Non-Fatal Injury,At Intersection,Traffic Signal,Pedestrian Collision(internal code),Rain,Dark with Artificial Lighting,Wet,Major Arterial,FALSE,-79.45669085,43.75164425167014,2,,North,2,51,Major,No Equipment Available,,,Crossing with right-of-way (intersection),Unknown,,Driver turns left into pedestrian crossing with right-of-way (at intersection),,,,pedestrian,,York Centre (6),32 Division,Clanton Park,TRUE,TRUE,FALSE,FALSE,FALSE,FALSE,TRUE,FALSE,FALSE,FALSE,"{""coordinates"": [[-79.45669084666247, 43.75164425167014]], ""type"": ""MultiPoint""}"
7693,2011:1275666,2011-11-23T01:18:00,WILSON HEIGHTS BLVD,SHEPPARD AVE W,,2,Non-Fatal Injury,At Intersection,Traffic Signal,Pedestrian Collision(internal code),Rain,Dark with Artificial Lighting,Wet,Major Arterial,FALSE,-79.45669085,43.75164425167014,1,Automobile or Station Wagon,South,1,48,None,Lap Belt Only,Failed to yield right-of-way,Inattentive,,,Turning Left,,,,,driver,,York Centre (6),32 Division,Clanton Park,TRUE,TRUE,FALSE,FALSE,FALSE,FALSE,TRUE,FALSE,FALSE,FALSE,"{""coordinates"": [[-79.45669084666247, 43.75164425167014]], ""type"": ""MultiPoint""}"
7694,2011:1265738,2011-11-23T22:40:00,DUFFERIN ST,KENNARD AVE,,2,Non-Fatal Injury,,No Control,Pedestrian Collision(internal code),Clear,Dark with Artificial Lighting,Dry,Major Arterial,FALSE,-79.46499085,43.76004426035652,2,,West,2,25,Major,Other Safety Equipment Used,,,Crossing - no traffic control,Normal,,Driver hits pedestrian at midblock,,,,pedestrian,,York Centre (6),32 Division,Bathurst Manor,FALSE,FALSE,FALSE,FALSE,FALSE,FALSE,TRUE,FALSE,FALSE,FALSE,"{""coordinates"": [[-79.46499085052535, 43.76004426035652]], ""type"": ""MultiPoint""}"
7695,2011:1265738,2011-11-23T22:40:00,DUFFERIN ST,KENNARD AVE,,2,Non-Fatal Injury,,No Control,Pedestrian Collision(internal code),Clear,Dark with Artificial Lighting,Dry,Major Arterial,FALSE,-79.46499085,43.76004426035652,1,Automobile or Station Wagon,North,1,33,None,Other Safety Equipment Used,Driving properly,Normal,,,Going Ahead,,,,,driver,,York Centre (6),32 Division,Bathurst Manor,FALSE,FALSE,FALSE,FALSE,FALSE,FALSE,TRUE,FALSE,FALSE,FALSE,"{""coordinates"": [[-79.46499085052535, 43.76004426035652]], ""type"": ""MultiPoint""}"
7696,2011:1275736,2011-11-24T14:40:00,RUNNYMEDE RD,DEFOREST RD,,3,Non-Fatal Injury,,Stop Sign,Cyclist Collision,Clear,Daylight,Dry,Collector,FALSE,-79.47529106,43.64884431931669,2,Bicycle,North,3,55,Major,No Equipment Available,,,,,Other,,Rear end with cyclist and driver travelling in same direction,Other,Normal,cyclist,,Parkdale-High Park (4),11 Division,High Park-Swansea,FALSE,FALSE,TRUE,FALSE,FALSE,FALSE,FALSE,FALSE,FALSE,TRUE,"{""coordinates"": [[-79.47529105949461, 43.64884431931669]], ""type"": ""MultiPoint""}"
7697,2011:1275736,2011-11-24T14:40:00,RUNNYMEDE RD,DEFOREST RD,,3,Non-Fatal Injury,,Stop Sign,Cyclist Collision,Clear,Daylight,Dry,Collector,FALSE,-79.47529106,43.64884431931669,1,Municipal Transit Bus (TTC),North,2,54,None,No Equipment Available,Driving properly,Normal,,,Going Ahead,,,,,driver,,Parkdale-High Park (4),11 Division,High Park-Swansea,FALSE,FALSE,TRUE,FALSE,FALSE,FALSE,FALSE,FALSE,FALSE,TRUE,"{""coordinates"": [[-79.47529105949461, 43.64884431931669]], ""type"": ""MultiPoint""}"
7698,2011:1275736,2011-11-24T14:40:00,RUNNYMEDE RD,DEFOREST RD,,3,Non-Fatal Injury,,Stop Sign,Cyclist Collision,Clear,Daylight,Dry,Collector,FALSE,-79.47529106,43.64884431931669,1,,,1,,,Other Safety Equipment Used,,,,,,,,,,owner,,Parkdale-High Park (4),11 Division,High Park-Swansea,FALSE,FALSE,TRUE,FALSE,FALSE,FALSE,FALSE,FALSE,FALSE,TRUE,"{""coordinates"": [[-79.47529105949461, 43.64884431931669]], ""type"": ""MultiPoint""}"
7699,2011:1265912,2011-11-24T20:17:00,DIXON RD,CARLINGVIEW DR,,3,Non-Fatal Injury,,No Control,Pedestrian Collision(internal code),Clear,Dark,Dry,Major Arterial,FALSE,-79.59639116,43.686744451062495,1,,,1,,,Other Safety Equipment Used,,,,,,,,,,owner,,Etobicoke North (1),23 Division,West Humber-Clairville,FALSE,FALSE,FALSE,FALSE,FALSE,TRUE,TRUE,FALSE,FALSE,FALSE,"{""coordinates"": [[-79.59639116183575, 43.686744451062495]], ""type"": ""MultiPoint""}"
7700,2011:1265912,2011-11-24T20:17:00,DIXON RD,CARLINGVIEW DR,,3,Non-Fatal Injury,,No Control,Pedestrian Collision(internal code),Clear,Dark,Dry,Major Arterial,FALSE,-79.59639116,43.686744451062495,1,Automobile or Station Wagon,East,2,45,None,Other Safety Equipment Used,Driving properly,Normal,,,Slowing or Stopping,,,,,driver,,Etobicoke North (1),23 Division,West Humber-Clairville,FALSE,FALSE,FALSE,FALSE,FALSE,TRUE,TRUE,FALSE,FALSE,FALSE,"{""coordinates"": [[-79.59639116183575, 43.686744451062495]], ""type"": ""MultiPoint""}"
7701,2011:1265912,2011-11-24T20:17:00,DIXON RD,CARLINGVIEW DR,,3,Non-Fatal Injury,,No Control,Pedestrian Collision(internal code),Clear,Dark,Dry,Major Arterial,FALSE,-79.59639116,43.686744451062495,2,,South,3,73,Major,Other Safety Equipment Used,,,Running onto roadway,Normal,,Driver hits pedestrian at midblock,,,,pedestrian,,Etobicoke North (1),23 Division,West Humber-Clairville,FALSE,FALSE,FALSE,FALSE,FALSE,TRUE,TRUE,FALSE,FALSE,FALSE,"{""coordinates"": [[-79.59639116183575, 43.686744451062495]], ""type"": ""MultiPoint""}"
7702,2011:1276528,2011-11-25T09:58:00,RICHMOND Stre E,YONGE Stre,,5,Non-Fatal Injury,At Intersection,Traffic Signal,Cyclist Collision,Clear,Daylight,Dry,Major Arterial,FALSE,-79.37899087,43.65164417570501,1,Truck - Open (Flatbed),West,2,37,None,Other Safety Equipment Used,Driving properly,Normal,,,Going Ahead,,,,,driver,,Toronto Centre (13),52 Division,Yonge-Bay Corridor,FALSE,FALSE,TRUE,FALSE,FALSE,FALSE,FALSE,FALSE,FALSE,TRUE,"{""coordinates"": [[-79.37899086658972, 43.65164417570501]], ""type"": ""MultiPoint""}"
7703,2011:1276528,2011-11-25T09:58:00,RICHMOND Stre E,YONGE Stre,,5,Non-Fatal Injury,At Intersection,Traffic Signal,Cyclist Collision,Clear,Daylight,Dry,Major Arterial,FALSE,-79.37899087,43.65164417570501,1,,,1,,,Other Safety Equipment Used,,,,,,,,,,owner,,Toronto Centre (13),52 Division,Yonge-Bay Corridor,FALSE,FALSE,TRUE,FALSE,FALSE,FALSE,FALSE,FALSE,FALSE,TRUE,"{""coordinates"": [[-79.37899086658972, 43.65164417570501]], ""type"": ""MultiPoint""}"
7704,2011:1276528,2011-11-25T09:58:00,RICHMOND Stre E,YONGE Stre,,5,Non-Fatal Injury,At Intersection,Traffic Signal,Cyclist Collision,Clear,Daylight,Dry,Major Arterial,FALSE,-79.37899087,43.65164417570501,2,Automobile or Station Wagon,West,4,56,None,Other Safety Equipment Used,Driving properly,Normal,,,Going Ahead,,,,,driver,,Toronto Centre (13),52 Division,Yonge-Bay Corridor,FALSE,FALSE,TRUE,FALSE,FALSE,FALSE,FALSE,FALSE,FALSE,TRUE,"{""coordinates"": [[-79.37899086658972, 43.65164417570501]], ""type"": ""MultiPoint""}"
7705,2011:1276528,2011-11-25T09:58:00,RICHMOND Stre E,YONGE Stre,,5,Non-Fatal Injury,At Intersection,Traffic Signal,Cyclist Collision,Clear,Daylight,Dry,Major Arterial,FALSE,-79.37899087,43.65164417570501,2,,,3,,,Other Safety Equipment Used,,,,,,,,,,owner,,Toronto Centre (13),52 Division,Yonge-Bay Corridor,FALSE,FALSE,TRUE,FALSE,FALSE,FALSE,FALSE,FALSE,FALSE,TRUE,"{""coordinates"": [[-79.37899086658972, 43.65164417570501]], ""type"": ""MultiPoint""}"
7706,2011:1276528,2011-11-25T09:58:00,RICHMOND Stre E,YONGE Stre,,5,Non-Fatal Injury,At Intersection,Traffic Signal,Cyclist Collision,Clear,Daylight,Dry,Major Arterial,FALSE,-79.37899087,43.65164417570501,3,Bicycle,West,5,32,Major,No Equipment Available,,,,,Going Ahead,,Sideswipe with cyclist and driver travelling in same direction,Improper Passing,Unknown,cyclist,,Toronto Centre (13),52 Division,Yonge-Bay Corridor,FALSE,FALSE,TRUE,FALSE,FALSE,FALSE,FALSE,FALSE,FALSE,TRUE,"{""coordinates"": [[-79.37899086658972, 43.65164417570501]], ""type"": ""MultiPoint""}"
7707,2011:1266196,2011-11-25T15:56:00,KINGSTON Road,RASPBERRY Road,,2,Non-Fatal Injury,At Intersection,No Control,Cyclist Collision,Clear,Daylight,Dry,Major Arterial,FALSE,-79.14229032,43.80144389854626,1,Automobile or Station Wagon,West,1,57,None,Lap and Shoulder Belt,Following too closely,Inattentive,,,Going Ahead,,,,,driver,,Scarborough-Rouge Park (25),42 Division,West Rouge,TRUE,TRUE,TRUE,FALSE,FALSE,FALSE,FALSE,FALSE,FALSE,FALSE,"{""coordinates"": [[-79.142290316874, 43.80144389854626]], ""type"": ""MultiPoint""}"
7708,2011:1266196,2011-11-25T15:56:00,KINGSTON Road,RASPBERRY Road,,2,Non-Fatal Injury,At Intersection,No Control,Cyclist Collision,Clear,Daylight,Dry,Major Arterial,FALSE,-79.14229032,43.80144389854626,2,Bicycle,West,2,54,Major,No Equipment Available,,,,,Going Ahead,,Rear end with cyclist and driver travelling in same direction,Driving Properly,Normal,cyclist,,Scarborough-Rouge Park (25),42 Division,West Rouge,TRUE,TRUE,TRUE,FALSE,FALSE,FALSE,FALSE,FALSE,FALSE,FALSE,"{""coordinates"": [[-79.142290316874, 43.80144389854626]], ""type"": ""MultiPoint""}"
7709,2011:1275965,2011-11-25T16:04:00,YORK MILLS Road,LESMILL Road,,2,Non-Fatal Injury,,Traffic Signal,Cyclist Collision,Clear,Daylight,Dry,Major Arterial,FALSE,-79.35199067,43.754644121052245,1,Automobile or Station Wagon,West,1,23,None,Other Safety Equipment Used,Improper turn,Inattentive,,,Turning Left,,,,,driver,,Don Valley East (16),33 Division,Banbury-Don Mills,FALSE,TRUE,TRUE,FALSE,FALSE,FALSE,FALSE,FALSE,FALSE,FALSE,"{""coordinates"": [[-79.35199066740942, 43.754644121052245]], ""type"": ""MultiPoint""}"
7710,2011:1275965,2011-11-25T16:04:00,YORK MILLS Road,LESMILL Road,,2,Non-Fatal Injury,,Traffic Signal,Cyclist Collision,Clear,Daylight,Dry,Major Arterial,FALSE,-79.35199067,43.754644121052245,2,Bicycle,East,2,60,Major,Helmet,,,,,Going Ahead,,Driver turns left into path of cyclist,Driving Properly,Normal,cyclist,,Don Valley East (16),33 Division,Banbury-Don Mills,FALSE,TRUE,TRUE,FALSE,FALSE,FALSE,FALSE,FALSE,FALSE,FALSE,"{""coordinates"": [[-79.35199066740942, 43.754644121052245]], ""type"": ""MultiPoint""}"
7711,2011:1268545,2011-11-26T12:35:00,EGLINTON AVE E,FORMAN AVE,,4,Non-Fatal Injury,At Intersection,Traffic Signal,Pedestrian Collision(internal code),Clear,Daylight,Dry,Major Arterial,FALSE,-79.38619079,43.70914417319576,1,,,2,,,Other Safety Equipment Used,,,,,,,,,,owner,,Don Valley West (15),53 Division,Mount Pleasant East,FALSE,FALSE,FALSE,FALSE,FALSE,FALSE,TRUE,FALSE,TRUE,FALSE,"{""coordinates"": [[-79.38619079240249, 43.70914417319576]], ""type"": ""MultiPoint""}"
7712,2011:1268545,2011-11-26T12:35:00,EGLINTON AVE E,FORMAN AVE,,4,Non-Fatal Injury,At Intersection,Traffic Signal,Pedestrian Collision(internal code),Clear,Daylight,Dry,Major Arterial,FALSE,-79.38619079,43.70914417319576,1,Automobile or Station Wagon,West,3,49,None,Other Safety Equipment Used,Driving properly,Normal,,,Going Ahead,,,,,driver,,Don Valley West (15),53 Division,Mount Pleasant East,FALSE,FALSE,FALSE,FALSE,FALSE,FALSE,TRUE,FALSE,TRUE,FALSE,"{""coordinates"": [[-79.38619079240249, 43.70914417319576]], ""type"": ""MultiPoint""}"
7713,2011:1268545,2011-11-26T12:35:00,EGLINTON AVE E,FORMAN AVE,,4,Non-Fatal Injury,At Intersection,Traffic Signal,Pedestrian Collision(internal code),Clear,Daylight,Dry,Major Arterial,FALSE,-79.38619079,43.70914417319576,2,,North,4,54,Major,Other Safety Equipment Used,,,Crossing without right-of-way (intersection),Normal,,Driver going straight hits pedestrian crossing without right-of-way (at intersection),,,,pedestrian,,Don Valley West (15),53 Division,Mount Pleasant East,FALSE,FALSE,FALSE,FALSE,FALSE,FALSE,TRUE,FALSE,TRUE,FALSE,"{""coordinates"": [[-79.38619079240249, 43.70914417319576]], ""type"": ""MultiPoint""}"
7714,2011:1268545,2011-11-26T12:35:00,EGLINTON AVE E,FORMAN AVE,,4,Non-Fatal Injury,At Intersection,Traffic Signal,Pedestrian Collision(internal code),Clear,Daylight,Dry,Major Arterial,FALSE,-79.38619079,43.70914417319576,1,,,1,14,None,Other Safety Equipment Used,,,,,,,,,,passenger,,Don Valley West (15),53 Division,Mount Pleasant East,FALSE,FALSE,FALSE,FALSE,FALSE,FALSE,TRUE,FALSE,TRUE,FALSE,"{""coordinates"": [[-79.38619079240249, 43.70914417319576]], ""type"": ""MultiPoint""}"
7715,2012:1287084,2012-04-03T02:30:00,MOUNT PLEASANT RD,STIBBARD AVE,,4,Fatal Injury,,No Control,SMV Other,Clear,Dark,Dry,Major Arterial,FALSE,-79.39359079,43.716944181229785,1,,,1,24,Fatal,Use Unknown,,,,,,,,,,passenger,7,Don Valley West (15),53 Division,Mount Pleasant East,TRUE,FALSE,FALSE,FALSE,FALSE,FALSE,FALSE,FALSE,TRUE,FALSE,"{""coordinates"": [[-79.3935907935729, 43.716944181229785]], ""type"": ""MultiPoint""}"
7716,2011:1276407,2011-11-26T19:55:00,2001 FINCH AVE W,,,2,Non-Fatal Injury,,No Control,Turning Movement,Clear,Dark with Artificial Lighting,Dry,Major Arterial,FALSE,-79.51939094,43.756944325591114,1,Motorcycle,East,1,37,Major,Helmet,Driving properly,Normal,,,Going Ahead,,,,,motorcyclist,,Humber River-Black Creek (7),31 Division,Glenfield-Jane Heights,TRUE,TRUE,FALSE,TRUE,FALSE,FALSE,FALSE,FALSE,FALSE,FALSE,"{""coordinates"": [[-79.51939093703426, 43.756944325591114]], ""type"": ""MultiPoint""}"
7717,2011:1276407,2011-11-26T19:55:00,2001 FINCH AVE W,,,2,Non-Fatal Injury,,No Control,Turning Movement,Clear,Dark with Artificial Lighting,Dry,Major Arterial,FALSE,-79.51939094,43.756944325591114,2,Automobile or Station Wagon,West,2,38,None,Air Bag Deployed,Failed to yield right-of-way,Inattentive,,,Turning Left,,,,,driver,,Humber River-Black Creek (7),31 Division,Glenfield-Jane Heights,TRUE,TRUE,FALSE,TRUE,FALSE,FALSE,FALSE,FALSE,FALSE,FALSE,"{""coordinates"": [[-79.51939093703426, 43.756944325591114]], ""type"": ""MultiPoint""}"
7718,2011:1266407,2011-11-27T00:00:00,DUNERA Aven,EMCARR Driv,,3,Non-Fatal Injury,At Intersection,Stop Sign,Cyclist Collision,Rain,Dark,Wet,Local,FALSE,-79.19569042,43.75714393955827,1,,,1,,None,Other Safety Equipment Used,,,,,Other,,,,,owner,,Scarborough-Guildwood (24),43 Division,West Hill,FALSE,FALSE,TRUE,FALSE,FALSE,FALSE,FALSE,FALSE,FALSE,FALSE,"{""coordinates"": [[-79.19569041838847, 43.75714393955827]], ""type"": ""MultiPoint""}"
7719,2011:1266407,2011-11-27T00:00:00,DUNERA Aven,EMCARR Driv,,3,Non-Fatal Injury,At Intersection,Stop Sign,Cyclist Collision,Rain,Dark,Wet,Local,FALSE,-79.19569042,43.75714393955827,1,Automobile or Station Wagon,West,2,33,None,Lap and Shoulder Belt,,,,,Going Ahead,,,,,driver,,Scarborough-Guildwood (24),43 Division,West Hill,FALSE,FALSE,TRUE,FALSE,FALSE,FALSE,FALSE,FALSE,FALSE,FALSE,"{""coordinates"": [[-79.19569041838847, 43.75714393955827]], ""type"": ""MultiPoint""}"
7720,2011:1266407,2011-11-27T00:00:00,DUNERA Aven,EMCARR Driv,,3,Non-Fatal Injury,At Intersection,Stop Sign,Cyclist Collision,Rain,Dark,Wet,Local,FALSE,-79.19569042,43.75714393955827,2,Bicycle,South,3,50,Major,Helmet,,,,,Turning Left,,,,,cyclist,,Scarborough-Guildwood (24),43 Division,West Hill,FALSE,FALSE,TRUE,FALSE,FALSE,FALSE,FALSE,FALSE,FALSE,FALSE,"{""coordinates"": [[-79.19569041838847, 43.75714393955827]], ""type"": ""MultiPoint""}"
7721,2011:1267111,2011-11-27T03:12:00,YONGE ST,SHEPPARD AVE E,,3,Non-Fatal Injury,At Intersection,Traffic Signal,Turning Movement,Clear,Dark with Artificial Lighting,Dry,Major Arterial,TRUE,-79.41089076,43.76154419347502,2,Automobile or Station Wagon,West,3,,None,Other Safety Equipment Used,Improper turn,Inattentive,,,Turning Right,,,,,driver,,Willowdale (18),32 Division,Yonge-Doris,FALSE,TRUE,FALSE,FALSE,FALSE,FALSE,FALSE,FALSE,FALSE,FALSE,"{""coordinates"": [[-79.41089075863427, 43.76154419347502]], ""type"": ""MultiPoint""}"
7722,2011:1267111,2011-11-27T03:12:00,YONGE ST,SHEPPARD AVE E,,3,Non-Fatal Injury,At Intersection,Traffic Signal,Turning Movement,Clear,Dark with Artificial Lighting,Dry,Major Arterial,TRUE,-79.41089076,43.76154419347502,1,Automobile or Station Wagon,North,1,27,Major,Lap and Shoulder Belt,Driving properly,Normal,,,Going Ahead,,,,,driver,,Willowdale (18),32 Division,Yonge-Doris,FALSE,TRUE,FALSE,FALSE,FALSE,FALSE,FALSE,FALSE,FALSE,FALSE,"{""coordinates"": [[-79.41089075863427, 43.76154419347502]], ""type"": ""MultiPoint""}"
7723,2011:1267111,2011-11-27T03:12:00,YONGE ST,SHEPPARD AVE E,,3,Non-Fatal Injury,At Intersection,Traffic Signal,Turning Movement,Clear,Dark with Artificial Lighting,Dry,Major Arterial,TRUE,-79.41089076,43.76154419347502,2,,,2,,,Other Safety Equipment Used,,,,,,,,,,owner,,Willowdale (18),32 Division,Yonge-Doris,FALSE,TRUE,FALSE,FALSE,FALSE,FALSE,FALSE,FALSE,FALSE,FALSE,"{""coordinates"": [[-79.41089075863427, 43.76154419347502]], ""type"": ""MultiPoint""}"
7724,2011:1266689,2011-11-29T16:35:00,BIRCHMOUNT RD,BESWICK PARK CRT,,2,Non-Fatal Injury,,No Control,Pedestrian Collision(internal code),Rain,Dark with Artificial Lighting,Wet,Major Arterial,FALSE,-79.31319055,43.81304407604613,2,,West,2,48,Major,Other Safety Equipment Used,,,Crossing - no traffic control,Inattentive,,Driver going straight hits pedestrian crossing without right-of-way (at intersection),,,,pedestrian,,Scarborough-Agincourt (22),42 Division,Steeles,FALSE,TRUE,FALSE,FALSE,FALSE,TRUE,TRUE,FALSE,FALSE,FALSE,"{""coordinates"": [[-79.31319054851556, 43.81304407604613]], ""type"": ""MultiPoint""}"
7725,2011:1266689,2011-11-29T16:35:00,BIRCHMOUNT RD,BESWICK PARK CRT,,2,Non-Fatal Injury,,No Control,Pedestrian Collision(internal code),Rain,Dark with Artificial Lighting,Wet,Major Arterial,FALSE,-79.31319055,43.81304407604613,1,Automobile or Station Wagon,South,1,69,None,Lap and Shoulder Belt,Driving properly,Normal,,,Going Ahead,,,,,driver,,Scarborough-Agincourt (22),42 Division,Steeles,FALSE,TRUE,FALSE,FALSE,FALSE,TRUE,TRUE,FALSE,FALSE,FALSE,"{""coordinates"": [[-79.31319054851556, 43.81304407604613]], ""type"": ""MultiPoint""}"
7726,2011:1266690,2011-11-29T17:46:00,DOVEHOUSE AVE,KEELE ST,,2,Non-Fatal Injury,,Traffic Signal,Pedestrian Collision(internal code),Rain,Dark with Artificial Lighting,Wet,Major Arterial,FALSE,-79.4875909,43.749644290763506,1,Automobile or Station Wagon,North,1,43,None,Lap and Shoulder Belt,Failed to yield right-of-way,Inattentive,,,Turning Left,,,,,driver,,York Centre (6),31 Division,York University Heights,TRUE,TRUE,FALSE,FALSE,FALSE,TRUE,TRUE,FALSE,FALSE,FALSE,"{""coordinates"": [[-79.48759090137683, 43.749644290763506]], ""type"": ""MultiPoint""}"
7727,2011:1266690,2011-11-29T17:46:00,DOVEHOUSE AVE,KEELE ST,,2,Non-Fatal Injury,,Traffic Signal,Pedestrian Collision(internal code),Rain,Dark with Artificial Lighting,Wet,Major Arterial,FALSE,-79.4875909,43.749644290763506,2,,South,2,66,Major,Other Safety Equipment Used,,,Crossing with right-of-way (intersection),Normal,,Driver turns left into pedestrian crossing with right-of-way (at intersection),,,,pedestrian,,York Centre (6),31 Division,York University Heights,TRUE,TRUE,FALSE,FALSE,FALSE,TRUE,TRUE,FALSE,FALSE,FALSE,"{""coordinates"": [[-79.48759090137683, 43.749644290763506]], ""type"": ""MultiPoint""}"
7728,2011:1269088,2011-11-29T19:00:00,STEELES AVE E,MARKHAM RD,,2,Non-Fatal Injury,At Intersection,Traffic Signal,Pedestrian Collision(internal code),Rain,Dusk with Artificial Lighting,Wet,Major Arterial,TRUE,-79.25117843,43.83658800876786,1,Automobile or Station Wagon,East,2,,None,Other Safety Equipment Used,Failed to yield right-of-way,Unknown,,,Going Ahead,,,,,driver,,Scarborough North (23),42 Division,Morningside Heights,TRUE,FALSE,FALSE,FALSE,FALSE,FALSE,TRUE,FALSE,FALSE,FALSE,"{""coordinates"": [[-79.25117843223713, 43.83658800876786]], ""type"": ""MultiPoint""}"
7729,2011:1269088,2011-11-29T19:00:00,STEELES AVE E,MARKHAM RD,,2,Non-Fatal Injury,At Intersection,Traffic Signal,Pedestrian Collision(internal code),Rain,Dusk with Artificial Lighting,Wet,Major Arterial,TRUE,-79.25117843,43.83658800876786,1,,North,1,27,Major,Other Safety Equipment Used,,,Crossing with right-of-way (intersection),Normal,,Driver going straight hits pedestrian crossing with right-of-way (at intersection),,,,pedestrian,,Scarborough North (23),42 Division,Morningside Heights,TRUE,FALSE,FALSE,FALSE,FALSE,FALSE,TRUE,FALSE,FALSE,FALSE,"{""coordinates"": [[-79.25117843223713, 43.83658800876786]], ""type"": ""MultiPoint""}"
7730,2011:1266990,2011-12-01T01:02:00,JANE ST,ELLIS AVE,,2,Fatal Injury,,No Control,Pedestrian Collision(internal code),Clear,Dark with Artificial Lighting,Dry,Major Arterial,FALSE,-79.50359101,43.70214433389086,2,,Unknown,2,51,Fatal,Other Safety Equipment Used,,,Other,Unknown,,Other,,,,pedestrian,32,York South-Weston (5),12 Division,Brookhaven-Amesbury,FALSE,FALSE,FALSE,FALSE,FALSE,FALSE,TRUE,FALSE,FALSE,FALSE,"{""coordinates"": [[-79.50359101435323, 43.70214433389086]], ""type"": ""MultiPoint""}"
7731,2011:1266990,2011-12-01T01:02:00,JANE ST,ELLIS AVE,,2,Fatal Injury,,No Control,Pedestrian Collision(internal code),Clear,Dark with Artificial Lighting,Dry,Major Arterial,FALSE,-79.50359101,43.70214433389086,1,Automobile or Station Wagon,North,1,47,None,Other Safety Equipment Used,Driving properly,Normal,,,Going Ahead,,,,,driver,,York South-Weston (5),12 Division,Brookhaven-Amesbury,FALSE,FALSE,FALSE,FALSE,FALSE,FALSE,TRUE,FALSE,FALSE,FALSE,"{""coordinates"": [[-79.50359101435323, 43.70214433389086]], ""type"": ""MultiPoint""}"
7732,2011:1267274,2011-12-02T18:30:00,LAWRENCE AVE E,TOWNLEY AVE,,3,Fatal Injury,At Intersection,No Control,Pedestrian Collision(internal code),Clear,Dusk with Artificial Lighting,Dry,Major Arterial,FALSE,-79.30729061,43.742644065557464,2,,South,3,65,Fatal,Other Safety Equipment Used,,,Crossing - no traffic control,Unknown,,Driver hits pedestrian at midblock,,,,pedestrian,33,Scarborough Centre (21),41 Division,Wexford/Maryvale,FALSE,FALSE,FALSE,FALSE,FALSE,TRUE,TRUE,FALSE,FALSE,FALSE,"{""coordinates"": [[-79.30729060635302, 43.742644065557464]], ""type"": ""MultiPoint""}"
7733,2011:1267274,2011-12-02T18:30:00,LAWRENCE AVE E,TOWNLEY AVE,,3,Fatal Injury,At Intersection,No Control,Pedestrian Collision(internal code),Clear,Dusk with Artificial Lighting,Dry,Major Arterial,FALSE,-79.30729061,43.742644065557464,1,,,1,,,Other Safety Equipment Used,,,,,,,,,,owner,,Scarborough Centre (21),41 Division,Wexford/Maryvale,FALSE,FALSE,FALSE,FALSE,FALSE,TRUE,TRUE,FALSE,FALSE,FALSE,"{""coordinates"": [[-79.30729060635302, 43.742644065557464]], ""type"": ""MultiPoint""}"