_id,collision_id,accdate,stname1,stname2,stname3,per_inv,acclass,accloc,traffictl,impactype,visible,light,rdsfcond,road_class,failtorem,longitude,latitude,veh_no,vehtype,initdir,per_no,invage,injury,safequip,drivact,drivcond,pedact,pedcond,manoeuvre,pedtype,cyclistype,cycact,cyccond,road_user,fatal_no,wardname,division,neighbourhood,aggressive,distracted,cyclist,motorcyclist,other_micromobility,older_adult,pedestrian,red_light,school_child,heavy_truck,geometry
8109,2025:5001152408,2025-06-03T16:40:00,BICKNELL AVE,AVON DR,,3,Non-Fatal Injury,Four-way,No Control,Turning Movement,Clear,Daylight,Dry,Collector,FALSE,-79.47621609,43.68753440374252,1,Motorcycle,South,1,18,Major,Helmet,Improper passing,Normal,,,Going Ahead,,,,,motorcyclist,,York South-Weston (5),12 Division,Keelesdale-Eglinton West,TRUE,FALSE,FALSE,TRUE,FALSE,FALSE,FALSE,FALSE,TRUE,FALSE,"{""coordinates"": [[-79.47621609255272, 43.68753440374252]], ""type"": ""MultiPoint""}"
8110,2012:1286941,2012-04-02T05:55:00,FINCH AVE W,DRIFTWOOD AVE,,2,Fatal Injury,,No Control,Pedestrian Collision(internal code),Clear,Dawn with Artificial Lighting,Dry,Major Arterial,FALSE,-79.51239093,43.75824432,2,,North,2,47,Fatal,Other Safety Equipment Used,,,Crossing - no traffic control,Unknown,,Driver hits pedestrian at midblock,,,,pedestrian,8,Humber River-Black Creek (7),31 Division,Glenfield-Jane Heights,FALSE,FALSE,FALSE,FALSE,FALSE,FALSE,TRUE,FALSE,FALSE,FALSE,"{""coordinates"": [[-79.51239092664342, 43.7582443175606]], ""type"": ""MultiPoint""}"
8111,2012:1296056,2012-04-02T10:10:00,QUEEN St E,JONES Ave,,3,Non-Fatal Injury,At Intersection,Traffic Signal,Pedestrian Collision(internal code),Clear,Daylight,Dry,Minor Arterial,FALSE,-79.33278976,43.66264310624009,2,,North,3,76,Major,Other Safety Equipment Used,,,Crossing with right-of-way (intersection),Normal,,Driver turns left into pedestrian crossing with right-of-way (at intersection),,,,pedestrian,,Toronto-Danforth (14),55 Division,South Riverdale,TRUE,FALSE,FALSE,FALSE,FALSE,TRUE,TRUE,FALSE,FALSE,FALSE,"{""coordinates"": [[-79.33278976112834, 43.66264310624009]], ""type"": ""MultiPoint""}"
8112,2012:1296056,2012-04-02T10:10:00,QUEEN St E,JONES Ave,,3,Non-Fatal Injury,At Intersection,Traffic Signal,Pedestrian Collision(internal code),Clear,Daylight,Dry,Minor Arterial,FALSE,-79.33278976,43.66264310624009,1,,,1,,,Other Safety Equipment Used,,,,,,,,,,owner,,Toronto-Danforth (14),55 Division,South Riverdale,TRUE,FALSE,FALSE,FALSE,FALSE,TRUE,TRUE,FALSE,FALSE,FALSE,"{""coordinates"": [[-79.33278976112834, 43.66264310624009]], ""type"": ""MultiPoint""}"
8113,2012:1296056,2012-04-02T10:10:00,QUEEN St E,JONES Ave,,3,Non-Fatal Injury,At Intersection,Traffic Signal,Pedestrian Collision(internal code),Clear,Daylight,Dry,Minor Arterial,FALSE,-79.33278976,43.66264310624009,1,Automobile or Station Wagon,South,2,31,None,Lap and Shoulder Belt,Failed to yield right-of-way,Normal,,,Turning Left,,,,,driver,,Toronto-Danforth (14),55 Division,South Riverdale,TRUE,FALSE,FALSE,FALSE,FALSE,TRUE,TRUE,FALSE,FALSE,FALSE,"{""coordinates"": [[-79.33278976112834, 43.66264310624009]], ""type"": ""MultiPoint""}"
8114,2012:1296063,2012-04-02T15:20:00,COMSTOCK Rd,WARDEN Ave,,4,Non-Fatal Injury,At Intersection,Traffic Signal,Turning Movement,Clear,Daylight,Dry,Major Arterial,FALSE,-79.28499059,43.72154403716521,2,,,3,,,Other Safety Equipment Used,,,,,,,,,,owner,,Scarborough Southwest (20),41 Division,Clairlea-Birchmount,TRUE,FALSE,FALSE,TRUE,FALSE,FALSE,FALSE,FALSE,FALSE,FALSE,"{""coordinates"": [[-79.28499059492717, 43.72154403716521]], ""type"": ""MultiPoint""}"
8115,2012:1296063,2012-04-02T15:20:00,COMSTOCK Rd,WARDEN Ave,,4,Non-Fatal Injury,At Intersection,Traffic Signal,Turning Movement,Clear,Daylight,Dry,Major Arterial,FALSE,-79.28499059,43.72154403716521,2,Motorcycle,East,4,25,Major,No Equipment Available,Driving properly,Normal,,,Going Ahead,,,,,motorcyclist,,Scarborough Southwest (20),41 Division,Clairlea-Birchmount,TRUE,FALSE,FALSE,TRUE,FALSE,FALSE,FALSE,FALSE,FALSE,FALSE,"{""coordinates"": [[-79.28499059492717, 43.72154403716521]], ""type"": ""MultiPoint""}"
8116,2012:1296063,2012-04-02T15:20:00,COMSTOCK Rd,WARDEN Ave,,4,Non-Fatal Injury,At Intersection,Traffic Signal,Turning Movement,Clear,Daylight,Dry,Major Arterial,FALSE,-79.28499059,43.72154403716521,1,,,1,,,Other Safety Equipment Used,,,,,,,,,,owner,,Scarborough Southwest (20),41 Division,Clairlea-Birchmount,TRUE,FALSE,FALSE,TRUE,FALSE,FALSE,FALSE,FALSE,FALSE,FALSE,"{""coordinates"": [[-79.28499059492717, 43.72154403716521]], ""type"": ""MultiPoint""}"
8117,2012:1296063,2012-04-02T15:20:00,COMSTOCK Rd,WARDEN Ave,,4,Non-Fatal Injury,At Intersection,Traffic Signal,Turning Movement,Clear,Daylight,Dry,Major Arterial,FALSE,-79.28499059,43.72154403716521,1,Automobile or Station Wagon,West,2,48,None,Lap and Shoulder Belt,Failed to yield right-of-way,Normal,,,Turning Left,,,,,driver,,Scarborough Southwest (20),41 Division,Clairlea-Birchmount,TRUE,FALSE,FALSE,TRUE,FALSE,FALSE,FALSE,FALSE,FALSE,FALSE,"{""coordinates"": [[-79.28499059492717, 43.72154403716521]], ""type"": ""MultiPoint""}"
8118,2012:1287084,2012-04-03T02:30:00,MOUNT PLEASANT RD,STIBBARD AVE,,4,Fatal Injury,,No Control,SMV Other,Clear,Dark,Dry,Major Arterial,FALSE,-79.39359079,43.716944181229785,1,,,2,,,Other Safety Equipment Used,,,,,,,,,,owner,,Don Valley West (15),53 Division,Mount Pleasant East,TRUE,FALSE,FALSE,FALSE,FALSE,FALSE,FALSE,FALSE,TRUE,FALSE,"{""coordinates"": [[-79.3935907935729, 43.716944181229785]], ""type"": ""MultiPoint""}"
8119,2012:1287084,2012-04-03T02:30:00,MOUNT PLEASANT RD,STIBBARD AVE,,4,Fatal Injury,,No Control,SMV Other,Clear,Dark,Dry,Major Arterial,FALSE,-79.39359079,43.716944181229785,1,Automobile or Station Wagon,South,3,19,Minimal,Lap and Shoulder Belt,Exceeding speed limit,Ability Impaired - Alcohol Over .08,,,Going Ahead,,,,,driver,,Don Valley West (15),53 Division,Mount Pleasant East,TRUE,FALSE,FALSE,FALSE,FALSE,FALSE,FALSE,FALSE,TRUE,FALSE,"{""coordinates"": [[-79.3935907935729, 43.716944181229785]], ""type"": ""MultiPoint""}"
8120,2012:1296711,2012-04-05T03:40:00,UNIVERSITY AVE,ADELAIDE ST W,,6,Non-Fatal Injury,At Intersection,Traffic Signal,Angle,Clear,Dark with Artificial Lighting,Dry,Major Arterial,FALSE,-79.38559088,43.648844186100604,3,Automobile or Station Wagon,East,6,46,Minimal,Lap and Shoulder Belt,Driving properly,Normal,,,Going Ahead,,,,,driver,,Spadina-Fort York (10),52 Division,Yonge-Bay Corridor,TRUE,TRUE,FALSE,FALSE,FALSE,FALSE,FALSE,TRUE,FALSE,TRUE,"{""coordinates"": [[-79.38559088376238, 43.648844186100604]], ""type"": ""MultiPoint""}"
8121,2012:1296711,2012-04-05T03:40:00,UNIVERSITY AVE,ADELAIDE ST W,,6,Non-Fatal Injury,At Intersection,Traffic Signal,Angle,Clear,Dark with Artificial Lighting,Dry,Major Arterial,FALSE,-79.38559088,43.648844186100604,3,,,4,28,Minimal,Lap and Shoulder Belt,,,,,,,,,,passenger,,Spadina-Fort York (10),52 Division,Yonge-Bay Corridor,TRUE,TRUE,FALSE,FALSE,FALSE,FALSE,FALSE,TRUE,FALSE,TRUE,"{""coordinates"": [[-79.38559088376238, 43.648844186100604]], ""type"": ""MultiPoint""}"
8122,2012:1296711,2012-04-05T03:40:00,UNIVERSITY AVE,ADELAIDE ST W,,6,Non-Fatal Injury,At Intersection,Traffic Signal,Angle,Clear,Dark with Artificial Lighting,Dry,Major Arterial,FALSE,-79.38559088,43.648844186100604,2,Truck - Open (Flatbed),South,3,50,None,Other Safety Equipment Used,Disobeyed traffic control,Inattentive,,,Going Ahead,,,,,driver,,Spadina-Fort York (10),52 Division,Yonge-Bay Corridor,TRUE,TRUE,FALSE,FALSE,FALSE,FALSE,FALSE,TRUE,FALSE,TRUE,"{""coordinates"": [[-79.38559088376238, 43.648844186100604]], ""type"": ""MultiPoint""}"
8123,2012:1296711,2012-04-05T03:40:00,UNIVERSITY AVE,ADELAIDE ST W,,6,Non-Fatal Injury,At Intersection,Traffic Signal,Angle,Clear,Dark with Artificial Lighting,Dry,Major Arterial,FALSE,-79.38559088,43.648844186100604,2,,,2,,,Other Safety Equipment Used,,,,,,,,,,owner,,Spadina-Fort York (10),52 Division,Yonge-Bay Corridor,TRUE,TRUE,FALSE,FALSE,FALSE,FALSE,FALSE,TRUE,FALSE,TRUE,"{""coordinates"": [[-79.38559088376238, 43.648844186100604]], ""type"": ""MultiPoint""}"
8124,2012:1296711,2012-04-05T03:40:00,UNIVERSITY AVE,ADELAIDE ST W,,6,Non-Fatal Injury,At Intersection,Traffic Signal,Angle,Clear,Dark with Artificial Lighting,Dry,Major Arterial,FALSE,-79.38559088,43.648844186100604,1,,,1,,,Other Safety Equipment Used,,,,,,,,,,owner,,Spadina-Fort York (10),52 Division,Yonge-Bay Corridor,TRUE,TRUE,FALSE,FALSE,FALSE,FALSE,FALSE,TRUE,FALSE,TRUE,"{""coordinates"": [[-79.38559088376238, 43.648844186100604]], ""type"": ""MultiPoint""}"
8125,2012:1296775,2012-04-05T18:15:00,DOVERCOURT RD,NORTHUMBERLAND ST,,2,Non-Fatal Injury,At Intersection,Stop Sign,Pedestrian Collision(internal code),Clear,Daylight,Dry,Minor Arterial,FALSE,-79.42969095,43.662244247174115,1,Automobile or Station Wagon,South,1,52,None,Other Safety Equipment Used,Other,Normal,,,Reversing,,,,,driver,,Davenport (9),14 Division,Dovercourt Village,FALSE,FALSE,FALSE,FALSE,FALSE,TRUE,TRUE,FALSE,FALSE,FALSE,"{""coordinates"": [[-79.4296909480258, 43.662244247174115]], ""type"": ""MultiPoint""}"
8126,2012:1296775,2012-04-05T18:15:00,DOVERCOURT RD,NORTHUMBERLAND ST,,2,Non-Fatal Injury,At Intersection,Stop Sign,Pedestrian Collision(internal code),Clear,Daylight,Dry,Minor Arterial,FALSE,-79.42969095,43.662244247174115,2,,East,2,86,Major,No Equipment Available,,,Other,Normal,,Driver reversing hits pedestrian,,,,pedestrian,,Davenport (9),14 Division,Dovercourt Village,FALSE,FALSE,FALSE,FALSE,FALSE,TRUE,TRUE,FALSE,FALSE,FALSE,"{""coordinates"": [[-79.4296909480258, 43.662244247174115]], ""type"": ""MultiPoint""}"
8127,2012:1316760,2012-04-07T12:50:00,STEELES AVE W,MURRAY ROSS PKWY,,4,Non-Fatal Injury,At Intersection,Traffic Signal,Rear End,Clear,Daylight,Dry,Major Arterial,FALSE,-79.51699091,43.776344317553715,1,Automobile or Station Wagon,West,1,79,Minor,Lap and Shoulder Belt,Following too closely,Normal,,,Going Ahead,,,,,driver,,Humber River-Black Creek (7),31 Division,York University Heights,TRUE,FALSE,FALSE,FALSE,FALSE,TRUE,FALSE,FALSE,FALSE,FALSE,"{""coordinates"": [[-79.51699090917882, 43.776344317553715]], ""type"": ""MultiPoint""}"
8128,2012:1316760,2012-04-07T12:50:00,STEELES AVE W,MURRAY ROSS PKWY,,4,Non-Fatal Injury,At Intersection,Traffic Signal,Rear End,Clear,Daylight,Dry,Major Arterial,FALSE,-79.51699091,43.776344317553715,2,,,3,,,Other Safety Equipment Used,,,,,,,,,,owner,,Humber River-Black Creek (7),31 Division,York University Heights,TRUE,FALSE,FALSE,FALSE,FALSE,TRUE,FALSE,FALSE,FALSE,FALSE,"{""coordinates"": [[-79.51699090917882, 43.776344317553715]], ""type"": ""MultiPoint""}"
8129,2012:1316760,2012-04-07T12:50:00,STEELES AVE W,MURRAY ROSS PKWY,,4,Non-Fatal Injury,At Intersection,Traffic Signal,Rear End,Clear,Daylight,Dry,Major Arterial,FALSE,-79.51699091,43.776344317553715,2,Automobile or Station Wagon,West,4,52,Major,Lap and Shoulder Belt,Driving properly,Normal,,,Slowing or Stopping,,,,,driver,,Humber River-Black Creek (7),31 Division,York University Heights,TRUE,FALSE,FALSE,FALSE,FALSE,TRUE,FALSE,FALSE,FALSE,FALSE,"{""coordinates"": [[-79.51699090917882, 43.776344317553715]], ""type"": ""MultiPoint""}"
8130,2012:1316760,2012-04-07T12:50:00,STEELES AVE W,MURRAY ROSS PKWY,,4,Non-Fatal Injury,At Intersection,Traffic Signal,Rear End,Clear,Daylight,Dry,Major Arterial,FALSE,-79.51699091,43.776344317553715,2,,,2,48,Major,Lap and Shoulder Belt,,,,,,,,,,passenger,,Humber River-Black Creek (7),31 Division,York University Heights,TRUE,FALSE,FALSE,FALSE,FALSE,TRUE,FALSE,FALSE,FALSE,FALSE,"{""coordinates"": [[-79.51699090917882, 43.776344317553715]], ""type"": ""MultiPoint""}"
8131,2012:1297456,2012-04-07T20:43:00,KINGSTON RD,VALHALLA BLVD,,2,Non-Fatal Injury,At Intersection,No Control,Turning Movement,Clear,Dusk with Artificial Lighting,Dry,Major Arterial,TRUE,-79.2682686,43.68943201370153,1,Motorcycle,East,2,33,Major,Helmet,Driving properly,Normal,,,Going Ahead,,,,,motorcyclist,,Scarborough Southwest (20),41 Division,Birchcliffe-Cliffside,TRUE,FALSE,FALSE,TRUE,FALSE,FALSE,FALSE,FALSE,FALSE,FALSE,"{""coordinates"": [[-79.26826860452083, 43.68943201370153]], ""type"": ""MultiPoint""}"
8132,2012:1297456,2012-04-07T20:43:00,KINGSTON RD,VALHALLA BLVD,,2,Non-Fatal Injury,At Intersection,No Control,Turning Movement,Clear,Dusk with Artificial Lighting,Dry,Major Arterial,TRUE,-79.2682686,43.68943201370153,2,Automobile or Station Wagon,West,1,50,None,Lap Belt Only,Failed to yield right-of-way,Ability Impaired - Alcohol,,,Turning Left,,,,,driver,,Scarborough Southwest (20),41 Division,Birchcliffe-Cliffside,TRUE,FALSE,FALSE,TRUE,FALSE,FALSE,FALSE,FALSE,FALSE,FALSE,"{""coordinates"": [[-79.26826860452083, 43.68943201370153]], ""type"": ""MultiPoint""}"
8133,2012:1297568,2012-04-10T14:35:00,YONGE ST,NORTHTOWN WAY,,2,Non-Fatal Injury,,No Control,Pedestrian Collision(internal code),Clear,Daylight,Dry,Major Arterial,FALSE,-79.41439075,43.77524419622111,1,Automobile or Station Wagon,North,1,36,None,Other Safety Equipment Used,Driving properly,Normal,,,Going Ahead,,,,,driver,,Willowdale (18),32 Division,Yonge-Doris,FALSE,FALSE,FALSE,FALSE,FALSE,FALSE,TRUE,FALSE,FALSE,FALSE,"{""coordinates"": [[-79.4143907492627, 43.77524419622111]], ""type"": ""MultiPoint""}"
8134,2012:1297568,2012-04-10T14:35:00,YONGE ST,NORTHTOWN WAY,,2,Non-Fatal Injury,,No Control,Pedestrian Collision(internal code),Clear,Daylight,Dry,Major Arterial,FALSE,-79.41439075,43.77524419622111,2,,East,2,26,Major,No Equipment Available,,,Running onto roadway,Normal,,Driver hits pedestrian at midblock,,,,pedestrian,,Willowdale (18),32 Division,Yonge-Doris,FALSE,FALSE,FALSE,FALSE,FALSE,FALSE,TRUE,FALSE,FALSE,FALSE,"{""coordinates"": [[-79.4143907492627, 43.77524419622111]], ""type"": ""MultiPoint""}"
8135,2012:1288324,2012-04-11T10:48:00,EGLINTON AVE W,CALEDONIA RD,,3,Non-Fatal Injury,,Traffic Signal,Pedestrian Collision(internal code),Clear,Daylight,Dry,Major Arterial,FALSE,-79.46219096,43.693044281940786,2,,,2,,,Other Safety Equipment Used,,,,,,,,,,owner,,Eglinton-Lawrence (8),13 Division,Briar Hill-Belgravia,TRUE,TRUE,FALSE,FALSE,FALSE,TRUE,TRUE,FALSE,FALSE,TRUE,"{""coordinates"": [[-79.46219095695425, 43.693044281940786]], ""type"": ""MultiPoint""}"
8136,2012:1288324,2012-04-11T10:48:00,EGLINTON AVE W,CALEDONIA RD,,3,Non-Fatal Injury,,Traffic Signal,Pedestrian Collision(internal code),Clear,Daylight,Dry,Major Arterial,FALSE,-79.46219096,43.693044281940786,1,Truck - Open (Flatbed),East,1,25,None,Other Safety Equipment Used,Failed to yield right-of-way,Inattentive,,,Turning Right,,,,,driver,,Eglinton-Lawrence (8),13 Division,Briar Hill-Belgravia,TRUE,TRUE,FALSE,FALSE,FALSE,TRUE,TRUE,FALSE,FALSE,TRUE,"{""coordinates"": [[-79.46219095695425, 43.693044281940786]], ""type"": ""MultiPoint""}"
8137,2012:1288324,2012-04-11T10:48:00,EGLINTON AVE W,CALEDONIA RD,,3,Non-Fatal Injury,,Traffic Signal,Pedestrian Collision(internal code),Clear,Daylight,Dry,Major Arterial,FALSE,-79.46219096,43.693044281940786,3,,North,3,75,Major,Other Safety Equipment Used,,,Crossing with right-of-way (intersection),Normal,,Driver turns right into pedestrian crossing with right-of-way (at intersection),,,,pedestrian,,Eglinton-Lawrence (8),13 Division,Briar Hill-Belgravia,TRUE,TRUE,FALSE,FALSE,FALSE,TRUE,TRUE,FALSE,FALSE,TRUE,"{""coordinates"": [[-79.46219095695425, 43.693044281940786]], ""type"": ""MultiPoint""}"
8138,2012:1297963,2012-04-13T16:24:00,COXWELL Ave,COSBURN Ave,,5,Non-Fatal Injury,,No Control,Pedestrian Collision(internal code),Clear,Daylight,Dry,Minor Arterial,FALSE,-79.32779071,43.69354409610123,3,,,3,,,Other Safety Equipment Used,,,,,,,,,,owner,,Toronto-Danforth (14),55 Division,Danforth East York,FALSE,TRUE,FALSE,FALSE,FALSE,FALSE,TRUE,FALSE,FALSE,FALSE,"{""coordinates"": [[-79.32779070896082, 43.69354409610123]], ""type"": ""MultiPoint""}"
8139,2012:1297963,2012-04-13T16:24:00,COXWELL Ave,COSBURN Ave,,5,Non-Fatal Injury,,No Control,Pedestrian Collision(internal code),Clear,Daylight,Dry,Minor Arterial,FALSE,-79.32779071,43.69354409610123,3,Automobile or Station Wagon,South,4,52,None,Other Safety Equipment Used,Lost control,Inattentive,,,Going Ahead,,,,,driver,,Toronto-Danforth (14),55 Division,Danforth East York,FALSE,TRUE,FALSE,FALSE,FALSE,FALSE,TRUE,FALSE,FALSE,FALSE,"{""coordinates"": [[-79.32779070896082, 43.69354409610123]], ""type"": ""MultiPoint""}"
8140,2012:1297963,2012-04-13T16:24:00,COXWELL Ave,COSBURN Ave,,5,Non-Fatal Injury,,No Control,Pedestrian Collision(internal code),Clear,Daylight,Dry,Minor Arterial,FALSE,-79.32779071,43.69354409610123,2,,,2,,,Other Safety Equipment Used,,,,,,,,,,owner,,Toronto-Danforth (14),55 Division,Danforth East York,FALSE,TRUE,FALSE,FALSE,FALSE,FALSE,TRUE,FALSE,FALSE,FALSE,"{""coordinates"": [[-79.32779070896082, 43.69354409610123]], ""type"": ""MultiPoint""}"
8141,2012:1297963,2012-04-13T16:24:00,COXWELL Ave,COSBURN Ave,,5,Non-Fatal Injury,,No Control,Pedestrian Collision(internal code),Clear,Daylight,Dry,Minor Arterial,FALSE,-79.32779071,43.69354409610123,4,,Unknown,5,54,Major,Other Safety Equipment Used,,,Pushing or working on vehicle,Normal,,Driver hits pedestrian at private driveway,,,,pedestrian,,Toronto-Danforth (14),55 Division,Danforth East York,FALSE,TRUE,FALSE,FALSE,FALSE,FALSE,TRUE,FALSE,FALSE,FALSE,"{""coordinates"": [[-79.32779070896082, 43.69354409610123]], ""type"": ""MultiPoint""}"
8142,2012:1297963,2012-04-13T16:24:00,COXWELL Ave,COSBURN Ave,,5,Non-Fatal Injury,,No Control,Pedestrian Collision(internal code),Clear,Daylight,Dry,Minor Arterial,FALSE,-79.32779071,43.69354409610123,1,,,1,,,Other Safety Equipment Used,,,,,,,,,,owner,,Toronto-Danforth (14),55 Division,Danforth East York,FALSE,TRUE,FALSE,FALSE,FALSE,FALSE,TRUE,FALSE,FALSE,FALSE,"{""coordinates"": [[-79.32779070896082, 43.69354409610123]], ""type"": ""MultiPoint""}"
8143,2012:1297829,2012-04-13T18:50:00,ELMHURST DR,ISLINGTON AVE,,2,Non-Fatal Injury,At Intersection,Traffic Signal,Pedestrian Collision(internal code),Clear,Daylight,Dry,Major Arterial,FALSE,-79.55889105,43.72314438632838,1,Automobile or Station Wagon,North,1,51,None,Other Safety Equipment Used,Failed to yield right-of-way,Normal,,,Turning Left,,,,,driver,,Etobicoke North (1),23 Division,Elms-Old Rexdale,TRUE,FALSE,FALSE,FALSE,FALSE,FALSE,TRUE,FALSE,FALSE,FALSE,"{""coordinates"": [[-79.55889104563326, 43.72314438632838]], ""type"": ""MultiPoint""}"
8144,2010:1200768,2010-02-19T09:10:00,BARTLETT AVE,DUPONT ST,67 m North,2,Non-Fatal Injury,At Railway Crossing,Traffic Gate,Other,Clear,Daylight,Dry,Major Arterial,FALSE,-79.43668805,43.669524254827685,1,,,1,76,Major,Other Safety Equipment Used,,,Other,Unknown,,Other,,,,pedestrian,,Davenport (9),13 Division,Junction-Wallace Emerson,FALSE,FALSE,FALSE,FALSE,FALSE,TRUE,TRUE,FALSE,FALSE,FALSE,"{""coordinates"": [[-79.43668804931947, 43.669524254827685]], ""type"": ""MultiPoint""}"
8145,2012:1297829,2012-04-13T18:50:00,ELMHURST DR,ISLINGTON AVE,,2,Non-Fatal Injury,At Intersection,Traffic Signal,Pedestrian Collision(internal code),Clear,Daylight,Dry,Major Arterial,FALSE,-79.55889105,43.72314438632838,2,,South,2,42,Major,No Equipment Available,,,Crossing with right-of-way (intersection),Normal,,Driver turns left into pedestrian crossing with right-of-way (at intersection),,,,pedestrian,,Etobicoke North (1),23 Division,Elms-Old Rexdale,TRUE,FALSE,FALSE,FALSE,FALSE,FALSE,TRUE,FALSE,FALSE,FALSE,"{""coordinates"": [[-79.55889104563326, 43.72314438632838]], ""type"": ""MultiPoint""}"
8146,2012:1298032,2012-04-14T12:20:00,SHEPPARD AVE E,PARKWAY FOREST DR,,5,Non-Fatal Injury,At Intersection,Traffic Signal,Rear End,Clear,Daylight,Dry,Major Arterial,FALSE,-79.34369063,43.775844110823115,2,Automobile or Station Wagon,East,5,40,Major,Lap and Shoulder Belt,Following too closely,Inattentive,,,Going Ahead,,,,,driver,,Don Valley North (17),33 Division,Don Valley Village,TRUE,TRUE,FALSE,FALSE,FALSE,FALSE,FALSE,FALSE,TRUE,FALSE,"{""coordinates"": [[-79.34369063275243, 43.775844110823115]], ""type"": ""MultiPoint""}"
8147,2012:1298032,2012-04-14T12:20:00,SHEPPARD AVE E,PARKWAY FOREST DR,,5,Non-Fatal Injury,At Intersection,Traffic Signal,Rear End,Clear,Daylight,Dry,Major Arterial,FALSE,-79.34369063,43.775844110823115,1,Automobile or Station Wagon,East,4,42,Major,Lap and Shoulder Belt,Driving properly,Normal,,,Stopped,,,,,driver,,Don Valley North (17),33 Division,Don Valley Village,TRUE,TRUE,FALSE,FALSE,FALSE,FALSE,FALSE,FALSE,TRUE,FALSE,"{""coordinates"": [[-79.34369063275243, 43.775844110823115]], ""type"": ""MultiPoint""}"
8148,2012:1298032,2012-04-14T12:20:00,SHEPPARD AVE E,PARKWAY FOREST DR,,5,Non-Fatal Injury,At Intersection,Traffic Signal,Rear End,Clear,Daylight,Dry,Major Arterial,FALSE,-79.34369063,43.775844110823115,1,,,2,4,Major,Child Safety Seat Used Correctly,,,,,,,,,,passenger,,Don Valley North (17),33 Division,Don Valley Village,TRUE,TRUE,FALSE,FALSE,FALSE,FALSE,FALSE,FALSE,TRUE,FALSE,"{""coordinates"": [[-79.34369063275243, 43.775844110823115]], ""type"": ""MultiPoint""}"
8149,2012:1298032,2012-04-14T12:20:00,SHEPPARD AVE E,PARKWAY FOREST DR,,5,Non-Fatal Injury,At Intersection,Traffic Signal,Rear End,Clear,Daylight,Dry,Major Arterial,FALSE,-79.34369063,43.775844110823115,1,,,3,39,Major,Lap and Shoulder Belt,,,,,,,,,,passenger,,Don Valley North (17),33 Division,Don Valley Village,TRUE,TRUE,FALSE,FALSE,FALSE,FALSE,FALSE,FALSE,TRUE,FALSE,"{""coordinates"": [[-79.34369063275243, 43.775844110823115]], ""type"": ""MultiPoint""}"
8150,2012:1298032,2012-04-14T12:20:00,SHEPPARD AVE E,PARKWAY FOREST DR,,5,Non-Fatal Injury,At Intersection,Traffic Signal,Rear End,Clear,Daylight,Dry,Major Arterial,FALSE,-79.34369063,43.775844110823115,1,,,1,2,Major,Child Safety Seat Used Correctly,,,,,,,,,,passenger,,Don Valley North (17),33 Division,Don Valley Village,TRUE,TRUE,FALSE,FALSE,FALSE,FALSE,FALSE,FALSE,TRUE,FALSE,"{""coordinates"": [[-79.34369063275243, 43.775844110823115]], ""type"": ""MultiPoint""}"
8151,2012:1298031,2012-04-15T10:30:00,DON MILLS RD,STEELES AVE E,,3,Non-Fatal Injury,At Intersection,Traffic Signal,Pedestrian Collision(internal code),Rain,Daylight,Wet,Major Arterial,TRUE,-79.36076763,43.81117413056424,1,Municipal Transit Bus (TTC),North,3,55,None,Other Safety Equipment Used,Disobeyed traffic control,Inattentive,,,Turning Right,,,,,driver,,Don Valley North (17),33 Division,Hillcrest Village,TRUE,TRUE,FALSE,FALSE,FALSE,FALSE,TRUE,TRUE,TRUE,TRUE,"{""coordinates"": [[-79.36076762506437, 43.81117413056424]], ""type"": ""MultiPoint""}"
8152,2012:1298031,2012-04-15T10:30:00,DON MILLS RD,STEELES AVE E,,3,Non-Fatal Injury,At Intersection,Traffic Signal,Pedestrian Collision(internal code),Rain,Daylight,Wet,Major Arterial,TRUE,-79.36076763,43.81117413056424,1,,,2,,,Other Safety Equipment Used,,,,,,,,,,owner,,Don Valley North (17),33 Division,Hillcrest Village,TRUE,TRUE,FALSE,FALSE,FALSE,FALSE,TRUE,TRUE,TRUE,TRUE,"{""coordinates"": [[-79.36076762506437, 43.81117413056424]], ""type"": ""MultiPoint""}"
8153,2012:1298031,2012-04-15T10:30:00,DON MILLS RD,STEELES AVE E,,3,Non-Fatal Injury,At Intersection,Traffic Signal,Pedestrian Collision(internal code),Rain,Daylight,Wet,Major Arterial,TRUE,-79.36076763,43.81117413056424,2,,Unknown,1,19,Major,No Equipment Available,,,Crossing with right-of-way (intersection),Normal,,Transit vehicle driver hits pedestrian anywhere along roadway,,,,pedestrian,,Don Valley North (17),33 Division,Hillcrest Village,TRUE,TRUE,FALSE,FALSE,FALSE,FALSE,TRUE,TRUE,TRUE,TRUE,"{""coordinates"": [[-79.36076762506437, 43.81117413056424]], ""type"": ""MultiPoint""}"
8154,2012:1289088,2012-04-15T17:52:00,SHEPPARD AVE E,PHARMACY AVE,,3,Non-Fatal Injury,,No Control,Rear End,Clear,Daylight,Dry,Major Arterial,FALSE,-79.31719059,43.77664407887803,1,,,1,,,Other Safety Equipment Used,,,,,,,,,,owner,,Scarborough-Agincourt (22),42 Division,Tam O'Shanter-Sullivan,TRUE,TRUE,FALSE,TRUE,FALSE,FALSE,FALSE,FALSE,TRUE,FALSE,"{""coordinates"": [[-79.31719058858842, 43.77664407887803]], ""type"": ""MultiPoint""}"
8155,2012:1289088,2012-04-15T17:52:00,SHEPPARD AVE E,PHARMACY AVE,,3,Non-Fatal Injury,,No Control,Rear End,Clear,Daylight,Dry,Major Arterial,FALSE,-79.31719059,43.77664407887803,1,Motorcycle,East,2,17,Major,Helmet,Improper passing,Inattentive,,,Changing Lanes,,,,,motorcyclist,,Scarborough-Agincourt (22),42 Division,Tam O'Shanter-Sullivan,TRUE,TRUE,FALSE,TRUE,FALSE,FALSE,FALSE,FALSE,TRUE,FALSE,"{""coordinates"": [[-79.31719058858842, 43.77664407887803]], ""type"": ""MultiPoint""}"
8156,2012:1289088,2012-04-15T17:52:00,SHEPPARD AVE E,PHARMACY AVE,,3,Non-Fatal Injury,,No Control,Rear End,Clear,Daylight,Dry,Major Arterial,FALSE,-79.31719059,43.77664407887803,2,Automobile or Station Wagon,East,3,39,None,Lap and Shoulder Belt,Driving properly,Normal,,,Going Ahead,,,,,driver,,Scarborough-Agincourt (22),42 Division,Tam O'Shanter-Sullivan,TRUE,TRUE,FALSE,TRUE,FALSE,FALSE,FALSE,FALSE,TRUE,FALSE,"{""coordinates"": [[-79.31719058858842, 43.77664407887803]], ""type"": ""MultiPoint""}"