_id,collision_id,accdate,stname1,stname2,stname3,per_inv,acclass,accloc,traffictl,impactype,visible,light,rdsfcond,road_class,failtorem,longitude,latitude,veh_no,vehtype,initdir,per_no,invage,injury,safequip,drivact,drivcond,pedact,pedcond,manoeuvre,pedtype,cyclistype,cycact,cyccond,road_user,fatal_no,wardname,division,neighbourhood,aggressive,distracted,cyclist,motorcyclist,other_micromobility,older_adult,pedestrian,red_light,school_child,heavy_truck,geometry
8254,2012:1302144,2012-05-09T00:08:00,KING ST W,BRANT ST,,5,Non-Fatal Injury,,No Control,Sideswipe,Clear,Dark with Artificial Lighting,Dry,Major Arterial,FALSE,-79.39689091,43.645044203846474,3,Automobile or Station Wagon,East,5,27,None,Lap and Shoulder Belt,Driving properly,Normal,,,Stopped,,,,,driver,,Spadina-Fort York (10),14 Division,Wellington Place,FALSE,TRUE,FALSE,TRUE,FALSE,FALSE,FALSE,FALSE,FALSE,FALSE,"{""coordinates"": [[-79.39689091184125, 43.645044203846474]], ""type"": ""MultiPoint""}"
8255,2012:1302144,2012-05-09T00:08:00,KING ST W,BRANT ST,,5,Non-Fatal Injury,,No Control,Sideswipe,Clear,Dark with Artificial Lighting,Dry,Major Arterial,FALSE,-79.39689091,43.645044203846474,2,Automobile or Station Wagon,East,3,44,None,Lap and Shoulder Belt,Improper lane change,Inattentive,,,Changing Lanes,,,,,driver,,Spadina-Fort York (10),14 Division,Wellington Place,FALSE,TRUE,FALSE,TRUE,FALSE,FALSE,FALSE,FALSE,FALSE,FALSE,"{""coordinates"": [[-79.39689091184125, 43.645044203846474]], ""type"": ""MultiPoint""}"
8256,2012:1293309,2012-05-09T15:28:00,ISLINGTON AVE,MILADY RD,,5,Non-Fatal Injury,At Intersection,Traffic Signal,Turning Movement,Other,Daylight,Other,Major Arterial,FALSE,-79.568391,43.752244380945264,2,,,4,,,Other Safety Equipment Used,,,,,,,,,,owner,,Humber River-Black Creek (7),31 Division,Humber Summit,TRUE,FALSE,FALSE,FALSE,FALSE,FALSE,FALSE,TRUE,TRUE,TRUE,"{""coordinates"": [[-79.56839100434284, 43.752244380945264]], ""type"": ""MultiPoint""}"
8257,2012:1293309,2012-05-09T15:28:00,ISLINGTON AVE,MILADY RD,,5,Non-Fatal Injury,At Intersection,Traffic Signal,Turning Movement,Other,Daylight,Other,Major Arterial,FALSE,-79.568391,43.752244380945264,2,,,3,12,Major,Lap and Shoulder Belt,,,,,,,,,,passenger,,Humber River-Black Creek (7),31 Division,Humber Summit,TRUE,FALSE,FALSE,FALSE,FALSE,FALSE,FALSE,TRUE,TRUE,TRUE,"{""coordinates"": [[-79.56839100434284, 43.752244380945264]], ""type"": ""MultiPoint""}"
8258,2012:1293309,2012-05-09T15:28:00,ISLINGTON AVE,MILADY RD,,5,Non-Fatal Injury,At Intersection,Traffic Signal,Turning Movement,Other,Daylight,Other,Major Arterial,FALSE,-79.568391,43.752244380945264,2,Automobile or Station Wagon,West,5,22,Minor,Lap and Shoulder Belt,Driving properly,Normal,,,Turning Left,,,,,driver,,Humber River-Black Creek (7),31 Division,Humber Summit,TRUE,FALSE,FALSE,FALSE,FALSE,FALSE,FALSE,TRUE,TRUE,TRUE,"{""coordinates"": [[-79.56839100434284, 43.752244380945264]], ""type"": ""MultiPoint""}"
8259,2012:1293309,2012-05-09T15:28:00,ISLINGTON AVE,MILADY RD,,5,Non-Fatal Injury,At Intersection,Traffic Signal,Turning Movement,Other,Daylight,Other,Major Arterial,FALSE,-79.568391,43.752244380945264,1,Truck - Open (Flatbed),North,2,25,None,Lap and Shoulder Belt,Disobeyed traffic control,Normal,,,Going Ahead,,,,,driver,,Humber River-Black Creek (7),31 Division,Humber Summit,TRUE,FALSE,FALSE,FALSE,FALSE,FALSE,FALSE,TRUE,TRUE,TRUE,"{""coordinates"": [[-79.56839100434284, 43.752244380945264]], ""type"": ""MultiPoint""}"
8260,2012:1293309,2012-05-09T15:28:00,ISLINGTON AVE,MILADY RD,,5,Non-Fatal Injury,At Intersection,Traffic Signal,Turning Movement,Other,Daylight,Other,Major Arterial,FALSE,-79.568391,43.752244380945264,1,,,1,,,Other Safety Equipment Used,,,,,,,,,,owner,,Humber River-Black Creek (7),31 Division,Humber Summit,TRUE,FALSE,FALSE,FALSE,FALSE,FALSE,FALSE,TRUE,TRUE,TRUE,"{""coordinates"": [[-79.56839100434284, 43.752244380945264]], ""type"": ""MultiPoint""}"
8261,2012:1302130,2012-05-10T10:15:00,DUNDAS ST W,GORE VALE AVE,,3,Non-Fatal Injury,,No Control,Cyclist Collision,Clear,Daylight,Dry,Major Arterial,FALSE,-79.41339094,43.650844226803166,1,,,1,,,Other Safety Equipment Used,,,,,,,,,,owner,,University-Rosedale (11),14 Division,Trinity-Bellwoods,TRUE,FALSE,TRUE,FALSE,FALSE,TRUE,FALSE,FALSE,FALSE,FALSE,"{""coordinates"": [[-79.41339093500997, 43.650844226803166]], ""type"": ""MultiPoint""}"
8262,2012:1302130,2012-05-10T10:15:00,DUNDAS ST W,GORE VALE AVE,,3,Non-Fatal Injury,,No Control,Cyclist Collision,Clear,Daylight,Dry,Major Arterial,FALSE,-79.41339094,43.650844226803166,2,Bicycle,East,3,67,Major,No Equipment Available,,,,,Going Ahead,,Sideswipe with cyclist and driver travelling in same direction,Driving Properly,Normal,cyclist,,University-Rosedale (11),14 Division,Trinity-Bellwoods,TRUE,FALSE,TRUE,FALSE,FALSE,TRUE,FALSE,FALSE,FALSE,FALSE,"{""coordinates"": [[-79.41339093500997, 43.650844226803166]], ""type"": ""MultiPoint""}"
8263,2012:1302130,2012-05-10T10:15:00,DUNDAS ST W,GORE VALE AVE,,3,Non-Fatal Injury,,No Control,Cyclist Collision,Clear,Daylight,Dry,Major Arterial,FALSE,-79.41339094,43.650844226803166,1,Automobile or Station Wagon,East,2,26,None,Other Safety Equipment Used,Improper passing,Normal,,,Going Ahead,,,,,driver,,University-Rosedale (11),14 Division,Trinity-Bellwoods,TRUE,FALSE,TRUE,FALSE,FALSE,TRUE,FALSE,FALSE,FALSE,FALSE,"{""coordinates"": [[-79.41339093500997, 43.650844226803166]], ""type"": ""MultiPoint""}"
8264,2012:1302089,2012-05-10T18:10:00,PETER ST,ADELAIDE ST W,,2,Non-Fatal Injury,,No Control,Cyclist Collision,Clear,Dusk,Dry,Major Arterial,FALSE,-79.3927909,43.647244197184136,1,Automobile or Station Wagon,North,1,49,None,Other Safety Equipment Used,Driving properly,Normal,,,Stopped,,,,,driver,,Spadina-Fort York (10),52 Division,Wellington Place,FALSE,FALSE,TRUE,FALSE,FALSE,FALSE,FALSE,FALSE,FALSE,FALSE,"{""coordinates"": [[-79.39279090035176, 43.647244197184136]], ""type"": ""MultiPoint""}"
8265,2012:1302089,2012-05-10T18:10:00,PETER ST,ADELAIDE ST W,,2,Non-Fatal Injury,,No Control,Cyclist Collision,Clear,Dusk,Dry,Major Arterial,FALSE,-79.3927909,43.647244197184136,2,Bicycle,North,2,23,Major,No Equipment Available,,,,,Overtaking,,Dooring,Driving Properly,Unknown,cyclist,,Spadina-Fort York (10),52 Division,Wellington Place,FALSE,FALSE,TRUE,FALSE,FALSE,FALSE,FALSE,FALSE,FALSE,FALSE,"{""coordinates"": [[-79.39279090035176, 43.647244197184136]], ""type"": ""MultiPoint""}"
8266,2012:1293835,2012-05-11T12:39:00,DUPLEX AVE,ANDERSON AVE,,3,Fatal Injury,At Intersection,Stop Sign,Pedestrian Collision(internal code),Clear,Daylight,Dry,Collector,FALSE,-79.40049083,43.70424419371269,1,,,1,,,Other Safety Equipment Used,,,,,,,,,,owner,,Toronto-St. Paul's (12),53 Division,Yonge-Eglinton,FALSE,TRUE,FALSE,FALSE,FALSE,TRUE,TRUE,FALSE,FALSE,FALSE,"{""coordinates"": [[-79.40049082580352, 43.70424419371269]], ""type"": ""MultiPoint""}"
8267,2012:1293835,2012-05-11T12:39:00,DUPLEX AVE,ANDERSON AVE,,3,Fatal Injury,At Intersection,Stop Sign,Pedestrian Collision(internal code),Clear,Daylight,Dry,Collector,FALSE,-79.40049083,43.70424419371269,1,Automobile or Station Wagon,East,2,46,None,Lap and Shoulder Belt,Improper turn,Inattentive,,,Turning Left,,,,,driver,,Toronto-St. Paul's (12),53 Division,Yonge-Eglinton,FALSE,TRUE,FALSE,FALSE,FALSE,TRUE,TRUE,FALSE,FALSE,FALSE,"{""coordinates"": [[-79.40049082580352, 43.70424419371269]], ""type"": ""MultiPoint""}"
8268,2012:1293835,2012-05-11T12:39:00,DUPLEX AVE,ANDERSON AVE,,3,Fatal Injury,At Intersection,Stop Sign,Pedestrian Collision(internal code),Clear,Daylight,Dry,Collector,FALSE,-79.40049083,43.70424419371269,2,,West,3,82,Fatal,Other Safety Equipment Used,,,Crossing with right-of-way (intersection),Normal,,Driver turns left into pedestrian crossing with right-of-way (at intersection),,,,pedestrian,14,Toronto-St. Paul's (12),53 Division,Yonge-Eglinton,FALSE,TRUE,FALSE,FALSE,FALSE,TRUE,TRUE,FALSE,FALSE,FALSE,"{""coordinates"": [[-79.40049082580352, 43.70424419371269]], ""type"": ""MultiPoint""}"
8269,2012:1293945,2012-05-12T21:33:00,SHEPPARD AVE W,BATHURST ST W,,3,Non-Fatal Injury,At Intersection,Traffic Signal,Turning Movement,Clear,Dark with Artificial Lighting,Dry,Major Arterial,FALSE,-79.43849081,43.75544422838427,1,,,1,83,Minor,Lap and Shoulder Belt,,,,,,,,,,passenger,,York Centre (6),32 Division,Clanton Park,TRUE,TRUE,FALSE,FALSE,FALSE,TRUE,FALSE,FALSE,FALSE,FALSE,"{""coordinates"": [[-79.43849081163438, 43.75544422838427]], ""type"": ""MultiPoint""}"
8270,2012:1293945,2012-05-12T21:33:00,SHEPPARD AVE W,BATHURST ST W,,3,Non-Fatal Injury,At Intersection,Traffic Signal,Turning Movement,Clear,Dark with Artificial Lighting,Dry,Major Arterial,FALSE,-79.43849081,43.75544422838427,2,Automobile or Station Wagon,East,3,20,Minimal,Lap and Shoulder Belt,Driving properly,Unknown,,,Going Ahead,,,,,driver,,York Centre (6),32 Division,Clanton Park,TRUE,TRUE,FALSE,FALSE,FALSE,TRUE,FALSE,FALSE,FALSE,FALSE,"{""coordinates"": [[-79.43849081163438, 43.75544422838427]], ""type"": ""MultiPoint""}"
8271,2012:1293945,2012-05-12T21:33:00,SHEPPARD AVE W,BATHURST ST W,,3,Non-Fatal Injury,At Intersection,Traffic Signal,Turning Movement,Clear,Dark with Artificial Lighting,Dry,Major Arterial,FALSE,-79.43849081,43.75544422838427,1,Automobile or Station Wagon,West,2,84,Major,Lap and Shoulder Belt,Failed to yield right-of-way,Inattentive,,,Turning Left,,,,,driver,,York Centre (6),32 Division,Clanton Park,TRUE,TRUE,FALSE,FALSE,FALSE,TRUE,FALSE,FALSE,FALSE,FALSE,"{""coordinates"": [[-79.43849081163438, 43.75544422838427]], ""type"": ""MultiPoint""}"
8272,2012:1303045,2012-05-14T19:36:00,WARDEN AVE,HUNTINGWOOD DR,,3,Non-Fatal Injury,At Intersection,Traffic Signal,Turning Movement,Clear,Dusk,Dry,Major Arterial,FALSE,-79.31089057,43.78544407179775,1,,,1,,,Other Safety Equipment Used,,,,,,,,,,owner,,Scarborough-Agincourt (22),42 Division,Tam O'Shanter-Sullivan,TRUE,FALSE,FALSE,TRUE,FALSE,FALSE,FALSE,FALSE,FALSE,FALSE,"{""coordinates"": [[-79.31089057020783, 43.78544407179775]], ""type"": ""MultiPoint""}"
8273,2012:1303045,2012-05-14T19:36:00,WARDEN AVE,HUNTINGWOOD DR,,3,Non-Fatal Injury,At Intersection,Traffic Signal,Turning Movement,Clear,Dusk,Dry,Major Arterial,FALSE,-79.31089057,43.78544407179775,1,Motorcycle,South,2,22,Major,Helmet,Exceeding speed limit,Normal,,,Going Ahead,,,,,motorcyclist,,Scarborough-Agincourt (22),42 Division,Tam O'Shanter-Sullivan,TRUE,FALSE,FALSE,TRUE,FALSE,FALSE,FALSE,FALSE,FALSE,FALSE,"{""coordinates"": [[-79.31089057020783, 43.78544407179775]], ""type"": ""MultiPoint""}"
8274,2012:1303045,2012-05-14T19:36:00,WARDEN AVE,HUNTINGWOOD DR,,3,Non-Fatal Injury,At Intersection,Traffic Signal,Turning Movement,Clear,Dusk,Dry,Major Arterial,FALSE,-79.31089057,43.78544407179775,2,Automobile or Station Wagon,North,3,25,None,Other Safety Equipment Used,Driving properly,Normal,,,Turning Left,,,,,driver,,Scarborough-Agincourt (22),42 Division,Tam O'Shanter-Sullivan,TRUE,FALSE,FALSE,TRUE,FALSE,FALSE,FALSE,FALSE,FALSE,FALSE,"{""coordinates"": [[-79.31089057020783, 43.78544407179775]], ""type"": ""MultiPoint""}"
8275,2012:1294470,2012-05-15T13:20:00,KIPLING AVE,PRINCE GEORGE DR,,2,Non-Fatal Injury,,Stop Sign,Cyclist Collision,Clear,Daylight,Dry,Major Arterial,FALSE,-79.54669113,43.667644402886694,2,Bicycle,North,2,54,Major,Other Safety Equipment Used,,,,,Going Ahead,,"Driver turns right at non-signalized intersection (e.g. stop, yield, no control, driveway) and hits cyclist",Driving Properly,Inattentive,cyclist,,Etobicoke Centre (2),22 Division,Princess-Rosethorn,TRUE,TRUE,TRUE,FALSE,FALSE,FALSE,FALSE,FALSE,FALSE,FALSE,"{""coordinates"": [[-79.54669113365455, 43.667644402886694]], ""type"": ""MultiPoint""}"
8276,2012:1294470,2012-05-15T13:20:00,KIPLING AVE,PRINCE GEORGE DR,,2,Non-Fatal Injury,,Stop Sign,Cyclist Collision,Clear,Daylight,Dry,Major Arterial,FALSE,-79.54669113,43.667644402886694,1,Automobile or Station Wagon,East,1,62,None,Other Safety Equipment Used,Failed to yield right-of-way,Inattentive,,,Turning Right,,,,,driver,,Etobicoke Centre (2),22 Division,Princess-Rosethorn,TRUE,TRUE,TRUE,FALSE,FALSE,FALSE,FALSE,FALSE,FALSE,FALSE,"{""coordinates"": [[-79.54669113365455, 43.667644402886694]], ""type"": ""MultiPoint""}"
8277,2025:5001867995,2025-09-05T17:02:00,MIDLAND AVE,STEELES AVE,,2,Fatal Injury,Four-way,Traffic Signal,SMV Other,Clear,Daylight,Dry,Major Arterial,FALSE,-79.29727161,43.82579895885606,1,Automobile or Station Wagon,,2,59,,,,,,,,,,,,driver,,Scarborough-Agincourt (22),42 Division,Milliken,FALSE,FALSE,FALSE,FALSE,FALSE,FALSE,TRUE,FALSE,FALSE,FALSE,"{""coordinates"": [[-79.29727161216537, 43.82579895885606]], ""type"": ""MultiPoint""}"
8278,2012:1294403,2012-05-15T14:26:00,WESTON RD,STEELES AVE W,,3,Fatal Injury,At Intersection,Traffic Signal,Pedestrian Collision(internal code),Clear,Daylight,Dry,Major Arterial,FALSE,-79.54649095,43.770244351094895,2,Truck - Open (Flatbed),South,3,34,None,Other Safety Equipment Used,Failed to yield right-of-way,Inattentive,,,Turning Right,,,,,driver,,Humber River-Black Creek (7),31 Division,Humber Summit,TRUE,TRUE,FALSE,FALSE,FALSE,TRUE,TRUE,FALSE,FALSE,TRUE,"{""coordinates"": [[-79.54649095349104, 43.770244351094895]], ""type"": ""MultiPoint""}"
8279,2012:1294403,2012-05-15T14:26:00,WESTON RD,STEELES AVE W,,3,Fatal Injury,At Intersection,Traffic Signal,Pedestrian Collision(internal code),Clear,Daylight,Dry,Major Arterial,FALSE,-79.54649095,43.770244351094895,1,,South,1,75,Fatal,Other Safety Equipment Used,,,Crossing with right-of-way (intersection),Normal,,Driver turns right into pedestrian crossing with right-of-way (at intersection),,,,pedestrian,15,Humber River-Black Creek (7),31 Division,Humber Summit,TRUE,TRUE,FALSE,FALSE,FALSE,TRUE,TRUE,FALSE,FALSE,TRUE,"{""coordinates"": [[-79.54649095349104, 43.770244351094895]], ""type"": ""MultiPoint""}"
8280,2012:1294403,2012-05-15T14:26:00,WESTON RD,STEELES AVE W,,3,Fatal Injury,At Intersection,Traffic Signal,Pedestrian Collision(internal code),Clear,Daylight,Dry,Major Arterial,FALSE,-79.54649095,43.770244351094895,2,,,2,,,Other Safety Equipment Used,,,,,,,,,,owner,,Humber River-Black Creek (7),31 Division,Humber Summit,TRUE,TRUE,FALSE,FALSE,FALSE,TRUE,TRUE,FALSE,FALSE,TRUE,"{""coordinates"": [[-79.54649095349104, 43.770244351094895]], ""type"": ""MultiPoint""}"
8281,2012:1294902,2012-05-19T11:41:00,FINCH AVE W,DRIFTWOOD AVE,,2,Non-Fatal Injury,At Intersection,No Control,Cyclist Collision,Clear,Daylight,Dry,Major Arterial,FALSE,-79.55449099,43.749444366662246,2,Bicycle,West,2,48,Major,Helmet,,,,,Unknown,,Cyclist loses control and hits object (e.g. pole or TTC track),Lost control,Medical or Physical Disability,cyclist,,Humber River-Black Creek (7),31 Division,Humbermede,FALSE,FALSE,TRUE,FALSE,FALSE,FALSE,FALSE,FALSE,FALSE,FALSE,"{""coordinates"": [[-79.55449099093698, 43.749444366662246]], ""type"": ""MultiPoint""}"
8282,2012:1294902,2012-05-19T11:41:00,FINCH AVE W,DRIFTWOOD AVE,,2,Non-Fatal Injury,At Intersection,No Control,Cyclist Collision,Clear,Daylight,Dry,Major Arterial,FALSE,-79.55449099,43.749444366662246,1,Automobile or Station Wagon,East,1,44,None,Other Safety Equipment Used,Driving properly,Normal,,,Going Ahead,,,,,driver,,Humber River-Black Creek (7),31 Division,Humbermede,FALSE,FALSE,TRUE,FALSE,FALSE,FALSE,FALSE,FALSE,FALSE,FALSE,"{""coordinates"": [[-79.55449099093698, 43.749444366662246]], ""type"": ""MultiPoint""}"
8283,2012:1303942,2012-05-21T06:40:00,GOODWOOD AVE,SELLERS AVE,,3,Non-Fatal Injury,,No Control,Cyclist Collision,Clear,Daylight,Dry,Local,FALSE,-79.44479095,43.68094426230373,1,,,1,,,Other Safety Equipment Used,,,,,,,,,,owner,,Davenport (9),13 Division,Corso Italia-Davenport,FALSE,TRUE,TRUE,FALSE,FALSE,FALSE,FALSE,FALSE,TRUE,FALSE,"{""coordinates"": [[-79.44479094541529, 43.68094426230373]], ""type"": ""MultiPoint""}"
8284,2012:1303942,2012-05-21T06:40:00,GOODWOOD AVE,SELLERS AVE,,3,Non-Fatal Injury,,No Control,Cyclist Collision,Clear,Daylight,Dry,Local,FALSE,-79.44479095,43.68094426230373,2,Bicycle,South,3,14,Major,Equipment Not Used But Available,,,,,Going Ahead,,"Cyclist without right-of-way rides into path of driver (at intersection, laneway, or driveway)",Failed to Yield Right of Way,Inattentive,cyclist,,Davenport (9),13 Division,Corso Italia-Davenport,FALSE,TRUE,TRUE,FALSE,FALSE,FALSE,FALSE,FALSE,TRUE,FALSE,"{""coordinates"": [[-79.44479094541529, 43.68094426230373]], ""type"": ""MultiPoint""}"
8285,2012:1303942,2012-05-21T06:40:00,GOODWOOD AVE,SELLERS AVE,,3,Non-Fatal Injury,,No Control,Cyclist Collision,Clear,Daylight,Dry,Local,FALSE,-79.44479095,43.68094426230373,1,Automobile or Station Wagon,West,2,27,None,Other Safety Equipment Used,Driving properly,Normal,,,Going Ahead,,,,,driver,,Davenport (9),13 Division,Corso Italia-Davenport,FALSE,TRUE,TRUE,FALSE,FALSE,FALSE,FALSE,FALSE,TRUE,FALSE,"{""coordinates"": [[-79.44479094541529, 43.68094426230373]], ""type"": ""MultiPoint""}"
8286,2012:1303894,2012-05-23T18:35:00,QUEEN ST E,OLD BREWERY LANE,,3,Non-Fatal Injury,At Intersection,No Control,Turning Movement,Clear,Daylight,Dry,Major Arterial,FALSE,-79.35519081,43.65764413957345,2,Automobile or Station Wagon,West,3,64,Major,Lap and Shoulder Belt,Failed to yield right-of-way,Normal,,,Turning Left,,,,,driver,,Toronto Centre (13),51 Division,Moss Park,TRUE,FALSE,FALSE,FALSE,FALSE,FALSE,FALSE,FALSE,FALSE,FALSE,"{""coordinates"": [[-79.35519081143583, 43.65764413957345]], ""type"": ""MultiPoint""}"
8287,2012:1303894,2012-05-23T18:35:00,QUEEN ST E,OLD BREWERY LANE,,3,Non-Fatal Injury,At Intersection,No Control,Turning Movement,Clear,Daylight,Dry,Major Arterial,FALSE,-79.35519081,43.65764413957345,2,,,2,,,Other Safety Equipment Used,,,,,,,,,,owner,,Toronto Centre (13),51 Division,Moss Park,TRUE,FALSE,FALSE,FALSE,FALSE,FALSE,FALSE,FALSE,FALSE,FALSE,"{""coordinates"": [[-79.35519081143583, 43.65764413957345]], ""type"": ""MultiPoint""}"
8288,2012:1303894,2012-05-23T18:35:00,QUEEN ST E,OLD BREWERY LANE,,3,Non-Fatal Injury,At Intersection,No Control,Turning Movement,Clear,Daylight,Dry,Major Arterial,FALSE,-79.35519081,43.65764413957345,1,Automobile or Station Wagon,East,1,34,Major,Lap and Shoulder Belt,Driving properly,Normal,,,Going Ahead,,,,,driver,,Toronto Centre (13),51 Division,Moss Park,TRUE,FALSE,FALSE,FALSE,FALSE,FALSE,FALSE,FALSE,FALSE,FALSE,"{""coordinates"": [[-79.35519081143583, 43.65764413957345]], ""type"": ""MultiPoint""}"
8289,2012:1304934,2012-05-24T14:27:00,ROSEDALE VALLEY RD,BAYVIEW S ROSEDALE VL RAMP,,2,Non-Fatal Injury,At Intersection,No Control,Cyclist Collision,Clear,Daylight,Dry,Minor Arterial,FALSE,-79.36169081,43.67024414692866,2,Bicycle,East,2,63,Major,Helmet,,,,,Merging,,Sideswipe with cyclist and driver travelling in same direction,Driving Properly,Normal,cyclist,,University-Rosedale (11),51 Division,Cabbagetown-South St.James Town,FALSE,FALSE,TRUE,FALSE,FALSE,FALSE,FALSE,FALSE,FALSE,FALSE,"{""coordinates"": [[-79.36169080551169, 43.67024414692866]], ""type"": ""MultiPoint""}"
8290,2012:1304934,2012-05-24T14:27:00,ROSEDALE VALLEY RD,BAYVIEW S ROSEDALE VL RAMP,,2,Non-Fatal Injury,At Intersection,No Control,Cyclist Collision,Clear,Daylight,Dry,Minor Arterial,FALSE,-79.36169081,43.67024414692866,1,Automobile or Station Wagon,East,1,34,None,Lap Belt Only,Improper lane change,Normal,,,Changing Lanes,,,,,driver,,University-Rosedale (11),51 Division,Cabbagetown-South St.James Town,FALSE,FALSE,TRUE,FALSE,FALSE,FALSE,FALSE,FALSE,FALSE,FALSE,"{""coordinates"": [[-79.36169080551169, 43.67024414692866]], ""type"": ""MultiPoint""}"
8291,2012:1304471,2012-05-24T19:05:00,CHURCH ST,WESTON RD,,2,Non-Fatal Injury,At Intersection,Traffic Signal,Cyclist Collision,Clear,Daylight,Dry,Minor Arterial,TRUE,-79.52539104,43.70304435874976,2,Bicycle,South,2,60,Major,Use Unknown,,,,,Stopped,,Driver turns right on red at signalized intersection and hits cyclist,Driving Properly,Normal,cyclist,,York South-Weston (5),12 Division,Weston,FALSE,TRUE,TRUE,FALSE,FALSE,FALSE,FALSE,FALSE,FALSE,FALSE,"{""coordinates"": [[-79.52539104049808, 43.70304435874976]], ""type"": ""MultiPoint""}"
8292,2012:1304471,2012-05-24T19:05:00,CHURCH ST,WESTON RD,,2,Non-Fatal Injury,At Intersection,Traffic Signal,Cyclist Collision,Clear,Daylight,Dry,Minor Arterial,TRUE,-79.52539104,43.70304435874976,1,Automobile or Station Wagon,West,1,37,None,Lap and Shoulder Belt,Improper turn,Inattentive,,,Turning Right,,,,,driver,,York South-Weston (5),12 Division,Weston,FALSE,TRUE,TRUE,FALSE,FALSE,FALSE,FALSE,FALSE,FALSE,FALSE,"{""coordinates"": [[-79.52539104049808, 43.70304435874976]], ""type"": ""MultiPoint""}"
8293,2012:1304249,2012-05-26T10:44:00,BATHURST St,BRIAR HILL Ave,,2,Non-Fatal Injury,At Intersection,Traffic Signal,Rear End,Clear,Daylight,Dry,Major Arterial,FALSE,-79.42709087,43.70794422859346,2,Automobile or Station Wagon,South,2,53,None,Lap Belt Only,Driving properly,Normal,,,Stopped,,,,,driver,,Eglinton-Lawrence (8),13 Division,Forest Hill North,FALSE,FALSE,FALSE,TRUE,FALSE,FALSE,FALSE,FALSE,FALSE,FALSE,"{""coordinates"": [[-79.42709086786132, 43.70794422859346]], ""type"": ""MultiPoint""}"
8294,2012:1304249,2012-05-26T10:44:00,BATHURST St,BRIAR HILL Ave,,2,Non-Fatal Injury,At Intersection,Traffic Signal,Rear End,Clear,Daylight,Dry,Major Arterial,FALSE,-79.42709087,43.70794422859346,1,Motorcycle,South,1,24,Major,Helmet,Lost control,Normal,,,Going Ahead,,,,,motorcyclist,,Eglinton-Lawrence (8),13 Division,Forest Hill North,FALSE,FALSE,FALSE,TRUE,FALSE,FALSE,FALSE,FALSE,FALSE,FALSE,"{""coordinates"": [[-79.42709086786132, 43.70794422859346]], ""type"": ""MultiPoint""}"
8295,2012:1295871,2012-05-27T12:40:00,22 DELHI AVE,,,2,Fatal Injury,,No Control,Pedestrian Collision(internal code),Clear,Daylight,Dry,Local,FALSE,-79.4182928,43.74234221,1,Automobile or Station Wagon,North,1,51,None,Other Safety Equipment Used,Other,Inattentive,,,Reversing,,,,,driver,,Eglinton-Lawrence (8),32 Division,Bedford Park-Nortown,FALSE,TRUE,FALSE,FALSE,FALSE,TRUE,TRUE,FALSE,FALSE,FALSE,"{""coordinates"": [[-79.41829279626482, 43.7423422062993]], ""type"": ""MultiPoint""}"
8296,2012:1295871,2012-05-27T12:40:00,22 DELHI AVE,,,2,Fatal Injury,,No Control,Pedestrian Collision(internal code),Clear,Daylight,Dry,Local,FALSE,-79.4182928,43.74234221,2,,West,2,82,Fatal,Other Safety Equipment Used,,,Walking on roadway against traffic,Medical or Physical Disability,,Driver reversing hits pedestrian,,,,pedestrian,16,Eglinton-Lawrence (8),32 Division,Bedford Park-Nortown,FALSE,TRUE,FALSE,FALSE,FALSE,TRUE,TRUE,FALSE,FALSE,FALSE,"{""coordinates"": [[-79.41829279626482, 43.7423422062993]], ""type"": ""MultiPoint""}"
8297,2012:1304929,2012-05-29T18:36:00,HUDSON DR,INGLEWOOD DR E,,4,Non-Fatal Injury,,No Control,SMV Unattended Vehicle,Clear,Daylight,Dry,Local,FALSE,-79.3761908,43.69094416,2,,South,2,,None,Other Safety Equipment Used,,,,,Parked,,,,,other,,University-Rosedale (11),53 Division,Rosedale-Moore Park,FALSE,FALSE,FALSE,FALSE,FALSE,TRUE,FALSE,FALSE,FALSE,FALSE,"{""coordinates"": [[-79.3761908018747, 43.690944163487]], ""type"": ""MultiPoint""}"
8298,2012:1304929,2012-05-29T18:36:00,HUDSON DR,INGLEWOOD DR E,,4,Non-Fatal Injury,,No Control,SMV Unattended Vehicle,Clear,Daylight,Dry,Local,FALSE,-79.3761908,43.69094416,3,,North,3,,None,Other Safety Equipment Used,,,,,Parked,,,,,other,,University-Rosedale (11),53 Division,Rosedale-Moore Park,FALSE,FALSE,FALSE,FALSE,FALSE,TRUE,FALSE,FALSE,FALSE,FALSE,"{""coordinates"": [[-79.3761908018747, 43.690944163487]], ""type"": ""MultiPoint""}"
8299,2012:1304929,2012-05-29T18:36:00,HUDSON DR,INGLEWOOD DR E,,4,Non-Fatal Injury,,No Control,SMV Unattended Vehicle,Clear,Daylight,Dry,Local,FALSE,-79.3761908,43.69094416,1,Automobile or Station Wagon,North,1,78,Major,Lap and Shoulder Belt,Other,Normal,,,Reversing,,,,,driver,,University-Rosedale (11),53 Division,Rosedale-Moore Park,FALSE,FALSE,FALSE,FALSE,FALSE,TRUE,FALSE,FALSE,FALSE,FALSE,"{""coordinates"": [[-79.3761908018747, 43.690944163487]], ""type"": ""MultiPoint""}"
8300,2012:1304929,2012-05-29T18:36:00,HUDSON DR,INGLEWOOD DR E,,4,Non-Fatal Injury,,No Control,SMV Unattended Vehicle,Clear,Daylight,Dry,Local,FALSE,-79.3761908,43.69094416,4,,North,4,,None,Other Safety Equipment Used,,,,,Parked,,,,,other,,University-Rosedale (11),53 Division,Rosedale-Moore Park,FALSE,FALSE,FALSE,FALSE,FALSE,TRUE,FALSE,FALSE,FALSE,FALSE,"{""coordinates"": [[-79.3761908018747, 43.690944163487]], ""type"": ""MultiPoint""}"