_id,collision_id,accdate,stname1,stname2,stname3,per_inv,acclass,accloc,traffictl,impactype,visible,light,rdsfcond,road_class,failtorem,longitude,latitude,veh_no,vehtype,initdir,per_no,invage,injury,safequip,drivact,drivcond,pedact,pedcond,manoeuvre,pedtype,cyclistype,cycact,cyccond,road_user,fatal_no,wardname,division,neighbourhood,aggressive,distracted,cyclist,motorcyclist,other_micromobility,older_adult,pedestrian,red_light,school_child,heavy_truck,geometry
8540,2012:1307650,2012-07-27T21:33:00,KINGSTON RD,LAWRENCE AVE E,,3,Fatal Injury,At Intersection,Traffic Signal,Cyclist Collision,Clear,Dusk with Artificial Lighting,Dry,Major Arterial,FALSE,-79.1895864,43.76764493585534,1,,,3,,,Other Safety Equipment Used,,,,,,,,,,owner,,Scarborough-Guildwood (24),43 Division,West Hill,FALSE,FALSE,TRUE,FALSE,FALSE,FALSE,FALSE,FALSE,TRUE,FALSE,"{""coordinates"": [[-79.18958640257851, 43.76764493585534]], ""type"": ""MultiPoint""}"
8541,2012:1307650,2012-07-27T21:33:00,KINGSTON RD,LAWRENCE AVE E,,3,Fatal Injury,At Intersection,Traffic Signal,Cyclist Collision,Clear,Dusk with Artificial Lighting,Dry,Major Arterial,FALSE,-79.1895864,43.76764493585534,1,Automobile or Station Wagon,East,1,18,None,Lap and Shoulder Belt,Driving properly,Normal,,,Going Ahead,,,,,driver,,Scarborough-Guildwood (24),43 Division,West Hill,FALSE,FALSE,TRUE,FALSE,FALSE,FALSE,FALSE,FALSE,TRUE,FALSE,"{""coordinates"": [[-79.18958640257851, 43.76764493585534]], ""type"": ""MultiPoint""}"
8542,2012:1307456,2012-07-28T12:24:00,HIGHWAY 27 N,HARNESS RD,,1,Fatal Injury,,No Control,Pedestrian Collision(internal code),Clear,Daylight,Dry,Major Arterial,FALSE,-79.5967911,43.72004443,1,,,1,,,Other Safety Equipment Used,,,,,,,,,,owner,,Etobicoke North (1),23 Division,West Humber-Clairville,FALSE,FALSE,FALSE,FALSE,FALSE,FALSE,TRUE,FALSE,FALSE,FALSE,"{""coordinates"": [[-79.59679109945007, 43.7200444313104]], ""type"": ""MultiPoint""}"
8543,2012:1307456,2012-07-28T12:24:00,HIGHWAY 27 N,HARNESS RD,,1,Fatal Injury,,No Control,Pedestrian Collision(internal code),Clear,Daylight,Dry,Major Arterial,FALSE,-79.5967911,43.72004443,1,Automobile or Station Wagon,North,2,30,None,Lap and Shoulder Belt,Driving properly,Normal,,,Going Ahead,,,,,driver,,Etobicoke North (1),23 Division,West Humber-Clairville,FALSE,FALSE,FALSE,FALSE,FALSE,FALSE,TRUE,FALSE,FALSE,FALSE,"{""coordinates"": [[-79.59679109945007, 43.7200444313104]], ""type"": ""MultiPoint""}"
8544,2012:1307456,2012-07-28T12:24:00,HIGHWAY 27 N,HARNESS RD,,1,Fatal Injury,,No Control,Pedestrian Collision(internal code),Clear,Daylight,Dry,Major Arterial,FALSE,-79.5967911,43.72004443,2,,West,3,64,Fatal,Other Safety Equipment Used,,,Crossing - no traffic control,Unknown,,Driver hits pedestrian at midblock,,,,pedestrian,22,Etobicoke North (1),23 Division,West Humber-Clairville,FALSE,FALSE,FALSE,FALSE,FALSE,FALSE,TRUE,FALSE,FALSE,FALSE,"{""coordinates"": [[-79.59679109945007, 43.7200444313104]], ""type"": ""MultiPoint""}"
8545,2012:1312584,2012-07-29T17:13:00,LAKE SHORE Boul E,CARLAW Aven,,4,Non-Fatal Injury,At Intersection,Traffic Signal,Turning Movement,Clear,Daylight,Dry,Major Arterial,FALSE,-79.33739078,43.654944113813706,2,Automobile or Station Wagon,East,4,55,Minimal,Lap and Shoulder Belt,Driving properly,Normal,,,Going Ahead,,,,,driver,,Toronto-Danforth (14),55 Division,South Riverdale,FALSE,TRUE,FALSE,FALSE,FALSE,FALSE,FALSE,FALSE,FALSE,FALSE,"{""coordinates"": [[-79.33739078077404, 43.654944113813706]], ""type"": ""MultiPoint""}"
8546,2012:1312584,2012-07-29T17:13:00,LAKE SHORE Boul E,CARLAW Aven,,4,Non-Fatal Injury,At Intersection,Traffic Signal,Turning Movement,Clear,Daylight,Dry,Major Arterial,FALSE,-79.33739078,43.654944113813706,1,Automobile or Station Wagon,West,3,38,Major,Lap and Shoulder Belt,Improper turn,Inattentive,,,Turning Left,,,,,driver,,Toronto-Danforth (14),55 Division,South Riverdale,FALSE,TRUE,FALSE,FALSE,FALSE,FALSE,FALSE,FALSE,FALSE,FALSE,"{""coordinates"": [[-79.33739078077404, 43.654944113813706]], ""type"": ""MultiPoint""}"
8547,2012:1312584,2012-07-29T17:13:00,LAKE SHORE Boul E,CARLAW Aven,,4,Non-Fatal Injury,At Intersection,Traffic Signal,Turning Movement,Clear,Daylight,Dry,Major Arterial,FALSE,-79.33739078,43.654944113813706,1,,,2,37,Major,Lap and Shoulder Belt,,,,,,,,,,passenger,,Toronto-Danforth (14),55 Division,South Riverdale,FALSE,TRUE,FALSE,FALSE,FALSE,FALSE,FALSE,FALSE,FALSE,FALSE,"{""coordinates"": [[-79.33739078077404, 43.654944113813706]], ""type"": ""MultiPoint""}"
8548,2012:1312584,2012-07-29T17:13:00,LAKE SHORE Boul E,CARLAW Aven,,4,Non-Fatal Injury,At Intersection,Traffic Signal,Turning Movement,Clear,Daylight,Dry,Major Arterial,FALSE,-79.33739078,43.654944113813706,1,,,1,2,Minor,Child Safety Seat Used Correctly,,,,,,,,,,passenger,,Toronto-Danforth (14),55 Division,South Riverdale,FALSE,TRUE,FALSE,FALSE,FALSE,FALSE,FALSE,FALSE,FALSE,FALSE,"{""coordinates"": [[-79.33739078077404, 43.654944113813706]], ""type"": ""MultiPoint""}"
8549,2012:1307651,2012-07-29T19:12:00,KEELE ST,CANON JACKSON DR,,3,Non-Fatal Injury,,Traffic Signal,Rear End,Clear,Daylight,Dry,Major Arterial,FALSE,-79.47529097,43.69664429848084,1,Motorcycle,North,1,34,Major,Helmet,Exceeding speed limit,Ability Impaired - Alcohol,,,Going Ahead,,,,,motorcyclist,,York South-Weston (5),12 Division,Beechborough-Greenbrook,TRUE,FALSE,FALSE,TRUE,FALSE,FALSE,FALSE,FALSE,FALSE,FALSE,"{""coordinates"": [[-79.4752909746707, 43.69664429848084]], ""type"": ""MultiPoint""}"
8550,2012:1307651,2012-07-29T19:12:00,KEELE ST,CANON JACKSON DR,,3,Non-Fatal Injury,,Traffic Signal,Rear End,Clear,Daylight,Dry,Major Arterial,FALSE,-79.47529097,43.69664429848084,2,Automobile or Station Wagon,North,3,35,Minimal,Other Safety Equipment Used,Driving properly,Normal,,,Going Ahead,,,,,driver,,York South-Weston (5),12 Division,Beechborough-Greenbrook,TRUE,FALSE,FALSE,TRUE,FALSE,FALSE,FALSE,FALSE,FALSE,FALSE,"{""coordinates"": [[-79.4752909746707, 43.69664429848084]], ""type"": ""MultiPoint""}"
8551,2012:1307651,2012-07-29T19:12:00,KEELE ST,CANON JACKSON DR,,3,Non-Fatal Injury,,Traffic Signal,Rear End,Clear,Daylight,Dry,Major Arterial,FALSE,-79.47529097,43.69664429848084,2,,,2,,,Other Safety Equipment Used,,,,,,,,,,owner,,York South-Weston (5),12 Division,Beechborough-Greenbrook,TRUE,FALSE,FALSE,TRUE,FALSE,FALSE,FALSE,FALSE,FALSE,FALSE,"{""coordinates"": [[-79.4752909746707, 43.69664429848084]], ""type"": ""MultiPoint""}"
8552,2012:1313188,2012-07-30T08:30:00,443 MANSE RD,,,2,Non-Fatal Injury,,No Control,Pedestrian Collision(internal code),Clear,Daylight,Dry,Other,FALSE,-79.17729038,43.775743925583186,2,,Unknown,2,83,Major,Use Unknown,,,Other,Unknown,,Driver reversing hits pedestrian,,,,pedestrian,,Scarborough-Rouge Park (25),43 Division,West Hill,FALSE,FALSE,FALSE,FALSE,FALSE,TRUE,TRUE,FALSE,FALSE,FALSE,"{""coordinates"": [[-79.1772903801998, 43.775743925583186]], ""type"": ""MultiPoint""}"
8553,2012:1313188,2012-07-30T08:30:00,443 MANSE RD,,,2,Non-Fatal Injury,,No Control,Pedestrian Collision(internal code),Clear,Daylight,Dry,Other,FALSE,-79.17729038,43.775743925583186,1,Automobile or Station Wagon,North,1,61,None,Other Safety Equipment Used,Other,Unknown,,,Reversing,,,,,driver,,Scarborough-Rouge Park (25),43 Division,West Hill,FALSE,FALSE,FALSE,FALSE,FALSE,TRUE,TRUE,FALSE,FALSE,FALSE,"{""coordinates"": [[-79.1772903801998, 43.775743925583186]], ""type"": ""MultiPoint""}"
8554,2012:1307861,2012-07-30T16:23:00,NEILSON RD,OAKMEADOW BLVD,,3,Fatal Injury,,No Control,SMV Other,Clear,Daylight,Dry,Minor Arterial,FALSE,-79.21259042,43.79054396,2,,,3,,,Other Safety Equipment Used,,,,,,,,,,owner,,Scarborough-Guildwood (24),43 Division,Morningside,FALSE,FALSE,FALSE,FALSE,FALSE,FALSE,FALSE,FALSE,FALSE,FALSE,"{""coordinates"": [[-79.21259041743794, 43.790543963694]], ""type"": ""MultiPoint""}"
8555,2012:1307861,2012-07-30T16:23:00,NEILSON RD,OAKMEADOW BLVD,,3,Fatal Injury,,No Control,SMV Other,Clear,Daylight,Dry,Minor Arterial,FALSE,-79.21259042,43.79054396,1,Automobile or Station Wagon,South,1,55,Fatal,Other Safety Equipment Used,Lost control,Unknown,,,Going Ahead,,,,,driver,23,Scarborough-Guildwood (24),43 Division,Morningside,FALSE,FALSE,FALSE,FALSE,FALSE,FALSE,FALSE,FALSE,FALSE,FALSE,"{""coordinates"": [[-79.21259041743794, 43.790543963694]], ""type"": ""MultiPoint""}"
8556,2012:1307861,2012-07-30T16:23:00,NEILSON RD,OAKMEADOW BLVD,,3,Fatal Injury,,No Control,SMV Other,Clear,Daylight,Dry,Minor Arterial,FALSE,-79.21259042,43.79054396,2,,,2,,,Other Safety Equipment Used,,,,,,,,,,owner,,Scarborough-Guildwood (24),43 Division,Morningside,FALSE,FALSE,FALSE,FALSE,FALSE,FALSE,FALSE,FALSE,FALSE,FALSE,"{""coordinates"": [[-79.21259041743794, 43.790543963694]], ""type"": ""MultiPoint""}"
8557,2012:1307860,2012-07-30T17:36:00,DUFFERIN ST,QUEEN ST W,,1,Non-Fatal Injury,,Traffic Signal,Pedestrian Collision(internal code),Clear,Daylight,Dry,Major Arterial,FALSE,-79.42859098,43.642244252121635,2,,West,2,68,Major,Other Safety Equipment Used,,,Crossing without right-of-way (intersection),Had Been Drinking,,Driver going straight hits pedestrian crossing without right-of-way (at intersection),,,,pedestrian,,Parkdale-High Park (4),14 Division,Roncesvalles,FALSE,FALSE,FALSE,FALSE,FALSE,TRUE,TRUE,FALSE,FALSE,FALSE,"{""coordinates"": [[-79.42859097888609, 43.642244252121635]], ""type"": ""MultiPoint""}"
8558,2012:1307860,2012-07-30T17:36:00,DUFFERIN ST,QUEEN ST W,,1,Non-Fatal Injury,,Traffic Signal,Pedestrian Collision(internal code),Clear,Daylight,Dry,Major Arterial,FALSE,-79.42859098,43.642244252121635,1,Automobile or Station Wagon,North,1,43,None,Lap and Shoulder Belt,Driving properly,Normal,,,Going Ahead,,,,,driver,,Parkdale-High Park (4),14 Division,Roncesvalles,FALSE,FALSE,FALSE,FALSE,FALSE,TRUE,TRUE,FALSE,FALSE,FALSE,"{""coordinates"": [[-79.42859097888609, 43.642244252121635]], ""type"": ""MultiPoint""}"
8559,2012:1313717,2012-08-01T12:15:00,DANFORTH AVE,EATON AVE,,2,Non-Fatal Injury,,No Control,Pedestrian Collision(internal code),Clear,Daylight,Dry,Major Arterial,FALSE,-79.34249076,43.67944411819891,1,Automobile or Station Wagon,East,1,66,Minimal,Lap and Shoulder Belt,Driving properly,Normal,,,Going Ahead,,,,,driver,,Toronto-Danforth (14),55 Division,Danforth,FALSE,FALSE,FALSE,FALSE,FALSE,TRUE,TRUE,FALSE,FALSE,FALSE,"{""coordinates"": [[-79.34249075596806, 43.67944411819891]], ""type"": ""MultiPoint""}"
8560,2012:1313717,2012-08-01T12:15:00,DANFORTH AVE,EATON AVE,,2,Non-Fatal Injury,,No Control,Pedestrian Collision(internal code),Clear,Daylight,Dry,Major Arterial,FALSE,-79.34249076,43.67944411819891,2,,North,2,27,Major,Other Safety Equipment Used,,,Running onto roadway,Medical or Physical Disability,,Driver hits pedestrian at midblock,,,,pedestrian,,Toronto-Danforth (14),55 Division,Danforth,FALSE,FALSE,FALSE,FALSE,FALSE,TRUE,TRUE,FALSE,FALSE,FALSE,"{""coordinates"": [[-79.34249075596806, 43.67944411819891]], ""type"": ""MultiPoint""}"
8561,2012:1313657,2012-08-02T17:30:00,SPADINA AVE,KING ST W,,2,Non-Fatal Injury,At Intersection,Traffic Signal,Cyclist Collision,Clear,Daylight,Dry,Major Arterial,FALSE,-79.39499091,43.64544420090825,2,Bicycle,North,2,30,Major,Helmet,,,,,Going Ahead,,Driver turns right on green or amber at signalized intersection and hits cyclist,Driving Properly,Normal,cyclist,,Spadina-Fort York (10),52 Division,Wellington Place,FALSE,FALSE,TRUE,FALSE,FALSE,FALSE,FALSE,FALSE,FALSE,FALSE,"{""coordinates"": [[-79.39499090747618, 43.64544420090825]], ""type"": ""MultiPoint""}"
8562,2012:1313657,2012-08-02T17:30:00,SPADINA AVE,KING ST W,,2,Non-Fatal Injury,At Intersection,Traffic Signal,Cyclist Collision,Clear,Daylight,Dry,Major Arterial,FALSE,-79.39499091,43.64544420090825,1,Automobile or Station Wagon,North,1,34,None,Lap and Shoulder Belt,Improper turn,Normal,,,Turning Right,,,,,driver,,Spadina-Fort York (10),52 Division,Wellington Place,FALSE,FALSE,TRUE,FALSE,FALSE,FALSE,FALSE,FALSE,FALSE,FALSE,"{""coordinates"": [[-79.39499090747618, 43.64544420090825]], ""type"": ""MultiPoint""}"
8563,2012:1311099,2012-08-06T20:08:00,LAPPIN AVE,DUFFERIN ST,,2,Non-Fatal Injury,,No Control,Pedestrian Collision(internal code),Clear,Dark with Artificial Lighting,Dry,Major Arterial,TRUE,-79.43829096,43.666344258243804,1,Automobile or Station Wagon,East,1,,None,Other Safety Equipment Used,Other,Unknown,,,Going Ahead,,,,,driver,,Davenport (9),11 Division,Junction-Wallace Emerson,FALSE,FALSE,FALSE,FALSE,FALSE,FALSE,TRUE,FALSE,FALSE,FALSE,"{""coordinates"": [[-79.43829095769667, 43.666344258243804]], ""type"": ""MultiPoint""}"
8564,2012:1311099,2012-08-06T20:08:00,LAPPIN AVE,DUFFERIN ST,,2,Non-Fatal Injury,,No Control,Pedestrian Collision(internal code),Clear,Dark with Artificial Lighting,Dry,Major Arterial,TRUE,-79.43829096,43.666344258243804,1,,Unknown,2,43,Major,Other Safety Equipment Used,,,Other,Normal,,Other,,,,pedestrian,,Davenport (9),11 Division,Junction-Wallace Emerson,FALSE,FALSE,FALSE,FALSE,FALSE,FALSE,TRUE,FALSE,FALSE,FALSE,"{""coordinates"": [[-79.43829095769667, 43.666344258243804]], ""type"": ""MultiPoint""}"
8565,2012:1315507,2012-08-08T19:35:00,BAYVIEW AVE,NESBITT DR,,2,Non-Fatal Injury,At Intersection,Traffic Signal,Cyclist Collision,Clear,Daylight,Dry,Major Arterial,FALSE,-79.36629078,43.69404414918718,1,Automobile or Station Wagon,North,1,70,None,Lap and Shoulder Belt,Failed to yield right-of-way,Inattentive,,,Turning Left,,,,,driver,,University-Rosedale (11),53 Division,Leaside-Bennington,TRUE,TRUE,TRUE,FALSE,FALSE,TRUE,FALSE,FALSE,FALSE,FALSE,"{""coordinates"": [[-79.36629077901101, 43.69404414918718]], ""type"": ""MultiPoint""}"
8566,2012:1315507,2012-08-08T19:35:00,BAYVIEW AVE,NESBITT DR,,2,Non-Fatal Injury,At Intersection,Traffic Signal,Cyclist Collision,Clear,Daylight,Dry,Major Arterial,FALSE,-79.36629078,43.69404414918718,2,Bicycle,South,2,29,Major,Helmet,,,,,Going Ahead,,Driver turns left into path of cyclist,Driving Properly,Normal,cyclist,,University-Rosedale (11),53 Division,Leaside-Bennington,TRUE,TRUE,TRUE,FALSE,FALSE,TRUE,FALSE,FALSE,FALSE,FALSE,"{""coordinates"": [[-79.36629077901101, 43.69404414918718]], ""type"": ""MultiPoint""}"
8567,2012:1315616,2012-08-09T15:23:00,285 RALEIGH AVE,,,5,Non-Fatal Injury,,No Control,Pedestrian Collision(internal code),Rain,Daylight,Wet,Collector,FALSE,-79.26099057,43.709444004824796,1,,,2,,,Other Safety Equipment Used,,,,,,,,,,owner,,Scarborough Southwest (20),41 Division,Clairlea-Birchmount,FALSE,FALSE,FALSE,FALSE,FALSE,FALSE,TRUE,FALSE,FALSE,FALSE,"{""coordinates"": [[-79.2609905670961, 43.709444004824796]], ""type"": ""MultiPoint""}"
8568,2012:1315616,2012-08-09T15:23:00,285 RALEIGH AVE,,,5,Non-Fatal Injury,,No Control,Pedestrian Collision(internal code),Rain,Daylight,Wet,Collector,FALSE,-79.26099057,43.709444004824796,2,Automobile or Station Wagon,South,5,28,None,Other Safety Equipment Used,Other,Normal,,,Reversing,,,,,driver,,Scarborough Southwest (20),41 Division,Clairlea-Birchmount,FALSE,FALSE,FALSE,FALSE,FALSE,FALSE,TRUE,FALSE,FALSE,FALSE,"{""coordinates"": [[-79.2609905670961, 43.709444004824796]], ""type"": ""MultiPoint""}"
8569,2012:1315616,2012-08-09T15:23:00,285 RALEIGH AVE,,,5,Non-Fatal Injury,,No Control,Pedestrian Collision(internal code),Rain,Daylight,Wet,Collector,FALSE,-79.26099057,43.709444004824796,1,,Unknown,1,50,Major,No Equipment Available,,,Other,Normal,,Driver reversing hits pedestrian,,,,pedestrian,,Scarborough Southwest (20),41 Division,Clairlea-Birchmount,FALSE,FALSE,FALSE,FALSE,FALSE,FALSE,TRUE,FALSE,FALSE,FALSE,"{""coordinates"": [[-79.2609905670961, 43.709444004824796]], ""type"": ""MultiPoint""}"
8570,2012:1315616,2012-08-09T15:23:00,285 RALEIGH AVE,,,5,Non-Fatal Injury,,No Control,Pedestrian Collision(internal code),Rain,Daylight,Wet,Collector,FALSE,-79.26099057,43.709444004824796,1,Automobile or Station Wagon,East,3,49,None,Other Safety Equipment Used,Other,Normal,,,Stopped,,,,,driver,,Scarborough Southwest (20),41 Division,Clairlea-Birchmount,FALSE,FALSE,FALSE,FALSE,FALSE,FALSE,TRUE,FALSE,FALSE,FALSE,"{""coordinates"": [[-79.2609905670961, 43.709444004824796]], ""type"": ""MultiPoint""}"
8571,2012:1315616,2012-08-09T15:23:00,285 RALEIGH AVE,,,5,Non-Fatal Injury,,No Control,Pedestrian Collision(internal code),Rain,Daylight,Wet,Collector,FALSE,-79.26099057,43.709444004824796,2,,,4,,,Other Safety Equipment Used,,,,,,,,,,owner,,Scarborough Southwest (20),41 Division,Clairlea-Birchmount,FALSE,FALSE,FALSE,FALSE,FALSE,FALSE,TRUE,FALSE,FALSE,FALSE,"{""coordinates"": [[-79.2609905670961, 43.709444004824796]], ""type"": ""MultiPoint""}"
8572,2012:1315724,2012-08-10T14:09:00,HILLSIDE AVE,ROYAL YORK RD,,2,Non-Fatal Injury,At Intersection,Stop Sign,Pedestrian Collision(internal code),Clear,Daylight,Dry,Minor Arterial,FALSE,-79.49579117,43.61004436852348,1,Automobile or Station Wagon,East,1,66,None,Other Safety Equipment Used,Failed to yield right-of-way,Inattentive,,,Turning Right,,,,,driver,,Etobicoke-Lakeshore (3),22 Division,Mimico-Queensway,TRUE,TRUE,FALSE,FALSE,FALSE,TRUE,TRUE,FALSE,FALSE,FALSE,"{""coordinates"": [[-79.49579117065151, 43.61004436852348]], ""type"": ""MultiPoint""}"
8573,2012:1317446,2012-08-22T07:55:00,EGLINTON AVE W,BLACKTHORN AVE,,4,Non-Fatal Injury,At Intersection,Traffic Signal,Rear End,Clear,Daylight,Dry,Major Arterial,FALSE,-79.46539096,43.69194429,2,,,3,,,Other Safety Equipment Used,,,,,,,,,,owner,,York South-Weston (5),12 Division,Beechborough-Greenbrook,TRUE,TRUE,FALSE,FALSE,FALSE,FALSE,FALSE,FALSE,FALSE,FALSE,"{""coordinates"": [[-79.46539096476513, 43.6919442868186]], ""type"": ""MultiPoint""}"
8574,2012:1315724,2012-08-10T14:09:00,HILLSIDE AVE,ROYAL YORK RD,,2,Non-Fatal Injury,At Intersection,Stop Sign,Pedestrian Collision(internal code),Clear,Daylight,Dry,Minor Arterial,FALSE,-79.49579117,43.61004436852348,2,,South,2,78,Major,Other Safety Equipment Used,,,Crossing with right-of-way (intersection),Normal,,Driver turns right into pedestrian crossing with right-of-way (at intersection),,,,pedestrian,,Etobicoke-Lakeshore (3),22 Division,Mimico-Queensway,TRUE,TRUE,FALSE,FALSE,FALSE,TRUE,TRUE,FALSE,FALSE,FALSE,"{""coordinates"": [[-79.49579117065151, 43.61004436852348]], ""type"": ""MultiPoint""}"
8575,2012:1309524,2012-08-11T01:14:00,MERCER ST,JOHN ST,,2,Non-Fatal Injury,,No Control,Pedestrian Collision(internal code),Clear,Dark,Dry,Local,FALSE,-79.3906909,43.64564419444036,2,,South,2,30,Major,Other Safety Equipment Used,,,Crossing - no traffic control,Had Been Drinking,,Driver hits pedestrian at midblock,,,,pedestrian,,Spadina-Fort York (10),52 Division,Wellington Place,FALSE,FALSE,FALSE,FALSE,FALSE,FALSE,TRUE,FALSE,FALSE,FALSE,"{""coordinates"": [[-79.3906908987033, 43.64564419444036]], ""type"": ""MultiPoint""}"
8576,2012:1309524,2012-08-11T01:14:00,MERCER ST,JOHN ST,,2,Non-Fatal Injury,,No Control,Pedestrian Collision(internal code),Clear,Dark,Dry,Local,FALSE,-79.3906909,43.64564419444036,1,Automobile or Station Wagon,West,1,53,None,Other Safety Equipment Used,Driving properly,Normal,,,Going Ahead,,,,,driver,,Spadina-Fort York (10),52 Division,Wellington Place,FALSE,FALSE,FALSE,FALSE,FALSE,FALSE,TRUE,FALSE,FALSE,FALSE,"{""coordinates"": [[-79.3906908987033, 43.64564419444036]], ""type"": ""MultiPoint""}"
8577,2012:1315841,2012-08-12T09:51:00,CHURCH ST,CARLTON ST,,3,Non-Fatal Injury,At Intersection,Traffic Signal,Angle,Clear,Daylight,Dry,Major Arterial,FALSE,-79.37939085,43.661844174124035,2,,,2,,,Other Safety Equipment Used,,,,,,,,,,owner,,Toronto Centre (13),51 Division,Downtown Yonge East,TRUE,FALSE,FALSE,TRUE,FALSE,FALSE,FALSE,TRUE,FALSE,FALSE,"{""coordinates"": [[-79.3793908519044, 43.661844174124035]], ""type"": ""MultiPoint""}"
8578,2012:1315841,2012-08-12T09:51:00,CHURCH ST,CARLTON ST,,3,Non-Fatal Injury,At Intersection,Traffic Signal,Angle,Clear,Daylight,Dry,Major Arterial,FALSE,-79.37939085,43.661844174124035,1,Motorcycle,North,1,42,Major,Helmet,Driving properly,Normal,,,Going Ahead,,,,,motorcyclist,,Toronto Centre (13),51 Division,Downtown Yonge East,TRUE,FALSE,FALSE,TRUE,FALSE,FALSE,FALSE,TRUE,FALSE,FALSE,"{""coordinates"": [[-79.3793908519044, 43.661844174124035]], ""type"": ""MultiPoint""}"
8579,2012:1315841,2012-08-12T09:51:00,CHURCH ST,CARLTON ST,,3,Non-Fatal Injury,At Intersection,Traffic Signal,Angle,Clear,Daylight,Dry,Major Arterial,FALSE,-79.37939085,43.661844174124035,2,Automobile or Station Wagon,West,3,39,None,Other Safety Equipment Used,Disobeyed traffic control,Normal,,,Going Ahead,,,,,driver,,Toronto Centre (13),51 Division,Downtown Yonge East,TRUE,FALSE,FALSE,TRUE,FALSE,FALSE,FALSE,TRUE,FALSE,FALSE,"{""coordinates"": [[-79.3793908519044, 43.661844174124035]], ""type"": ""MultiPoint""}"
8580,2012:1311734,2012-08-13T19:30:00,BLOOR ST E,ST PAULS SQ,,3,Non-Fatal Injury,,No Control,Cyclist Collision,Clear,Daylight,Dry,Major Arterial,TRUE,-79.38239084,43.67114417644319,2,Bicycle,East,3,61,Major,Other Safety Equipment Used,,,,,Going Ahead,,Sideswipe with cyclist and driver travelling in same direction,Driving Properly,Normal,cyclist,,University-Rosedale (11),51 Division,Church-Wellesley,FALSE,FALSE,TRUE,FALSE,FALSE,FALSE,FALSE,FALSE,FALSE,FALSE,"{""coordinates"": [[-79.38239084350025, 43.67114417644319]], ""type"": ""MultiPoint""}"
8581,2012:1311734,2012-08-13T19:30:00,BLOOR ST E,ST PAULS SQ,,3,Non-Fatal Injury,,No Control,Cyclist Collision,Clear,Daylight,Dry,Major Arterial,TRUE,-79.38239084,43.67114417644319,1,,,2,,,Other Safety Equipment Used,,,,,,,,,,owner,,University-Rosedale (11),51 Division,Church-Wellesley,FALSE,FALSE,TRUE,FALSE,FALSE,FALSE,FALSE,FALSE,FALSE,FALSE,"{""coordinates"": [[-79.38239084350025, 43.67114417644319]], ""type"": ""MultiPoint""}"
8582,2012:1311734,2012-08-13T19:30:00,BLOOR ST E,ST PAULS SQ,,3,Non-Fatal Injury,,No Control,Cyclist Collision,Clear,Daylight,Dry,Major Arterial,TRUE,-79.38239084,43.67114417644319,1,Automobile or Station Wagon,East,1,25,None,Other Safety Equipment Used,Improper lane change,Unknown,,,Changing Lanes,,,,,driver,,University-Rosedale (11),51 Division,Church-Wellesley,FALSE,FALSE,TRUE,FALSE,FALSE,FALSE,FALSE,FALSE,FALSE,FALSE,"{""coordinates"": [[-79.38239084350025, 43.67114417644319]], ""type"": ""MultiPoint""}"
8583,2012:1316502,2012-08-14T07:07:00,RONCESVALLES AVE,WRIGHT AVE,,3,Non-Fatal Injury,,No Control,Cyclist Collision,Clear,Daylight,Wet,Minor Arterial,FALSE,-79.44869101,43.64544428108408,2,Bicycle,South,3,13,Major,No Equipment Available,,,,,Going Ahead,,Dooring,Driving Properly,Normal,cyclist,,Parkdale-High Park (4),11 Division,Roncesvalles,FALSE,FALSE,TRUE,FALSE,FALSE,FALSE,FALSE,FALSE,TRUE,FALSE,"{""coordinates"": [[-79.44869101317218, 43.64544428108408]], ""type"": ""MultiPoint""}"
8584,2012:1316502,2012-08-14T07:07:00,RONCESVALLES AVE,WRIGHT AVE,,3,Non-Fatal Injury,,No Control,Cyclist Collision,Clear,Daylight,Wet,Minor Arterial,FALSE,-79.44869101,43.64544428108408,1,,,1,,,Other Safety Equipment Used,,,,,,,,,,owner,,Parkdale-High Park (4),11 Division,Roncesvalles,FALSE,FALSE,TRUE,FALSE,FALSE,FALSE,FALSE,FALSE,TRUE,FALSE,"{""coordinates"": [[-79.44869101317218, 43.64544428108408]], ""type"": ""MultiPoint""}"
8585,2012:1316502,2012-08-14T07:07:00,RONCESVALLES AVE,WRIGHT AVE,,3,Non-Fatal Injury,,No Control,Cyclist Collision,Clear,Daylight,Wet,Minor Arterial,FALSE,-79.44869101,43.64544428108408,1,Automobile or Station Wagon,South,2,42,None,Lap and Shoulder Belt,Other,Normal,,,Stopped,,,,,driver,,Parkdale-High Park (4),11 Division,Roncesvalles,FALSE,FALSE,TRUE,FALSE,FALSE,FALSE,FALSE,FALSE,TRUE,FALSE,"{""coordinates"": [[-79.44869101317218, 43.64544428108408]], ""type"": ""MultiPoint""}"
8586,2012:1316631,2012-08-16T16:24:00,VICTORIA PARK AVE,CLYDESDALE DR,,6,Non-Fatal Injury,,No Control,Rear End,Clear,Daylight,Dry,Major Arterial,FALSE,-79.3270906,43.78404409104661,5,Automobile or Station Wagon,North,6,50,Major,Lap and Shoulder Belt,Driving properly,Normal,,,Stopped,,,,,driver,,Scarborough-Agincourt (22),42 Division,L'Amoreaux West,TRUE,TRUE,FALSE,FALSE,FALSE,FALSE,FALSE,FALSE,FALSE,FALSE,"{""coordinates"": [[-79.32709059778817, 43.78404409104661]], ""type"": ""MultiPoint""}"
8587,2012:1316631,2012-08-16T16:24:00,VICTORIA PARK AVE,CLYDESDALE DR,,6,Non-Fatal Injury,,No Control,Rear End,Clear,Daylight,Dry,Major Arterial,FALSE,-79.3270906,43.78404409104661,3,Automobile or Station Wagon,North,4,63,None,Lap and Shoulder Belt,Driving properly,Normal,,,Stopped,,,,,driver,,Scarborough-Agincourt (22),42 Division,L'Amoreaux West,TRUE,TRUE,FALSE,FALSE,FALSE,FALSE,FALSE,FALSE,FALSE,FALSE,"{""coordinates"": [[-79.32709059778817, 43.78404409104661]], ""type"": ""MultiPoint""}"