_id,collision_id,accdate,stname1,stname2,stname3,per_inv,acclass,accloc,traffictl,impactype,visible,light,rdsfcond,road_class,failtorem,longitude,latitude,veh_no,vehtype,initdir,per_no,invage,injury,safequip,drivact,drivcond,pedact,pedcond,manoeuvre,pedtype,cyclistype,cycact,cyccond,road_user,fatal_no,wardname,division,neighbourhood,aggressive,distracted,cyclist,motorcyclist,other_micromobility,older_adult,pedestrian,red_light,school_child,heavy_truck,geometry
8918,2012:1323544,2012-11-01T06:52:00,LAWRENCE AVE W,CORONA ST,,5,Fatal Injury,,No Control,Pedestrian Collision(internal code),Rain,Dark,Wet,Major Arterial,FALSE,-79.4532909,43.714144261519124,3,Automobile or Station Wagon,West,4,28,None,Other Safety Equipment Used,Driving properly,Normal,,,Going Ahead,,,,,driver,,Eglinton-Lawrence (8),13 Division,Yorkdale-Glen Park,FALSE,TRUE,FALSE,FALSE,FALSE,FALSE,TRUE,FALSE,FALSE,FALSE,"{""coordinates"": [[-79.45329090438473, 43.714144261519124]], ""type"": ""MultiPoint""}"
8919,2012:1323544,2012-11-01T06:52:00,LAWRENCE AVE W,CORONA ST,,5,Fatal Injury,,No Control,Pedestrian Collision(internal code),Rain,Dark,Wet,Major Arterial,FALSE,-79.4532909,43.714144261519124,4,,Unknown,5,34,Fatal,Other Safety Equipment Used,,,Crossing - no traffic control,Inattentive,,Driver going straight hits pedestrian crossing without right-of-way (at intersection),,,,pedestrian,37,Eglinton-Lawrence (8),13 Division,Yorkdale-Glen Park,FALSE,TRUE,FALSE,FALSE,FALSE,FALSE,TRUE,FALSE,FALSE,FALSE,"{""coordinates"": [[-79.45329090438473, 43.714144261519124]], ""type"": ""MultiPoint""}"
8920,2012:1323931,2012-11-01T06:54:00,EGLINTON AVE W,PEVERIL HILL N,,2,Non-Fatal Injury,,No Control,Pedestrian Collision(internal code),Rain,Dark,Wet,Major Arterial,TRUE,-79.42669088,43.70074423037944,1,,North,2,52,Major,Other Safety Equipment Used,,,Crossing without right-of-way (intersection),Inattentive,,Driver going straight hits pedestrian crossing without right-of-way (at intersection),,,,pedestrian,,Toronto-St. Paul's (12),13 Division,Humewood-Cedarvale,FALSE,TRUE,FALSE,FALSE,FALSE,FALSE,TRUE,FALSE,FALSE,FALSE,"{""coordinates"": [[-79.42669087897573, 43.70074423037944]], ""type"": ""MultiPoint""}"
8921,2012:1323931,2012-11-01T06:54:00,EGLINTON AVE W,PEVERIL HILL N,,2,Non-Fatal Injury,,No Control,Pedestrian Collision(internal code),Rain,Dark,Wet,Major Arterial,TRUE,-79.42669088,43.70074423037944,1,Automobile or Station Wagon,East,1,,None,Other Safety Equipment Used,Other,Normal,,,Going Ahead,,,,,driver,,Toronto-St. Paul's (12),13 Division,Humewood-Cedarvale,FALSE,TRUE,FALSE,FALSE,FALSE,FALSE,TRUE,FALSE,FALSE,FALSE,"{""coordinates"": [[-79.42669087897573, 43.70074423037944]], ""type"": ""MultiPoint""}"
8922,2012:1331690,2012-11-01T07:15:00,STAINES RD,SEASONS DR,,2,Non-Fatal Injury,,No Control,Pedestrian Collision(internal code),Rain,Daylight,Wet,Collector,FALSE,-79.2236904,43.83044398,2,,North,2,24,Major,Other Safety Equipment Used,,,Walking on roadway with traffic,Normal,,Driver going straight hits pedestrian crossing with right-of-way (at intersection),,,,pedestrian,,Scarborough North (23),42 Division,Morningside Heights,FALSE,FALSE,FALSE,FALSE,FALSE,FALSE,TRUE,FALSE,FALSE,FALSE,"{""coordinates"": [[-79.2236904021261, 43.8304439822373]], ""type"": ""MultiPoint""}"
8923,2012:1331690,2012-11-01T07:15:00,STAINES RD,SEASONS DR,,2,Non-Fatal Injury,,No Control,Pedestrian Collision(internal code),Rain,Daylight,Wet,Collector,FALSE,-79.2236904,43.83044398,1,Automobile or Station Wagon,North,1,49,None,Lap and Shoulder Belt,Driving properly,Normal,,,Going Ahead,,,,,driver,,Scarborough North (23),42 Division,Morningside Heights,FALSE,FALSE,FALSE,FALSE,FALSE,FALSE,TRUE,FALSE,FALSE,FALSE,"{""coordinates"": [[-79.2236904021261, 43.8304439822373]], ""type"": ""MultiPoint""}"
8924,2012:1329449,2012-11-01T21:28:00,VICTORIA PARK Ave,BISCAYNE BLVD,,3,Non-Fatal Injury,,No Control,Turning Movement,Clear,Dark with Artificial Lighting,Dry,Major Arterial,FALSE,-79.30463062,43.72954306270063,2,,,2,,,Other Safety Equipment Used,,,,,,,,,,owner,,Scarborough Centre (21),41 Division,Wexford/Maryvale,FALSE,FALSE,FALSE,FALSE,FALSE,FALSE,FALSE,FALSE,FALSE,FALSE,"{""coordinates"": [[-79.30463061904048, 43.72954306270063]], ""type"": ""MultiPoint""}"
8925,2012:1329449,2012-11-01T21:28:00,VICTORIA PARK Ave,BISCAYNE BLVD,,3,Non-Fatal Injury,,No Control,Turning Movement,Clear,Dark with Artificial Lighting,Dry,Major Arterial,FALSE,-79.30463062,43.72954306270063,1,Automobile or Station Wagon,South,1,32,None,Other Safety Equipment Used,Driving properly,Normal,,,Going Ahead,,,,,driver,,Scarborough Centre (21),41 Division,Wexford/Maryvale,FALSE,FALSE,FALSE,FALSE,FALSE,FALSE,FALSE,FALSE,FALSE,FALSE,"{""coordinates"": [[-79.30463061904048, 43.72954306270063]], ""type"": ""MultiPoint""}"
8926,2012:1329449,2012-11-01T21:28:00,VICTORIA PARK Ave,BISCAYNE BLVD,,3,Non-Fatal Injury,,No Control,Turning Movement,Clear,Dark with Artificial Lighting,Dry,Major Arterial,FALSE,-79.30463062,43.72954306270063,2,Automobile or Station Wagon,South,3,22,Major,Lap and Shoulder Belt,Improper turn,Normal,,,Making U-Turn,,,,,driver,,Scarborough Centre (21),41 Division,Wexford/Maryvale,FALSE,FALSE,FALSE,FALSE,FALSE,FALSE,FALSE,FALSE,FALSE,FALSE,"{""coordinates"": [[-79.30463061904048, 43.72954306270063]], ""type"": ""MultiPoint""}"
8927,2012:1329833,2012-11-02T01:00:00,GLENHOLME AVE,ROGERS RD,,2,Non-Fatal Injury,At Intersection,Traffic Signal,Pedestrian Collision(internal code),Clear,Daylight,Dry,Minor Arterial,FALSE,-79.44159093,43.68654425578774,1,Automobile or Station Wagon,South,1,57,None,Other Safety Equipment Used,Failed to yield right-of-way,Inattentive,,,Turning Left,,,,,driver,,Toronto-St. Paul's (12),13 Division,Oakwood Village,TRUE,TRUE,FALSE,FALSE,FALSE,FALSE,TRUE,FALSE,FALSE,FALSE,"{""coordinates"": [[-79.44159092999357, 43.68654425578774]], ""type"": ""MultiPoint""}"
8928,2012:1329833,2012-11-02T01:00:00,GLENHOLME AVE,ROGERS RD,,2,Non-Fatal Injury,At Intersection,Traffic Signal,Pedestrian Collision(internal code),Clear,Daylight,Dry,Minor Arterial,FALSE,-79.44159093,43.68654425578774,2,,North,2,50,Major,No Equipment Available,,,Crossing with right-of-way (intersection),Normal,,Driver turns left into pedestrian crossing with right-of-way (at intersection),,,,pedestrian,,Toronto-St. Paul's (12),13 Division,Oakwood Village,TRUE,TRUE,FALSE,FALSE,FALSE,FALSE,TRUE,FALSE,FALSE,FALSE,"{""coordinates"": [[-79.44159092999357, 43.68654425578774]], ""type"": ""MultiPoint""}"
8929,2007:1011408,2007-12-20T08:46:00,DANFORTH AVE,CHESTER AVE,,1,Non-Fatal Injury,At Intersection,Traffic Signal,Approaching Head On,Clear,Daylight,Wet,Major Arterial,FALSE,-79.35211208,43.67752033209119,1,Automobile or Station Wagon,West,1,48,Major,Use Unknown,,,,,Going Ahead,,,,,driver,,Toronto-Danforth (14),55 Division,North Riverdale,FALSE,FALSE,FALSE,FALSE,FALSE,FALSE,FALSE,FALSE,FALSE,FALSE,"{""coordinates"": [[-79.35211207679995, 43.67752033209119]], ""type"": ""MultiPoint""}"
8930,2012:1329835,2012-11-02T19:33:00,EGLINTON Ave E,RUMSEY Rd,,6,Non-Fatal Injury,At Intersection,Traffic Signal,Angle,Clear,Dusk with Artificial Lighting,Dry,Major Arterial,FALSE,-79.36964776,43.71256415029505,2,Automobile or Station Wagon,West,3,39,None,Other Safety Equipment Used,Disobeyed traffic control,Normal,,,Going Ahead,,,,,driver,,Don Valley West (15),53 Division,Leaside-Bennington,TRUE,FALSE,FALSE,FALSE,FALSE,TRUE,FALSE,TRUE,FALSE,FALSE,"{""coordinates"": [[-79.36964775758375, 43.71256415029505]], ""type"": ""MultiPoint""}"
8931,2012:1329835,2012-11-02T19:33:00,EGLINTON Ave E,RUMSEY Rd,,6,Non-Fatal Injury,At Intersection,Traffic Signal,Angle,Clear,Dusk with Artificial Lighting,Dry,Major Arterial,FALSE,-79.36964776,43.71256415029505,1,Automobile or Station Wagon,South,2,53,None,Other Safety Equipment Used,Driving properly,Normal,,,Going Ahead,,,,,driver,,Don Valley West (15),53 Division,Leaside-Bennington,TRUE,FALSE,FALSE,FALSE,FALSE,TRUE,FALSE,TRUE,FALSE,FALSE,"{""coordinates"": [[-79.36964775758375, 43.71256415029505]], ""type"": ""MultiPoint""}"
8932,2012:1329835,2012-11-02T19:33:00,EGLINTON Ave E,RUMSEY Rd,,6,Non-Fatal Injury,At Intersection,Traffic Signal,Angle,Clear,Dusk with Artificial Lighting,Dry,Major Arterial,FALSE,-79.36964776,43.71256415029505,3,Automobile or Station Wagon,East,5,71,Major,Lap and Shoulder Belt,Driving properly,Normal,,,Slowing or Stopping,,,,,driver,,Don Valley West (15),53 Division,Leaside-Bennington,TRUE,FALSE,FALSE,FALSE,FALSE,TRUE,FALSE,TRUE,FALSE,FALSE,"{""coordinates"": [[-79.36964775758375, 43.71256415029505]], ""type"": ""MultiPoint""}"
8933,2012:1329835,2012-11-02T19:33:00,EGLINTON Ave E,RUMSEY Rd,,6,Non-Fatal Injury,At Intersection,Traffic Signal,Angle,Clear,Dusk with Artificial Lighting,Dry,Major Arterial,FALSE,-79.36964776,43.71256415029505,1,,,1,,,Other Safety Equipment Used,,,,,,,,,,owner,,Don Valley West (15),53 Division,Leaside-Bennington,TRUE,FALSE,FALSE,FALSE,FALSE,TRUE,FALSE,TRUE,FALSE,FALSE,"{""coordinates"": [[-79.36964775758375, 43.71256415029505]], ""type"": ""MultiPoint""}"
8934,2012:1329835,2012-11-02T19:33:00,EGLINTON Ave E,RUMSEY Rd,,6,Non-Fatal Injury,At Intersection,Traffic Signal,Angle,Clear,Dusk with Artificial Lighting,Dry,Major Arterial,FALSE,-79.36964776,43.71256415029505,4,,,6,,,Other Safety Equipment Used,,,,,,,,,,owner,,Don Valley West (15),53 Division,Leaside-Bennington,TRUE,FALSE,FALSE,FALSE,FALSE,TRUE,FALSE,TRUE,FALSE,FALSE,"{""coordinates"": [[-79.36964775758375, 43.71256415029505]], ""type"": ""MultiPoint""}"
8935,2012:1330074,2012-11-05T13:20:00,810 COLLEGE ST,,,2,Non-Fatal Injury,,No Control,Cyclist Collision,Clear,Daylight,Dry,Major Arterial,FALSE,-79.42189095,43.65454323823402,2,Bicycle,West,2,22,Major,Helmet,,,,,Going Ahead,,Dooring,Driving Properly,Normal,cyclist,,University-Rosedale (11),14 Division,Trinity-Bellwoods,FALSE,FALSE,TRUE,FALSE,FALSE,FALSE,FALSE,FALSE,FALSE,FALSE,"{""coordinates"": [[-79.42189094558454, 43.65454323823402]], ""type"": ""MultiPoint""}"
8936,2012:1330074,2012-11-05T13:20:00,810 COLLEGE ST,,,2,Non-Fatal Injury,,No Control,Cyclist Collision,Clear,Daylight,Dry,Major Arterial,FALSE,-79.42189095,43.65454323823402,1,Automobile or Station Wagon,West,1,56,None,Equipment Not Used But Available,Other,Normal,,,Parked,,,,,driver,,University-Rosedale (11),14 Division,Trinity-Bellwoods,FALSE,FALSE,TRUE,FALSE,FALSE,FALSE,FALSE,FALSE,FALSE,FALSE,"{""coordinates"": [[-79.42189094558454, 43.65454323823402]], ""type"": ""MultiPoint""}"
8937,2012:1324317,2012-11-06T17:31:00,JARVIS ST,WELLESLEY ST E,,2,Non-Fatal Injury,At Intersection,Traffic Signal,Pedestrian Collision(internal code),Clear,Dusk,Dry,Major Arterial,FALSE,-79.37829084,43.666244171597775,2,,East,2,81,Major,Other Safety Equipment Used,,,Crossing with right-of-way (intersection),Normal,,Driver going straight hits pedestrian crossing with right-of-way (at intersection),,,,pedestrian,,Toronto Centre (13),51 Division,Cabbagetown-South St.James Town,TRUE,TRUE,FALSE,FALSE,FALSE,TRUE,TRUE,TRUE,FALSE,FALSE,"{""coordinates"": [[-79.37829084312935, 43.666244171597775]], ""type"": ""MultiPoint""}"
8938,2012:1324317,2012-11-06T17:31:00,JARVIS ST,WELLESLEY ST E,,2,Non-Fatal Injury,At Intersection,Traffic Signal,Pedestrian Collision(internal code),Clear,Dusk,Dry,Major Arterial,FALSE,-79.37829084,43.666244171597775,1,Automobile or Station Wagon,North,1,67,None,Lap and Shoulder Belt,Disobeyed traffic control,Inattentive,,,Going Ahead,,,,,driver,,Toronto Centre (13),51 Division,Cabbagetown-South St.James Town,TRUE,TRUE,FALSE,FALSE,FALSE,TRUE,TRUE,TRUE,FALSE,FALSE,"{""coordinates"": [[-79.37829084312935, 43.666244171597775]], ""type"": ""MultiPoint""}"
8939,2012:1324513,2012-11-07T14:37:00,RICHMOND ST W,UNIVERSITY AVE,,4,Fatal Injury,At Intersection,Traffic Signal,Cyclist Collision,Clear,Daylight,Dry,Major Arterial,FALSE,-79.38629088,43.65004418686537,1,Automobile or Station Wagon,North,2,32,None,Lap and Shoulder Belt,Driving properly,Normal,,,Going Ahead,,,,,driver,,Spadina-Fort York (10),52 Division,Yonge-Bay Corridor,FALSE,FALSE,TRUE,FALSE,FALSE,FALSE,FALSE,FALSE,FALSE,FALSE,"{""coordinates"": [[-79.38629088329193, 43.65004418686537]], ""type"": ""MultiPoint""}"
8940,2012:1324513,2012-11-07T14:37:00,RICHMOND ST W,UNIVERSITY AVE,,4,Fatal Injury,At Intersection,Traffic Signal,Cyclist Collision,Clear,Daylight,Dry,Major Arterial,FALSE,-79.38629088,43.65004418686537,2,Bicycle,West,4,58,Fatal,Helmet,,,,,Going Ahead,,"Cyclist without right-of-way rides into path of driver (at intersection, laneway, or driveway)",Disobeyed Traffic Control,Unknown,cyclist,38,Spadina-Fort York (10),52 Division,Yonge-Bay Corridor,FALSE,FALSE,TRUE,FALSE,FALSE,FALSE,FALSE,FALSE,FALSE,FALSE,"{""coordinates"": [[-79.38629088329193, 43.65004418686537]], ""type"": ""MultiPoint""}"
8941,2012:1324513,2012-11-07T14:37:00,RICHMOND ST W,UNIVERSITY AVE,,4,Fatal Injury,At Intersection,Traffic Signal,Cyclist Collision,Clear,Daylight,Dry,Major Arterial,FALSE,-79.38629088,43.65004418686537,1,,,1,,,Other Safety Equipment Used,,,,,,,,,,owner,,Spadina-Fort York (10),52 Division,Yonge-Bay Corridor,FALSE,FALSE,TRUE,FALSE,FALSE,FALSE,FALSE,FALSE,FALSE,FALSE,"{""coordinates"": [[-79.38629088329193, 43.65004418686537]], ""type"": ""MultiPoint""}"
8942,2012:1324513,2012-11-07T14:37:00,RICHMOND ST W,UNIVERSITY AVE,,4,Fatal Injury,At Intersection,Traffic Signal,Cyclist Collision,Clear,Daylight,Dry,Major Arterial,FALSE,-79.38629088,43.65004418686537,2,,,3,36,None,Other Safety Equipment Used,,,,,,,,,,passenger,,Spadina-Fort York (10),52 Division,Yonge-Bay Corridor,FALSE,FALSE,TRUE,FALSE,FALSE,FALSE,FALSE,FALSE,FALSE,FALSE,"{""coordinates"": [[-79.38629088329193, 43.65004418686537]], ""type"": ""MultiPoint""}"
8943,2012:1326953,2012-11-07T18:53:00,LESLIE ST,LAKE SHORE BLVD E,,2,Non-Fatal Injury,At Intersection,Traffic Signal,Cyclist Collision,Clear,Dark,Dry,Major Arterial,TRUE,-79.32838876,43.65924210016636,1,Automobile or Station Wagon,South,1,,None,Other Safety Equipment Used,Other,Unknown,,,Unknown,,,,,driver,,Toronto-Danforth (14),55 Division,South Riverdale,FALSE,FALSE,TRUE,FALSE,FALSE,FALSE,FALSE,FALSE,FALSE,FALSE,"{""coordinates"": [[-79.32838875735949, 43.65924210016636]], ""type"": ""MultiPoint""}"
8944,2012:1326953,2012-11-07T18:53:00,LESLIE ST,LAKE SHORE BLVD E,,2,Non-Fatal Injury,At Intersection,Traffic Signal,Cyclist Collision,Clear,Dark,Dry,Major Arterial,TRUE,-79.32838876,43.65924210016636,1,Bicycle,East,2,45,Major,Helmet,,,,,Going Ahead,,Insufficient information to describe collision,Other,Unknown,cyclist,,Toronto-Danforth (14),55 Division,South Riverdale,FALSE,FALSE,TRUE,FALSE,FALSE,FALSE,FALSE,FALSE,FALSE,FALSE,"{""coordinates"": [[-79.32838875735949, 43.65924210016636]], ""type"": ""MultiPoint""}"
8945,2012:1331528,2012-11-09T11:40:00,WILSON Ave,YONGE St,,2,Non-Fatal Injury,At Intersection,Traffic Signal,Turning Movement,Clear,Daylight,Dry,Major Arterial,FALSE,-79.40671177,43.74413819112036,1,Automobile or Station Wagon,West,2,87,Major,Air Bag Deployed,Failed to yield right-of-way,Normal,,,Turning Left,,,,,driver,,Don Valley West (15),32 Division,St.Andrew-Windfields,TRUE,FALSE,FALSE,FALSE,FALSE,TRUE,FALSE,FALSE,FALSE,FALSE,"{""coordinates"": [[-79.40671177363733, 43.74413819112036]], ""type"": ""MultiPoint""}"
8946,2012:1331528,2012-11-09T11:40:00,WILSON Ave,YONGE St,,2,Non-Fatal Injury,At Intersection,Traffic Signal,Turning Movement,Clear,Daylight,Dry,Major Arterial,FALSE,-79.40671177,43.74413819112036,2,Automobile or Station Wagon,East,1,53,None,Lap and Shoulder Belt,Driving properly,Normal,,,Going Ahead,,,,,driver,,Don Valley West (15),32 Division,St.Andrew-Windfields,TRUE,FALSE,FALSE,FALSE,FALSE,TRUE,FALSE,FALSE,FALSE,FALSE,"{""coordinates"": [[-79.40671177363733, 43.74413819112036]], ""type"": ""MultiPoint""}"
8947,2012:1331563,2012-11-09T22:55:00,KING ST W,TECUMSETH ST,,3,Non-Fatal Injury,,No Control,Approaching Head On,Rain,Dark with Artificial Lighting,Wet,Major Arterial,FALSE,-79.40465193,43.64351421585681,1,Motorcycle,West,2,32,Major,Helmet,Lost control,Normal,,,Going Ahead,,,,,motorcyclist,,Spadina-Fort York (10),14 Division,West Queen West,FALSE,FALSE,FALSE,TRUE,FALSE,FALSE,FALSE,FALSE,FALSE,FALSE,"{""coordinates"": [[-79.40465192954933, 43.64351421585681]], ""type"": ""MultiPoint""}"
8948,2012:1331563,2012-11-09T22:55:00,KING ST W,TECUMSETH ST,,3,Non-Fatal Injury,,No Control,Approaching Head On,Rain,Dark with Artificial Lighting,Wet,Major Arterial,FALSE,-79.40465193,43.64351421585681,1,,,1,33,Minor,Helmet,,,,,,,,,,passenger,,Spadina-Fort York (10),14 Division,West Queen West,FALSE,FALSE,FALSE,TRUE,FALSE,FALSE,FALSE,FALSE,FALSE,FALSE,"{""coordinates"": [[-79.40465192954933, 43.64351421585681]], ""type"": ""MultiPoint""}"
8949,2012:1331563,2012-11-09T22:55:00,KING ST W,TECUMSETH ST,,3,Non-Fatal Injury,,No Control,Approaching Head On,Rain,Dark with Artificial Lighting,Wet,Major Arterial,FALSE,-79.40465193,43.64351421585681,2,Automobile or Station Wagon,East,3,54,None,Lap and Shoulder Belt,Driving properly,Normal,,,Going Ahead,,,,,driver,,Spadina-Fort York (10),14 Division,West Queen West,FALSE,FALSE,FALSE,TRUE,FALSE,FALSE,FALSE,FALSE,FALSE,FALSE,"{""coordinates"": [[-79.40465192954933, 43.64351421585681]], ""type"": ""MultiPoint""}"
8950,2012:1325621,2012-11-12T20:04:00,SHEPPARD AVE E,BIRCHMOUNT RD,,3,Non-Fatal Injury,At Intersection,Traffic Signal,Turning Movement,Rain,Dark with Artificial Lighting,Wet,Major Arterial,FALSE,-79.29809055,43.78104405620256,1,Automobile or Station Wagon,West,2,85,None,Other Safety Equipment Used,Driving properly,Normal,,,Going Ahead,,,,,driver,,Scarborough-Agincourt (22),42 Division,Tam O'Shanter-Sullivan,TRUE,FALSE,FALSE,FALSE,FALSE,TRUE,FALSE,FALSE,FALSE,FALSE,"{""coordinates"": [[-79.2980905533921, 43.78104405620256]], ""type"": ""MultiPoint""}"
8951,2012:1325621,2012-11-12T20:04:00,SHEPPARD AVE E,BIRCHMOUNT RD,,3,Non-Fatal Injury,At Intersection,Traffic Signal,Turning Movement,Rain,Dark with Artificial Lighting,Wet,Major Arterial,FALSE,-79.29809055,43.78104405620256,1,,,1,77,Major,Lap and Shoulder Belt,,,,,,,,,,passenger,,Scarborough-Agincourt (22),42 Division,Tam O'Shanter-Sullivan,TRUE,FALSE,FALSE,FALSE,FALSE,TRUE,FALSE,FALSE,FALSE,FALSE,"{""coordinates"": [[-79.2980905533921, 43.78104405620256]], ""type"": ""MultiPoint""}"
8952,2012:1325621,2012-11-12T20:04:00,SHEPPARD AVE E,BIRCHMOUNT RD,,3,Non-Fatal Injury,At Intersection,Traffic Signal,Turning Movement,Rain,Dark with Artificial Lighting,Wet,Major Arterial,FALSE,-79.29809055,43.78104405620256,2,Automobile or Station Wagon,East,3,45,None,Other Safety Equipment Used,Failed to yield right-of-way,Ability Impaired - Alcohol Over .08,,,Turning Left,,,,,driver,,Scarborough-Agincourt (22),42 Division,Tam O'Shanter-Sullivan,TRUE,FALSE,FALSE,FALSE,FALSE,TRUE,FALSE,FALSE,FALSE,FALSE,"{""coordinates"": [[-79.2980905533921, 43.78104405620256]], ""type"": ""MultiPoint""}"
8953,2012:1331914,2012-11-13T04:20:00,470 RICHMOND ST E,,,3,Non-Fatal Injury,,No Control,Pedestrian Collision(internal code),Clear,Dark,Dry,Major Arterial,FALSE,-79.36569084,43.65414415558651,2,,Unknown,3,45,Major,Other Safety Equipment Used,,,Playing or working on highway,Normal,,Driver hits pedestrian at midblock,,,,pedestrian,,Toronto Centre (13),51 Division,Moss Park,FALSE,FALSE,FALSE,FALSE,FALSE,FALSE,TRUE,FALSE,FALSE,TRUE,"{""coordinates"": [[-79.36569083693543, 43.65414415558651]], ""type"": ""MultiPoint""}"
8954,2012:1331914,2012-11-13T04:20:00,470 RICHMOND ST E,,,3,Non-Fatal Injury,,No Control,Pedestrian Collision(internal code),Clear,Dark,Dry,Major Arterial,FALSE,-79.36569084,43.65414415558651,1,Truck - Open (Flatbed),West,2,54,None,Other Safety Equipment Used,Driving properly,Normal,,,Pulling Away from Shoulder or Curb,,,,,driver,,Toronto Centre (13),51 Division,Moss Park,FALSE,FALSE,FALSE,FALSE,FALSE,FALSE,TRUE,FALSE,FALSE,TRUE,"{""coordinates"": [[-79.36569083693543, 43.65414415558651]], ""type"": ""MultiPoint""}"
8955,2012:1331914,2012-11-13T04:20:00,470 RICHMOND ST E,,,3,Non-Fatal Injury,,No Control,Pedestrian Collision(internal code),Clear,Dark,Dry,Major Arterial,FALSE,-79.36569084,43.65414415558651,1,,,1,,,Other Safety Equipment Used,,,,,,,,,,owner,,Toronto Centre (13),51 Division,Moss Park,FALSE,FALSE,FALSE,FALSE,FALSE,FALSE,TRUE,FALSE,FALSE,TRUE,"{""coordinates"": [[-79.36569083693543, 43.65414415558651]], ""type"": ""MultiPoint""}"
8956,2012:1325529,2012-11-13T08:44:00,GERRARD ST E,YONGE ST,,3,Non-Fatal Injury,At Intersection,Traffic Signal,Cyclist Collision,Clear,Daylight,Dry,Major Arterial,FALSE,-79.38209086,43.65904417866623,2,Bicycle,West,1,38,Major,Other Safety Equipment Used,,,,,Going Ahead,,Driver turns right on green or amber at signalized intersection and hits cyclist,Other,Unknown,cyclist,,Toronto Centre (13),51 Division,Downtown Yonge East,FALSE,FALSE,TRUE,FALSE,FALSE,FALSE,FALSE,FALSE,FALSE,TRUE,"{""coordinates"": [[-79.38209086136538, 43.65904417866623]], ""type"": ""MultiPoint""}"
8957,2012:1325529,2012-11-13T08:44:00,GERRARD ST E,YONGE ST,,3,Non-Fatal Injury,At Intersection,Traffic Signal,Cyclist Collision,Clear,Daylight,Dry,Major Arterial,FALSE,-79.38209086,43.65904417866623,1,Truck - Open (Flatbed),West,3,37,None,Other Safety Equipment Used,Improper turn,Normal,,,Turning Right,,,,,driver,,Toronto Centre (13),51 Division,Downtown Yonge East,FALSE,FALSE,TRUE,FALSE,FALSE,FALSE,FALSE,FALSE,FALSE,TRUE,"{""coordinates"": [[-79.38209086136538, 43.65904417866623]], ""type"": ""MultiPoint""}"
8958,2012:1325529,2012-11-13T08:44:00,GERRARD ST E,YONGE ST,,3,Non-Fatal Injury,At Intersection,Traffic Signal,Cyclist Collision,Clear,Daylight,Dry,Major Arterial,FALSE,-79.38209086,43.65904417866623,1,,,2,,,Other Safety Equipment Used,,,,,,,,,,owner,,Toronto Centre (13),51 Division,Downtown Yonge East,FALSE,FALSE,TRUE,FALSE,FALSE,FALSE,FALSE,FALSE,FALSE,TRUE,"{""coordinates"": [[-79.38209086136538, 43.65904417866623]], ""type"": ""MultiPoint""}"
8959,2012:1332390,2012-11-15T06:27:00,KEELE ST,IRVING RD,,4,Non-Fatal Injury,,No Control,Turning Movement,Clear,Dark with Artificial Lighting,Dry,Major Arterial,FALSE,-79.47449098,43.69294429898757,2,,,3,,,Other Safety Equipment Used,,,,,,,,,,owner,,York South-Weston (5),12 Division,Beechborough-Greenbrook,FALSE,FALSE,FALSE,FALSE,FALSE,TRUE,FALSE,FALSE,TRUE,FALSE,"{""coordinates"": [[-79.47449097976428, 43.69294429898757]], ""type"": ""MultiPoint""}"
8960,2012:1332390,2012-11-15T06:27:00,KEELE ST,IRVING RD,,4,Non-Fatal Injury,,No Control,Turning Movement,Clear,Dark with Artificial Lighting,Dry,Major Arterial,FALSE,-79.47449098,43.69294429898757,1,Automobile or Station Wagon,North,1,65,None,Lap and Shoulder Belt,Improper turn,Normal,,,Turning Left,,,,,driver,,York South-Weston (5),12 Division,Beechborough-Greenbrook,FALSE,FALSE,FALSE,FALSE,FALSE,TRUE,FALSE,FALSE,TRUE,FALSE,"{""coordinates"": [[-79.47449097976428, 43.69294429898757]], ""type"": ""MultiPoint""}"
8961,2012:1332390,2012-11-15T06:27:00,KEELE ST,IRVING RD,,4,Non-Fatal Injury,,No Control,Turning Movement,Clear,Dark with Artificial Lighting,Dry,Major Arterial,FALSE,-79.47449098,43.69294429898757,2,Automobile or Station Wagon,South,4,29,Major,Lap and Shoulder Belt,Driving properly,Normal,,,Going Ahead,,,,,driver,,York South-Weston (5),12 Division,Beechborough-Greenbrook,FALSE,FALSE,FALSE,FALSE,FALSE,TRUE,FALSE,FALSE,TRUE,FALSE,"{""coordinates"": [[-79.47449097976428, 43.69294429898757]], ""type"": ""MultiPoint""}"
8962,2012:1332390,2012-11-15T06:27:00,KEELE ST,IRVING RD,,4,Non-Fatal Injury,,No Control,Turning Movement,Clear,Dark with Artificial Lighting,Dry,Major Arterial,FALSE,-79.47449098,43.69294429898757,2,,,2,6,Minimal,Other Safety Equipment Used,,,,,,,,,,passenger,,York South-Weston (5),12 Division,Beechborough-Greenbrook,FALSE,FALSE,FALSE,FALSE,FALSE,TRUE,FALSE,FALSE,TRUE,FALSE,"{""coordinates"": [[-79.47449097976428, 43.69294429898757]], ""type"": ""MultiPoint""}"
8963,2012:1326143,2012-11-16T17:43:00,FINCH AVE E,WILFRED AVE,,2,Non-Fatal Injury,,No Control,Pedestrian Collision(internal code),Clear,Dark with Artificial Lighting,Dry,Major Arterial,FALSE,-79.40189072,43.78274318042351,1,Automobile or Station Wagon,East,1,40,None,Other Safety Equipment Used,Driving properly,Normal,,,Going Ahead,,,,,driver,,Willowdale (18),32 Division,East Willowdale,FALSE,FALSE,FALSE,FALSE,FALSE,TRUE,TRUE,FALSE,FALSE,FALSE,"{""coordinates"": [[-79.40189072062171, 43.78274318042351]], ""type"": ""MultiPoint""}"
8964,2012:1326143,2012-11-16T17:43:00,FINCH AVE E,WILFRED AVE,,2,Non-Fatal Injury,,No Control,Pedestrian Collision(internal code),Clear,Dark with Artificial Lighting,Dry,Major Arterial,FALSE,-79.40189072,43.78274318042351,2,,North,2,79,Major,Other Safety Equipment Used,,,Crossing - no traffic control,Unknown,,Driver going straight hits pedestrian crossing without right-of-way (at intersection),,,,pedestrian,,Willowdale (18),32 Division,East Willowdale,FALSE,FALSE,FALSE,FALSE,FALSE,TRUE,TRUE,FALSE,FALSE,FALSE,"{""coordinates"": [[-79.40189072062171, 43.78274318042351]], ""type"": ""MultiPoint""}"