_id,collision_id,accdate,stname1,stname2,stname3,per_inv,acclass,accloc,traffictl,impactype,visible,light,rdsfcond,road_class,failtorem,longitude,latitude,veh_no,vehtype,initdir,per_no,invage,injury,safequip,drivact,drivcond,pedact,pedcond,manoeuvre,pedtype,cyclistype,cycact,cyccond,road_user,fatal_no,wardname,division,neighbourhood,aggressive,distracted,cyclist,motorcyclist,other_micromobility,older_adult,pedestrian,red_light,school_child,heavy_truck,geometry
9625,2013:1368998,2013-06-09T21:22:00,KEELE ST,WILSON AVE,,3,Non-Fatal Injury,At Intersection,Traffic Signal,Turning Movement,Clear,Dark with Artificial Lighting,Dry,Major Arterial,FALSE,-79.48209093,43.72664429427312,1,Motorcycle,North,1,24,Major,Lap and Shoulder Belt,Driving properly,Normal,,,Going Ahead,,,,,motorcyclist,,York Centre (6),31 Division,Downsview,TRUE,TRUE,FALSE,TRUE,FALSE,FALSE,FALSE,FALSE,TRUE,FALSE,"{""coordinates"": [[-79.482090933331, 43.72664429427312]], ""type"": ""MultiPoint""}"
9626,2013:1368998,2013-06-09T21:22:00,KEELE ST,WILSON AVE,,3,Non-Fatal Injury,At Intersection,Traffic Signal,Turning Movement,Clear,Dark with Artificial Lighting,Dry,Major Arterial,FALSE,-79.48209093,43.72664429427312,2,,,2,18,Minimal,Lap and Shoulder Belt,,,,,,,,,,passenger,,York Centre (6),31 Division,Downsview,TRUE,TRUE,FALSE,TRUE,FALSE,FALSE,FALSE,FALSE,TRUE,FALSE,"{""coordinates"": [[-79.482090933331, 43.72664429427312]], ""type"": ""MultiPoint""}"
9627,2013:1368998,2013-06-09T21:22:00,KEELE ST,WILSON AVE,,3,Non-Fatal Injury,At Intersection,Traffic Signal,Turning Movement,Clear,Dark with Artificial Lighting,Dry,Major Arterial,FALSE,-79.48209093,43.72664429427312,2,Automobile or Station Wagon,South,3,20,None,Lap and Shoulder Belt,Failed to yield right-of-way,Inattentive,,,Turning Left,,,,,driver,,York Centre (6),31 Division,Downsview,TRUE,TRUE,FALSE,TRUE,FALSE,FALSE,FALSE,FALSE,TRUE,FALSE,"{""coordinates"": [[-79.482090933331, 43.72664429427312]], ""type"": ""MultiPoint""}"
9628,2013:1368851,2013-06-11T08:36:00,STEELES AVE E,MIDLAND AVE,,2,Non-Fatal Injury,At Intersection,Traffic Signal,Cyclist Collision,Clear,Daylight,Dry,Major Arterial,FALSE,-79.29729051,43.825944058889085,1,Automobile or Station Wagon,East,1,36,None,Lap and Shoulder Belt,Disobeyed traffic control,Normal,,,Going Ahead,,,,,driver,,Scarborough North (23),42 Division,Milliken,TRUE,FALSE,TRUE,FALSE,FALSE,FALSE,FALSE,TRUE,FALSE,FALSE,"{""coordinates"": [[-79.29729051206526, 43.825944058889085]], ""type"": ""MultiPoint""}"
9629,2013:1368851,2013-06-11T08:36:00,STEELES AVE E,MIDLAND AVE,,2,Non-Fatal Injury,At Intersection,Traffic Signal,Cyclist Collision,Clear,Daylight,Dry,Major Arterial,FALSE,-79.29729051,43.825944058889085,2,Bicycle,West,2,61,Major,Lap and Shoulder Belt,,,,,Turning Left,,"Driver without right-of-way drives into path of cyclist (at intersection, laneway, or driveway)",Driving Properly,Normal,cyclist,,Scarborough North (23),42 Division,Milliken,TRUE,FALSE,TRUE,FALSE,FALSE,FALSE,FALSE,TRUE,FALSE,FALSE,"{""coordinates"": [[-79.29729051206526, 43.825944058889085]], ""type"": ""MultiPoint""}"
9630,2013:1360626,2013-06-12T11:57:00,O CONNOR DR,RIVERCOURT BLVD,,1,Non-Fatal Injury,At Intersection,Traffic Signal,Cyclist Collision,Clear,Daylight,Dry,Major Arterial,FALSE,-79.34819075,43.69364412,1,,,1,17,None,Lap and Shoulder Belt,,,,,,,,,,passenger,,Toronto-Danforth (14),55 Division,Old East York,FALSE,TRUE,TRUE,FALSE,FALSE,FALSE,FALSE,FALSE,TRUE,FALSE,"{""coordinates"": [[-79.34819074632746, 43.6936441242642]], ""type"": ""MultiPoint""}"
9631,2013:1360626,2013-06-12T11:57:00,O CONNOR DR,RIVERCOURT BLVD,,1,Non-Fatal Injury,At Intersection,Traffic Signal,Cyclist Collision,Clear,Daylight,Dry,Major Arterial,FALSE,-79.34819075,43.69364412,1,,,2,,,Other Safety Equipment Used,,,,,,,,,,owner,,Toronto-Danforth (14),55 Division,Old East York,FALSE,TRUE,TRUE,FALSE,FALSE,FALSE,FALSE,FALSE,TRUE,FALSE,"{""coordinates"": [[-79.34819074632746, 43.6936441242642]], ""type"": ""MultiPoint""}"
9632,2013:1360626,2013-06-12T11:57:00,O CONNOR DR,RIVERCOURT BLVD,,1,Non-Fatal Injury,At Intersection,Traffic Signal,Cyclist Collision,Clear,Daylight,Dry,Major Arterial,FALSE,-79.34819075,43.69364412,1,Automobile or Station Wagon,West,3,51,None,Lap and Shoulder Belt,Driving properly,Normal,,,Going Ahead,,,,,driver,,Toronto-Danforth (14),55 Division,Old East York,FALSE,TRUE,TRUE,FALSE,FALSE,FALSE,FALSE,FALSE,TRUE,FALSE,"{""coordinates"": [[-79.34819074632746, 43.6936441242642]], ""type"": ""MultiPoint""}"
9633,2013:1360626,2013-06-12T11:57:00,O CONNOR DR,RIVERCOURT BLVD,,1,Non-Fatal Injury,At Intersection,Traffic Signal,Cyclist Collision,Clear,Daylight,Dry,Major Arterial,FALSE,-79.34819075,43.69364412,2,Bicycle,West,4,36,Major,Equipment Not Used But Available,,,,,Turning Left,,Cyclist turns left into path of driver,Improper Turn,Inattentive,cyclist,,Toronto-Danforth (14),55 Division,Old East York,FALSE,TRUE,TRUE,FALSE,FALSE,FALSE,FALSE,FALSE,TRUE,FALSE,"{""coordinates"": [[-79.34819074632746, 43.6936441242642]], ""type"": ""MultiPoint""}"
9634,2013:1369816,2013-06-13T06:40:00,SPADINA RD,DUPONT ST,,2,Non-Fatal Injury,At Intersection,Traffic Signal,Approaching Head On,Rain,Daylight,Wet,Major Arterial,FALSE,-79.40709088,43.67484421081928,1,Motorcycle,North,1,42,Major,Helmet,Driving properly,Normal,,,Going Ahead,,,,,motorcyclist,,University-Rosedale (11),53 Division,Annex,TRUE,FALSE,FALSE,TRUE,FALSE,FALSE,FALSE,FALSE,FALSE,FALSE,"{""coordinates"": [[-79.40709088452056, 43.67484421081928]], ""type"": ""MultiPoint""}"
9635,2013:1369816,2013-06-13T06:40:00,SPADINA RD,DUPONT ST,,2,Non-Fatal Injury,At Intersection,Traffic Signal,Approaching Head On,Rain,Daylight,Wet,Major Arterial,FALSE,-79.40709088,43.67484421081928,2,Automobile or Station Wagon,South,2,58,None,Lap and Shoulder Belt,Following too closely,Normal,,,Going Ahead,,,,,driver,,University-Rosedale (11),53 Division,Annex,TRUE,FALSE,FALSE,TRUE,FALSE,FALSE,FALSE,FALSE,FALSE,FALSE,"{""coordinates"": [[-79.40709088452056, 43.67484421081928]], ""type"": ""MultiPoint""}"
9636,2013:1369849,2013-06-13T07:51:00,ADELAIDE ST E,SHERBOURNE ST,,3,Non-Fatal Injury,,No Control,Cyclist Collision,Rain,Daylight,Wet,Major Arterial,FALSE,-79.36799084,43.65224415932829,2,Bicycle,East,3,25,Major,Helmet,,,,,Going Ahead,,Sideswipe with cyclist and driver travelling in same direction,Lost control,Normal,cyclist,,Toronto Centre (13),51 Division,Moss Park,FALSE,FALSE,TRUE,FALSE,FALSE,FALSE,FALSE,FALSE,FALSE,TRUE,"{""coordinates"": [[-79.3679908442311, 43.65224415932829]], ""type"": ""MultiPoint""}"
9637,2013:1369849,2013-06-13T07:51:00,ADELAIDE ST E,SHERBOURNE ST,,3,Non-Fatal Injury,,No Control,Cyclist Collision,Rain,Daylight,Wet,Major Arterial,FALSE,-79.36799084,43.65224415932829,1,Truck - Open (Flatbed),East,2,36,None,Use Unknown,Driving properly,Normal,,,Going Ahead,,,,,driver,,Toronto Centre (13),51 Division,Moss Park,FALSE,FALSE,TRUE,FALSE,FALSE,FALSE,FALSE,FALSE,FALSE,TRUE,"{""coordinates"": [[-79.3679908442311, 43.65224415932829]], ""type"": ""MultiPoint""}"
9638,2013:1369859,2013-06-13T09:50:00,BATHURST ST,FAIRLAWN AVE,,2,Non-Fatal Injury,At Intersection,Traffic Signal,Pedestrian Collision(internal code),Rain,Daylight,Wet,Major Arterial,FALSE,-79.43109085,43.725044228287516,1,Automobile or Station Wagon,West,1,70,None,Lap and Shoulder Belt,Failed to yield right-of-way,Normal,,,Turning Left,,,,,driver,,Eglinton-Lawrence (8),32 Division,Bedford Park-Nortown,TRUE,FALSE,FALSE,FALSE,FALSE,TRUE,TRUE,FALSE,FALSE,FALSE,"{""coordinates"": [[-79.43109084675179, 43.725044228287516]], ""type"": ""MultiPoint""}"
9639,2013:1369859,2013-06-13T09:50:00,BATHURST ST,FAIRLAWN AVE,,2,Non-Fatal Injury,At Intersection,Traffic Signal,Pedestrian Collision(internal code),Rain,Daylight,Wet,Major Arterial,FALSE,-79.43109085,43.725044228287516,2,,East,2,90,Major,Other Safety Equipment Used,,,Crossing with right-of-way (intersection),Normal,,Driver turns left into pedestrian crossing with right-of-way (at intersection),,,,pedestrian,,Eglinton-Lawrence (8),32 Division,Bedford Park-Nortown,TRUE,FALSE,FALSE,FALSE,FALSE,TRUE,TRUE,FALSE,FALSE,FALSE,"{""coordinates"": [[-79.43109084675179, 43.725044228287516]], ""type"": ""MultiPoint""}"
9640,2013:1370441,2013-06-14T12:30:00,754 ROYAL YORK RD,,,2,Non-Fatal Injury,,No Control,Rear End,Clear,Daylight,Dry,Minor Arterial,FALSE,-79.50669114,43.63604437062296,2,Automobile or Station Wagon,South,2,43,None,Lap and Shoulder Belt,Driving properly,Normal,,,Going Ahead,,,,,driver,,Etobicoke-Lakeshore (3),22 Division,Stonegate-Queensway,TRUE,FALSE,FALSE,TRUE,FALSE,FALSE,FALSE,FALSE,TRUE,FALSE,"{""coordinates"": [[-79.50669114022391, 43.63604437062296]], ""type"": ""MultiPoint""}"
9641,2013:1370441,2013-06-14T12:30:00,754 ROYAL YORK RD,,,2,Non-Fatal Injury,,No Control,Rear End,Clear,Daylight,Dry,Minor Arterial,FALSE,-79.50669114,43.63604437062296,1,Motorcycle,South,1,17,Major,Helmet,Exceeding speed limit,Normal,,,Going Ahead,,,,,motorcyclist,,Etobicoke-Lakeshore (3),22 Division,Stonegate-Queensway,TRUE,FALSE,FALSE,TRUE,FALSE,FALSE,FALSE,FALSE,TRUE,FALSE,"{""coordinates"": [[-79.50669114022391, 43.63604437062296]], ""type"": ""MultiPoint""}"
9642,2013:1370737,2013-06-15T00:17:00,DUPONT ST,LANSDOWNE AVE,,2,Non-Fatal Injury,,Traffic Signal,Rear End,Clear,Dark with Artificial Lighting,Dry,Major Arterial,TRUE,-79.44649097,43.66674426994072,2,Automobile or Station Wagon,East,2,24,Minimal,Equipment Not Used But Available,Improper passing,Ability Impaired - Alcohol,,,Going Ahead,,,,,driver,,Davenport (9),11 Division,Junction-Wallace Emerson,TRUE,FALSE,FALSE,TRUE,FALSE,FALSE,FALSE,FALSE,FALSE,FALSE,"{""coordinates"": [[-79.44649097269608, 43.66674426994072]], ""type"": ""MultiPoint""}"
9643,2013:1370737,2013-06-15T00:17:00,DUPONT ST,LANSDOWNE AVE,,2,Non-Fatal Injury,,Traffic Signal,Rear End,Clear,Dark with Artificial Lighting,Dry,Major Arterial,TRUE,-79.44649097,43.66674426994072,1,Motorcycle,East,1,39,Major,Helmet,Driving properly,Normal,,,Stopped,,,,,motorcyclist,,Davenport (9),11 Division,Junction-Wallace Emerson,TRUE,FALSE,FALSE,TRUE,FALSE,FALSE,FALSE,FALSE,FALSE,FALSE,"{""coordinates"": [[-79.44649097269608, 43.66674426994072]], ""type"": ""MultiPoint""}"
9644,2013:1361068,2013-06-15T13:36:00,83 MARKHAM ST,,,2,Non-Fatal Injury,,No Control,Pedestrian Collision(internal code),Clear,Daylight,Dry,Local,FALSE,-79.40652092,43.650236216800096,2,,West,2,4,Major,Other Safety Equipment Used,,,Coming from behind parked vehicle or object,Normal,,Driver hits pedestrian walking or running out from between parked vehicles (at midblock),,,,pedestrian,,Spadina-Fort York (10),14 Division,Trinity-Bellwoods,FALSE,FALSE,FALSE,FALSE,FALSE,FALSE,TRUE,FALSE,TRUE,FALSE,"{""coordinates"": [[-79.4065209225542, 43.650236216800096]], ""type"": ""MultiPoint""}"
9645,2013:1361068,2013-06-15T13:36:00,83 MARKHAM ST,,,2,Non-Fatal Injury,,No Control,Pedestrian Collision(internal code),Clear,Daylight,Dry,Local,FALSE,-79.40652092,43.650236216800096,1,Automobile or Station Wagon,South,1,45,None,Lap and Shoulder Belt,Driving properly,Normal,,,Going Ahead,,,,,driver,,Spadina-Fort York (10),14 Division,Trinity-Bellwoods,FALSE,FALSE,FALSE,FALSE,FALSE,FALSE,TRUE,FALSE,TRUE,FALSE,"{""coordinates"": [[-79.4065209225542, 43.650236216800096]], ""type"": ""MultiPoint""}"
9646,2013:1361069,2013-06-15T19:24:00,MCCOWAN RD,KINGSTON RD,,2,Non-Fatal Injury,,Traffic Signal,Pedestrian Collision(internal code),Clear,Daylight,Dry,Major Arterial,FALSE,-79.2323905,43.725143972346125,1,Automobile or Station Wagon,North,1,81,None,Lap and Shoulder Belt,Failed to yield right-of-way,Normal,,,Turning Left,,,,,driver,,Scarborough Southwest (20),43 Division,Cliffcrest,TRUE,FALSE,FALSE,FALSE,FALSE,TRUE,TRUE,FALSE,FALSE,FALSE,"{""coordinates"": [[-79.23239050281579, 43.725143972346125]], ""type"": ""MultiPoint""}"
9647,2013:1361069,2013-06-15T19:24:00,MCCOWAN RD,KINGSTON RD,,2,Non-Fatal Injury,,Traffic Signal,Pedestrian Collision(internal code),Clear,Daylight,Dry,Major Arterial,FALSE,-79.2323905,43.725143972346125,2,,South,2,45,Major,Other Safety Equipment Used,,,Crossing with right-of-way (intersection),Normal,,Driver turns left into pedestrian crossing with right-of-way (at intersection),,,,pedestrian,,Scarborough Southwest (20),43 Division,Cliffcrest,TRUE,FALSE,FALSE,FALSE,FALSE,TRUE,TRUE,FALSE,FALSE,FALSE,"{""coordinates"": [[-79.23239050281579, 43.725143972346125]], ""type"": ""MultiPoint""}"
9648,2013:1361106,2013-06-16T06:16:00,JOE SHUSTER WAY,KING ST W,,1,Fatal Injury,,No Control,SMV Other,Rain,Daylight,Wet,Local,FALSE,-79.42399997,43.640546245770686,1,Automobile or Station Wagon,East,1,41,Fatal,Other Safety Equipment Used,Other,Unknown,,,Going Ahead,,,,,driver,17,Spadina-Fort York (10),14 Division,South Parkdale,FALSE,FALSE,FALSE,FALSE,FALSE,FALSE,FALSE,FALSE,FALSE,FALSE,"{""coordinates"": [[-79.42399997258883, 43.640546245770686]], ""type"": ""MultiPoint""}"
9649,2013:1371165,2013-06-16T15:16:00,KENNEDY RD,CARDWELL AVE,,2,Non-Fatal Injury,At Intersection,Traffic Signal,Pedestrian Collision(internal code),Clear,Daylight,Dry,Major Arterial,FALSE,-79.28949354,43.78574504634388,1,Automobile or Station Wagon,North,1,31,None,Other Safety Equipment Used,Driving properly,Normal,,,Going Ahead,,,,,driver,,Scarborough-Agincourt (22),42 Division,Tam O'Shanter-Sullivan,FALSE,FALSE,FALSE,FALSE,FALSE,FALSE,TRUE,FALSE,FALSE,FALSE,"{""coordinates"": [[-79.28949353526664, 43.78574504634388]], ""type"": ""MultiPoint""}"
9650,2013:1371165,2013-06-16T15:16:00,KENNEDY RD,CARDWELL AVE,,2,Non-Fatal Injury,At Intersection,Traffic Signal,Pedestrian Collision(internal code),Clear,Daylight,Dry,Major Arterial,FALSE,-79.28949354,43.78574504634388,2,,East,2,57,Major,Other Safety Equipment Used,,,Crossing without right-of-way (intersection),Normal,,Driver going straight hits pedestrian crossing without right-of-way (at intersection),,,,pedestrian,,Scarborough-Agincourt (22),42 Division,Tam O'Shanter-Sullivan,FALSE,FALSE,FALSE,FALSE,FALSE,FALSE,TRUE,FALSE,FALSE,FALSE,"{""coordinates"": [[-79.28949353526664, 43.78574504634388]], ""type"": ""MultiPoint""}"
9651,2013:1371162,2013-06-16T15:25:00,ISLINGTON AVE,401 C E ISLINGTON N RAMP E,,1,Non-Fatal Injury,,No Control,Pedestrian Collision(internal code),Clear,Daylight,Dry,Major Arterial,FALSE,-79.55189106,43.70844438651847,1,Automobile or Station Wagon,North,1,35,None,Lap and Shoulder Belt,Driving properly,Normal,,,Going Ahead,,,,,driver,,Etobicoke North (1),23 Division,Kingsview Village-The Westway,FALSE,FALSE,FALSE,FALSE,FALSE,FALSE,TRUE,FALSE,FALSE,FALSE,"{""coordinates"": [[-79.5518910642156, 43.70844438651847]], ""type"": ""MultiPoint""}"
9652,2013:1371162,2013-06-16T15:25:00,ISLINGTON AVE,401 C E ISLINGTON N RAMP E,,1,Non-Fatal Injury,,No Control,Pedestrian Collision(internal code),Clear,Daylight,Dry,Major Arterial,FALSE,-79.55189106,43.70844438651847,2,,South,2,52,Major,Other Safety Equipment Used,,,Other,Normal,,Driver hits pedestrian at midblock,,,,pedestrian,,Etobicoke North (1),23 Division,Kingsview Village-The Westway,FALSE,FALSE,FALSE,FALSE,FALSE,FALSE,TRUE,FALSE,FALSE,FALSE,"{""coordinates"": [[-79.5518910642156, 43.70844438651847]], ""type"": ""MultiPoint""}"
9653,2013:1361161,2013-06-16T19:23:00,KEELE ST,DONALD AVE,,4,Non-Fatal Injury,At Intersection,Traffic Signal,Pedestrian Collision(internal code),Clear,Daylight,Dry,Major Arterial,FALSE,-79.47279099,43.68494430007779,2,,,3,7,Minor,Other Safety Equipment Used,,,,,,,,,,passenger,,York South-Weston (5),12 Division,Keelesdale-Eglinton West,FALSE,FALSE,FALSE,FALSE,FALSE,FALSE,TRUE,FALSE,TRUE,TRUE,"{""coordinates"": [[-79.47279099077832, 43.68494430007779]], ""type"": ""MultiPoint""}"
9654,2013:1361161,2013-06-16T19:23:00,KEELE ST,DONALD AVE,,4,Non-Fatal Injury,At Intersection,Traffic Signal,Pedestrian Collision(internal code),Clear,Daylight,Dry,Major Arterial,FALSE,-79.47279099,43.68494430007779,2,,,2,4,Minor,Other Safety Equipment Used,,,,,,,,,,passenger,,York South-Weston (5),12 Division,Keelesdale-Eglinton West,FALSE,FALSE,FALSE,FALSE,FALSE,FALSE,TRUE,FALSE,TRUE,TRUE,"{""coordinates"": [[-79.47279099077832, 43.68494430007779]], ""type"": ""MultiPoint""}"
9655,2013:1372188,2013-06-19T11:17:00,STEELES AVE E,LESLIE ST,,4,Non-Fatal Injury,At Intersection,Traffic Signal,Turning Movement,Clear,Daylight,Dry,Major Arterial,FALSE,-79.37249365,43.80849614414443,2,Automobile or Station Wagon,West,3,70,Major,Lap and Shoulder Belt,Improper turn,Inattentive,,,Turning Left,,,,,driver,,Don Valley North (17),33 Division,Bayview Woods-Steeles,FALSE,TRUE,FALSE,FALSE,FALSE,TRUE,FALSE,FALSE,FALSE,TRUE,"{""coordinates"": [[-79.37249364626857, 43.80849614414443]], ""type"": ""MultiPoint""}"
9656,2013:1361161,2013-06-16T19:23:00,KEELE ST,DONALD AVE,,4,Non-Fatal Injury,At Intersection,Traffic Signal,Pedestrian Collision(internal code),Clear,Daylight,Dry,Major Arterial,FALSE,-79.47279099,43.68494430007779,3,,East,6,44,Major,Other Safety Equipment Used,,,Crossing without right-of-way (intersection),Normal,,Driver going straight hits pedestrian crossing without right-of-way (at intersection),,,,pedestrian,,York South-Weston (5),12 Division,Keelesdale-Eglinton West,FALSE,FALSE,FALSE,FALSE,FALSE,FALSE,TRUE,FALSE,TRUE,TRUE,"{""coordinates"": [[-79.47279099077832, 43.68494430007779]], ""type"": ""MultiPoint""}"
9657,2013:1361161,2013-06-16T19:23:00,KEELE ST,DONALD AVE,,4,Non-Fatal Injury,At Intersection,Traffic Signal,Pedestrian Collision(internal code),Clear,Daylight,Dry,Major Arterial,FALSE,-79.47279099,43.68494430007779,2,,,4,,,Other Safety Equipment Used,,,,,,,,,,owner,,York South-Weston (5),12 Division,Keelesdale-Eglinton West,FALSE,FALSE,FALSE,FALSE,FALSE,FALSE,TRUE,FALSE,TRUE,TRUE,"{""coordinates"": [[-79.47279099077832, 43.68494430007779]], ""type"": ""MultiPoint""}"
9658,2013:1361161,2013-06-16T19:23:00,KEELE ST,DONALD AVE,,4,Non-Fatal Injury,At Intersection,Traffic Signal,Pedestrian Collision(internal code),Clear,Daylight,Dry,Major Arterial,FALSE,-79.47279099,43.68494430007779,1,Automobile or Station Wagon,South,1,50,None,Lap and Shoulder Belt,Driving properly,Normal,,,Going Ahead,,,,,driver,,York South-Weston (5),12 Division,Keelesdale-Eglinton West,FALSE,FALSE,FALSE,FALSE,FALSE,FALSE,TRUE,FALSE,TRUE,TRUE,"{""coordinates"": [[-79.47279099077832, 43.68494430007779]], ""type"": ""MultiPoint""}"
9659,2013:1361161,2013-06-16T19:23:00,KEELE ST,DONALD AVE,,4,Non-Fatal Injury,At Intersection,Traffic Signal,Pedestrian Collision(internal code),Clear,Daylight,Dry,Major Arterial,FALSE,-79.47279099,43.68494430007779,2,Municipal Transit Bus (TTC),North,5,42,None,Lap and Shoulder Belt,Driving properly,Normal,,,Going Ahead,,,,,driver,,York South-Weston (5),12 Division,Keelesdale-Eglinton West,FALSE,FALSE,FALSE,FALSE,FALSE,FALSE,TRUE,FALSE,TRUE,TRUE,"{""coordinates"": [[-79.47279099077832, 43.68494430007779]], ""type"": ""MultiPoint""}"
9660,2013:1371425,2013-06-17T08:40:00,KINGSTON RD,FALAISE RD E,,3,Non-Fatal Injury,,No Control,Pedestrian Collision(internal code),Clear,Daylight,Dry,Major Arterial,FALSE,-79.1887904,43.76854393527218,1,Truck - Open (Flatbed),East,2,27,None,Lap and Shoulder Belt,Driving properly,Normal,,,Going Ahead,,,,,driver,,Scarborough-Guildwood (24),43 Division,West Hill,FALSE,FALSE,FALSE,FALSE,FALSE,FALSE,TRUE,FALSE,FALSE,TRUE,"{""coordinates"": [[-79.1887904008595, 43.76854393527218]], ""type"": ""MultiPoint""}"
9661,2013:1371425,2013-06-17T08:40:00,KINGSTON RD,FALAISE RD E,,3,Non-Fatal Injury,,No Control,Pedestrian Collision(internal code),Clear,Daylight,Dry,Major Arterial,FALSE,-79.1887904,43.76854393527218,2,,West,3,50,Major,Other Safety Equipment Used,,,Crossing - no traffic control,Unknown,,Driver going straight hits pedestrian crossing without right-of-way (at intersection),,,,pedestrian,,Scarborough-Guildwood (24),43 Division,West Hill,FALSE,FALSE,FALSE,FALSE,FALSE,FALSE,TRUE,FALSE,FALSE,TRUE,"{""coordinates"": [[-79.1887904008595, 43.76854393527218]], ""type"": ""MultiPoint""}"
9662,2013:1371425,2013-06-17T08:40:00,KINGSTON RD,FALAISE RD E,,3,Non-Fatal Injury,,No Control,Pedestrian Collision(internal code),Clear,Daylight,Dry,Major Arterial,FALSE,-79.1887904,43.76854393527218,1,,,1,,,Other Safety Equipment Used,,,,,,,,,,owner,,Scarborough-Guildwood (24),43 Division,West Hill,FALSE,FALSE,FALSE,FALSE,FALSE,FALSE,TRUE,FALSE,FALSE,TRUE,"{""coordinates"": [[-79.1887904008595, 43.76854393527218]], ""type"": ""MultiPoint""}"
9663,2013:1371397,2013-06-17T12:30:00,BURROWS HALL BLVD,GOSKIN CRT,,3,Non-Fatal Injury,,No Control,Other,Clear,Daylight,Dry,Collector,FALSE,-79.22369043,43.79574397550454,1,,,1,,,Other Safety Equipment Used,,,,,,,,,,owner,,Scarborough North (23),42 Division,Malvern East,FALSE,FALSE,FALSE,FALSE,FALSE,FALSE,FALSE,FALSE,TRUE,FALSE,"{""coordinates"": [[-79.22369042834221, 43.79574397550454]], ""type"": ""MultiPoint""}"
9664,2013:1371397,2013-06-17T12:30:00,BURROWS HALL BLVD,GOSKIN CRT,,3,Non-Fatal Injury,,No Control,Other,Clear,Daylight,Dry,Collector,FALSE,-79.22369043,43.79574397550454,1,,,2,18,Major,Lap and Shoulder Belt,,,,,,,,,,passenger,,Scarborough North (23),42 Division,Malvern East,FALSE,FALSE,FALSE,FALSE,FALSE,FALSE,FALSE,FALSE,TRUE,FALSE,"{""coordinates"": [[-79.22369042834221, 43.79574397550454]], ""type"": ""MultiPoint""}"
9665,2013:1371397,2013-06-17T12:30:00,BURROWS HALL BLVD,GOSKIN CRT,,3,Non-Fatal Injury,,No Control,Other,Clear,Daylight,Dry,Collector,FALSE,-79.22369043,43.79574397550454,1,Automobile or Station Wagon,West,3,18,None,Lap and Shoulder Belt,Lost control,Unknown,,,Going Ahead,,,,,driver,,Scarborough North (23),42 Division,Malvern East,FALSE,FALSE,FALSE,FALSE,FALSE,FALSE,FALSE,FALSE,TRUE,FALSE,"{""coordinates"": [[-79.22369042834221, 43.79574397550454]], ""type"": ""MultiPoint""}"
9666,2013:1371427,2013-06-17T14:07:00,390 QUEENS QUAY W,,,2,Non-Fatal Injury,,Traffic Controller,Pedestrian Collision(internal code),Clear,Daylight,Dry,Minor Arterial,FALSE,-79.39069091,43.63794419628257,1,Truck - Open (Flatbed),South,1,51,Major,Lap Belt Only,Driving properly,Unknown,,,Going Ahead,,,,,driver,,Spadina-Fort York (10),52 Division,Harbourfront-CityPlace,FALSE,TRUE,FALSE,FALSE,FALSE,FALSE,TRUE,FALSE,FALSE,TRUE,"{""coordinates"": [[-79.3906909106129, 43.63794419628257]], ""type"": ""MultiPoint""}"
9667,2013:1371427,2013-06-17T14:07:00,390 QUEENS QUAY W,,,2,Non-Fatal Injury,,Traffic Controller,Pedestrian Collision(internal code),Clear,Daylight,Dry,Minor Arterial,FALSE,-79.39069091,43.63794419628257,2,,Unknown,2,30,Minor,Other Safety Equipment Used,,,Playing or working on highway,Inattentive,,Driver hits pedestrian at midblock,,,,pedestrian,,Spadina-Fort York (10),52 Division,Harbourfront-CityPlace,FALSE,TRUE,FALSE,FALSE,FALSE,FALSE,TRUE,FALSE,FALSE,TRUE,"{""coordinates"": [[-79.3906909106129, 43.63794419628257]], ""type"": ""MultiPoint""}"
9668,2013:1386391,2013-06-17T14:30:00,DANFORTH Road,MACK Aven,,5,Non-Fatal Injury,,Traffic Signal,Angle,Clear,Daylight,Dry,Minor Arterial,FALSE,-79.2726906,43.70014402022689,2,,,3,,None,Other Safety Equipment Used,,,,,Unknown,,,,,owner,,Scarborough Southwest (20),41 Division,Oakridge,FALSE,FALSE,FALSE,FALSE,FALSE,FALSE,FALSE,FALSE,FALSE,TRUE,"{""coordinates"": [[-79.27269059953676, 43.70014402022689]], ""type"": ""MultiPoint""}"
9669,2013:1386391,2013-06-17T14:30:00,DANFORTH Road,MACK Aven,,5,Non-Fatal Injury,,Traffic Signal,Angle,Clear,Daylight,Dry,Minor Arterial,FALSE,-79.2726906,43.70014402022689,2,Truck - Open (Flatbed),North,4,58,Major,Lap and Shoulder Belt,,,,,Going Ahead,,,,,driver,,Scarborough Southwest (20),41 Division,Oakridge,FALSE,FALSE,FALSE,FALSE,FALSE,FALSE,FALSE,FALSE,FALSE,TRUE,"{""coordinates"": [[-79.27269059953676, 43.70014402022689]], ""type"": ""MultiPoint""}"
9670,2013:1386391,2013-06-17T14:30:00,DANFORTH Road,MACK Aven,,5,Non-Fatal Injury,,Traffic Signal,Angle,Clear,Daylight,Dry,Minor Arterial,FALSE,-79.2726906,43.70014402022689,1,,,1,,None,Other Safety Equipment Used,,,,,Unknown,,,,,owner,,Scarborough Southwest (20),41 Division,Oakridge,FALSE,FALSE,FALSE,FALSE,FALSE,FALSE,FALSE,FALSE,FALSE,TRUE,"{""coordinates"": [[-79.27269059953676, 43.70014402022689]], ""type"": ""MultiPoint""}"
9671,2013:1386391,2013-06-17T14:30:00,DANFORTH Road,MACK Aven,,5,Non-Fatal Injury,,Traffic Signal,Angle,Clear,Daylight,Dry,Minor Arterial,FALSE,-79.2726906,43.70014402022689,1,Truck - Open (Flatbed),East,2,49,Minimal,Lap and Shoulder Belt,,,,,Going Ahead,,,,,driver,,Scarborough Southwest (20),41 Division,Oakridge,FALSE,FALSE,FALSE,FALSE,FALSE,FALSE,FALSE,FALSE,FALSE,TRUE,"{""coordinates"": [[-79.27269059953676, 43.70014402022689]], ""type"": ""MultiPoint""}"