_id,collision_id,accdate,stname1,stname2,stname3,per_inv,acclass,accloc,traffictl,impactype,visible,light,rdsfcond,road_class,failtorem,longitude,latitude,veh_no,vehtype,initdir,per_no,invage,injury,safequip,drivact,drivcond,pedact,pedcond,manoeuvre,pedtype,cyclistype,cycact,cyccond,road_user,fatal_no,wardname,division,neighbourhood,aggressive,distracted,cyclist,motorcyclist,other_micromobility,older_adult,pedestrian,red_light,school_child,heavy_truck,geometry
9720,2013:1373473,2013-06-25T17:25:00,QUEEN ST W,MC CAUL ST,,2,Non-Fatal Injury,,No Control,Pedestrian Collision(internal code),Clear,Daylight,Dry,Major Arterial,FALSE,-79.38979089,43.65014419202985,1,,South,2,29,Major,No Equipment Available,,,Crossing - no traffic control,Unknown,,Driver going straight hits pedestrian crossing without right-of-way (at intersection),,,,pedestrian,,Spadina-Fort York (10),52 Division,Wellington Place,FALSE,FALSE,TRUE,FALSE,FALSE,FALSE,TRUE,FALSE,FALSE,FALSE,"{""coordinates"": [[-79.38979088998309, 43.65014419202985]], ""type"": ""MultiPoint""}"
9721,2013:1373473,2013-06-25T17:25:00,QUEEN ST W,MC CAUL ST,,2,Non-Fatal Injury,,No Control,Pedestrian Collision(internal code),Clear,Daylight,Dry,Major Arterial,FALSE,-79.38979089,43.65014419202985,1,Bicycle,East,1,32,None,Other Safety Equipment Used,,,,,Going Ahead,,Cyclist hits pedestrian,Driving Properly,Normal,cyclist,,Spadina-Fort York (10),52 Division,Wellington Place,FALSE,FALSE,TRUE,FALSE,FALSE,FALSE,TRUE,FALSE,FALSE,FALSE,"{""coordinates"": [[-79.38979088998309, 43.65014419202985]], ""type"": ""MultiPoint""}"
9722,2013:1373747,2013-06-25T21:26:00,1173 DAVENPORT RD,,,2,Non-Fatal Injury,Intersection-Related,No Control,Cyclist Collision,Clear,Dusk with Artificial Lighting,Dry,Minor Arterial,FALSE,-79.43257593,43.674490247246766,1,Pickup Truck,East,1,32,None,Other Safety Equipment Used,Other,Inattentive,,,Stopped,,,,,driver,,Davenport (9),13 Division,Wychwood,FALSE,TRUE,TRUE,FALSE,FALSE,FALSE,FALSE,FALSE,FALSE,FALSE,"{""coordinates"": [[-79.43257593325131, 43.674490247246766]], ""type"": ""MultiPoint""}"
9723,2013:1373747,2013-06-25T21:26:00,1173 DAVENPORT RD,,,2,Non-Fatal Injury,Intersection-Related,No Control,Cyclist Collision,Clear,Dusk with Artificial Lighting,Dry,Minor Arterial,FALSE,-79.43257593,43.674490247246766,2,Bicycle,East,2,26,Major,Helmet,,,,,Going Ahead,,Dooring,Driving Properly,Normal,cyclist,,Davenport (9),13 Division,Wychwood,FALSE,TRUE,TRUE,FALSE,FALSE,FALSE,FALSE,FALSE,FALSE,FALSE,"{""coordinates"": [[-79.43257593325131, 43.674490247246766]], ""type"": ""MultiPoint""}"
9724,2013:1366140,2013-06-27T02:05:00,DAVENPORT Rd,CHRISTIE St,,2,Non-Fatal Injury,At Intersection,Traffic Signal,Cyclist Collision,Clear,Dark with Artificial Lighting,Dry,Minor Arterial,TRUE,-79.42309091,43.67554423339419,1,Bicycle,North,2,52,Major,Helmet,,,,,Going Ahead,,"Driver without right-of-way drives into path of cyclist (at intersection, laneway, or driveway)",Driving Properly,Normal,cyclist,,Toronto-St. Paul's (12),13 Division,Wychwood,TRUE,FALSE,TRUE,FALSE,FALSE,FALSE,FALSE,TRUE,FALSE,FALSE,"{""coordinates"": [[-79.42309091360211, 43.67554423339419]], ""type"": ""MultiPoint""}"
9725,2013:1366140,2013-06-27T02:05:00,DAVENPORT Rd,CHRISTIE St,,2,Non-Fatal Injury,At Intersection,Traffic Signal,Cyclist Collision,Clear,Dark with Artificial Lighting,Dry,Minor Arterial,TRUE,-79.42309091,43.67554423339419,1,Automobile or Station Wagon,West,1,,None,Other Safety Equipment Used,Disobeyed traffic control,Unknown,,,Going Ahead,,,,,driver,,Toronto-St. Paul's (12),13 Division,Wychwood,TRUE,FALSE,TRUE,FALSE,FALSE,FALSE,FALSE,TRUE,FALSE,FALSE,"{""coordinates"": [[-79.42309091360211, 43.67554423339419]], ""type"": ""MultiPoint""}"
9726,2013:1374340,2013-06-27T09:00:00,KEELE St,ROGERS Rd,,2,Non-Fatal Injury,At Intersection,Traffic Signal,Pedestrian Collision(internal code),Clear,Daylight,Dry,Major Arterial,FALSE,-79.47159099,43.682144299592764,2,,East,2,77,Major,Other Safety Equipment Used,,,Crossing with right-of-way (intersection),Unknown,,Driver turns right into pedestrian crossing with right-of-way (at intersection),,,,pedestrian,,York South-Weston (5),12 Division,Keelesdale-Eglinton West,TRUE,FALSE,FALSE,FALSE,FALSE,TRUE,TRUE,FALSE,FALSE,FALSE,"{""coordinates"": [[-79.47159099348494, 43.682144299592764]], ""type"": ""MultiPoint""}"
9727,2013:1374340,2013-06-27T09:00:00,KEELE St,ROGERS Rd,,2,Non-Fatal Injury,At Intersection,Traffic Signal,Pedestrian Collision(internal code),Clear,Daylight,Dry,Major Arterial,FALSE,-79.47159099,43.682144299592764,1,Automobile or Station Wagon,South,1,45,None,Other Safety Equipment Used,Failed to yield right-of-way,Unknown,,,Turning Right,,,,,driver,,York South-Weston (5),12 Division,Keelesdale-Eglinton West,TRUE,FALSE,FALSE,FALSE,FALSE,TRUE,TRUE,FALSE,FALSE,FALSE,"{""coordinates"": [[-79.47159099348494, 43.682144299592764]], ""type"": ""MultiPoint""}"
9728,2013:1363030,2013-06-27T10:25:00,DUNDAS ST W,CLOVERDALE MALL,,2,Non-Fatal Injury,At Intersection,Traffic Signal,Pedestrian Collision(internal code),Clear,Daylight,Dry,Major Arterial,FALSE,-79.55492122,43.62899243435216,2,,North,2,54,Major,Other Safety Equipment Used,,,Crossing with right-of-way (intersection),Unknown,,Driver going straight hits pedestrian crossing with right-of-way (at intersection),,,,pedestrian,,Etobicoke-Lakeshore (3),22 Division,Etobicoke City Centre,TRUE,FALSE,FALSE,FALSE,FALSE,FALSE,TRUE,FALSE,FALSE,FALSE,"{""coordinates"": [[-79.55492121650457, 43.62899243435216]], ""type"": ""MultiPoint""}"
9729,2013:1363030,2013-06-27T10:25:00,DUNDAS ST W,CLOVERDALE MALL,,2,Non-Fatal Injury,At Intersection,Traffic Signal,Pedestrian Collision(internal code),Clear,Daylight,Dry,Major Arterial,FALSE,-79.55492122,43.62899243435216,1,Automobile or Station Wagon,West,1,42,None,Other Safety Equipment Used,Failed to yield right-of-way,Unknown,,,Going Ahead,,,,,driver,,Etobicoke-Lakeshore (3),22 Division,Etobicoke City Centre,TRUE,FALSE,FALSE,FALSE,FALSE,FALSE,TRUE,FALSE,FALSE,FALSE,"{""coordinates"": [[-79.55492121650457, 43.62899243435216]], ""type"": ""MultiPoint""}"
9730,2013:1374300,2013-06-27T12:15:00,BLOOR ST W,MILL RD,,2,Non-Fatal Injury,,No Control,Pedestrian Collision(internal code),Clear,Daylight,Dry,Major Arterial,FALSE,-79.57679124,43.63134446027452,1,Automobile or Station Wagon,East,1,19,None,Other Safety Equipment Used,Lost control,Fatigue/Fell Asleep,,,Other,,,,,driver,,Etobicoke Centre (2),22 Division,Markland Wood,FALSE,FALSE,FALSE,FALSE,FALSE,FALSE,TRUE,FALSE,TRUE,FALSE,"{""coordinates"": [[-79.57679124077684, 43.63134446027452]], ""type"": ""MultiPoint""}"
9731,2013:1374300,2013-06-27T12:15:00,BLOOR ST W,MILL RD,,2,Non-Fatal Injury,,No Control,Pedestrian Collision(internal code),Clear,Daylight,Dry,Major Arterial,FALSE,-79.57679124,43.63134446027452,2,,East,2,26,Major,Other Safety Equipment Used,,,Other,Normal,,Driver hits pedestrian at midblock,,,,pedestrian,,Etobicoke Centre (2),22 Division,Markland Wood,FALSE,FALSE,FALSE,FALSE,FALSE,FALSE,TRUE,FALSE,TRUE,FALSE,"{""coordinates"": [[-79.57679124077684, 43.63134446027452]], ""type"": ""MultiPoint""}"
9732,2013:1363081,2013-06-27T22:01:00,DANFORTH RD,HUNTINGTON AVE,,2,Non-Fatal Injury,,No Control,Pedestrian Collision(internal code),Clear,Dark,Dry,Major Arterial,TRUE,-79.25246753,43.72778099487203,1,Automobile or Station Wagon,West,2,,None,Other Safety Equipment Used,,,,,Going Ahead,,,,,driver,,Scarborough Southwest (20),41 Division,Kennedy Park,FALSE,FALSE,FALSE,FALSE,FALSE,FALSE,TRUE,FALSE,FALSE,FALSE,"{""coordinates"": [[-79.25246753025434, 43.72778099487203]], ""type"": ""MultiPoint""}"
9733,2013:1363081,2013-06-27T22:01:00,DANFORTH RD,HUNTINGTON AVE,,2,Non-Fatal Injury,,No Control,Pedestrian Collision(internal code),Clear,Dark,Dry,Major Arterial,TRUE,-79.25246753,43.72778099487203,1,,North,1,,Major,No Equipment Available,,,,,Other,,,,,pedestrian,,Scarborough Southwest (20),41 Division,Kennedy Park,FALSE,FALSE,FALSE,FALSE,FALSE,FALSE,TRUE,FALSE,FALSE,FALSE,"{""coordinates"": [[-79.25246753025434, 43.72778099487203]], ""type"": ""MultiPoint""}"
9734,2013:1374422,2013-06-29T22:20:00,LAKE SHORE Blvd W,REMEMBRANCE Dr,,4,Non-Fatal Injury,At Intersection,Traffic Signal,Turning Movement,Clear,Dark with Artificial Lighting,Dry,Major Arterial,FALSE,-79.40874895,43.63440522,1,Motorcycle,East,2,38,Major,Helmet,Driving properly,Normal,,,Going Ahead,,,,,motorcyclist,,Spadina-Fort York (10),14 Division,Fort York-Liberty Village,FALSE,TRUE,FALSE,TRUE,FALSE,FALSE,FALSE,FALSE,FALSE,FALSE,"{""coordinates"": [[-79.40874895216656, 43.6344052245538]], ""type"": ""MultiPoint""}"
9735,2013:1374422,2013-06-29T22:20:00,LAKE SHORE Blvd W,REMEMBRANCE Dr,,4,Non-Fatal Injury,At Intersection,Traffic Signal,Turning Movement,Clear,Dark with Artificial Lighting,Dry,Major Arterial,FALSE,-79.40874895,43.63440522,2,,,3,,,Other Safety Equipment Used,,,,,,,,,,owner,,Spadina-Fort York (10),14 Division,Fort York-Liberty Village,FALSE,TRUE,FALSE,TRUE,FALSE,FALSE,FALSE,FALSE,FALSE,FALSE,"{""coordinates"": [[-79.40874895216656, 43.6344052245538]], ""type"": ""MultiPoint""}"
9736,2013:1374422,2013-06-29T22:20:00,LAKE SHORE Blvd W,REMEMBRANCE Dr,,4,Non-Fatal Injury,At Intersection,Traffic Signal,Turning Movement,Clear,Dark with Artificial Lighting,Dry,Major Arterial,FALSE,-79.40874895,43.63440522,1,,,4,25,Minor,Helmet,,,,,,,,,,passenger,,Spadina-Fort York (10),14 Division,Fort York-Liberty Village,FALSE,TRUE,FALSE,TRUE,FALSE,FALSE,FALSE,FALSE,FALSE,FALSE,"{""coordinates"": [[-79.40874895216656, 43.6344052245538]], ""type"": ""MultiPoint""}"
9737,2013:1374422,2013-06-29T22:20:00,LAKE SHORE Blvd W,REMEMBRANCE Dr,,4,Non-Fatal Injury,At Intersection,Traffic Signal,Turning Movement,Clear,Dark with Artificial Lighting,Dry,Major Arterial,FALSE,-79.40874895,43.63440522,3,Automobile or Station Wagon,West,1,42,Minimal,Lap and Shoulder Belt,Improper turn,Inattentive,,,Making U-Turn,,,,,driver,,Spadina-Fort York (10),14 Division,Fort York-Liberty Village,FALSE,TRUE,FALSE,TRUE,FALSE,FALSE,FALSE,FALSE,FALSE,FALSE,"{""coordinates"": [[-79.40874895216656, 43.6344052245538]], ""type"": ""MultiPoint""}"
9738,2013:1363559,2013-06-30T12:43:00,FINCH AVE W,OAKDALE RD,,2,Non-Fatal Injury,At Intersection,Traffic Signal,Pedestrian Collision(internal code),Clear,Daylight,Dry,Major Arterial,FALSE,-79.52429094,43.75594433,2,,South,2,85,Major,Other Safety Equipment Used,,,Crossing without right-of-way (intersection),Medical or Physical Disability,,Driver turns left into pedestrian crossing without right-of-way (at intersection),,,,pedestrian,,Humber River-Black Creek (7),31 Division,Black Creek,TRUE,FALSE,FALSE,FALSE,FALSE,TRUE,TRUE,FALSE,FALSE,FALSE,"{""coordinates"": [[-79.52429094443177, 43.7559443312524]], ""type"": ""MultiPoint""}"
9739,2013:1363559,2013-06-30T12:43:00,FINCH AVE W,OAKDALE RD,,2,Non-Fatal Injury,At Intersection,Traffic Signal,Pedestrian Collision(internal code),Clear,Daylight,Dry,Major Arterial,FALSE,-79.52429094,43.75594433,1,Automobile or Station Wagon,North,1,43,None,Other Safety Equipment Used,Failed to yield right-of-way,Normal,,,Turning Left,,,,,driver,,Humber River-Black Creek (7),31 Division,Black Creek,TRUE,FALSE,FALSE,FALSE,FALSE,TRUE,TRUE,FALSE,FALSE,FALSE,"{""coordinates"": [[-79.52429094443177, 43.7559443312524]], ""type"": ""MultiPoint""}"
9740,2013:1375460,2013-07-03T00:25:00,YORK MILLS RD,PARKWOODS VILLAGE DR,,1,Non-Fatal Injury,At Intersection,No Control,SMV Other,Clear,Dark,Dry,Major Arterial,FALSE,-79.32389461,43.76153708640372,1,Motorcycle,North,1,23,Major,Equipment Not Used But Available,Lost control,Ability Impaired - Alcohol Over .08,,,Going Ahead,,,,,motorcyclist,,Don Valley East (16),33 Division,Fenside-Parkwoods,FALSE,FALSE,FALSE,TRUE,FALSE,FALSE,FALSE,FALSE,FALSE,FALSE,"{""coordinates"": [[-79.32389461377797, 43.76153708640372]], ""type"": ""MultiPoint""}"
9741,2013:1366347,2013-07-03T13:19:00,LAKE SHORE BLVD W,BAY ST,,12,Fatal Injury,,Traffic Signal,Pedestrian Collision(internal code),Clear,Daylight,Dry,Major Arterial,FALSE,-79.37781188,43.64299517577204,3,,North,11,45,Minimal,Other Safety Equipment Used,,,On sidewalk or shoulder,Unknown,,Driver hits pedestrian on sidewalk or shoulder,,,,pedestrian,,Spadina-Fort York (10),52 Division,St Lawrence-East Bayfront-The Islands,FALSE,TRUE,FALSE,FALSE,FALSE,TRUE,TRUE,FALSE,TRUE,FALSE,"{""coordinates"": [[-79.37781187736624, 43.64299517577204]], ""type"": ""MultiPoint""}"
9742,2013:1366347,2013-07-03T13:19:00,LAKE SHORE BLVD W,BAY ST,,12,Fatal Injury,,Traffic Signal,Pedestrian Collision(internal code),Clear,Daylight,Dry,Major Arterial,FALSE,-79.37781188,43.64299517577204,3,,North,10,74,Fatal,Other Safety Equipment Used,,,On sidewalk or shoulder,Unknown,,Driver hits pedestrian on sidewalk or shoulder,,,,pedestrian,19,Spadina-Fort York (10),52 Division,St Lawrence-East Bayfront-The Islands,FALSE,TRUE,FALSE,FALSE,FALSE,TRUE,TRUE,FALSE,TRUE,FALSE,"{""coordinates"": [[-79.37781187736624, 43.64299517577204]], ""type"": ""MultiPoint""}"
9743,2013:1366347,2013-07-03T13:19:00,LAKE SHORE BLVD W,BAY ST,,12,Fatal Injury,,Traffic Signal,Pedestrian Collision(internal code),Clear,Daylight,Dry,Major Arterial,FALSE,-79.37781188,43.64299517577204,2,,,4,66,None,Other Safety Equipment Used,,,,,,,,,,passenger,,Spadina-Fort York (10),52 Division,St Lawrence-East Bayfront-The Islands,FALSE,TRUE,FALSE,FALSE,FALSE,TRUE,TRUE,FALSE,TRUE,FALSE,"{""coordinates"": [[-79.37781187736624, 43.64299517577204]], ""type"": ""MultiPoint""}"
9744,2013:1366347,2013-07-03T13:19:00,LAKE SHORE BLVD W,BAY ST,,12,Fatal Injury,,Traffic Signal,Pedestrian Collision(internal code),Clear,Daylight,Dry,Major Arterial,FALSE,-79.37781188,43.64299517577204,2,Automobile or Station Wagon,West,5,51,Minor,Lap and Shoulder Belt,Improper lane change,Inattentive,,,Changing Lanes,,,,,driver,,Spadina-Fort York (10),52 Division,St Lawrence-East Bayfront-The Islands,FALSE,TRUE,FALSE,FALSE,FALSE,TRUE,TRUE,FALSE,TRUE,FALSE,"{""coordinates"": [[-79.37781187736624, 43.64299517577204]], ""type"": ""MultiPoint""}"
9745,2013:1366347,2013-07-03T13:19:00,LAKE SHORE BLVD W,BAY ST,,12,Fatal Injury,,Traffic Signal,Pedestrian Collision(internal code),Clear,Daylight,Dry,Major Arterial,FALSE,-79.37781188,43.64299517577204,1,,,1,,,Other Safety Equipment Used,,,,,,,,,,other,,Spadina-Fort York (10),52 Division,St Lawrence-East Bayfront-The Islands,FALSE,TRUE,FALSE,FALSE,FALSE,TRUE,TRUE,FALSE,TRUE,FALSE,"{""coordinates"": [[-79.37781187736624, 43.64299517577204]], ""type"": ""MultiPoint""}"
9746,2013:1366347,2013-07-03T13:19:00,LAKE SHORE BLVD W,BAY ST,,12,Fatal Injury,,Traffic Signal,Pedestrian Collision(internal code),Clear,Daylight,Dry,Major Arterial,FALSE,-79.37781188,43.64299517577204,1,Automobile or Station Wagon,West,2,65,Major,Other Safety Equipment Used,Driving properly,Normal,,,Going Ahead,,,,,driver,,Spadina-Fort York (10),52 Division,St Lawrence-East Bayfront-The Islands,FALSE,TRUE,FALSE,FALSE,FALSE,TRUE,TRUE,FALSE,TRUE,FALSE,"{""coordinates"": [[-79.37781187736624, 43.64299517577204]], ""type"": ""MultiPoint""}"
9747,2013:1366347,2013-07-03T13:19:00,LAKE SHORE BLVD W,BAY ST,,12,Fatal Injury,,Traffic Signal,Pedestrian Collision(internal code),Clear,Daylight,Dry,Major Arterial,FALSE,-79.37781188,43.64299517577204,3,,North,6,9,Minor,Other Safety Equipment Used,,,On sidewalk or shoulder,Unknown,,Driver hits pedestrian on sidewalk or shoulder,,,,pedestrian,,Spadina-Fort York (10),52 Division,St Lawrence-East Bayfront-The Islands,FALSE,TRUE,FALSE,FALSE,FALSE,TRUE,TRUE,FALSE,TRUE,FALSE,"{""coordinates"": [[-79.37781187736624, 43.64299517577204]], ""type"": ""MultiPoint""}"
9748,2013:1366347,2013-07-03T13:19:00,LAKE SHORE BLVD W,BAY ST,,12,Fatal Injury,,Traffic Signal,Pedestrian Collision(internal code),Clear,Daylight,Dry,Major Arterial,FALSE,-79.37781188,43.64299517577204,3,,North,9,59,Major,Other Safety Equipment Used,,,On sidewalk or shoulder,Unknown,,Driver hits pedestrian on sidewalk or shoulder,,,,pedestrian,,Spadina-Fort York (10),52 Division,St Lawrence-East Bayfront-The Islands,FALSE,TRUE,FALSE,FALSE,FALSE,TRUE,TRUE,FALSE,TRUE,FALSE,"{""coordinates"": [[-79.37781187736624, 43.64299517577204]], ""type"": ""MultiPoint""}"
9749,2013:1366347,2013-07-03T13:19:00,LAKE SHORE BLVD W,BAY ST,,12,Fatal Injury,,Traffic Signal,Pedestrian Collision(internal code),Clear,Daylight,Dry,Major Arterial,FALSE,-79.37781188,43.64299517577204,3,,North,8,44,Minor,Other Safety Equipment Used,,,On sidewalk or shoulder,Unknown,,Driver hits pedestrian on sidewalk or shoulder,,,,pedestrian,,Spadina-Fort York (10),52 Division,St Lawrence-East Bayfront-The Islands,FALSE,TRUE,FALSE,FALSE,FALSE,TRUE,TRUE,FALSE,TRUE,FALSE,"{""coordinates"": [[-79.37781187736624, 43.64299517577204]], ""type"": ""MultiPoint""}"
9750,2013:1366347,2013-07-03T13:19:00,LAKE SHORE BLVD W,BAY ST,,12,Fatal Injury,,Traffic Signal,Pedestrian Collision(internal code),Clear,Daylight,Dry,Major Arterial,FALSE,-79.37781188,43.64299517577204,3,,North,7,17,Minor,Other Safety Equipment Used,,,On sidewalk or shoulder,Unknown,,Driver hits pedestrian on sidewalk or shoulder,,,,pedestrian,,Spadina-Fort York (10),52 Division,St Lawrence-East Bayfront-The Islands,FALSE,TRUE,FALSE,FALSE,FALSE,TRUE,TRUE,FALSE,TRUE,FALSE,"{""coordinates"": [[-79.37781187736624, 43.64299517577204]], ""type"": ""MultiPoint""}"
9751,2013:1366347,2013-07-03T13:19:00,LAKE SHORE BLVD W,BAY ST,,12,Fatal Injury,,Traffic Signal,Pedestrian Collision(internal code),Clear,Daylight,Dry,Major Arterial,FALSE,-79.37781188,43.64299517577204,3,,North,12,74,Major,Other Safety Equipment Used,,,On sidewalk or shoulder,Unknown,,Driver hits pedestrian on sidewalk or shoulder,,,,pedestrian,,Spadina-Fort York (10),52 Division,St Lawrence-East Bayfront-The Islands,FALSE,TRUE,FALSE,FALSE,FALSE,TRUE,TRUE,FALSE,TRUE,FALSE,"{""coordinates"": [[-79.37781187736624, 43.64299517577204]], ""type"": ""MultiPoint""}"
9752,2013:1366347,2013-07-03T13:19:00,LAKE SHORE BLVD W,BAY ST,,12,Fatal Injury,,Traffic Signal,Pedestrian Collision(internal code),Clear,Daylight,Dry,Major Arterial,FALSE,-79.37781188,43.64299517577204,2,,,3,50,Minor,Other Safety Equipment Used,,,,,,,,,,passenger,,Spadina-Fort York (10),52 Division,St Lawrence-East Bayfront-The Islands,FALSE,TRUE,FALSE,FALSE,FALSE,TRUE,TRUE,FALSE,TRUE,FALSE,"{""coordinates"": [[-79.37781187736624, 43.64299517577204]], ""type"": ""MultiPoint""}"
9753,2013:1363537,2013-07-03T21:05:00,98 HAVENDALE RD,,,3,Fatal Injury,,No Control,SMV Other,Clear,Dark,Dry,Collector,FALSE,-79.28448852,43.792745041103444,2,Automobile or Station Wagon,Unknown,2,,None,Other Safety Equipment Used,,,,,Parked,,,,,other,,Scarborough-Agincourt (22),42 Division,Agincourt South-Malvern West,FALSE,FALSE,FALSE,TRUE,FALSE,FALSE,FALSE,FALSE,FALSE,FALSE,"{""coordinates"": [[-79.28448852108515, 43.792745041103444]], ""type"": ""MultiPoint""}"
9754,2013:1363537,2013-07-03T21:05:00,98 HAVENDALE RD,,,3,Fatal Injury,,No Control,SMV Other,Clear,Dark,Dry,Collector,FALSE,-79.28448852,43.792745041103444,1,Motorcycle,West,1,27,Fatal,Other Safety Equipment Used,Lost control,Unknown,,,Going Ahead,,,,,motorcyclist,18,Scarborough-Agincourt (22),42 Division,Agincourt South-Malvern West,FALSE,FALSE,FALSE,TRUE,FALSE,FALSE,FALSE,FALSE,FALSE,FALSE,"{""coordinates"": [[-79.28448852108515, 43.792745041103444]], ""type"": ""MultiPoint""}"
9755,2013:1363537,2013-07-03T21:05:00,98 HAVENDALE RD,,,3,Fatal Injury,,No Control,SMV Other,Clear,Dark,Dry,Collector,FALSE,-79.28448852,43.792745041103444,3,,,3,,,Other Safety Equipment Used,,,,,,,,,,other,,Scarborough-Agincourt (22),42 Division,Agincourt South-Malvern West,FALSE,FALSE,FALSE,TRUE,FALSE,FALSE,FALSE,FALSE,FALSE,FALSE,"{""coordinates"": [[-79.28448852108515, 43.792745041103444]], ""type"": ""MultiPoint""}"
9756,2013:1375838,2013-07-04T14:44:00,QUEENS QUAY E,LOWER JARVIS ST,,2,Non-Fatal Injury,At Intersection,Traffic Signal,Cyclist Collision,Clear,Daylight,Dry,Minor Arterial,FALSE,-79.36896186,43.64386516234413,1,Automobile or Station Wagon,East,1,31,None,Other Safety Equipment Used,Failed to yield right-of-way,Normal,,,Turning Left,,,,,driver,,Spadina-Fort York (10),51 Division,St Lawrence-East Bayfront-The Islands,TRUE,FALSE,TRUE,FALSE,FALSE,FALSE,FALSE,FALSE,FALSE,FALSE,"{""coordinates"": [[-79.36896185859396, 43.64386516234413]], ""type"": ""MultiPoint""}"
9757,2013:1375838,2013-07-04T14:44:00,QUEENS QUAY E,LOWER JARVIS ST,,2,Non-Fatal Injury,At Intersection,Traffic Signal,Cyclist Collision,Clear,Daylight,Dry,Minor Arterial,FALSE,-79.36896186,43.64386516234413,2,Bicycle,West,2,50,Major,Helmet,,,,,Going Ahead,,Driver turns left into path of cyclist,Disobeyed Traffic Control,Normal,cyclist,,Spadina-Fort York (10),51 Division,St Lawrence-East Bayfront-The Islands,TRUE,FALSE,TRUE,FALSE,FALSE,FALSE,FALSE,FALSE,FALSE,FALSE,"{""coordinates"": [[-79.36896185859396, 43.64386516234413]], ""type"": ""MultiPoint""}"
9758,2013:1364079,2013-07-05T22:48:00,MCCOWAN RD,LAWRENCE AVE E,,2,Fatal Injury,At Intersection,Traffic Signal,Pedestrian Collision(internal code),Clear,Dark with Artificial Lighting,Dry,Major Arterial,FALSE,-79.24538749,43.755543989800515,1,Automobile or Station Wagon,North,1,56,None,Other Safety Equipment Used,Driving properly,Normal,,,Going Ahead,,,,,driver,,Scarborough Centre (21),43 Division,Bendale South,FALSE,FALSE,FALSE,FALSE,FALSE,TRUE,TRUE,FALSE,FALSE,FALSE,"{""coordinates"": [[-79.24538748908768, 43.755543989800515]], ""type"": ""MultiPoint""}"
9759,2013:1364079,2013-07-05T22:48:00,MCCOWAN RD,LAWRENCE AVE E,,2,Fatal Injury,At Intersection,Traffic Signal,Pedestrian Collision(internal code),Clear,Dark with Artificial Lighting,Dry,Major Arterial,FALSE,-79.24538749,43.755543989800515,2,,East,2,75,Fatal,Other Safety Equipment Used,,,Crossing without right-of-way (intersection),Had Been Drinking,,Driver going straight hits pedestrian crossing without right-of-way (at intersection),,,,pedestrian,20,Scarborough Centre (21),43 Division,Bendale South,FALSE,FALSE,FALSE,FALSE,FALSE,TRUE,TRUE,FALSE,FALSE,FALSE,"{""coordinates"": [[-79.24538748908768, 43.755543989800515]], ""type"": ""MultiPoint""}"
9760,2013:1364208,2013-07-06T20:23:00,DUNDAS ST E,POULETT ST,,3,Non-Fatal Injury,,No Control,Pedestrian Collision(internal code),Clear,Daylight,Dry,Major Arterial,FALSE,-79.36669083,43.65924415612366,2,,,3,,,Other Safety Equipment Used,,,,,,,,,,owner,,Toronto Centre (13),51 Division,Moss Park,FALSE,FALSE,FALSE,FALSE,FALSE,FALSE,TRUE,FALSE,FALSE,TRUE,"{""coordinates"": [[-79.36669083132173, 43.65924415612366]], ""type"": ""MultiPoint""}"
9761,2013:1364208,2013-07-06T20:23:00,DUNDAS ST E,POULETT ST,,3,Non-Fatal Injury,,No Control,Pedestrian Collision(internal code),Clear,Daylight,Dry,Major Arterial,FALSE,-79.36669083,43.65924415612366,2,,North,2,59,Major,Other Safety Equipment Used,,,Running onto roadway,Unknown,,Transit vehicle driver hits pedestrian anywhere along roadway,,,,pedestrian,,Toronto Centre (13),51 Division,Moss Park,FALSE,FALSE,FALSE,FALSE,FALSE,FALSE,TRUE,FALSE,FALSE,TRUE,"{""coordinates"": [[-79.36669083132173, 43.65924415612366]], ""type"": ""MultiPoint""}"
9762,2013:1364208,2013-07-06T20:23:00,DUNDAS ST E,POULETT ST,,3,Non-Fatal Injury,,No Control,Pedestrian Collision(internal code),Clear,Daylight,Dry,Major Arterial,FALSE,-79.36669083,43.65924415612366,1,Municipal Transit Bus (TTC),East,1,48,None,Other Safety Equipment Used,Driving properly,Normal,,,Slowing or Stopping,,,,,driver,,Toronto Centre (13),51 Division,Moss Park,FALSE,FALSE,FALSE,FALSE,FALSE,FALSE,TRUE,FALSE,FALSE,TRUE,"{""coordinates"": [[-79.36669083132173, 43.65924415612366]], ""type"": ""MultiPoint""}"
9763,2013:1374452,2013-07-08T09:45:00,SUTHERLAND DR,MCRAE DR,,2,Non-Fatal Injury,At Intersection,Stop Sign,Cyclist Collision,Clear,Daylight,Dry,Collector,FALSE,-79.36542876,43.70859714537034,1,Pickup Truck,West,1,58,None,Other Safety Equipment Used,Failed to yield right-of-way,Normal,,,Going Ahead,,,,,driver,,Don Valley West (15),53 Division,Leaside-Bennington,TRUE,FALSE,TRUE,FALSE,FALSE,FALSE,FALSE,FALSE,FALSE,FALSE,"{""coordinates"": [[-79.3654287559082, 43.70859714537034]], ""type"": ""MultiPoint""}"
9764,2013:1374452,2013-07-08T09:45:00,SUTHERLAND DR,MCRAE DR,,2,Non-Fatal Injury,At Intersection,Stop Sign,Cyclist Collision,Clear,Daylight,Dry,Collector,FALSE,-79.36542876,43.70859714537034,2,Bicycle,North,2,28,Major,No Equipment Available,,,,,Going Ahead,,"Driver without right-of-way drives into path of cyclist (at intersection, laneway, or driveway)",Driving Properly,Normal,cyclist,,Don Valley West (15),53 Division,Leaside-Bennington,TRUE,FALSE,TRUE,FALSE,FALSE,FALSE,FALSE,FALSE,FALSE,FALSE,"{""coordinates"": [[-79.3654287559082, 43.70859714537034]], ""type"": ""MultiPoint""}"