_id,collision_id,accdate,stname1,stname2,stname3,per_inv,acclass,accloc,traffictl,impactype,visible,light,rdsfcond,road_class,failtorem,longitude,latitude,veh_no,vehtype,initdir,per_no,invage,injury,safequip,drivact,drivcond,pedact,pedcond,manoeuvre,pedtype,cyclistype,cycact,cyccond,road_user,fatal_no,wardname,division,neighbourhood,aggressive,distracted,cyclist,motorcyclist,other_micromobility,older_adult,pedestrian,red_light,school_child,heavy_truck,geometry
9904,2013:1369884,2013-08-12T07:45:00,KENNEDY RD,SHEPPARD Ave E,,3,Non-Fatal Injury,At Intersection,Traffic Signal,Pedestrian Collision(internal code),Clear,Daylight,Dry,Major Arterial,FALSE,-79.28825754,43.78327704463499,2,,West,3,72,Major,Other Safety Equipment Used,,,Crossing without right-of-way (intersection),Normal,,Driver turns left into pedestrian crossing without right-of-way (at intersection),,,,pedestrian,,Scarborough-Agincourt (22),42 Division,Agincourt South-Malvern West,FALSE,FALSE,FALSE,FALSE,FALSE,TRUE,TRUE,FALSE,FALSE,FALSE,"{""coordinates"": [[-79.28825753542264, 43.78327704463499]], ""type"": ""MultiPoint""}"
9905,2013:1369884,2013-08-12T07:45:00,KENNEDY RD,SHEPPARD Ave E,,3,Non-Fatal Injury,At Intersection,Traffic Signal,Pedestrian Collision(internal code),Clear,Daylight,Dry,Major Arterial,FALSE,-79.28825754,43.78327704463499,1,,,1,,,Other Safety Equipment Used,,,,,,,,,,owner,,Scarborough-Agincourt (22),42 Division,Agincourt South-Malvern West,FALSE,FALSE,FALSE,FALSE,FALSE,TRUE,TRUE,FALSE,FALSE,FALSE,"{""coordinates"": [[-79.28825753542264, 43.78327704463499]], ""type"": ""MultiPoint""}"
9906,2013:1369884,2013-08-12T07:45:00,KENNEDY RD,SHEPPARD Ave E,,3,Non-Fatal Injury,At Intersection,Traffic Signal,Pedestrian Collision(internal code),Clear,Daylight,Dry,Major Arterial,FALSE,-79.28825754,43.78327704463499,1,Automobile or Station Wagon,North,2,51,None,Other Safety Equipment Used,Driving properly,Normal,,,Turning Left,,,,,driver,,Scarborough-Agincourt (22),42 Division,Agincourt South-Malvern West,FALSE,FALSE,FALSE,FALSE,FALSE,TRUE,TRUE,FALSE,FALSE,FALSE,"{""coordinates"": [[-79.28825753542264, 43.78327704463499]], ""type"": ""MultiPoint""}"
9907,2013:1369968,2013-08-12T20:55:00,BATHURST ST,FINCH AVE W,,3,Non-Fatal Injury,,No Control,Pedestrian Collision(internal code),Clear,Dark,Dry,Major Arterial,FALSE,-79.4431038,43.774255231064316,1,,,1,,,Other Safety Equipment Used,,,,,,,,,,owner,,Willowdale (18),32 Division,Newtonbrook West,FALSE,FALSE,FALSE,FALSE,FALSE,TRUE,TRUE,FALSE,FALSE,FALSE,"{""coordinates"": [[-79.44310379749226, 43.774255231064316]], ""type"": ""MultiPoint""}"
9908,2013:1369968,2013-08-12T20:55:00,BATHURST ST,FINCH AVE W,,3,Non-Fatal Injury,,No Control,Pedestrian Collision(internal code),Clear,Dark,Dry,Major Arterial,FALSE,-79.4431038,43.774255231064316,2,,East,3,75,Major,Other Safety Equipment Used,,,Crossing - no traffic control,Unknown,,Driver hits pedestrian at midblock,,,,pedestrian,,Willowdale (18),32 Division,Newtonbrook West,FALSE,FALSE,FALSE,FALSE,FALSE,TRUE,TRUE,FALSE,FALSE,FALSE,"{""coordinates"": [[-79.44310379749226, 43.774255231064316]], ""type"": ""MultiPoint""}"
9909,2013:1369968,2013-08-12T20:55:00,BATHURST ST,FINCH AVE W,,3,Non-Fatal Injury,,No Control,Pedestrian Collision(internal code),Clear,Dark,Dry,Major Arterial,FALSE,-79.4431038,43.774255231064316,1,Automobile or Station Wagon,North,2,55,None,Lap Belt Only,Driving properly,Normal,,,Going Ahead,,,,,driver,,Willowdale (18),32 Division,Newtonbrook West,FALSE,FALSE,FALSE,FALSE,FALSE,TRUE,TRUE,FALSE,FALSE,FALSE,"{""coordinates"": [[-79.44310379749226, 43.774255231064316]], ""type"": ""MultiPoint""}"
9910,2013:1370071,2013-08-13T07:48:00,KIPLING Ave,THORNCREST RD,,2,Non-Fatal Injury,,No Control,Angle,Clear,Daylight,Dry,Major Arterial,FALSE,-79.54390414,43.66139040294387,1,Motorcycle,South,1,29,Major,Helmet,Driving properly,Normal,,,Going Ahead,,,,,motorcyclist,,Etobicoke Centre (2),22 Division,Princess-Rosethorn,TRUE,FALSE,FALSE,TRUE,FALSE,FALSE,FALSE,FALSE,FALSE,FALSE,"{""coordinates"": [[-79.54390414170113, 43.66139040294387]], ""type"": ""MultiPoint""}"
9911,2013:1370071,2013-08-13T07:48:00,KIPLING Ave,THORNCREST RD,,2,Non-Fatal Injury,,No Control,Angle,Clear,Daylight,Dry,Major Arterial,FALSE,-79.54390414,43.66139040294387,2,Automobile or Station Wagon,East,2,39,None,Other Safety Equipment Used,Failed to yield right-of-way,Normal,,,Other,,,,,driver,,Etobicoke Centre (2),22 Division,Princess-Rosethorn,TRUE,FALSE,FALSE,TRUE,FALSE,FALSE,FALSE,FALSE,FALSE,FALSE,"{""coordinates"": [[-79.54390414170113, 43.66139040294387]], ""type"": ""MultiPoint""}"
9912,2013:1370122,2013-08-13T11:33:00,STEELES AVE E,MIDDLEFIELD RD,,13,Fatal Injury,At Intersection,Traffic Signal,Pedestrian Collision(internal code),Clear,Daylight,Dry,Major Arterial,FALSE,-79.26799346,43.83264302684706,3,,,11,24,Minor,Other Safety Equipment Used,,,,,,,,,,passenger,,Scarborough North (23),42 Division,Milliken,TRUE,FALSE,FALSE,FALSE,FALSE,FALSE,TRUE,FALSE,TRUE,TRUE,"{""coordinates"": [[-79.26799346118838, 43.83264302684706]], ""type"": ""MultiPoint""}"
9913,2013:1370122,2013-08-13T11:33:00,STEELES AVE E,MIDDLEFIELD RD,,13,Fatal Injury,At Intersection,Traffic Signal,Pedestrian Collision(internal code),Clear,Daylight,Dry,Major Arterial,FALSE,-79.26799346,43.83264302684706,2,,,3,52,Fatal,Other Safety Equipment Used,,,,,,,,,,passenger,30,Scarborough North (23),42 Division,Milliken,TRUE,FALSE,FALSE,FALSE,FALSE,FALSE,TRUE,FALSE,TRUE,TRUE,"{""coordinates"": [[-79.26799346118838, 43.83264302684706]], ""type"": ""MultiPoint""}"
9914,2013:1370122,2013-08-13T11:33:00,STEELES AVE E,MIDDLEFIELD RD,,13,Fatal Injury,At Intersection,Traffic Signal,Pedestrian Collision(internal code),Clear,Daylight,Dry,Major Arterial,FALSE,-79.26799346,43.83264302684706,1,Truck - Closed,East,1,40,Major,Other Safety Equipment Used,Exceeding speed limit,Unknown,,,Going Ahead,,,,,driver,,Scarborough North (23),42 Division,Milliken,TRUE,FALSE,FALSE,FALSE,FALSE,FALSE,TRUE,FALSE,TRUE,TRUE,"{""coordinates"": [[-79.26799346118838, 43.83264302684706]], ""type"": ""MultiPoint""}"
9915,2013:1370122,2013-08-13T11:33:00,STEELES AVE E,MIDDLEFIELD RD,,13,Fatal Injury,At Intersection,Traffic Signal,Pedestrian Collision(internal code),Clear,Daylight,Dry,Major Arterial,FALSE,-79.26799346,43.83264302684706,3,,,9,55,Minor,Other Safety Equipment Used,,,,,,,,,,passenger,,Scarborough North (23),42 Division,Milliken,TRUE,FALSE,FALSE,FALSE,FALSE,FALSE,TRUE,FALSE,TRUE,TRUE,"{""coordinates"": [[-79.26799346118838, 43.83264302684706]], ""type"": ""MultiPoint""}"
9916,2013:1370122,2013-08-13T11:33:00,STEELES AVE E,MIDDLEFIELD RD,,13,Fatal Injury,At Intersection,Traffic Signal,Pedestrian Collision(internal code),Clear,Daylight,Dry,Major Arterial,FALSE,-79.26799346,43.83264302684706,3,,Unknown,13,43,Major,Other Safety Equipment Used,,,On sidewalk or shoulder,Unknown,,Driver hits pedestrian on sidewalk or shoulder,,,,pedestrian,,Scarborough North (23),42 Division,Milliken,TRUE,FALSE,FALSE,FALSE,FALSE,FALSE,TRUE,FALSE,TRUE,TRUE,"{""coordinates"": [[-79.26799346118838, 43.83264302684706]], ""type"": ""MultiPoint""}"
9917,2013:1370122,2013-08-13T11:33:00,STEELES AVE E,MIDDLEFIELD RD,,13,Fatal Injury,At Intersection,Traffic Signal,Pedestrian Collision(internal code),Clear,Daylight,Dry,Major Arterial,FALSE,-79.26799346,43.83264302684706,3,,,8,32,Minor,Other Safety Equipment Used,,,,,,,,,,passenger,,Scarborough North (23),42 Division,Milliken,TRUE,FALSE,FALSE,FALSE,FALSE,FALSE,TRUE,FALSE,TRUE,TRUE,"{""coordinates"": [[-79.26799346118838, 43.83264302684706]], ""type"": ""MultiPoint""}"
9918,2013:1370122,2013-08-13T11:33:00,STEELES AVE E,MIDDLEFIELD RD,,13,Fatal Injury,At Intersection,Traffic Signal,Pedestrian Collision(internal code),Clear,Daylight,Dry,Major Arterial,FALSE,-79.26799346,43.83264302684706,2,,,2,,,Other Safety Equipment Used,,,,,,,,,,other,,Scarborough North (23),42 Division,Milliken,TRUE,FALSE,FALSE,FALSE,FALSE,FALSE,TRUE,FALSE,TRUE,TRUE,"{""coordinates"": [[-79.26799346118838, 43.83264302684706]], ""type"": ""MultiPoint""}"
9919,2013:1370122,2013-08-13T11:33:00,STEELES AVE E,MIDDLEFIELD RD,,13,Fatal Injury,At Intersection,Traffic Signal,Pedestrian Collision(internal code),Clear,Daylight,Dry,Major Arterial,FALSE,-79.26799346,43.83264302684706,3,,,6,,Minimal,Other Safety Equipment Used,,,,,,,,,,passenger,,Scarborough North (23),42 Division,Milliken,TRUE,FALSE,FALSE,FALSE,FALSE,FALSE,TRUE,FALSE,TRUE,TRUE,"{""coordinates"": [[-79.26799346118838, 43.83264302684706]], ""type"": ""MultiPoint""}"
9920,2013:1370122,2013-08-13T11:33:00,STEELES AVE E,MIDDLEFIELD RD,,13,Fatal Injury,At Intersection,Traffic Signal,Pedestrian Collision(internal code),Clear,Daylight,Dry,Major Arterial,FALSE,-79.26799346,43.83264302684706,2,Municipal Transit Bus (TTC),West,4,36,Major,Other Safety Equipment Used,Driving properly,Normal,,,Stopped,,,,,driver,,Scarborough North (23),42 Division,Milliken,TRUE,FALSE,FALSE,FALSE,FALSE,FALSE,TRUE,FALSE,TRUE,TRUE,"{""coordinates"": [[-79.26799346118838, 43.83264302684706]], ""type"": ""MultiPoint""}"
9921,2013:1370122,2013-08-13T11:33:00,STEELES AVE E,MIDDLEFIELD RD,,13,Fatal Injury,At Intersection,Traffic Signal,Pedestrian Collision(internal code),Clear,Daylight,Dry,Major Arterial,FALSE,-79.26799346,43.83264302684706,3,,,7,6,Minimal,Other Safety Equipment Used,,,,,,,,,,passenger,,Scarborough North (23),42 Division,Milliken,TRUE,FALSE,FALSE,FALSE,FALSE,FALSE,TRUE,FALSE,TRUE,TRUE,"{""coordinates"": [[-79.26799346118838, 43.83264302684706]], ""type"": ""MultiPoint""}"
9922,2013:1370122,2013-08-13T11:33:00,STEELES AVE E,MIDDLEFIELD RD,,13,Fatal Injury,At Intersection,Traffic Signal,Pedestrian Collision(internal code),Clear,Daylight,Dry,Major Arterial,FALSE,-79.26799346,43.83264302684706,3,,,12,30,Minor,Other Safety Equipment Used,,,,,,,,,,passenger,,Scarborough North (23),42 Division,Milliken,TRUE,FALSE,FALSE,FALSE,FALSE,FALSE,TRUE,FALSE,TRUE,TRUE,"{""coordinates"": [[-79.26799346118838, 43.83264302684706]], ""type"": ""MultiPoint""}"
9923,2013:1382388,2013-08-13T16:39:00,ST CLAIR AVE W,DUFFERIN ST,,3,Non-Fatal Injury,At Intersection,Traffic Signal,Cyclist Collision,Clear,Daylight,Dry,Major Arterial,FALSE,-79.44307395,43.67795026096274,1,Streetcar,West,2,32,None,Lap Belt Only,Driving properly,Normal,,,Going Ahead,,,,,driver,,Davenport (9),13 Division,Corso Italia-Davenport,FALSE,TRUE,TRUE,FALSE,FALSE,FALSE,FALSE,FALSE,FALSE,TRUE,"{""coordinates"": [[-79.44307394725317, 43.67795026096274]], ""type"": ""MultiPoint""}"
9924,2013:1382388,2013-08-13T16:39:00,ST CLAIR AVE W,DUFFERIN ST,,3,Non-Fatal Injury,At Intersection,Traffic Signal,Cyclist Collision,Clear,Daylight,Dry,Major Arterial,FALSE,-79.44307395,43.67795026096274,1,Bicycle,South,3,58,Major,No Equipment Available,,,,,Going Ahead,,"Cyclist without right-of-way rides into path of driver (at intersection, laneway, or driveway)",Disobeyed Traffic Control,Inattentive,cyclist,,Davenport (9),13 Division,Corso Italia-Davenport,FALSE,TRUE,TRUE,FALSE,FALSE,FALSE,FALSE,FALSE,FALSE,TRUE,"{""coordinates"": [[-79.44307394725317, 43.67795026096274]], ""type"": ""MultiPoint""}"
9925,2013:1382388,2013-08-13T16:39:00,ST CLAIR AVE W,DUFFERIN ST,,3,Non-Fatal Injury,At Intersection,Traffic Signal,Cyclist Collision,Clear,Daylight,Dry,Major Arterial,FALSE,-79.44307395,43.67795026096274,1,,,1,,,Other Safety Equipment Used,,,,,,,,,,other,,Davenport (9),13 Division,Corso Italia-Davenport,FALSE,TRUE,TRUE,FALSE,FALSE,FALSE,FALSE,FALSE,FALSE,TRUE,"{""coordinates"": [[-79.44307394725317, 43.67795026096274]], ""type"": ""MultiPoint""}"
9926,2013:1382461,2013-08-15T11:40:00,LAWRENCE Ave E,COLLINSGROVE Rd,,2,Non-Fatal Injury,At Intersection,Traffic Signal,Pedestrian Collision(internal code),Clear,Daylight,Dry,Minor Arterial,FALSE,-79.18283439,43.76915892945864,1,Automobile or Station Wagon,South,1,78,None,Other Safety Equipment Used,Failed to yield right-of-way,Normal,,,Turning Left,,,,,driver,,Scarborough-Rouge Park (25),43 Division,West Hill,TRUE,FALSE,FALSE,FALSE,FALSE,TRUE,TRUE,FALSE,FALSE,FALSE,"{""coordinates"": [[-79.18283439224336, 43.76915892945864]], ""type"": ""MultiPoint""}"
9927,2013:1382461,2013-08-15T11:40:00,LAWRENCE Ave E,COLLINSGROVE Rd,,2,Non-Fatal Injury,At Intersection,Traffic Signal,Pedestrian Collision(internal code),Clear,Daylight,Dry,Minor Arterial,FALSE,-79.18283439,43.76915892945864,2,,North,2,83,Major,No Equipment Available,,,Crossing with right-of-way (intersection),Normal,,Driver turns left into pedestrian crossing with right-of-way (at intersection),,,,pedestrian,,Scarborough-Rouge Park (25),43 Division,West Hill,TRUE,FALSE,FALSE,FALSE,FALSE,TRUE,TRUE,FALSE,FALSE,FALSE,"{""coordinates"": [[-79.18283439224336, 43.76915892945864]], ""type"": ""MultiPoint""}"
9928,2013:1370609,2013-08-15T16:12:00,DUNDAS ST W,MANNING AVE,,3,Non-Fatal Injury,,Traffic Signal,Cyclist Collision,Clear,Daylight,Dry,Major Arterial,FALSE,-79.41090793,43.65129622299776,2,Bicycle,East,3,51,Major,No Equipment Available,,,,,Stopped,,Rear end with cyclist and driver travelling in same direction,Driving Properly,Normal,cyclist,,Spadina-Fort York (10),14 Division,Trinity-Bellwoods,FALSE,FALSE,TRUE,FALSE,FALSE,TRUE,FALSE,FALSE,FALSE,FALSE,"{""coordinates"": [[-79.41090792943515, 43.65129622299776]], ""type"": ""MultiPoint""}"
9929,2013:1370609,2013-08-15T16:12:00,DUNDAS ST W,MANNING AVE,,3,Non-Fatal Injury,,Traffic Signal,Cyclist Collision,Clear,Daylight,Dry,Major Arterial,FALSE,-79.41090793,43.65129622299776,1,Automobile or Station Wagon,,2,,,Other Safety Equipment Used,,,,,,,,,,owner,,Spadina-Fort York (10),14 Division,Trinity-Bellwoods,FALSE,FALSE,TRUE,FALSE,FALSE,TRUE,FALSE,FALSE,FALSE,FALSE,"{""coordinates"": [[-79.41090792943515, 43.65129622299776]], ""type"": ""MultiPoint""}"
9930,2013:1370609,2013-08-15T16:12:00,DUNDAS ST W,MANNING AVE,,3,Non-Fatal Injury,,Traffic Signal,Cyclist Collision,Clear,Daylight,Dry,Major Arterial,FALSE,-79.41090793,43.65129622299776,1,Automobile or Station Wagon,East,1,67,Minor,Lap and Shoulder Belt,Lost control,Unknown,,,Going Ahead,,,,,driver,,Spadina-Fort York (10),14 Division,Trinity-Bellwoods,FALSE,FALSE,TRUE,FALSE,FALSE,TRUE,FALSE,FALSE,FALSE,FALSE,"{""coordinates"": [[-79.41090792943515, 43.65129622299776]], ""type"": ""MultiPoint""}"
9931,2013:1370644,2013-08-15T22:01:00,WILLOWDALE AVE,OLIVE AVE,,4,Fatal Injury,At Intersection,No Control,Turning Movement,Clear,Dark with Artificial Lighting,Dry,Minor Arterial,FALSE,-79.40669073,43.78054418638399,2,,,3,,,Other Safety Equipment Used,,,,,,,,,,owner,,Willowdale (18),32 Division,East Willowdale,TRUE,FALSE,FALSE,TRUE,FALSE,TRUE,FALSE,FALSE,FALSE,FALSE,"{""coordinates"": [[-79.40669073083319, 43.78054418638399]], ""type"": ""MultiPoint""}"
9932,2013:1370644,2013-08-15T22:01:00,WILLOWDALE AVE,OLIVE AVE,,4,Fatal Injury,At Intersection,No Control,Turning Movement,Clear,Dark with Artificial Lighting,Dry,Minor Arterial,FALSE,-79.40669073,43.78054418638399,1,Automobile or Station Wagon,,1,,,Other Safety Equipment Used,,,,,,,,,,owner,,Willowdale (18),32 Division,East Willowdale,TRUE,FALSE,FALSE,TRUE,FALSE,TRUE,FALSE,FALSE,FALSE,FALSE,"{""coordinates"": [[-79.40669073083319, 43.78054418638399]], ""type"": ""MultiPoint""}"
9933,2013:1370644,2013-08-15T22:01:00,WILLOWDALE AVE,OLIVE AVE,,4,Fatal Injury,At Intersection,No Control,Turning Movement,Clear,Dark with Artificial Lighting,Dry,Minor Arterial,FALSE,-79.40669073,43.78054418638399,2,Motorcycle,North,4,23,Fatal,No Equipment Available,Exceeding speed limit,Unknown,,,Going Ahead,,,,,motorcyclist,31,Willowdale (18),32 Division,East Willowdale,TRUE,FALSE,FALSE,TRUE,FALSE,TRUE,FALSE,FALSE,FALSE,FALSE,"{""coordinates"": [[-79.40669073083319, 43.78054418638399]], ""type"": ""MultiPoint""}"
9934,2013:1370644,2013-08-15T22:01:00,WILLOWDALE AVE,OLIVE AVE,,4,Fatal Injury,At Intersection,No Control,Turning Movement,Clear,Dark with Artificial Lighting,Dry,Minor Arterial,FALSE,-79.40669073,43.78054418638399,1,Automobile or Station Wagon,South,2,66,None,Lap and Shoulder Belt,Driving properly,Normal,,,Turning Left,,,,,driver,,Willowdale (18),32 Division,East Willowdale,TRUE,FALSE,FALSE,TRUE,FALSE,TRUE,FALSE,FALSE,FALSE,FALSE,"{""coordinates"": [[-79.40669073083319, 43.78054418638399]], ""type"": ""MultiPoint""}"
9935,2013:1382675,2013-08-16T13:40:00,QUEEN ST W,OHARA AVE,,2,Non-Fatal Injury,,No Control,Pedestrian Collision(internal code),Clear,Daylight,Dry,Major Arterial,FALSE,-79.43419299,43.641042260936395,1,Automobile or Station Wagon,East,1,46,Minimal,Lap and Shoulder Belt,Driving properly,Normal,,,Going Ahead,,,,,driver,,Parkdale-High Park (4),14 Division,South Parkdale,FALSE,TRUE,FALSE,FALSE,FALSE,FALSE,TRUE,FALSE,TRUE,FALSE,"{""coordinates"": [[-79.43419299196057, 43.641042260936395]], ""type"": ""MultiPoint""}"
9936,2013:1382675,2013-08-16T13:40:00,QUEEN ST W,OHARA AVE,,2,Non-Fatal Injury,,No Control,Pedestrian Collision(internal code),Clear,Daylight,Dry,Major Arterial,FALSE,-79.43419299,43.641042260936395,2,,South,2,19,Major,No Equipment Available,,,Crossing - no traffic control,Inattentive,,Driver going straight hits pedestrian crossing without right-of-way (at intersection),,,,pedestrian,,Parkdale-High Park (4),14 Division,South Parkdale,FALSE,TRUE,FALSE,FALSE,FALSE,FALSE,TRUE,FALSE,TRUE,FALSE,"{""coordinates"": [[-79.43419299196057, 43.641042260936395]], ""type"": ""MultiPoint""}"
9937,2013:1370852,2013-08-16T14:53:00,PHARMACY AVE,LEAHURST DR,,3,Non-Fatal Injury,At Intersection,No Control,Turning Movement,Clear,Daylight,Dry,Minor Arterial,TRUE,-79.29407162,43.717332049178864,1,Motorcycle,North,1,49,Major,Other Safety Equipment Used,Driving properly,Normal,,,Going Ahead,,,,,motorcyclist,,Scarborough Southwest (20),41 Division,Clairlea-Birchmount,TRUE,FALSE,FALSE,TRUE,FALSE,FALSE,FALSE,FALSE,FALSE,FALSE,"{""coordinates"": [[-79.2940716163584, 43.717332049178864]], ""type"": ""MultiPoint""}"
9938,2013:1370852,2013-08-16T14:53:00,PHARMACY AVE,LEAHURST DR,,3,Non-Fatal Injury,At Intersection,No Control,Turning Movement,Clear,Daylight,Dry,Minor Arterial,TRUE,-79.29407162,43.717332049178864,2,Automobile or Station Wagon,South,2,39,None,Other Safety Equipment Used,Driving properly,Normal,,,Going Ahead,,,,,driver,,Scarborough Southwest (20),41 Division,Clairlea-Birchmount,TRUE,FALSE,FALSE,TRUE,FALSE,FALSE,FALSE,FALSE,FALSE,FALSE,"{""coordinates"": [[-79.2940716163584, 43.717332049178864]], ""type"": ""MultiPoint""}"
9939,2013:1370852,2013-08-16T14:53:00,PHARMACY AVE,LEAHURST DR,,3,Non-Fatal Injury,At Intersection,No Control,Turning Movement,Clear,Daylight,Dry,Minor Arterial,TRUE,-79.29407162,43.717332049178864,3,Automobile or Station Wagon,South,3,,None,Other Safety Equipment Used,Failed to yield right-of-way,Unknown,,,Turning Left,,,,,driver,,Scarborough Southwest (20),41 Division,Clairlea-Birchmount,TRUE,FALSE,FALSE,TRUE,FALSE,FALSE,FALSE,FALSE,FALSE,FALSE,"{""coordinates"": [[-79.2940716163584, 43.717332049178864]], ""type"": ""MultiPoint""}"
9940,2013:1382682,2013-08-16T17:56:00,DANFORTH AVE,COXWELL AVE,,2,Non-Fatal Injury,,No Control,Pedestrian Collision(internal code),Clear,Daylight,Dry,Major Arterial,FALSE,-79.32291771,43.68350009019124,2,,South,2,65,Major,Other Safety Equipment Used,,,Walking on roadway with traffic,Inattentive,,Driver hits pedestrian at midblock,,,,pedestrian,,Beaches-East York (19),55 Division,Woodbine Corridor,FALSE,TRUE,FALSE,FALSE,FALSE,TRUE,TRUE,FALSE,FALSE,FALSE,"{""coordinates"": [[-79.32291771370245, 43.68350009019124]], ""type"": ""MultiPoint""}"
9941,2013:1382682,2013-08-16T17:56:00,DANFORTH AVE,COXWELL AVE,,2,Non-Fatal Injury,,No Control,Pedestrian Collision(internal code),Clear,Daylight,Dry,Major Arterial,FALSE,-79.32291771,43.68350009019124,1,Automobile or Station Wagon,West,1,67,None,Other Safety Equipment Used,Driving properly,Normal,,,Going Ahead,,,,,driver,,Beaches-East York (19),55 Division,Woodbine Corridor,FALSE,TRUE,FALSE,FALSE,FALSE,TRUE,TRUE,FALSE,FALSE,FALSE,"{""coordinates"": [[-79.32291771370245, 43.68350009019124]], ""type"": ""MultiPoint""}"
9942,2013:1382610,2013-08-17T02:28:00,BLOOR ST W,CLINTON ST,,5,Non-Fatal Injury,,No Control,Turning Movement,Clear,Dark,Dry,Major Arterial,FALSE,-79.41720992,43.663824228551576,1,,,1,37,Major,Lap and Shoulder Belt,,,,,,,,,,passenger,,University-Rosedale (11),14 Division,Palmerston-Little Italy,FALSE,FALSE,FALSE,FALSE,FALSE,FALSE,FALSE,FALSE,TRUE,FALSE,"{""coordinates"": [[-79.41720992146796, 43.663824228551576]], ""type"": ""MultiPoint""}"
9943,2013:1382610,2013-08-17T02:28:00,BLOOR ST W,CLINTON ST,,5,Non-Fatal Injury,,No Control,Turning Movement,Clear,Dark,Dry,Major Arterial,FALSE,-79.41720992,43.663824228551576,3,Automobile or Station Wagon,West,5,19,Minor,Lap and Shoulder Belt,Driving properly,Normal,,,Going Ahead,,,,,driver,,University-Rosedale (11),14 Division,Palmerston-Little Italy,FALSE,FALSE,FALSE,FALSE,FALSE,FALSE,FALSE,FALSE,TRUE,FALSE,"{""coordinates"": [[-79.41720992146796, 43.663824228551576]], ""type"": ""MultiPoint""}"
9944,2013:1382610,2013-08-17T02:28:00,BLOOR ST W,CLINTON ST,,5,Non-Fatal Injury,,No Control,Turning Movement,Clear,Dark,Dry,Major Arterial,FALSE,-79.41720992,43.663824228551576,1,,,2,34,Minor,Lap and Shoulder Belt,,,,,,,,,,passenger,,University-Rosedale (11),14 Division,Palmerston-Little Italy,FALSE,FALSE,FALSE,FALSE,FALSE,FALSE,FALSE,FALSE,TRUE,FALSE,"{""coordinates"": [[-79.41720992146796, 43.663824228551576]], ""type"": ""MultiPoint""}"
9945,2013:1382610,2013-08-17T02:28:00,BLOOR ST W,CLINTON ST,,5,Non-Fatal Injury,,No Control,Turning Movement,Clear,Dark,Dry,Major Arterial,FALSE,-79.41720992,43.663824228551576,1,Automobile or Station Wagon,West,3,34,Minor,Lap and Shoulder Belt,Improper turn,Fatigue/Fell Asleep,,,Making U-Turn,,,,,driver,,University-Rosedale (11),14 Division,Palmerston-Little Italy,FALSE,FALSE,FALSE,FALSE,FALSE,FALSE,FALSE,FALSE,TRUE,FALSE,"{""coordinates"": [[-79.41720992146796, 43.663824228551576]], ""type"": ""MultiPoint""}"
9946,2013:1382610,2013-08-17T02:28:00,BLOOR ST W,CLINTON ST,,5,Non-Fatal Injury,,No Control,Turning Movement,Clear,Dark,Dry,Major Arterial,FALSE,-79.41720992,43.663824228551576,2,,East,4,,None,Other Safety Equipment Used,,,,,Parked,,,,,other,,University-Rosedale (11),14 Division,Palmerston-Little Italy,FALSE,FALSE,FALSE,FALSE,FALSE,FALSE,FALSE,FALSE,TRUE,FALSE,"{""coordinates"": [[-79.41720992146796, 43.663824228551576]], ""type"": ""MultiPoint""}"
9947,2013:1371107,2013-08-18T10:55:00,FINCH Ave E,MIDDLEFIELD Rd,,2,Fatal Injury,At Intersection,Traffic Signal,Pedestrian Collision(internal code),Clear,Daylight,Dry,Major Arterial,FALSE,-79.25768646,43.80984301202706,1,Automobile or Station Wagon,East,2,27,None,Other Safety Equipment Used,Driving properly,Normal,,,Going Ahead,,,,,driver,,Scarborough North (23),42 Division,Agincourt North,FALSE,TRUE,FALSE,FALSE,FALSE,TRUE,TRUE,FALSE,FALSE,FALSE,"{""coordinates"": [[-79.25768646403249, 43.80984301202706]], ""type"": ""MultiPoint""}"
9948,2013:1371107,2013-08-18T10:55:00,FINCH Ave E,MIDDLEFIELD Rd,,2,Fatal Injury,At Intersection,Traffic Signal,Pedestrian Collision(internal code),Clear,Daylight,Dry,Major Arterial,FALSE,-79.25768646,43.80984301202706,2,,North,1,80,Fatal,Other Safety Equipment Used,,,Crossing - marked crosswalk without right-of-way,Inattentive,,Driver going straight hits pedestrian crossing without right-of-way (at intersection),,,,pedestrian,32,Scarborough North (23),42 Division,Agincourt North,FALSE,TRUE,FALSE,FALSE,FALSE,TRUE,TRUE,FALSE,FALSE,FALSE,"{""coordinates"": [[-79.25768646403249, 43.80984301202706]], ""type"": ""MultiPoint""}"
9949,2013:1382722,2013-08-18T19:15:00,TWYN RIVERS Dr,SHEPPARD Ave E,,2,Non-Fatal Injury,,No Control,SMV Other,Clear,Dark,Dry,Collector,FALSE,-79.15694733,43.81453891627379,1,Motorcycle,West,2,44,Major,Helmet,Lost control,Normal,,,Going Ahead,,,,,motorcyclist,,Scarborough-Rouge Park (25),42 Division,Morningside Heights,FALSE,FALSE,FALSE,TRUE,FALSE,FALSE,FALSE,FALSE,FALSE,FALSE,"{""coordinates"": [[-79.15694732786507, 43.81453891627379]], ""type"": ""MultiPoint""}"
9950,2013:1382722,2013-08-18T19:15:00,TWYN RIVERS Dr,SHEPPARD Ave E,,2,Non-Fatal Injury,,No Control,SMV Other,Clear,Dark,Dry,Collector,FALSE,-79.15694733,43.81453891627379,1,,,1,,,Other Safety Equipment Used,,,,,,,,,,owner,,Scarborough-Rouge Park (25),42 Division,Morningside Heights,FALSE,FALSE,FALSE,TRUE,FALSE,FALSE,FALSE,FALSE,FALSE,FALSE,"{""coordinates"": [[-79.15694732786507, 43.81453891627379]], ""type"": ""MultiPoint""}"
9951,2013:1371244,2013-08-19T07:59:00,ROYAL YORK RD,LAWRENCE AVE W,,7,Fatal Injury,,Traffic Signal,Angle,Clear,Daylight,Dry,Minor Arterial,FALSE,-79.53272706,43.69615337093098,1,Pickup Truck,East,7,46,Minor,Lap and Shoulder Belt,Driving properly,Normal,,,Going Ahead,,,,,driver,,Etobicoke Centre (2),23 Division,Humber Heights-Westmount,TRUE,FALSE,FALSE,FALSE,FALSE,FALSE,FALSE,TRUE,FALSE,FALSE,"{""coordinates"": [[-79.53272706265268, 43.69615337093098]], ""type"": ""MultiPoint""}"