_id,collision_id,accdate,stname1,stname2,stname3,per_inv,acclass,accloc,traffictl,impactype,visible,light,rdsfcond,road_class,failtorem,longitude,latitude,veh_no,vehtype,initdir,per_no,invage,injury,safequip,drivact,drivcond,pedact,pedcond,manoeuvre,pedtype,cyclistype,cycact,cyccond,road_user,fatal_no,wardname,division,neighbourhood,aggressive,distracted,cyclist,motorcyclist,other_micromobility,older_adult,pedestrian,red_light,school_child,heavy_truck,geometry
10047,2013:1386644,2013-09-14T16:49:00,SPADINA AVE,BALDWIN ST,,4,Non-Fatal Injury,,No Control,Pedestrian Collision(internal code),Clear,Daylight,Dry,Major Arterial,FALSE,-79.3990749,43.655489204406784,1,Municipal Transit Bus (TTC),North,2,43,None,Lap Belt Only,Driving properly,Normal,,,Going Ahead,,,,,driver,,University-Rosedale (11),52 Division,Kensington-Chinatown,FALSE,TRUE,FALSE,FALSE,FALSE,FALSE,TRUE,FALSE,FALSE,TRUE,"{""coordinates"": [[-79.39907489975113, 43.655489204406784]], ""type"": ""MultiPoint""}"
10048,2013:1386644,2013-09-14T16:49:00,SPADINA AVE,BALDWIN ST,,4,Non-Fatal Injury,,No Control,Pedestrian Collision(internal code),Clear,Daylight,Dry,Major Arterial,FALSE,-79.3990749,43.655489204406784,2,,West,4,41,Major,Other Safety Equipment Used,,,Crossing - no traffic control,Inattentive,,Transit vehicle driver hits pedestrian anywhere along roadway,,,,pedestrian,,University-Rosedale (11),52 Division,Kensington-Chinatown,FALSE,TRUE,FALSE,FALSE,FALSE,FALSE,TRUE,FALSE,FALSE,TRUE,"{""coordinates"": [[-79.39907489975113, 43.655489204406784]], ""type"": ""MultiPoint""}"
10049,2013:1386644,2013-09-14T16:49:00,SPADINA AVE,BALDWIN ST,,4,Non-Fatal Injury,,No Control,Pedestrian Collision(internal code),Clear,Daylight,Dry,Major Arterial,FALSE,-79.3990749,43.655489204406784,2,,West,3,35,Minor,Other Safety Equipment Used,,,Crossing - no traffic control,Inattentive,,Transit vehicle driver hits pedestrian anywhere along roadway,,,,pedestrian,,University-Rosedale (11),52 Division,Kensington-Chinatown,FALSE,TRUE,FALSE,FALSE,FALSE,FALSE,TRUE,FALSE,FALSE,TRUE,"{""coordinates"": [[-79.39907489975113, 43.655489204406784]], ""type"": ""MultiPoint""}"
10050,2013:1386644,2013-09-14T16:49:00,SPADINA AVE,BALDWIN ST,,4,Non-Fatal Injury,,No Control,Pedestrian Collision(internal code),Clear,Daylight,Dry,Major Arterial,FALSE,-79.3990749,43.655489204406784,1,,,1,,,Other Safety Equipment Used,,,,,,,,,,owner,,University-Rosedale (11),52 Division,Kensington-Chinatown,FALSE,TRUE,FALSE,FALSE,FALSE,FALSE,TRUE,FALSE,FALSE,TRUE,"{""coordinates"": [[-79.39907489975113, 43.655489204406784]], ""type"": ""MultiPoint""}"
10051,2013:1386819,2013-09-15T11:25:00,DON MILLS Rd,O CONNOR Dr,,7,Non-Fatal Injury,,Traffic Signal,Rear End,Clear,Daylight,Dry,Major Arterial,TRUE,-79.33964173,43.695562112226796,4,,,5,,,Other Safety Equipment Used,,,,,,,,,,owner,,Toronto-Danforth (14),55 Division,Old East York,TRUE,FALSE,FALSE,FALSE,FALSE,TRUE,FALSE,FALSE,FALSE,TRUE,"{""coordinates"": [[-79.33964172790769, 43.695562112226796]], ""type"": ""MultiPoint""}"
10052,2013:1386819,2013-09-15T11:25:00,DON MILLS Rd,O CONNOR Dr,,7,Non-Fatal Injury,,Traffic Signal,Rear End,Clear,Daylight,Dry,Major Arterial,TRUE,-79.33964173,43.695562112226796,5,Automobile or Station Wagon,South,7,67,Major,No Equipment Available,Driving properly,Normal,,,Stopped,,,,,driver,,Toronto-Danforth (14),55 Division,Old East York,TRUE,FALSE,FALSE,FALSE,FALSE,TRUE,FALSE,FALSE,FALSE,TRUE,"{""coordinates"": [[-79.33964172790769, 43.695562112226796]], ""type"": ""MultiPoint""}"
10053,2013:1386819,2013-09-15T11:25:00,DON MILLS Rd,O CONNOR Dr,,7,Non-Fatal Injury,,Traffic Signal,Rear End,Clear,Daylight,Dry,Major Arterial,TRUE,-79.33964173,43.695562112226796,4,Automobile or Station Wagon,South,6,27,None,Other Safety Equipment Used,Driving properly,Normal,,,Stopped,,,,,driver,,Toronto-Danforth (14),55 Division,Old East York,TRUE,FALSE,FALSE,FALSE,FALSE,TRUE,FALSE,FALSE,FALSE,TRUE,"{""coordinates"": [[-79.33964172790769, 43.695562112226796]], ""type"": ""MultiPoint""}"
10054,2013:1386819,2013-09-15T11:25:00,DON MILLS Rd,O CONNOR Dr,,7,Non-Fatal Injury,,Traffic Signal,Rear End,Clear,Daylight,Dry,Major Arterial,TRUE,-79.33964173,43.695562112226796,2,Truck - Open (Flatbed),South,2,41,Minimal,Use Unknown,Exceeding speed limit,Ability Impaired - Drugs,,,Going Ahead,,,,,driver,,Toronto-Danforth (14),55 Division,Old East York,TRUE,FALSE,FALSE,FALSE,FALSE,TRUE,FALSE,FALSE,FALSE,TRUE,"{""coordinates"": [[-79.33964172790769, 43.695562112226796]], ""type"": ""MultiPoint""}"
10055,2013:1386819,2013-09-15T11:25:00,DON MILLS Rd,O CONNOR Dr,,7,Non-Fatal Injury,,Traffic Signal,Rear End,Clear,Daylight,Dry,Major Arterial,TRUE,-79.33964173,43.695562112226796,4,,,4,63,Minimal,Lap and Shoulder Belt,,,,,,,,,,passenger,,Toronto-Danforth (14),55 Division,Old East York,TRUE,FALSE,FALSE,FALSE,FALSE,TRUE,FALSE,FALSE,FALSE,TRUE,"{""coordinates"": [[-79.33964172790769, 43.695562112226796]], ""type"": ""MultiPoint""}"
10056,2013:1386819,2013-09-15T11:25:00,DON MILLS Rd,O CONNOR Dr,,7,Non-Fatal Injury,,Traffic Signal,Rear End,Clear,Daylight,Dry,Major Arterial,TRUE,-79.33964173,43.695562112226796,1,Automobile or Station Wagon,South,1,49,Minimal,Lap and Shoulder Belt,Driving properly,Normal,,,Stopped,,,,,driver,,Toronto-Danforth (14),55 Division,Old East York,TRUE,FALSE,FALSE,FALSE,FALSE,TRUE,FALSE,FALSE,FALSE,TRUE,"{""coordinates"": [[-79.33964172790769, 43.695562112226796]], ""type"": ""MultiPoint""}"
10057,2013:1386819,2013-09-15T11:25:00,DON MILLS Rd,O CONNOR Dr,,7,Non-Fatal Injury,,Traffic Signal,Rear End,Clear,Daylight,Dry,Major Arterial,TRUE,-79.33964173,43.695562112226796,3,Automobile or Station Wagon,South,3,32,Major,Lap and Shoulder Belt,Driving properly,Normal,,,Stopped,,,,,driver,,Toronto-Danforth (14),55 Division,Old East York,TRUE,FALSE,FALSE,FALSE,FALSE,TRUE,FALSE,FALSE,FALSE,TRUE,"{""coordinates"": [[-79.33964172790769, 43.695562112226796]], ""type"": ""MultiPoint""}"
10058,2013:1386897,2013-09-15T19:37:00,DUPONT St,DOVERCOURT Rd,,2,Non-Fatal Injury,,Traffic Signal,Cyclist Collision,Rain,Dark with Artificial Lighting,Wet,Major Arterial,FALSE,-79.43275094,43.669691249113555,2,Bicycle,West,2,32,Major,Helmet,,,,,Stopped,,Rear end with cyclist and driver travelling in same direction,Driving Properly,Normal,cyclist,,Davenport (9),14 Division,Dovercourt Village,TRUE,TRUE,TRUE,FALSE,FALSE,FALSE,FALSE,FALSE,FALSE,FALSE,"{""coordinates"": [[-79.43275094154833, 43.669691249113555]], ""type"": ""MultiPoint""}"
10059,2013:1386897,2013-09-15T19:37:00,DUPONT St,DOVERCOURT Rd,,2,Non-Fatal Injury,,Traffic Signal,Cyclist Collision,Rain,Dark with Artificial Lighting,Wet,Major Arterial,FALSE,-79.43275094,43.669691249113555,1,Automobile or Station Wagon,West,1,23,None,Other Safety Equipment Used,Improper passing,Inattentive,,,Going Ahead,,,,,driver,,Davenport (9),14 Division,Dovercourt Village,TRUE,TRUE,TRUE,FALSE,FALSE,FALSE,FALSE,FALSE,FALSE,FALSE,"{""coordinates"": [[-79.43275094154833, 43.669691249113555]], ""type"": ""MultiPoint""}"
10060,2013:1375428,2013-09-16T01:30:00,STEELES AVE W,BATHURST ST,,2,Fatal Injury,,No Control,Pedestrian Collision(internal code),Rain,Dark with Artificial Lighting,Wet,Major Arterial,FALSE,-79.44516378,43.79253223053536,1,Automobile or Station Wagon,West,1,21,None,Lap and Shoulder Belt,Driving properly,Normal,,,Going Ahead,,,,,driver,,Willowdale (18),32 Division,Newtonbrook West,FALSE,FALSE,FALSE,FALSE,FALSE,FALSE,TRUE,FALSE,FALSE,FALSE,"{""coordinates"": [[-79.4451637795487, 43.79253223053536]], ""type"": ""MultiPoint""}"
10061,2013:1375428,2013-09-16T01:30:00,STEELES AVE W,BATHURST ST,,2,Fatal Injury,,No Control,Pedestrian Collision(internal code),Rain,Dark with Artificial Lighting,Wet,Major Arterial,FALSE,-79.44516378,43.79253223053536,2,,North,2,23,Fatal,Other Safety Equipment Used,,,Running onto roadway,Unknown,,Driver hits pedestrian at midblock,,,,pedestrian,40,Willowdale (18),32 Division,Newtonbrook West,FALSE,FALSE,FALSE,FALSE,FALSE,FALSE,TRUE,FALSE,FALSE,FALSE,"{""coordinates"": [[-79.4451637795487, 43.79253223053536]], ""type"": ""MultiPoint""}"
10062,2013:1387447,2013-09-17T15:27:00,KINGSTON RD,MIDLAND AVE,,4,Non-Fatal Injury,,Traffic Signal,Turning Movement,Clear,Daylight,Dry,Major Arterial,FALSE,-79.24818054,43.71111098816564,1,Automobile or Station Wagon,East,1,78,Minor,Lap and Shoulder Belt,Driving properly,Normal,,,Going Ahead,,,,,driver,,Scarborough Southwest (20),41 Division,Cliffcrest,FALSE,TRUE,FALSE,FALSE,FALSE,TRUE,FALSE,FALSE,FALSE,FALSE,"{""coordinates"": [[-79.24818054262333, 43.71111098816564]], ""type"": ""MultiPoint""}"
10063,2013:1387447,2013-09-17T15:27:00,KINGSTON RD,MIDLAND AVE,,4,Non-Fatal Injury,,Traffic Signal,Turning Movement,Clear,Daylight,Dry,Major Arterial,FALSE,-79.24818054,43.71111098816564,2,Automobile or Station Wagon,West,3,86,Minor,Lap and Shoulder Belt,Improper turn,Inattentive,,,Turning Left,,,,,driver,,Scarborough Southwest (20),41 Division,Cliffcrest,FALSE,TRUE,FALSE,FALSE,FALSE,TRUE,FALSE,FALSE,FALSE,FALSE,"{""coordinates"": [[-79.24818054262333, 43.71111098816564]], ""type"": ""MultiPoint""}"
10064,2013:1387447,2013-09-17T15:27:00,KINGSTON RD,MIDLAND AVE,,4,Non-Fatal Injury,,Traffic Signal,Turning Movement,Clear,Daylight,Dry,Major Arterial,FALSE,-79.24818054,43.71111098816564,2,,,2,60,Major,Lap and Shoulder Belt,,,,,,,,,,passenger,,Scarborough Southwest (20),41 Division,Cliffcrest,FALSE,TRUE,FALSE,FALSE,FALSE,TRUE,FALSE,FALSE,FALSE,FALSE,"{""coordinates"": [[-79.24818054262333, 43.71111098816564]], ""type"": ""MultiPoint""}"
10065,2013:1387447,2013-09-17T15:27:00,KINGSTON RD,MIDLAND AVE,,4,Non-Fatal Injury,,Traffic Signal,Turning Movement,Clear,Daylight,Dry,Major Arterial,FALSE,-79.24818054,43.71111098816564,3,Automobile or Station Wagon,North,4,66,None,Other Safety Equipment Used,Driving properly,Normal,,,Stopped,,,,,driver,,Scarborough Southwest (20),41 Division,Cliffcrest,FALSE,TRUE,FALSE,FALSE,FALSE,TRUE,FALSE,FALSE,FALSE,FALSE,"{""coordinates"": [[-79.24818054262333, 43.71111098816564]], ""type"": ""MultiPoint""}"
10066,2013:1387019,2013-09-18T08:37:00,FINCH AVE E,SANDHURST CRCL,,2,Non-Fatal Injury,,Traffic Signal,Pedestrian Collision(internal code),Clear,Daylight,Dry,Major Arterial,FALSE,-79.26276747,43.808813017728646,2,,North,2,70,Major,Other Safety Equipment Used,,,Crossing with right-of-way (intersection),Normal,,Driver turns left into pedestrian crossing with right-of-way (at intersection),,,,pedestrian,,Scarborough North (23),42 Division,Agincourt North,FALSE,TRUE,FALSE,FALSE,FALSE,TRUE,TRUE,FALSE,FALSE,FALSE,"{""coordinates"": [[-79.26276747288813, 43.808813017728646]], ""type"": ""MultiPoint""}"
10067,2013:1387019,2013-09-18T08:37:00,FINCH AVE E,SANDHURST CRCL,,2,Non-Fatal Injury,,Traffic Signal,Pedestrian Collision(internal code),Clear,Daylight,Dry,Major Arterial,FALSE,-79.26276747,43.808813017728646,1,Automobile or Station Wagon,South,1,56,None,Lap and Shoulder Belt,Improper turn,Inattentive,,,Turning Left,,,,,driver,,Scarborough North (23),42 Division,Agincourt North,FALSE,TRUE,FALSE,FALSE,FALSE,TRUE,TRUE,FALSE,FALSE,FALSE,"{""coordinates"": [[-79.26276747288813, 43.808813017728646]], ""type"": ""MultiPoint""}"
10068,2013:1376061,2013-09-18T16:34:00,LAKE SHORE BLVD W,DWIGHT AVE,,3,Fatal Injury,,No Control,Cyclist Collision,Clear,Daylight,Dry,Major Arterial,FALSE,-79.49799019,43.60234237575125,1,,,1,,None,Lap and Shoulder Belt,,,,,,,,,,passenger,,Etobicoke-Lakeshore (3),22 Division,New Toronto,FALSE,FALSE,TRUE,FALSE,FALSE,FALSE,FALSE,FALSE,FALSE,FALSE,"{""coordinates"": [[-79.49799018932794, 43.60234237575125]], ""type"": ""MultiPoint""}"
10069,2013:1376061,2013-09-18T16:34:00,LAKE SHORE BLVD W,DWIGHT AVE,,3,Fatal Injury,,No Control,Cyclist Collision,Clear,Daylight,Dry,Major Arterial,FALSE,-79.49799019,43.60234237575125,2,Bicycle,West,3,51,Fatal,Helmet,,,,,Unknown,,"Cyclist without right-of-way rides into path of driver (at intersection, laneway, or driveway)",Lost control,Unknown,cyclist,41,Etobicoke-Lakeshore (3),22 Division,New Toronto,FALSE,FALSE,TRUE,FALSE,FALSE,FALSE,FALSE,FALSE,FALSE,FALSE,"{""coordinates"": [[-79.49799018932794, 43.60234237575125]], ""type"": ""MultiPoint""}"
10070,2013:1376061,2013-09-18T16:34:00,LAKE SHORE BLVD W,DWIGHT AVE,,3,Fatal Injury,,No Control,Cyclist Collision,Clear,Daylight,Dry,Major Arterial,FALSE,-79.49799019,43.60234237575125,1,Automobile or Station Wagon,East,2,62,None,Other Safety Equipment Used,Driving properly,Normal,,,Going Ahead,,,,,driver,,Etobicoke-Lakeshore (3),22 Division,New Toronto,FALSE,FALSE,TRUE,FALSE,FALSE,FALSE,FALSE,FALSE,FALSE,FALSE,"{""coordinates"": [[-79.49799018932794, 43.60234237575125]], ""type"": ""MultiPoint""}"
10071,2013:1376445,2013-09-21T16:21:00,EVANS AVE,ISLINGTON AVE,,2,Non-Fatal Injury,At Intersection,Traffic Signal,Rear End,Rain,Daylight,Wet,Major Arterial,FALSE,-79.51131918,43.61838338530879,2,Automobile or Station Wagon,West,2,51,None,Lap and Shoulder Belt,Driving properly,Normal,,,Turning Right,,,,,driver,,Etobicoke-Lakeshore (3),22 Division,Mimico-Queensway,FALSE,FALSE,FALSE,FALSE,FALSE,TRUE,FALSE,FALSE,FALSE,FALSE,"{""coordinates"": [[-79.51131917889384, 43.61838338530879]], ""type"": ""MultiPoint""}"
10072,2013:1376445,2013-09-21T16:21:00,EVANS AVE,ISLINGTON AVE,,2,Non-Fatal Injury,At Intersection,Traffic Signal,Rear End,Rain,Daylight,Wet,Major Arterial,FALSE,-79.51131918,43.61838338530879,1,Automobile or Station Wagon,West,1,71,Major,Lap and Shoulder Belt,Lost control,Medical or Physical Disability,,,Going Ahead,,,,,driver,,Etobicoke-Lakeshore (3),22 Division,Mimico-Queensway,FALSE,FALSE,FALSE,FALSE,FALSE,TRUE,FALSE,FALSE,FALSE,FALSE,"{""coordinates"": [[-79.51131917889384, 43.61838338530879]], ""type"": ""MultiPoint""}"
10073,2013:1387238,2013-09-21T21:40:00,QUEEN ST W,BATHURST ST,,2,Non-Fatal Injury,At Intersection,Traffic Signal,Cyclist Collision,Clear,Dark with Artificial Lighting,Dry,Major Arterial,FALSE,-79.40397292,43.64711521386728,1,Automobile or Station Wagon,East,1,19,None,Lap and Shoulder Belt,Improper lane change,Had Been Drinking,,,Changing Lanes,,,,,driver,,Spadina-Fort York (10),14 Division,Wellington Place,FALSE,FALSE,TRUE,FALSE,FALSE,FALSE,FALSE,FALSE,TRUE,FALSE,"{""coordinates"": [[-79.40397292251087, 43.64711521386728]], ""type"": ""MultiPoint""}"
10074,2013:1387238,2013-09-21T21:40:00,QUEEN ST W,BATHURST ST,,2,Non-Fatal Injury,At Intersection,Traffic Signal,Cyclist Collision,Clear,Dark with Artificial Lighting,Dry,Major Arterial,FALSE,-79.40397292,43.64711521386728,2,Bicycle,East,2,44,Major,Helmet,,,,,Going Ahead,,Sideswipe with cyclist and driver travelling in same direction,Driving Properly,Normal,cyclist,,Spadina-Fort York (10),14 Division,Wellington Place,FALSE,FALSE,TRUE,FALSE,FALSE,FALSE,FALSE,FALSE,TRUE,FALSE,"{""coordinates"": [[-79.40397292251087, 43.64711521386728]], ""type"": ""MultiPoint""}"
10075,2013:1388506,2013-09-22T17:50:00,KIPLING Ave,ESTHER LORRIE Dr,,4,Non-Fatal Injury,,No Control,Rear End,Clear,Daylight,Dry,Major Arterial,FALSE,-79.57638205,43.73165740125331,2,Automobile or Station Wagon,South,4,35,Minor,Lap and Shoulder Belt,Improper turn,Inattentive,,,Turning Right,,,,,driver,,Etobicoke North (1),23 Division,Rexdale-Kipling,TRUE,TRUE,FALSE,FALSE,FALSE,FALSE,FALSE,FALSE,FALSE,FALSE,"{""coordinates"": [[-79.57638205177345, 43.73165740125331]], ""type"": ""MultiPoint""}"
10076,2013:1388506,2013-09-22T17:50:00,KIPLING Ave,ESTHER LORRIE Dr,,4,Non-Fatal Injury,,No Control,Rear End,Clear,Daylight,Dry,Major Arterial,FALSE,-79.57638205,43.73165740125331,1,,,1,,,Other Safety Equipment Used,,,,,,,,,,owner,,Etobicoke North (1),23 Division,Rexdale-Kipling,TRUE,TRUE,FALSE,FALSE,FALSE,FALSE,FALSE,FALSE,FALSE,FALSE,"{""coordinates"": [[-79.57638205177345, 43.73165740125331]], ""type"": ""MultiPoint""}"
10077,2013:1388506,2013-09-22T17:50:00,KIPLING Ave,ESTHER LORRIE Dr,,4,Non-Fatal Injury,,No Control,Rear End,Clear,Daylight,Dry,Major Arterial,FALSE,-79.57638205,43.73165740125331,2,,,3,33,Major,Lap and Shoulder Belt,,,,,,,,,,passenger,,Etobicoke North (1),23 Division,Rexdale-Kipling,TRUE,TRUE,FALSE,FALSE,FALSE,FALSE,FALSE,FALSE,FALSE,FALSE,"{""coordinates"": [[-79.57638205177345, 43.73165740125331]], ""type"": ""MultiPoint""}"
10078,2013:1388506,2013-09-22T17:50:00,KIPLING Ave,ESTHER LORRIE Dr,,4,Non-Fatal Injury,,No Control,Rear End,Clear,Daylight,Dry,Major Arterial,FALSE,-79.57638205,43.73165740125331,1,Automobile or Station Wagon,South,2,41,None,Lap and Shoulder Belt,Following too closely,Inattentive,,,Going Ahead,,,,,driver,,Etobicoke North (1),23 Division,Rexdale-Kipling,TRUE,TRUE,FALSE,FALSE,FALSE,FALSE,FALSE,FALSE,FALSE,FALSE,"{""coordinates"": [[-79.57638205177345, 43.73165740125331]], ""type"": ""MultiPoint""}"
10079,2013:1387422,2013-09-23T13:55:00,DON MILLS RD,EGLINTON AVE E,,2,Non-Fatal Injury,,Traffic Signal,Turning Movement,Clear,Daylight,Dry,Major Arterial,FALSE,-79.33886369,43.72049110819481,2,Automobile or Station Wagon,North,2,82,None,Lap and Shoulder Belt,Failed to yield right-of-way,Normal,,,Turning Left,,,,,driver,,Don Valley East (16),55 Division,Flemingdon Park,TRUE,FALSE,FALSE,TRUE,FALSE,TRUE,FALSE,FALSE,FALSE,FALSE,"{""coordinates"": [[-79.33886369140342, 43.72049110819481]], ""type"": ""MultiPoint""}"
10080,2013:1387422,2013-09-23T13:55:00,DON MILLS RD,EGLINTON AVE E,,2,Non-Fatal Injury,,Traffic Signal,Turning Movement,Clear,Daylight,Dry,Major Arterial,FALSE,-79.33886369,43.72049110819481,1,Motorcycle,South,1,42,Major,Helmet,Driving properly,Normal,,,Going Ahead,,,,,motorcyclist,,Don Valley East (16),55 Division,Flemingdon Park,TRUE,FALSE,FALSE,TRUE,FALSE,TRUE,FALSE,FALSE,FALSE,FALSE,"{""coordinates"": [[-79.33886369140342, 43.72049110819481]], ""type"": ""MultiPoint""}"
10081,2013:1377012,2013-09-24T17:42:00,BARRINGTON AVE,SECORD AVE,,2,Non-Fatal Injury,,Stop Sign,Pedestrian Collision(internal code),Clear,Daylight,Dry,Collector,TRUE,-79.30236466,43.692602061014135,1,Automobile or Station Wagon,West,1,70,None,Other Safety Equipment Used,Failed to yield right-of-way,Normal,,,Going Ahead,,,,,driver,,Beaches-East York (19),55 Division,Taylor-Massey,TRUE,FALSE,FALSE,FALSE,FALSE,TRUE,TRUE,FALSE,FALSE,FALSE,"{""coordinates"": [[-79.30236466344248, 43.692602061014135]], ""type"": ""MultiPoint""}"
10082,2013:1377012,2013-09-24T17:42:00,BARRINGTON AVE,SECORD AVE,,2,Non-Fatal Injury,,Stop Sign,Pedestrian Collision(internal code),Clear,Daylight,Dry,Collector,TRUE,-79.30236466,43.692602061014135,2,,North,2,66,Major,Other Safety Equipment Used,,,Crossing with right-of-way (intersection),Normal,,Driver going straight hits pedestrian crossing with right-of-way (at intersection),,,,pedestrian,,Beaches-East York (19),55 Division,Taylor-Massey,TRUE,FALSE,FALSE,FALSE,FALSE,TRUE,TRUE,FALSE,FALSE,FALSE,"{""coordinates"": [[-79.30236466344248, 43.692602061014135]], ""type"": ""MultiPoint""}"
10083,2013:1377363,2013-09-24T18:30:00,QUEENS QUAY E,BONNYCASTLE ST,,2,Non-Fatal Injury,,No Control,Pedestrian Collision(internal code),Clear,Daylight,Dry,Minor Arterial,FALSE,-79.36433085,43.64556316,2,,North,2,22,Major,Other Safety Equipment Used,,,Other,Other Condition,,Driver hits pedestrian at midblock,,,,pedestrian,,Spadina-Fort York (10),51 Division,St Lawrence-East Bayfront-The Islands,FALSE,FALSE,FALSE,FALSE,FALSE,FALSE,TRUE,FALSE,FALSE,FALSE,"{""coordinates"": [[-79.3643308469535, 43.6455631551107]], ""type"": ""MultiPoint""}"
10084,2013:1377363,2013-09-24T18:30:00,QUEENS QUAY E,BONNYCASTLE ST,,2,Non-Fatal Injury,,No Control,Pedestrian Collision(internal code),Clear,Daylight,Dry,Minor Arterial,FALSE,-79.36433085,43.64556316,1,Automobile or Station Wagon,West,1,49,None,Other Safety Equipment Used,Driving properly,Normal,,,Going Ahead,,,,,driver,,Spadina-Fort York (10),51 Division,St Lawrence-East Bayfront-The Islands,FALSE,FALSE,FALSE,FALSE,FALSE,FALSE,TRUE,FALSE,FALSE,FALSE,"{""coordinates"": [[-79.3643308469535, 43.6455631551107]], ""type"": ""MultiPoint""}"
10085,2013:1387438,2013-09-25T11:27:00,DIXON Rd,MARTIN GROVE Rd,,4,Non-Fatal Injury,,No Control,Sideswipe,Clear,Daylight,Dry,Major Arterial,FALSE,-79.57230812,43.69124442003998,2,,,3,20,Minor,Lap and Shoulder Belt,,,,,,,,,,passenger,,Etobicoke North (1),23 Division,West Humber-Clairville,TRUE,TRUE,FALSE,FALSE,FALSE,FALSE,FALSE,FALSE,TRUE,FALSE,"{""coordinates"": [[-79.57230812248145, 43.69124442003998]], ""type"": ""MultiPoint""}"
10086,2013:1387438,2013-09-25T11:27:00,DIXON Rd,MARTIN GROVE Rd,,4,Non-Fatal Injury,,No Control,Sideswipe,Clear,Daylight,Dry,Major Arterial,FALSE,-79.57230812,43.69124442003998,2,,,2,6,Major,Child Safety Seat Used Correctly,,,,,,,,,,passenger,,Etobicoke North (1),23 Division,West Humber-Clairville,TRUE,TRUE,FALSE,FALSE,FALSE,FALSE,FALSE,FALSE,TRUE,FALSE,"{""coordinates"": [[-79.57230812248145, 43.69124442003998]], ""type"": ""MultiPoint""}"
10087,2013:1387438,2013-09-25T11:27:00,DIXON Rd,MARTIN GROVE Rd,,4,Non-Fatal Injury,,No Control,Sideswipe,Clear,Daylight,Dry,Major Arterial,FALSE,-79.57230812,43.69124442003998,2,Automobile or Station Wagon,East,4,20,Minor,Lap and Shoulder Belt,Failed to yield right-of-way,Inattentive,,,Changing Lanes,,,,,driver,,Etobicoke North (1),23 Division,West Humber-Clairville,TRUE,TRUE,FALSE,FALSE,FALSE,FALSE,FALSE,FALSE,TRUE,FALSE,"{""coordinates"": [[-79.57230812248145, 43.69124442003998]], ""type"": ""MultiPoint""}"
10088,2013:1387438,2013-09-25T11:27:00,DIXON Rd,MARTIN GROVE Rd,,4,Non-Fatal Injury,,No Control,Sideswipe,Clear,Daylight,Dry,Major Arterial,FALSE,-79.57230812,43.69124442003998,1,Automobile or Station Wagon,East,1,40,None,Lap and Shoulder Belt,Driving properly,Normal,,,Going Ahead,,,,,driver,,Etobicoke North (1),23 Division,West Humber-Clairville,TRUE,TRUE,FALSE,FALSE,FALSE,FALSE,FALSE,FALSE,TRUE,FALSE,"{""coordinates"": [[-79.57230812248145, 43.69124442003998]], ""type"": ""MultiPoint""}"
10089,2013:1377364,2013-09-25T18:59:00,STEELES AVE W,STEINWAY BLVD,,2,Fatal Injury,,Stop Sign,Turning Movement,Clear,Dark with Artificial Lighting,Dry,Major Arterial,FALSE,-79.61981607,43.75417143685593,2,Automobile or Station Wagon,North,2,42,None,Other Safety Equipment Used,Failed to yield right-of-way,Inattentive,,,Turning Left,,,,,driver,,Etobicoke North (1),23 Division,West Humber-Clairville,TRUE,TRUE,FALSE,TRUE,FALSE,FALSE,FALSE,FALSE,FALSE,FALSE,"{""coordinates"": [[-79.61981606603464, 43.75417143685593]], ""type"": ""MultiPoint""}"
10090,2013:1377364,2013-09-25T18:59:00,STEELES AVE W,STEINWAY BLVD,,2,Fatal Injury,,Stop Sign,Turning Movement,Clear,Dark with Artificial Lighting,Dry,Major Arterial,FALSE,-79.61981607,43.75417143685593,1,Motorcycle,East,1,55,Fatal,Other Safety Equipment Used,Driving properly,Normal,,,Going Ahead,,,,,motorcyclist,42,Etobicoke North (1),23 Division,West Humber-Clairville,TRUE,TRUE,FALSE,TRUE,FALSE,FALSE,FALSE,FALSE,FALSE,FALSE,"{""coordinates"": [[-79.61981606603464, 43.75417143685593]], ""type"": ""MultiPoint""}"
10091,2013:1387491,2013-09-25T20:25:00,923 AVENUE Rd,,,5,Non-Fatal Injury,,No Control,SMV Other,Clear,Dark with Artificial Lighting,Dry,Major Arterial,FALSE,-79.40709284,43.70100620356548,1,,,4,57,Major,Lap and Shoulder Belt,,,,,,,,,,passenger,,Toronto-St. Paul's (12),53 Division,Yonge-Eglinton,FALSE,FALSE,FALSE,FALSE,FALSE,FALSE,FALSE,FALSE,FALSE,FALSE,"{""coordinates"": [[-79.40709284290375, 43.70100620356548]], ""type"": ""MultiPoint""}"
10092,2013:1387491,2013-09-25T20:25:00,923 AVENUE Rd,,,5,Non-Fatal Injury,,No Control,SMV Other,Clear,Dark with Artificial Lighting,Dry,Major Arterial,FALSE,-79.40709284,43.70100620356548,1,,,3,,,Other Safety Equipment Used,,,,,,,,,,owner,,Toronto-St. Paul's (12),53 Division,Yonge-Eglinton,FALSE,FALSE,FALSE,FALSE,FALSE,FALSE,FALSE,FALSE,FALSE,FALSE,"{""coordinates"": [[-79.40709284290375, 43.70100620356548]], ""type"": ""MultiPoint""}"
10093,2013:1387491,2013-09-25T20:25:00,923 AVENUE Rd,,,5,Non-Fatal Injury,,No Control,SMV Other,Clear,Dark with Artificial Lighting,Dry,Major Arterial,FALSE,-79.40709284,43.70100620356548,2,,,5,,,Other Safety Equipment Used,,,,,,,,,,owner,,Toronto-St. Paul's (12),53 Division,Yonge-Eglinton,FALSE,FALSE,FALSE,FALSE,FALSE,FALSE,FALSE,FALSE,FALSE,FALSE,"{""coordinates"": [[-79.40709284290375, 43.70100620356548]], ""type"": ""MultiPoint""}"
10094,2013:1387491,2013-09-25T20:25:00,923 AVENUE Rd,,,5,Non-Fatal Injury,,No Control,SMV Other,Clear,Dark with Artificial Lighting,Dry,Major Arterial,FALSE,-79.40709284,43.70100620356548,1,Automobile or Station Wagon,North,1,51,Minor,,Lost control,Normal,,,Going Ahead,,,,,driver,,Toronto-St. Paul's (12),53 Division,Yonge-Eglinton,FALSE,FALSE,FALSE,FALSE,FALSE,FALSE,FALSE,FALSE,FALSE,FALSE,"{""coordinates"": [[-79.40709284290375, 43.70100620356548]], ""type"": ""MultiPoint""}"