_id,collision_id,accdate,stname1,stname2,stname3,per_inv,acclass,accloc,traffictl,impactype,visible,light,rdsfcond,road_class,failtorem,longitude,latitude,veh_no,vehtype,initdir,per_no,invage,injury,safequip,drivact,drivcond,pedact,pedcond,manoeuvre,pedtype,cyclistype,cycact,cyccond,road_user,fatal_no,wardname,division,neighbourhood,aggressive,distracted,cyclist,motorcyclist,other_micromobility,older_adult,pedestrian,red_light,school_child,heavy_truck,geometry
10095,2013:1387491,2013-09-25T20:25:00,923 AVENUE Rd,,,5,Non-Fatal Injury,,No Control,SMV Other,Clear,Dark with Artificial Lighting,Dry,Major Arterial,FALSE,-79.40709284,43.70100620356548,1,,,2,,,Other Safety Equipment Used,,,,,,,,,,owner,,Toronto-St. Paul's (12),53 Division,Yonge-Eglinton,FALSE,FALSE,FALSE,FALSE,FALSE,FALSE,FALSE,FALSE,FALSE,FALSE,"{""coordinates"": [[-79.40709284290375, 43.70100620356548]], ""type"": ""MultiPoint""}"
10096,2013:1377544,2013-09-26T09:25:00,38 GERVAIS DR,,,2,Non-Fatal Injury,,No Control,SMV Other,Clear,Daylight,Dry,Collector,FALSE,-79.33693268,43.724088105237506,1,,,1,,,Other Safety Equipment Used,,,,,,,,,,owner,,Don Valley East (16),33 Division,Banbury-Don Mills,FALSE,FALSE,FALSE,FALSE,FALSE,TRUE,FALSE,FALSE,FALSE,FALSE,"{""coordinates"": [[-79.3369326829503, 43.724088105237506]], ""type"": ""MultiPoint""}"
10097,2013:1377544,2013-09-26T09:25:00,38 GERVAIS DR,,,2,Non-Fatal Injury,,No Control,SMV Other,Clear,Daylight,Dry,Collector,FALSE,-79.33693268,43.724088105237506,2,Automobile or Station Wagon,West,2,82,Major,Lap and Shoulder Belt,Lost control,Normal,,,Going Ahead,,,,,driver,,Don Valley East (16),33 Division,Banbury-Don Mills,FALSE,FALSE,FALSE,FALSE,FALSE,TRUE,FALSE,FALSE,FALSE,FALSE,"{""coordinates"": [[-79.3369326829503, 43.724088105237506]], ""type"": ""MultiPoint""}"
10098,2013:1377536,2013-09-26T10:50:00,BROADVIEW AVE,DUNDAS ST E,,2,Fatal Injury,,Traffic Signal,Pedestrian Collision(internal code),Clear,Daylight,Dry,Major Arterial,FALSE,-79.3513528,43.66245413324107,2,,North,2,90,Fatal,Other Safety Equipment Used,,,Crossing with right-of-way (intersection),Normal,,Driver turns left into pedestrian crossing with right-of-way (at intersection),,,,pedestrian,43,Toronto-Danforth (14),55 Division,South Riverdale,TRUE,TRUE,FALSE,FALSE,FALSE,TRUE,TRUE,FALSE,FALSE,FALSE,"{""coordinates"": [[-79.35135279707771, 43.66245413324107]], ""type"": ""MultiPoint""}"
10099,2013:1377536,2013-09-26T10:50:00,BROADVIEW AVE,DUNDAS ST E,,2,Fatal Injury,,Traffic Signal,Pedestrian Collision(internal code),Clear,Daylight,Dry,Major Arterial,FALSE,-79.3513528,43.66245413324107,1,Passenger Van,South,1,62,None,Other Safety Equipment Used,Failed to yield right-of-way,Inattentive,,,Turning Left,,,,,driver,,Toronto-Danforth (14),55 Division,South Riverdale,TRUE,TRUE,FALSE,FALSE,FALSE,TRUE,TRUE,FALSE,FALSE,FALSE,"{""coordinates"": [[-79.35135279707771, 43.66245413324107]], ""type"": ""MultiPoint""}"
10100,2013:1377550,2013-09-26T18:00:00,LAWRENCE Ave W,WESTON Rd,,2,Non-Fatal Injury,,No Control,Pedestrian Collision(internal code),Clear,Daylight,Dry,Major Arterial,FALSE,-79.51618603,43.700147349548466,1,Automobile or Station Wagon,West,1,34,None,Lap and Shoulder Belt,Driving properly,Normal,,,Going Ahead,,,,,driver,,York South-Weston (5),12 Division,Weston,FALSE,FALSE,FALSE,FALSE,FALSE,TRUE,TRUE,FALSE,FALSE,FALSE,"{""coordinates"": [[-79.51618603411497, 43.700147349548466]], ""type"": ""MultiPoint""}"
10101,2013:1380043,2013-10-10T21:36:00,COLLEGE ST,DUFFERIN ST,,3,Non-Fatal Injury,,Traffic Signal,Pedestrian Collision(internal code),Clear,Dark,Dry,Major Arterial,FALSE,-79.43255297,43.65255525459629,1,,,1,,,Other Safety Equipment Used,,,,,,,,,,owner,,Davenport (9),14 Division,Little Portugal,TRUE,FALSE,FALSE,FALSE,FALSE,FALSE,TRUE,FALSE,FALSE,TRUE,"{""coordinates"": [[-79.43255296960791, 43.65255525459629]], ""type"": ""MultiPoint""}"
10102,2013:1377550,2013-09-26T18:00:00,LAWRENCE Ave W,WESTON Rd,,2,Non-Fatal Injury,,No Control,Pedestrian Collision(internal code),Clear,Daylight,Dry,Major Arterial,FALSE,-79.51618603,43.700147349548466,2,,South,2,84,Major,Other Safety Equipment Used,,,Coming from behind parked vehicle or object,Normal,,Driver hits pedestrian at midblock,,,,pedestrian,,York South-Weston (5),12 Division,Weston,FALSE,FALSE,FALSE,FALSE,FALSE,TRUE,TRUE,FALSE,FALSE,FALSE,"{""coordinates"": [[-79.51618603411497, 43.700147349548466]], ""type"": ""MultiPoint""}"
10103,2013:1387644,2013-09-26T18:30:00,COLLEGE St,SHAW St,,3,Non-Fatal Injury,,Stop Sign,Cyclist Collision,Clear,Daylight,Dry,Major Arterial,FALSE,-79.42029194,43.65484423578775,2,Bicycle,West,3,41,Major,Helmet,,,,,Going Ahead,,Driver turns left into path of cyclist,Driving Properly,Normal,cyclist,,University-Rosedale (11),14 Division,Trinity-Bellwoods,TRUE,TRUE,TRUE,FALSE,FALSE,FALSE,FALSE,FALSE,FALSE,FALSE,"{""coordinates"": [[-79.4202919419869, 43.65484423578775]], ""type"": ""MultiPoint""}"
10104,2013:1387644,2013-09-26T18:30:00,COLLEGE St,SHAW St,,3,Non-Fatal Injury,,Stop Sign,Cyclist Collision,Clear,Daylight,Dry,Major Arterial,FALSE,-79.42029194,43.65484423578775,1,,,1,,,Other Safety Equipment Used,,,,,,,,,,owner,,University-Rosedale (11),14 Division,Trinity-Bellwoods,TRUE,TRUE,TRUE,FALSE,FALSE,FALSE,FALSE,FALSE,FALSE,FALSE,"{""coordinates"": [[-79.4202919419869, 43.65484423578775]], ""type"": ""MultiPoint""}"
10105,2013:1387644,2013-09-26T18:30:00,COLLEGE St,SHAW St,,3,Non-Fatal Injury,,Stop Sign,Cyclist Collision,Clear,Daylight,Dry,Major Arterial,FALSE,-79.42029194,43.65484423578775,1,Automobile or Station Wagon,South,2,25,None,Other Safety Equipment Used,Failed to yield right-of-way,Inattentive,,,Turning Left,,,,,driver,,University-Rosedale (11),14 Division,Trinity-Bellwoods,TRUE,TRUE,TRUE,FALSE,FALSE,FALSE,FALSE,FALSE,FALSE,FALSE,"{""coordinates"": [[-79.4202919419869, 43.65484423578775]], ""type"": ""MultiPoint""}"
10106,2013:1381801,2013-09-27T04:22:00,BAYVIEW BLOOR DVP RAMP,BAYVIEW BLOOR DVP N RAMP,,2,Non-Fatal Injury,,Yield Sign,SMV Other,Clear,Dark,Dry,,FALSE,-79.36021078,43.683282142608704,1,Automobile or Station Wagon,North,2,32,Major,Lap and Shoulder Belt,,Ability Impaired - Alcohol,,,Merging,,,,,driver,,Toronto-Danforth (14),55 Division,Broadview North,FALSE,FALSE,FALSE,FALSE,FALSE,FALSE,FALSE,FALSE,FALSE,FALSE,"{""coordinates"": [[-79.36021078360193, 43.683282142608704]], ""type"": ""MultiPoint""}"
10107,2013:1381801,2013-09-27T04:22:00,BAYVIEW BLOOR DVP RAMP,BAYVIEW BLOOR DVP N RAMP,,2,Non-Fatal Injury,,Yield Sign,SMV Other,Clear,Dark,Dry,,FALSE,-79.36021078,43.683282142608704,1,,,1,,Minor,Lap and Shoulder Belt,,,,,,,,,,passenger,,Toronto-Danforth (14),55 Division,Broadview North,FALSE,FALSE,FALSE,FALSE,FALSE,FALSE,FALSE,FALSE,FALSE,FALSE,"{""coordinates"": [[-79.36021078360193, 43.683282142608704]], ""type"": ""MultiPoint""}"
10108,2013:1387882,2013-09-28T11:36:00,LOWER SHERBOURNE Stre,THE ESPLANADE,,2,Non-Fatal Injury,,Traffic Signal,Pedestrian Collision(internal code),Clear,Daylight,Dry,Minor Arterial,FALSE,-79.36729085,43.64904215888614,1,Automobile or Station Wagon,West,1,78,None,Lap and Shoulder Belt,Failed to yield right-of-way,Inattentive,,,Turning Left,,,,,driver,,Spadina-Fort York (10),51 Division,St Lawrence-East Bayfront-The Islands,TRUE,TRUE,FALSE,FALSE,FALSE,TRUE,TRUE,FALSE,FALSE,FALSE,"{""coordinates"": [[-79.36729084761689, 43.64904215888614]], ""type"": ""MultiPoint""}"
10109,2013:1387882,2013-09-28T11:36:00,LOWER SHERBOURNE Stre,THE ESPLANADE,,2,Non-Fatal Injury,,Traffic Signal,Pedestrian Collision(internal code),Clear,Daylight,Dry,Minor Arterial,FALSE,-79.36729085,43.64904215888614,2,,East,2,80,Major,Other Safety Equipment Used,,,Crossing with right-of-way (intersection),Normal,,Driver turns left into pedestrian crossing with right-of-way (at intersection),,,,pedestrian,,Spadina-Fort York (10),51 Division,St Lawrence-East Bayfront-The Islands,TRUE,TRUE,FALSE,FALSE,FALSE,TRUE,TRUE,FALSE,FALSE,FALSE,"{""coordinates"": [[-79.36729084761689, 43.64904215888614]], ""type"": ""MultiPoint""}"
10110,2013:1387900,2013-09-29T13:05:00,BIRCHMOUNT Rd,BERTRAND Ave,,4,Non-Fatal Injury,,Traffic Signal,Turning Movement,Clear,Daylight,Dry,Major Arterial,FALSE,-79.27986557,43.73522703067118,2,Automobile or Station Wagon,North,4,79,Minor,Lap and Shoulder Belt,Driving properly,Normal,,,Going Ahead,,,,,driver,,Scarborough Centre (21),41 Division,Wexford/Maryvale,TRUE,FALSE,FALSE,FALSE,FALSE,TRUE,FALSE,FALSE,FALSE,FALSE,"{""coordinates"": [[-79.27986556881092, 43.73522703067118]], ""type"": ""MultiPoint""}"
10111,2013:1387900,2013-09-29T13:05:00,BIRCHMOUNT Rd,BERTRAND Ave,,4,Non-Fatal Injury,,Traffic Signal,Turning Movement,Clear,Daylight,Dry,Major Arterial,FALSE,-79.27986557,43.73522703067118,2,,,3,71,Minor,Lap and Shoulder Belt,,,,,,,,,,passenger,,Scarborough Centre (21),41 Division,Wexford/Maryvale,TRUE,FALSE,FALSE,FALSE,FALSE,TRUE,FALSE,FALSE,FALSE,FALSE,"{""coordinates"": [[-79.27986556881092, 43.73522703067118]], ""type"": ""MultiPoint""}"
10112,2013:1387900,2013-09-29T13:05:00,BIRCHMOUNT Rd,BERTRAND Ave,,4,Non-Fatal Injury,,Traffic Signal,Turning Movement,Clear,Daylight,Dry,Major Arterial,FALSE,-79.27986557,43.73522703067118,1,,,1,59,Major,Lap and Shoulder Belt,,,,,,,,,,passenger,,Scarborough Centre (21),41 Division,Wexford/Maryvale,TRUE,FALSE,FALSE,FALSE,FALSE,TRUE,FALSE,FALSE,FALSE,FALSE,"{""coordinates"": [[-79.27986556881092, 43.73522703067118]], ""type"": ""MultiPoint""}"
10113,2013:1387900,2013-09-29T13:05:00,BIRCHMOUNT Rd,BERTRAND Ave,,4,Non-Fatal Injury,,Traffic Signal,Turning Movement,Clear,Daylight,Dry,Major Arterial,FALSE,-79.27986557,43.73522703067118,1,Automobile or Station Wagon,South,2,43,Minor,Lap and Shoulder Belt,Failed to yield right-of-way,Normal,,,Turning Left,,,,,driver,,Scarborough Centre (21),41 Division,Wexford/Maryvale,TRUE,FALSE,FALSE,FALSE,FALSE,TRUE,FALSE,FALSE,FALSE,FALSE,"{""coordinates"": [[-79.27986556881092, 43.73522703067118]], ""type"": ""MultiPoint""}"
10114,2013:1384076,2013-09-29T19:39:00,ISLINGTON Ave,BEAUMONDE HEIGHTS Dr,,5,Non-Fatal Injury,,No Control,Approaching Head On,Clear,Dark with Artificial Lighting,Dry,Major Arterial,FALSE,-79.56805802,43.74318838525794,1,,,2,32,Minor,Air Bag Deployed,,,,,,,,,,passenger,,Etobicoke North (1),23 Division,Thistletown-Beaumond Heights,FALSE,FALSE,FALSE,FALSE,FALSE,FALSE,FALSE,FALSE,FALSE,FALSE,"{""coordinates"": [[-79.56805801965764, 43.74318838525794]], ""type"": ""MultiPoint""}"
10115,2013:1384076,2013-09-29T19:39:00,ISLINGTON Ave,BEAUMONDE HEIGHTS Dr,,5,Non-Fatal Injury,,No Control,Approaching Head On,Clear,Dark with Artificial Lighting,Dry,Major Arterial,FALSE,-79.56805802,43.74318838525794,1,Automobile or Station Wagon,North,3,46,Major,Air Bag Deployed,Driving properly,Normal,,,Going Ahead,,,,,driver,,Etobicoke North (1),23 Division,Thistletown-Beaumond Heights,FALSE,FALSE,FALSE,FALSE,FALSE,FALSE,FALSE,FALSE,FALSE,FALSE,"{""coordinates"": [[-79.56805801965764, 43.74318838525794]], ""type"": ""MultiPoint""}"
10116,2013:1384076,2013-09-29T19:39:00,ISLINGTON Ave,BEAUMONDE HEIGHTS Dr,,5,Non-Fatal Injury,,No Control,Approaching Head On,Clear,Dark with Artificial Lighting,Dry,Major Arterial,FALSE,-79.56805802,43.74318838525794,1,,,1,48,Minimal,Air Bag Deployed,,,,,,,,,,passenger,,Etobicoke North (1),23 Division,Thistletown-Beaumond Heights,FALSE,FALSE,FALSE,FALSE,FALSE,FALSE,FALSE,FALSE,FALSE,FALSE,"{""coordinates"": [[-79.56805801965764, 43.74318838525794]], ""type"": ""MultiPoint""}"
10117,2013:1384076,2013-09-29T19:39:00,ISLINGTON Ave,BEAUMONDE HEIGHTS Dr,,5,Non-Fatal Injury,,No Control,Approaching Head On,Clear,Dark with Artificial Lighting,Dry,Major Arterial,FALSE,-79.56805802,43.74318838525794,3,,,5,,,Other Safety Equipment Used,,,,,,,,,,owner,,Etobicoke North (1),23 Division,Thistletown-Beaumond Heights,FALSE,FALSE,FALSE,FALSE,FALSE,FALSE,FALSE,FALSE,FALSE,FALSE,"{""coordinates"": [[-79.56805801965764, 43.74318838525794]], ""type"": ""MultiPoint""}"
10118,2013:1384076,2013-09-29T19:39:00,ISLINGTON Ave,BEAUMONDE HEIGHTS Dr,,5,Non-Fatal Injury,,No Control,Approaching Head On,Clear,Dark with Artificial Lighting,Dry,Major Arterial,FALSE,-79.56805802,43.74318838525794,2,Automobile or Station Wagon,South,4,49,Major,Air Bag Deployed,Lost control,Ability Impaired - Alcohol Over .08,,,Going Ahead,,,,,driver,,Etobicoke North (1),23 Division,Thistletown-Beaumond Heights,FALSE,FALSE,FALSE,FALSE,FALSE,FALSE,FALSE,FALSE,FALSE,FALSE,"{""coordinates"": [[-79.56805801965764, 43.74318838525794]], ""type"": ""MultiPoint""}"
10119,2013:1378110,2013-09-30T07:30:00,DIXON Rd,CARLINGVIEW Dr,,3,Non-Fatal Injury,,Traffic Signal,Pedestrian Collision(internal code),Clear,Daylight,Wet,Major Arterial,FALSE,-79.59554716,43.68674645006531,2,Automobile or Station Wagon,East,3,47,None,Other Safety Equipment Used,Failed to yield right-of-way,Inattentive,,,Turning Left,,,,,driver,,Etobicoke North (1),23 Division,West Humber-Clairville,TRUE,TRUE,FALSE,FALSE,FALSE,FALSE,TRUE,FALSE,FALSE,FALSE,"{""coordinates"": [[-79.59554716074877, 43.68674645006531]], ""type"": ""MultiPoint""}"
10120,2013:1378110,2013-09-30T07:30:00,DIXON Rd,CARLINGVIEW Dr,,3,Non-Fatal Injury,,Traffic Signal,Pedestrian Collision(internal code),Clear,Daylight,Wet,Major Arterial,FALSE,-79.59554716,43.68674645006531,2,,,2,,,Other Safety Equipment Used,,,,,,,,,,owner,,Etobicoke North (1),23 Division,West Humber-Clairville,TRUE,TRUE,FALSE,FALSE,FALSE,FALSE,TRUE,FALSE,FALSE,FALSE,"{""coordinates"": [[-79.59554716074877, 43.68674645006531]], ""type"": ""MultiPoint""}"
10121,2013:1378110,2013-09-30T07:30:00,DIXON Rd,CARLINGVIEW Dr,,3,Non-Fatal Injury,,Traffic Signal,Pedestrian Collision(internal code),Clear,Daylight,Wet,Major Arterial,FALSE,-79.59554716,43.68674645006531,1,,East,1,64,Major,Other Safety Equipment Used,,,Crossing with right-of-way (intersection),Normal,,Driver turns right into pedestrian crossing with right-of-way (at intersection),,,,pedestrian,,Etobicoke North (1),23 Division,West Humber-Clairville,TRUE,TRUE,FALSE,FALSE,FALSE,FALSE,TRUE,FALSE,FALSE,FALSE,"{""coordinates"": [[-79.59554716074877, 43.68674645006531]], ""type"": ""MultiPoint""}"
10122,2013:1385611,2013-09-30T08:57:00,LAKE SHORE BLVD W,NET DR,,5,Fatal Injury,,No Control,Turning Movement,Clear,Daylight,Dry,Major Arterial,FALSE,-79.43804601,43.63403126917756,2,,,3,,,Other Safety Equipment Used,,,,,,,,,,other,,Parkdale-High Park (4),14 Division,South Parkdale,FALSE,FALSE,FALSE,FALSE,FALSE,FALSE,FALSE,FALSE,FALSE,FALSE,"{""coordinates"": [[-79.43804601132813, 43.63403126917756]], ""type"": ""MultiPoint""}"
10123,2013:1385611,2013-09-30T08:57:00,LAKE SHORE BLVD W,NET DR,,5,Fatal Injury,,No Control,Turning Movement,Clear,Daylight,Dry,Major Arterial,FALSE,-79.43804601,43.63403126917756,2,Automobile or Station Wagon,East,5,35,None,Other Safety Equipment Used,Driving properly,Normal,,,Going Ahead,,,,,driver,,Parkdale-High Park (4),14 Division,South Parkdale,FALSE,FALSE,FALSE,FALSE,FALSE,FALSE,FALSE,FALSE,FALSE,FALSE,"{""coordinates"": [[-79.43804601132813, 43.63403126917756]], ""type"": ""MultiPoint""}"
10124,2013:1385611,2013-09-30T08:57:00,LAKE SHORE BLVD W,NET DR,,5,Fatal Injury,,No Control,Turning Movement,Clear,Daylight,Dry,Major Arterial,FALSE,-79.43804601,43.63403126917756,1,Automobile or Station Wagon,West,2,23,None,Other Safety Equipment Used,Improper turn,Normal,,,Turning Left,,,,,driver,,Parkdale-High Park (4),14 Division,South Parkdale,FALSE,FALSE,FALSE,FALSE,FALSE,FALSE,FALSE,FALSE,FALSE,FALSE,"{""coordinates"": [[-79.43804601132813, 43.63403126917756]], ""type"": ""MultiPoint""}"
10125,2013:1385611,2013-09-30T08:57:00,LAKE SHORE BLVD W,NET DR,,5,Fatal Injury,,No Control,Turning Movement,Clear,Daylight,Dry,Major Arterial,FALSE,-79.43804601,43.63403126917756,2,,,4,57,Fatal,Lap and Shoulder Belt,,,,,,,,,,passenger,46,Parkdale-High Park (4),14 Division,South Parkdale,FALSE,FALSE,FALSE,FALSE,FALSE,FALSE,FALSE,FALSE,FALSE,FALSE,"{""coordinates"": [[-79.43804601132813, 43.63403126917756]], ""type"": ""MultiPoint""}"
10126,2013:1385611,2013-09-30T08:57:00,LAKE SHORE BLVD W,NET DR,,5,Fatal Injury,,No Control,Turning Movement,Clear,Daylight,Dry,Major Arterial,FALSE,-79.43804601,43.63403126917756,1,,,1,,,Other Safety Equipment Used,,,,,,,,,,other,,Parkdale-High Park (4),14 Division,South Parkdale,FALSE,FALSE,FALSE,FALSE,FALSE,FALSE,FALSE,FALSE,FALSE,FALSE,"{""coordinates"": [[-79.43804601132813, 43.63403126917756]], ""type"": ""MultiPoint""}"
10127,2013:1387866,2013-09-30T16:40:00,EGLINTON Ave E,SUTHERLAND Dr,,2,Non-Fatal Injury,,Traffic Signal,Turning Movement,Clear,Daylight,Dry,Major Arterial,FALSE,-79.36722175,43.71306814695836,2,Automobile or Station Wagon,East,2,48,None,Other Safety Equipment Used,Failed to yield right-of-way,Normal,,,Turning Left,,,,,driver,,Don Valley West (15),53 Division,Leaside-Bennington,TRUE,FALSE,FALSE,TRUE,FALSE,FALSE,FALSE,FALSE,FALSE,FALSE,"{""coordinates"": [[-79.36722175249962, 43.71306814695836]], ""type"": ""MultiPoint""}"
10128,2013:1387866,2013-09-30T16:40:00,EGLINTON Ave E,SUTHERLAND Dr,,2,Non-Fatal Injury,,Traffic Signal,Turning Movement,Clear,Daylight,Dry,Major Arterial,FALSE,-79.36722175,43.71306814695836,1,Motorcycle,West,1,21,Major,Helmet,Driving properly,Normal,,,Going Ahead,,,,,motorcyclist,,Don Valley West (15),53 Division,Leaside-Bennington,TRUE,FALSE,FALSE,TRUE,FALSE,FALSE,FALSE,FALSE,FALSE,FALSE,"{""coordinates"": [[-79.36722175249962, 43.71306814695836]], ""type"": ""MultiPoint""}"
10129,2013:1378332,2013-10-01T10:06:00,GERRARD ST E,CARLAW AVE,,4,Fatal Injury,At Intersection,Traffic Signal,Pedestrian Collision(internal code),Clear,Daylight,Dry,Minor Arterial,FALSE,-79.34279277,43.667642120135554,1,,,1,,,Other Safety Equipment Used,,,,,,,,,,other,,Toronto-Danforth (14),55 Division,North Riverdale,TRUE,TRUE,FALSE,FALSE,FALSE,FALSE,TRUE,FALSE,FALSE,TRUE,"{""coordinates"": [[-79.3427927732665, 43.667642120135554]], ""type"": ""MultiPoint""}"
10130,2013:1378332,2013-10-01T10:06:00,GERRARD ST E,CARLAW AVE,,4,Fatal Injury,At Intersection,Traffic Signal,Pedestrian Collision(internal code),Clear,Daylight,Dry,Minor Arterial,FALSE,-79.34279277,43.667642120135554,2,,,3,,None,Other Safety Equipment Used,,,,,,,,,,other,,Toronto-Danforth (14),55 Division,North Riverdale,TRUE,TRUE,FALSE,FALSE,FALSE,FALSE,TRUE,FALSE,FALSE,TRUE,"{""coordinates"": [[-79.3427927732665, 43.667642120135554]], ""type"": ""MultiPoint""}"
10131,2013:1378332,2013-10-01T10:06:00,GERRARD ST E,CARLAW AVE,,4,Fatal Injury,At Intersection,Traffic Signal,Pedestrian Collision(internal code),Clear,Daylight,Dry,Minor Arterial,FALSE,-79.34279277,43.667642120135554,3,,West,4,56,Fatal,Other Safety Equipment Used,,,Crossing with right-of-way (intersection),Unknown,,Driver turns right into pedestrian crossing with right-of-way (at intersection),,,,pedestrian,44,Toronto-Danforth (14),55 Division,North Riverdale,TRUE,TRUE,FALSE,FALSE,FALSE,FALSE,TRUE,FALSE,FALSE,TRUE,"{""coordinates"": [[-79.3427927732665, 43.667642120135554]], ""type"": ""MultiPoint""}"
10132,2013:1378332,2013-10-01T10:06:00,GERRARD ST E,CARLAW AVE,,4,Fatal Injury,At Intersection,Traffic Signal,Pedestrian Collision(internal code),Clear,Daylight,Dry,Minor Arterial,FALSE,-79.34279277,43.667642120135554,1,Truck - Tractor,West,2,42,None,Other Safety Equipment Used,Failed to yield right-of-way,Inattentive,,,Turning Right,,,,,driver,,Toronto-Danforth (14),55 Division,North Riverdale,TRUE,TRUE,FALSE,FALSE,FALSE,FALSE,TRUE,FALSE,FALSE,TRUE,"{""coordinates"": [[-79.3427927732665, 43.667642120135554]], ""type"": ""MultiPoint""}"
10133,2013:1387708,2013-10-02T07:52:00,77 KING St W,,,3,Non-Fatal Injury,,No Control,Cyclist Collision,Clear,Daylight,Dry,Major Arterial,FALSE,-79.38219088,43.64814518120458,2,Automobile or Station Wagon,East,2,55,None,Other Safety Equipment Used,Other,Inattentive,,,Stopped,,,,,driver,,Spadina-Fort York (10),52 Division,Yonge-Bay Corridor,TRUE,TRUE,TRUE,FALSE,FALSE,FALSE,FALSE,FALSE,FALSE,FALSE,"{""coordinates"": [[-79.38219087816655, 43.64814518120458]], ""type"": ""MultiPoint""}"
10134,2013:1387708,2013-10-02T07:52:00,77 KING St W,,,3,Non-Fatal Injury,,No Control,Cyclist Collision,Clear,Daylight,Dry,Major Arterial,FALSE,-79.38219088,43.64814518120458,3,Bicycle,East,3,32,Major,Other Safety Equipment Used,,,,,Overtaking,,Dooring,Driving Properly,Normal,cyclist,,Spadina-Fort York (10),52 Division,Yonge-Bay Corridor,TRUE,TRUE,TRUE,FALSE,FALSE,FALSE,FALSE,FALSE,FALSE,FALSE,"{""coordinates"": [[-79.38219087816655, 43.64814518120458]], ""type"": ""MultiPoint""}"
10135,2013:1387708,2013-10-02T07:52:00,77 KING St W,,,3,Non-Fatal Injury,,No Control,Cyclist Collision,Clear,Daylight,Dry,Major Arterial,FALSE,-79.38219088,43.64814518120458,1,Automobile or Station Wagon,East,1,38,None,Other Safety Equipment Used,Exceeding speed limit,Normal,,,Going Ahead,,,,,driver,,Spadina-Fort York (10),52 Division,Yonge-Bay Corridor,TRUE,TRUE,TRUE,FALSE,FALSE,FALSE,FALSE,FALSE,FALSE,FALSE,"{""coordinates"": [[-79.38219087816655, 43.64814518120458]], ""type"": ""MultiPoint""}"
10136,2013:1387683,2013-10-03T07:48:00,1090 DON MILLS Rd,,,2,Non-Fatal Injury,,No Control,Cyclist Collision,Clear,Daylight,Dry,Major Arterial,FALSE,-79.34252568,43.73369811134235,2,Bicycle,South,2,46,Major,Other Safety Equipment Used,,,,,Going Ahead,,Driver turns left into path of cyclist,Driving Properly,Normal,cyclist,,Don Valley East (16),33 Division,Banbury-Don Mills,TRUE,TRUE,TRUE,FALSE,FALSE,FALSE,FALSE,FALSE,FALSE,FALSE,"{""coordinates"": [[-79.34252567915699, 43.73369811134235]], ""type"": ""MultiPoint""}"
10137,2013:1387683,2013-10-03T07:48:00,1090 DON MILLS Rd,,,2,Non-Fatal Injury,,No Control,Cyclist Collision,Clear,Daylight,Dry,Major Arterial,FALSE,-79.34252568,43.73369811134235,1,Automobile or Station Wagon,North,1,23,None,Other Safety Equipment Used,Failed to yield right-of-way,Inattentive,,,Turning Left,,,,,driver,,Don Valley East (16),33 Division,Banbury-Don Mills,TRUE,TRUE,TRUE,FALSE,FALSE,FALSE,FALSE,FALSE,FALSE,FALSE,"{""coordinates"": [[-79.34252567915699, 43.73369811134235]], ""type"": ""MultiPoint""}"
10138,2013:1378700,2013-10-03T17:10:00,VICTORIA PARK Ave,EDGE PARK Ave,,2,Non-Fatal Injury,,No Control,Pedestrian Collision(internal code),Clear,Daylight,Dry,Major Arterial,FALSE,-79.29960963,43.71744705651871,1,Automobile or Station Wagon,North,1,30,None,Other Safety Equipment Used,Driving properly,Normal,,,Going Ahead,,,,,driver,,Scarborough Southwest (20),41 Division,Clairlea-Birchmount,FALSE,FALSE,FALSE,FALSE,FALSE,FALSE,TRUE,FALSE,FALSE,FALSE,"{""coordinates"": [[-79.29960962603673, 43.71744705651871]], ""type"": ""MultiPoint""}"
10139,2013:1378700,2013-10-03T17:10:00,VICTORIA PARK Ave,EDGE PARK Ave,,2,Non-Fatal Injury,,No Control,Pedestrian Collision(internal code),Clear,Daylight,Dry,Major Arterial,FALSE,-79.29960963,43.71744705651871,2,,East,2,33,Major,Other Safety Equipment Used,,,Crossing - no traffic control,Unknown,,Driver hits pedestrian at midblock,,,,pedestrian,,Scarborough Southwest (20),41 Division,Clairlea-Birchmount,FALSE,FALSE,FALSE,FALSE,FALSE,FALSE,TRUE,FALSE,FALSE,FALSE,"{""coordinates"": [[-79.29960962603673, 43.71744705651871]], ""type"": ""MultiPoint""}"
10140,2013:1386536,2013-10-05T19:22:00,4750 DUFFERIN ST,,,3,Non-Fatal Injury,,No Control,Turning Movement,Clear,Dark,Dry,Major Arterial,FALSE,-79.46870784,43.77627326162151,1,Motorcycle,South,2,25,Major,Helmet,Driving properly,Normal,,,Going Ahead,,,,,motorcyclist,,York Centre (6),32 Division,Bathurst Manor,TRUE,FALSE,FALSE,TRUE,FALSE,FALSE,FALSE,FALSE,FALSE,FALSE,"{""coordinates"": [[-79.46870783707811, 43.77627326162151]], ""type"": ""MultiPoint""}"
10141,2013:1386536,2013-10-05T19:22:00,4750 DUFFERIN ST,,,3,Non-Fatal Injury,,No Control,Turning Movement,Clear,Dark,Dry,Major Arterial,FALSE,-79.46870784,43.77627326162151,2,Automobile or Station Wagon,North,3,56,None,Lap and Shoulder Belt,Failed to yield right-of-way,Normal,,,Turning Left,,,,,driver,,York Centre (6),32 Division,Bathurst Manor,TRUE,FALSE,FALSE,TRUE,FALSE,FALSE,FALSE,FALSE,FALSE,FALSE,"{""coordinates"": [[-79.46870783707811, 43.77627326162151]], ""type"": ""MultiPoint""}"
10142,2013:1379013,2013-10-05T19:45:00,FINCH AVE W,WILMINGTON AVE,,3,Fatal Injury,,No Control,Pedestrian Collision(internal code),Clear,Dark with Artificial Lighting,Dry,Major Arterial,FALSE,-79.45506682,43.77144024604614,2,,South,3,70,Fatal,Other Safety Equipment Used,,,Running onto roadway,Unknown,,Driver hits pedestrian at midblock,,,,pedestrian,45,York Centre (6),32 Division,Westminster-Branson,FALSE,FALSE,FALSE,FALSE,FALSE,TRUE,TRUE,FALSE,FALSE,FALSE,"{""coordinates"": [[-79.45506682046583, 43.77144024604614]], ""type"": ""MultiPoint""}"