_id,collision_id,accdate,stname1,stname2,stname3,per_inv,acclass,accloc,traffictl,impactype,visible,light,rdsfcond,road_class,failtorem,longitude,latitude,veh_no,vehtype,initdir,per_no,invage,injury,safequip,drivact,drivcond,pedact,pedcond,manoeuvre,pedtype,cyclistype,cycact,cyccond,road_user,fatal_no,wardname,division,neighbourhood,aggressive,distracted,cyclist,motorcyclist,other_micromobility,older_adult,pedestrian,red_light,school_child,heavy_truck,geometry
10237,2013:1383802,2013-10-29T11:30:00,DUNDAS ST W,ROYAL YORK RD,,2,Non-Fatal Injury,,No Control,SMV Other,Clear,Daylight,Dry,Major Arterial,FALSE,-79.51708611,43.65800237223589,1,Automobile or Station Wagon,West,2,80,Major,Other Safety Equipment Used,Lost control,Medical or Physical Disability,,,Going Ahead,,,,,driver,,Etobicoke-Lakeshore (3),22 Division,Kingsway South,FALSE,FALSE,FALSE,FALSE,FALSE,TRUE,FALSE,FALSE,FALSE,FALSE,"{""coordinates"": [[-79.51708611321297, 43.65800237223589]], ""type"": ""MultiPoint""}"
10238,2013:1383802,2013-10-29T11:30:00,DUNDAS ST W,ROYAL YORK RD,,2,Non-Fatal Injury,,No Control,SMV Other,Clear,Daylight,Dry,Major Arterial,FALSE,-79.51708611,43.65800237223589,1,,,1,69,None,Other Safety Equipment Used,,,,,,,,,,passenger,,Etobicoke-Lakeshore (3),22 Division,Kingsway South,FALSE,FALSE,FALSE,FALSE,FALSE,TRUE,FALSE,FALSE,FALSE,FALSE,"{""coordinates"": [[-79.51708611321297, 43.65800237223589]], ""type"": ""MultiPoint""}"
10239,2013:1388364,2013-10-29T15:25:00,DON MILLS Rd,DON VALLEY PARKWAY S,,3,Non-Fatal Injury,,No Control,Approaching Head On,Clear,Daylight,Dry,Major Arterial,FALSE,-79.33768872,43.70064310894878,1,,,1,34,Major,Lap and Shoulder Belt,,,,,,,,,,passenger,,Toronto-Danforth (14),55 Division,Old East York,FALSE,TRUE,FALSE,FALSE,FALSE,FALSE,FALSE,FALSE,FALSE,FALSE,"{""coordinates"": [[-79.33768871719381, 43.70064310894878]], ""type"": ""MultiPoint""}"
10240,2013:1388364,2013-10-29T15:25:00,DON MILLS Rd,DON VALLEY PARKWAY S,,3,Non-Fatal Injury,,No Control,Approaching Head On,Clear,Daylight,Dry,Major Arterial,FALSE,-79.33768872,43.70064310894878,1,Automobile or Station Wagon,South,2,56,Major,Lap and Shoulder Belt,Driving properly,Normal,,,Going Ahead,,,,,driver,,Toronto-Danforth (14),55 Division,Old East York,FALSE,TRUE,FALSE,FALSE,FALSE,FALSE,FALSE,FALSE,FALSE,FALSE,"{""coordinates"": [[-79.33768871719381, 43.70064310894878]], ""type"": ""MultiPoint""}"
10241,2013:1388364,2013-10-29T15:25:00,DON MILLS Rd,DON VALLEY PARKWAY S,,3,Non-Fatal Injury,,No Control,Approaching Head On,Clear,Daylight,Dry,Major Arterial,FALSE,-79.33768872,43.70064310894878,2,Automobile or Station Wagon,North,3,39,Major,Lap and Shoulder Belt,Lost control,Inattentive,,,Going Ahead,,,,,driver,,Toronto-Danforth (14),55 Division,Old East York,FALSE,TRUE,FALSE,FALSE,FALSE,FALSE,FALSE,FALSE,FALSE,FALSE,"{""coordinates"": [[-79.33768871719381, 43.70064310894878]], ""type"": ""MultiPoint""}"
10242,2013:1383954,2013-10-30T00:45:00,DUFFERIN ST,ST CLAIR AVE W,,3,Non-Fatal Injury,Intersection-Related,No Control,Pedestrian Collision(internal code),Rain,Dark with Artificial Lighting,Wet,Major Arterial,FALSE,-79.44304295,43.67788926094081,1,,,1,,None,Other Safety Equipment Used,,,,,,,,,,other,,Davenport (9),13 Division,Corso Italia-Davenport,FALSE,FALSE,FALSE,FALSE,FALSE,TRUE,TRUE,FALSE,FALSE,TRUE,"{""coordinates"": [[-79.44304294729784, 43.67788926094081]], ""type"": ""MultiPoint""}"
10243,2013:1383954,2013-10-30T00:45:00,DUFFERIN ST,ST CLAIR AVE W,,3,Non-Fatal Injury,Intersection-Related,No Control,Pedestrian Collision(internal code),Rain,Dark with Artificial Lighting,Wet,Major Arterial,FALSE,-79.44304295,43.67788926094081,3,,East,3,75,Major,Other Safety Equipment Used,,,Running onto roadway,Had Been Drinking,,Transit vehicle driver hits pedestrian anywhere along roadway,,,,pedestrian,,Davenport (9),13 Division,Corso Italia-Davenport,FALSE,FALSE,FALSE,FALSE,FALSE,TRUE,TRUE,FALSE,FALSE,TRUE,"{""coordinates"": [[-79.44304294729784, 43.67788926094081]], ""type"": ""MultiPoint""}"
10244,2013:1383954,2013-10-30T00:45:00,DUFFERIN ST,ST CLAIR AVE W,,3,Non-Fatal Injury,Intersection-Related,No Control,Pedestrian Collision(internal code),Rain,Dark with Artificial Lighting,Wet,Major Arterial,FALSE,-79.44304295,43.67788926094081,2,Municipal Transit Bus (TTC),North,2,48,None,Other Safety Equipment Used,Driving properly,Normal,,,Going Ahead,,,,,driver,,Davenport (9),13 Division,Corso Italia-Davenport,FALSE,FALSE,FALSE,FALSE,FALSE,TRUE,TRUE,FALSE,FALSE,TRUE,"{""coordinates"": [[-79.44304294729784, 43.67788926094081]], ""type"": ""MultiPoint""}"
10245,2013:1384474,2013-10-30T10:22:00,CHILTERN HILL RD,EGLINTON AVE W,,3,Fatal Injury,,Stop Sign,Pedestrian Collision(internal code),Clear,Daylight,Dry,Major Arterial,FALSE,-79.42775388,43.70051723190377,1,Delivery Van,South,2,58,None,Other Safety Equipment Used,Failed to yield right-of-way,Inattentive,,,Going Ahead,,,,,driver,,Toronto-St. Paul's (12),13 Division,Humewood-Cedarvale,TRUE,TRUE,FALSE,FALSE,FALSE,TRUE,TRUE,FALSE,FALSE,TRUE,"{""coordinates"": [[-79.42775388128344, 43.70051723190377]], ""type"": ""MultiPoint""}"
10246,2013:1384474,2013-10-30T10:22:00,CHILTERN HILL RD,EGLINTON AVE W,,3,Fatal Injury,,Stop Sign,Pedestrian Collision(internal code),Clear,Daylight,Dry,Major Arterial,FALSE,-79.42775388,43.70051723190377,2,,West,3,95,Fatal,Other Safety Equipment Used,,,Crossing with right-of-way (intersection),Unknown,,Driver going straight hits pedestrian crossing with right-of-way (at intersection),,,,pedestrian,50,Toronto-St. Paul's (12),13 Division,Humewood-Cedarvale,TRUE,TRUE,FALSE,FALSE,FALSE,TRUE,TRUE,FALSE,FALSE,TRUE,"{""coordinates"": [[-79.42775388128344, 43.70051723190377]], ""type"": ""MultiPoint""}"
10247,2013:1384474,2013-10-30T10:22:00,CHILTERN HILL RD,EGLINTON AVE W,,3,Fatal Injury,,Stop Sign,Pedestrian Collision(internal code),Clear,Daylight,Dry,Major Arterial,FALSE,-79.42775388,43.70051723190377,1,,,1,,,,,,,,,,,,,other,,Toronto-St. Paul's (12),13 Division,Humewood-Cedarvale,TRUE,TRUE,FALSE,FALSE,FALSE,TRUE,TRUE,FALSE,FALSE,TRUE,"{""coordinates"": [[-79.42775388128344, 43.70051723190377]], ""type"": ""MultiPoint""}"
10248,2013:1388238,2013-10-31T20:45:00,DANFORTH AVE,BARRINGTON AVE,,3,Non-Fatal Injury,,No Control,Pedestrian Collision(internal code),Rain,Dark with Artificial Lighting,Wet,Major Arterial,FALSE,-79.30054067,43.688436058614506,3,,South,3,9,Major,Other Safety Equipment Used,,,Running onto roadway,Inattentive,,Driver going straight hits pedestrian crossing without right-of-way (at intersection),,,,pedestrian,,Beaches-East York (19),55 Division,East End-Danforth,FALSE,TRUE,FALSE,FALSE,FALSE,FALSE,TRUE,FALSE,TRUE,FALSE,"{""coordinates"": [[-79.30054066551605, 43.688436058614506]], ""type"": ""MultiPoint""}"
10249,2013:1388238,2013-10-31T20:45:00,DANFORTH AVE,BARRINGTON AVE,,3,Non-Fatal Injury,,No Control,Pedestrian Collision(internal code),Rain,Dark with Artificial Lighting,Wet,Major Arterial,FALSE,-79.30054067,43.688436058614506,1,Automobile or Station Wagon,East,1,32,None,Other Safety Equipment Used,Driving properly,Normal,,,Going Ahead,,,,,driver,,Beaches-East York (19),55 Division,East End-Danforth,FALSE,TRUE,FALSE,FALSE,FALSE,FALSE,TRUE,FALSE,TRUE,FALSE,"{""coordinates"": [[-79.30054066551605, 43.688436058614506]], ""type"": ""MultiPoint""}"
10250,2013:1388238,2013-10-31T20:45:00,DANFORTH AVE,BARRINGTON AVE,,3,Non-Fatal Injury,,No Control,Pedestrian Collision(internal code),Rain,Dark with Artificial Lighting,Wet,Major Arterial,FALSE,-79.30054067,43.688436058614506,2,,,2,,,Other Safety Equipment Used,,,,,,,,,,owner,,Beaches-East York (19),55 Division,East End-Danforth,FALSE,TRUE,FALSE,FALSE,FALSE,FALSE,TRUE,FALSE,TRUE,FALSE,"{""coordinates"": [[-79.30054066551605, 43.688436058614506]], ""type"": ""MultiPoint""}"
10251,2013:1388488,2013-11-01T05:00:00,LAKE SHORE BLVD W,BATHURST ST,,2,Non-Fatal Injury,,Traffic Signal,Cyclist Collision,Rain,Dark,Wet,Major Arterial,FALSE,-79.39963893,43.63647221018101,1,Bicycle,South,1,33,Major,No Equipment Available,,,,,Going Ahead,,Rear end with cyclist and driver travelling in same direction,Disobeyed Traffic Control,Inattentive,cyclist,,Spadina-Fort York (10),14 Division,Harbourfront-CityPlace,FALSE,TRUE,TRUE,FALSE,FALSE,FALSE,FALSE,FALSE,FALSE,FALSE,"{""coordinates"": [[-79.39963893071794, 43.63647221018101]], ""type"": ""MultiPoint""}"
10252,2013:1388488,2013-11-01T05:00:00,LAKE SHORE BLVD W,BATHURST ST,,2,Non-Fatal Injury,,Traffic Signal,Cyclist Collision,Rain,Dark,Wet,Major Arterial,FALSE,-79.39963893,43.63647221018101,2,Automobile or Station Wagon,West,2,23,None,Lap and Shoulder Belt,Driving properly,Normal,,,Going Ahead,,,,,driver,,Spadina-Fort York (10),14 Division,Harbourfront-CityPlace,FALSE,TRUE,TRUE,FALSE,FALSE,FALSE,FALSE,FALSE,FALSE,FALSE,"{""coordinates"": [[-79.39963893071794, 43.63647221018101]], ""type"": ""MultiPoint""}"
10253,2013:1384646,2013-11-01T05:51:00,DUNDAS St E,REGENT St,,2,Non-Fatal Injury,,No Control,Pedestrian Collision(internal code),Rain,Dark with Artificial Lighting,Wet,Major Arterial,FALSE,-79.36409083,43.659844152218724,2,,Unknown,2,,Major,Other Safety Equipment Used,,,Other,Normal,,Driver hits pedestrian at midblock,,,,pedestrian,,Toronto Centre (13),51 Division,Regent Park,TRUE,TRUE,FALSE,FALSE,FALSE,FALSE,TRUE,FALSE,FALSE,FALSE,"{""coordinates"": [[-79.36409082541583, 43.659844152218724]], ""type"": ""MultiPoint""}"
10254,2013:1384646,2013-11-01T05:51:00,DUNDAS St E,REGENT St,,2,Non-Fatal Injury,,No Control,Pedestrian Collision(internal code),Rain,Dark with Artificial Lighting,Wet,Major Arterial,FALSE,-79.36409083,43.659844152218724,1,Automobile or Station Wagon,West,1,30,None,Lap and Shoulder Belt,Speed too fast for conditions,Inattentive,,,Going Ahead,,,,,driver,,Toronto Centre (13),51 Division,Regent Park,TRUE,TRUE,FALSE,FALSE,FALSE,FALSE,TRUE,FALSE,FALSE,FALSE,"{""coordinates"": [[-79.36409082541583, 43.659844152218724]], ""type"": ""MultiPoint""}"
10255,2013:1388623,2013-11-01T22:40:00,BAY ST,LAKE SHORE BLVD W,,2,Non-Fatal Injury,,No Control,Pedestrian Collision(internal code),Clear,Dark with Artificial Lighting,Dry,Major Arterial,FALSE,-79.37833088,43.644186176299165,2,,East,2,20,Major,No Equipment Available,,,Running onto roadway,Ability Impaired - Alcohol,,Driver hits pedestrian at midblock,,,,pedestrian,,Spadina-Fort York (10),52 Division,St Lawrence-East Bayfront-The Islands,FALSE,FALSE,FALSE,FALSE,FALSE,FALSE,TRUE,FALSE,FALSE,FALSE,"{""coordinates"": [[-79.37833087658872, 43.644186176299165]], ""type"": ""MultiPoint""}"
10256,2013:1388623,2013-11-01T22:40:00,BAY ST,LAKE SHORE BLVD W,,2,Non-Fatal Injury,,No Control,Pedestrian Collision(internal code),Clear,Dark with Artificial Lighting,Dry,Major Arterial,FALSE,-79.37833088,43.644186176299165,1,Automobile or Station Wagon,North,1,25,None,Lap and Shoulder Belt,Driving properly,Normal,,,Going Ahead,,,,,driver,,Spadina-Fort York (10),52 Division,St Lawrence-East Bayfront-The Islands,FALSE,FALSE,FALSE,FALSE,FALSE,FALSE,TRUE,FALSE,FALSE,FALSE,"{""coordinates"": [[-79.37833087658872, 43.644186176299165]], ""type"": ""MultiPoint""}"
10257,2013:1388613,2013-11-03T09:02:00,SANDHURST CRCL,FINCH AVE E,,3,Non-Fatal Injury,,Traffic Signal,Pedestrian Collision(internal code),Clear,Daylight,Dry,Major Arterial,FALSE,-79.26276747,43.808813017728646,1,Automobile or Station Wagon,South,1,62,None,Lap and Shoulder Belt,Failed to yield right-of-way,Other Condition,,,Turning Left,,,,,driver,,Scarborough North (23),42 Division,Agincourt North,TRUE,FALSE,FALSE,FALSE,FALSE,FALSE,TRUE,FALSE,TRUE,FALSE,"{""coordinates"": [[-79.26276747288813, 43.808813017728646]], ""type"": ""MultiPoint""}"
10258,2013:1388613,2013-11-03T09:02:00,SANDHURST CRCL,FINCH AVE E,,3,Non-Fatal Injury,,Traffic Signal,Pedestrian Collision(internal code),Clear,Daylight,Dry,Major Arterial,FALSE,-79.26276747,43.808813017728646,2,,North,2,1,Minimal,Other Safety Equipment Used,,,Crossing with right-of-way (intersection),Normal,,Driver turns left into pedestrian crossing with right-of-way (at intersection),,,,pedestrian,,Scarborough North (23),42 Division,Agincourt North,TRUE,FALSE,FALSE,FALSE,FALSE,FALSE,TRUE,FALSE,TRUE,FALSE,"{""coordinates"": [[-79.26276747288813, 43.808813017728646]], ""type"": ""MultiPoint""}"
10259,2013:1388613,2013-11-03T09:02:00,SANDHURST CRCL,FINCH AVE E,,3,Non-Fatal Injury,,Traffic Signal,Pedestrian Collision(internal code),Clear,Daylight,Dry,Major Arterial,FALSE,-79.26276747,43.808813017728646,2,,North,3,5,Major,Other Safety Equipment Used,,,Crossing with right-of-way (intersection),Normal,,Driver turns left into pedestrian crossing with right-of-way (at intersection),,,,pedestrian,,Scarborough North (23),42 Division,Agincourt North,TRUE,FALSE,FALSE,FALSE,FALSE,FALSE,TRUE,FALSE,TRUE,FALSE,"{""coordinates"": [[-79.26276747288813, 43.808813017728646]], ""type"": ""MultiPoint""}"
10260,2013:1388412,2013-11-03T09:20:00,THE DONWAY W,LAWRENCE AVE E,,3,Non-Fatal Injury,,No Control,SMV Other,Clear,Daylight,Dry,Minor Arterial,FALSE,-79.34708768,43.738458116561326,1,,,1,26,Major,Lap and Shoulder Belt,,,,,,,,,,passenger,,Don Valley East (16),33 Division,Banbury-Don Mills,TRUE,TRUE,FALSE,FALSE,FALSE,FALSE,FALSE,FALSE,FALSE,FALSE,"{""coordinates"": [[-79.34708768024855, 43.738458116561326]], ""type"": ""MultiPoint""}"
10261,2013:1388412,2013-11-03T09:20:00,THE DONWAY W,LAWRENCE AVE E,,3,Non-Fatal Injury,,No Control,SMV Other,Clear,Daylight,Dry,Minor Arterial,FALSE,-79.34708768,43.738458116561326,1,Automobile or Station Wagon,North,2,22,Minor,Lap and Shoulder Belt,Exceeding speed limit,Inattentive,,,Going Ahead,,,,,driver,,Don Valley East (16),33 Division,Banbury-Don Mills,TRUE,TRUE,FALSE,FALSE,FALSE,FALSE,FALSE,FALSE,FALSE,FALSE,"{""coordinates"": [[-79.34708768024855, 43.738458116561326]], ""type"": ""MultiPoint""}"
10262,2013:1388412,2013-11-03T09:20:00,THE DONWAY W,LAWRENCE AVE E,,3,Non-Fatal Injury,,No Control,SMV Other,Clear,Daylight,Dry,Minor Arterial,FALSE,-79.34708768,43.738458116561326,2,,,3,,,Other Safety Equipment Used,,,,,,,,,,owner,,Don Valley East (16),33 Division,Banbury-Don Mills,TRUE,TRUE,FALSE,FALSE,FALSE,FALSE,FALSE,FALSE,FALSE,FALSE,"{""coordinates"": [[-79.34708768024855, 43.738458116561326]], ""type"": ""MultiPoint""}"
10263,2013:1388425,2013-11-03T11:30:00,WARDEN Ave,FINCH Ave E,,2,Non-Fatal Injury,,Traffic Signal,Turning Movement,Clear,Daylight,Dry,Major Arterial,FALSE,-79.31575357,43.796762078159766,2,Automobile or Station Wagon,South,2,81,Major,Other Safety Equipment Used,Driving properly,Normal,,,Turning Left,,,,,driver,,Scarborough-Agincourt (22),42 Division,East L'Amoreaux,TRUE,FALSE,FALSE,FALSE,FALSE,TRUE,FALSE,TRUE,FALSE,FALSE,"{""coordinates"": [[-79.31575356761113, 43.796762078159766]], ""type"": ""MultiPoint""}"
10264,2013:1388425,2013-11-03T11:30:00,WARDEN Ave,FINCH Ave E,,2,Non-Fatal Injury,,Traffic Signal,Turning Movement,Clear,Daylight,Dry,Major Arterial,FALSE,-79.31575357,43.796762078159766,1,Automobile or Station Wagon,North,1,60,None,Other Safety Equipment Used,Disobeyed traffic control,Unknown,,,Going Ahead,,,,,driver,,Scarborough-Agincourt (22),42 Division,East L'Amoreaux,TRUE,FALSE,FALSE,FALSE,FALSE,TRUE,FALSE,TRUE,FALSE,FALSE,"{""coordinates"": [[-79.31575356761113, 43.796762078159766]], ""type"": ""MultiPoint""}"
10265,2013:1385276,2013-11-03T16:25:00,18 LONGSPUR RD,,,2,Fatal Injury,,No Control,Pedestrian Collision(internal code),Clear,Daylight,Dry,Collector,FALSE,-79.32506969,43.70580109128004,2,,West,2,89,Fatal,Other Safety Equipment Used,,,Other,Normal,,Driver reversing hits pedestrian,,,,pedestrian,55,Beaches-East York (19),55 Division,O'Connor-Parkview,FALSE,FALSE,FALSE,FALSE,FALSE,TRUE,TRUE,FALSE,FALSE,FALSE,"{""coordinates"": [[-79.325069687166, 43.70580109128004]], ""type"": ""MultiPoint""}"
10266,2013:1385276,2013-11-03T16:25:00,18 LONGSPUR RD,,,2,Fatal Injury,,No Control,Pedestrian Collision(internal code),Clear,Daylight,Dry,Collector,FALSE,-79.32506969,43.70580109128004,1,Automobile or Station Wagon,West,1,64,None,Lap and Shoulder Belt,Other,Normal,,,Reversing,,,,,driver,,Beaches-East York (19),55 Division,O'Connor-Parkview,FALSE,FALSE,FALSE,FALSE,FALSE,TRUE,TRUE,FALSE,FALSE,FALSE,"{""coordinates"": [[-79.325069687166, 43.70580109128004]], ""type"": ""MultiPoint""}"
10267,2013:1388459,2013-11-04T14:35:00,VINE Ave,JACKSON Pl,,2,Non-Fatal Injury,,No Control,Turning Movement,Clear,Daylight,Dry,Local,FALSE,-79.46727401,43.66658930000611,2,Automobile or Station Wagon,North,2,52,Minor,Lap and Shoulder Belt,Improper turn,Normal,,,Turning Left,,,,,driver,,Parkdale-High Park (4),11 Division,Junction Area,FALSE,FALSE,FALSE,FALSE,FALSE,FALSE,FALSE,FALSE,FALSE,FALSE,"{""coordinates"": [[-79.46727401268203, 43.66658930000611]], ""type"": ""MultiPoint""}"
10268,2013:1388459,2013-11-04T14:35:00,VINE Ave,JACKSON Pl,,2,Non-Fatal Injury,,No Control,Turning Movement,Clear,Daylight,Dry,Local,FALSE,-79.46727401,43.66658930000611,1,Automobile or Station Wagon,East,1,50,Major,Lap and Shoulder Belt,Driving properly,Normal,,,Going Ahead,,,,,driver,,Parkdale-High Park (4),11 Division,Junction Area,FALSE,FALSE,FALSE,FALSE,FALSE,FALSE,FALSE,FALSE,FALSE,FALSE,"{""coordinates"": [[-79.46727401268203, 43.66658930000611]], ""type"": ""MultiPoint""}"
10269,2013:1388451,2013-11-04T20:09:00,YONGE St,DAVISVILLE Ave,,4,Non-Fatal Injury,,No Control,Rear End,Clear,Dawn with Artificial Lighting,Dry,Major Arterial,FALSE,-79.39663283,43.698290189986594,1,Automobile or Station Wagon,South,3,32,None,Lap and Shoulder Belt,Driving properly,Normal,,,Going Ahead,,,,,driver,,Toronto-St. Paul's (12),53 Division,South Eglinton-Davisville,TRUE,FALSE,FALSE,FALSE,FALSE,TRUE,FALSE,FALSE,FALSE,FALSE,"{""coordinates"": [[-79.39663282812529, 43.698290189986594]], ""type"": ""MultiPoint""}"
10270,2013:1388451,2013-11-04T20:09:00,YONGE St,DAVISVILLE Ave,,4,Non-Fatal Injury,,No Control,Rear End,Clear,Dawn with Artificial Lighting,Dry,Major Arterial,FALSE,-79.39663283,43.698290189986594,1,,,2,79,Major,Lap and Shoulder Belt,,,,,,,,,,passenger,,Toronto-St. Paul's (12),53 Division,South Eglinton-Davisville,TRUE,FALSE,FALSE,FALSE,FALSE,TRUE,FALSE,FALSE,FALSE,FALSE,"{""coordinates"": [[-79.39663282812529, 43.698290189986594]], ""type"": ""MultiPoint""}"
10271,2013:1388451,2013-11-04T20:09:00,YONGE St,DAVISVILLE Ave,,4,Non-Fatal Injury,,No Control,Rear End,Clear,Dawn with Artificial Lighting,Dry,Major Arterial,FALSE,-79.39663283,43.698290189986594,2,Automobile or Station Wagon,South,4,32,None,Lap and Shoulder Belt,Following too closely,Normal,,,Going Ahead,,,,,driver,,Toronto-St. Paul's (12),53 Division,South Eglinton-Davisville,TRUE,FALSE,FALSE,FALSE,FALSE,TRUE,FALSE,FALSE,FALSE,FALSE,"{""coordinates"": [[-79.39663282812529, 43.698290189986594]], ""type"": ""MultiPoint""}"
10272,2013:3000935041,2013-11-07T09:00:00,610 UNIVERSITY AVE,,,2,Non-Fatal Injury,Non-Intersection,No Control,Pedestrian Collision(internal code),Clear,Daylight,Dry,Major Arterial,FALSE,-79.38976688,43.65820119008396,1,Automobile or Station Wagon,North,1,51,None,Lap and Shoulder Belt,Improper turn,Normal,,,Making U-Turn,,,,,driver,,University-Rosedale (11),52 Division,Yonge-Bay Corridor,FALSE,FALSE,FALSE,FALSE,FALSE,FALSE,TRUE,FALSE,FALSE,FALSE,"{""coordinates"": [[-79.38976687749442, 43.65820119008396]], ""type"": ""MultiPoint""}"
10273,2013:3000935041,2013-11-07T09:00:00,610 UNIVERSITY AVE,,,2,Non-Fatal Injury,Non-Intersection,No Control,Pedestrian Collision(internal code),Clear,Daylight,Dry,Major Arterial,FALSE,-79.38976688,43.65820119008396,0,,East,2,58,Major,No Equipment Available,,,Crossing - no traffic control,Normal,,Driver hits pedestrian at midblock,,,,pedestrian,,University-Rosedale (11),52 Division,Yonge-Bay Corridor,FALSE,FALSE,FALSE,FALSE,FALSE,FALSE,TRUE,FALSE,FALSE,FALSE,"{""coordinates"": [[-79.38976687749442, 43.65820119008396]], ""type"": ""MultiPoint""}"
10274,2013:1385686,2013-11-07T09:26:00,STEELES AVE E,STRAWBERRY HILLS DR,,2,Non-Fatal Injury,,,Other,Other,Daylight,Other,Major Arterial,FALSE,-79.28039148,43.82983204032948,1,Automobile or Station Wagon,,1,74,Major,Other Safety Equipment Used,,,,,Unknown,,,,,driver,,Scarborough North (23),42 Division,Milliken,FALSE,FALSE,FALSE,FALSE,FALSE,TRUE,FALSE,FALSE,FALSE,FALSE,"{""coordinates"": [[-79.28039148260885, 43.82983204032948]], ""type"": ""MultiPoint""}"
10275,2013:1385686,2013-11-07T09:26:00,STEELES AVE E,STRAWBERRY HILLS DR,,2,Non-Fatal Injury,,,Other,Other,Daylight,Other,Major Arterial,FALSE,-79.28039148,43.82983204032948,2,Automobile or Station Wagon,,2,30,None,Other Safety Equipment Used,,,,,Unknown,,,,,driver,,Scarborough North (23),42 Division,Milliken,FALSE,FALSE,FALSE,FALSE,FALSE,TRUE,FALSE,FALSE,FALSE,FALSE,"{""coordinates"": [[-79.28039148260885, 43.82983204032948]], ""type"": ""MultiPoint""}"
10276,2013:130927832,2013-11-07T11:41:00,HARBORD ST,SPADINA AVE,,2,Fatal Injury,,Traffic Signal,Pedestrian Collision(internal code),Clear,Daylight,Dry,Major Arterial,FALSE,-79.40209589,43.66304220683943,0,Bus - Other,West,2,38,None,,Failed to yield right-of-way,Unknown,,,Going Ahead,,,,,driver,,University-Rosedale (11),52 Division,University,TRUE,FALSE,FALSE,FALSE,FALSE,FALSE,TRUE,FALSE,FALSE,TRUE,"{""coordinates"": [[-79.40209589370129, 43.66304220683943]], ""type"": ""MultiPoint""}"
10277,2013:130927832,2013-11-07T11:41:00,HARBORD ST,SPADINA AVE,,2,Fatal Injury,,Traffic Signal,Pedestrian Collision(internal code),Clear,Daylight,Dry,Major Arterial,FALSE,-79.40209589,43.66304220683943,0,,South,1,63,Fatal,,,,Crossing with right-of-way (intersection),Unknown,,Driver going straight hits pedestrian crossing with right-of-way (at intersection),,,,pedestrian,51,University-Rosedale (11),52 Division,University,TRUE,FALSE,FALSE,FALSE,FALSE,FALSE,TRUE,FALSE,FALSE,TRUE,"{""coordinates"": [[-79.40209589370129, 43.66304220683943]], ""type"": ""MultiPoint""}"
10278,2013:3013932599,2013-11-08T07:25:00,LAWRENCE AVE E,BENNETT RD,,2,Fatal Injury,Intersection-Related,Traffic Signal,Pedestrian Collision(internal code),Clear,Daylight,Dry,Minor Arterial,FALSE,-79.16633237,43.77286691393837,1,Automobile or Station Wagon,North,1,38,None,Lap and Shoulder Belt,Failed to yield right-of-way,Inattentive,,,Turning Left,,,,,driver,,Scarborough-Rouge Park (25),43 Division,West Hill,TRUE,TRUE,FALSE,FALSE,FALSE,FALSE,TRUE,FALSE,FALSE,FALSE,"{""coordinates"": [[-79.1663323671355, 43.77286691393837]], ""type"": ""MultiPoint""}"
10279,2013:3013932599,2013-11-08T07:25:00,LAWRENCE AVE E,BENNETT RD,,2,Fatal Injury,Intersection-Related,Traffic Signal,Pedestrian Collision(internal code),Clear,Daylight,Dry,Minor Arterial,FALSE,-79.16633237,43.77286691393837,1,,South,2,27,Fatal,No Equipment Available,,,Crossing with right-of-way (intersection),Normal,,Driver turns left into pedestrian crossing with right-of-way (at intersection),,,,pedestrian,52,Scarborough-Rouge Park (25),43 Division,West Hill,TRUE,TRUE,FALSE,FALSE,FALSE,FALSE,TRUE,FALSE,FALSE,FALSE,"{""coordinates"": [[-79.1663323671355, 43.77286691393837]], ""type"": ""MultiPoint""}"
10280,2013:3000936141,2013-11-08T18:13:00,QUEEN ST W,RONCESVALLES AVE,,2,Non-Fatal Injury,Non-Intersection,No Control,SMV Other,Clear,Dark with Artificial Lighting,Dry,Major Arterial,FALSE,-79.44688102,43.63857828092114,1,Passenger Van,West,1,57,None,Air Bag Deployed,Lost control,Normal,,,Going Ahead,,,,,driver,,Parkdale-High Park (4),11 Division,High Park-Swansea,FALSE,FALSE,FALSE,FALSE,FALSE,TRUE,FALSE,FALSE,FALSE,FALSE,"{""coordinates"": [[-79.44688102126837, 43.63857828092114]], ""type"": ""MultiPoint""}"
10281,2013:3000936141,2013-11-08T18:13:00,QUEEN ST W,RONCESVALLES AVE,,2,Non-Fatal Injury,Non-Intersection,No Control,SMV Other,Clear,Dark with Artificial Lighting,Dry,Major Arterial,FALSE,-79.44688102,43.63857828092114,1,,,2,67,Major,Air Bag Deployed,,,,,,,,,,passenger,,Parkdale-High Park (4),11 Division,High Park-Swansea,FALSE,FALSE,FALSE,FALSE,FALSE,TRUE,FALSE,FALSE,FALSE,FALSE,"{""coordinates"": [[-79.44688102126837, 43.63857828092114]], ""type"": ""MultiPoint""}"
10282,2013:3000936395,2013-11-08T19:00:00,955 BAY ST,,,2,Non-Fatal Injury,Private Driveway,No Control,Pedestrian Collision(internal code),Clear,Dark with Artificial Lighting,Dry,Major Arterial,FALSE,-79.38718086,43.66435818487684,0,,North,2,29,Major,No Equipment Available,,,On sidewalk or shoulder,Normal,,Driver hits pedestrian on sidewalk or shoulder,,,,pedestrian,,University-Rosedale (11),52 Division,Bay-Cloverhill,TRUE,TRUE,FALSE,FALSE,FALSE,FALSE,TRUE,FALSE,FALSE,FALSE,"{""coordinates"": [[-79.38718086302848, 43.66435818487684]], ""type"": ""MultiPoint""}"