_id,collision_id,accdate,stname1,stname2,stname3,per_inv,acclass,accloc,traffictl,impactype,visible,light,rdsfcond,road_class,failtorem,longitude,latitude,veh_no,vehtype,initdir,per_no,invage,injury,safequip,drivact,drivcond,pedact,pedcond,manoeuvre,pedtype,cyclistype,cycact,cyccond,road_user,fatal_no,wardname,division,neighbourhood,aggressive,distracted,cyclist,motorcyclist,other_micromobility,older_adult,pedestrian,red_light,school_child,heavy_truck,geometry
10375,2013:3001139681,2013-12-12T17:05:00,200 GATEWAY BLVD,,,2,Non-Fatal Injury,At/Near Private Drive,No Control,Pedestrian Collision(internal code),Clear,Dark with Artificial Lighting,Dry,Collector,FALSE,-79.33517869,43.714597103985405,0,,East,1,36,Major,No Equipment Available,,,Crossing - no traffic control,Normal,,Driver hits pedestrian at private driveway,,,,pedestrian,,Don Valley East (16),55 Division,Flemingdon Park,TRUE,TRUE,FALSE,FALSE,FALSE,FALSE,TRUE,FALSE,FALSE,FALSE,"{""coordinates"": [[-79.33517869313022, 43.714597103985405]], ""type"": ""MultiPoint""}"
10376,2013:3001161677,2013-12-16T12:37:00,DUFFERIN ST,OVERBROOK PL,,4,Non-Fatal Injury,At Intersection,Traffic Signal,Turning Movement,Clear,Daylight,Wet,Major Arterial,FALSE,-79.46516785,43.76096926039109,2,Automobile or Station Wagon,North,2,18,Minor,Lap and Shoulder Belt,Driving properly,Normal,,,Going Ahead,,,,,driver,,York Centre (6),32 Division,Bathurst Manor,TRUE,FALSE,FALSE,FALSE,FALSE,TRUE,FALSE,FALSE,TRUE,FALSE,"{""coordinates"": [[-79.46516784970686, 43.76096926039109]], ""type"": ""MultiPoint""}"
10377,2013:3001161677,2013-12-16T12:37:00,DUFFERIN ST,OVERBROOK PL,,4,Non-Fatal Injury,At Intersection,Traffic Signal,Turning Movement,Clear,Daylight,Wet,Major Arterial,FALSE,-79.46516785,43.76096926039109,2,Automobile or Station Wagon,South,1,81,Major,Air Bag Deployed,Failed to yield right-of-way,Normal,,,Turning Left,,,,,driver,,York Centre (6),32 Division,Bathurst Manor,TRUE,FALSE,FALSE,FALSE,FALSE,TRUE,FALSE,FALSE,TRUE,FALSE,"{""coordinates"": [[-79.46516784970686, 43.76096926039109]], ""type"": ""MultiPoint""}"
10378,2013:3001161677,2013-12-16T12:37:00,DUFFERIN ST,OVERBROOK PL,,4,Non-Fatal Injury,At Intersection,Traffic Signal,Turning Movement,Clear,Daylight,Wet,Major Arterial,FALSE,-79.46516785,43.76096926039109,2,,,4,20,Minor,Lap and Shoulder Belt,,,,,,,,,,passenger,,York Centre (6),32 Division,Bathurst Manor,TRUE,FALSE,FALSE,FALSE,FALSE,TRUE,FALSE,FALSE,TRUE,FALSE,"{""coordinates"": [[-79.46516784970686, 43.76096926039109]], ""type"": ""MultiPoint""}"
10379,2013:3001161677,2013-12-16T12:37:00,DUFFERIN ST,OVERBROOK PL,,4,Non-Fatal Injury,At Intersection,Traffic Signal,Turning Movement,Clear,Daylight,Wet,Major Arterial,FALSE,-79.46516785,43.76096926039109,2,,,3,18,Minor,Lap Belt Only,,,,,,,,,,passenger,,York Centre (6),32 Division,Bathurst Manor,TRUE,FALSE,FALSE,FALSE,FALSE,TRUE,FALSE,FALSE,TRUE,FALSE,"{""coordinates"": [[-79.46516784970686, 43.76096926039109]], ""type"": ""MultiPoint""}"
10380,2013:3001181592,2013-12-19T15:58:00,WILSON AVE,HAYMARKET RD,314 m  of,2,Non-Fatal Injury,At Intersection,No Control,Pedestrian Collision(internal code),Clear,Daylight,Dry,Major Arterial,FALSE,-79.515972,43.71923633952301,1,,South,2,68,Major,Use Unknown,,,Crossing - no traffic control,Normal,,Driver turns left into pedestrian crossing with right-of-way (at intersection),,,,pedestrian,,Humber River-Black Creek (7),31 Division,Oakdale-Beverley Heights,TRUE,FALSE,FALSE,FALSE,FALSE,TRUE,TRUE,FALSE,FALSE,FALSE,"{""coordinates"": [[-79.51597199854638, 43.71923633952301]], ""type"": ""MultiPoint""}"
10381,2013:3001181592,2013-12-19T15:58:00,WILSON AVE,HAYMARKET RD,314 m  of,2,Non-Fatal Injury,At Intersection,No Control,Pedestrian Collision(internal code),Clear,Daylight,Dry,Major Arterial,FALSE,-79.515972,43.71923633952301,1,Automobile or Station Wagon,North,1,60,None,Lap and Shoulder Belt,Failed to yield right-of-way,Normal,,,Turning Left,,,,,driver,,Humber River-Black Creek (7),31 Division,Oakdale-Beverley Heights,TRUE,FALSE,FALSE,FALSE,FALSE,TRUE,TRUE,FALSE,FALSE,FALSE,"{""coordinates"": [[-79.51597199854638, 43.71923633952301]], ""type"": ""MultiPoint""}"
10382,2013:3001182127,2013-12-19T17:28:00,JUTLAND RD,KIPLING AVE,,3,Non-Fatal Injury,Non-Intersection,No Control,Pedestrian Collision(internal code),Clear,Dark with Artificial Lighting,Loose Sand or Gravel,Collector,FALSE,-79.52666918,43.62667640030685,2,Construction Equipment,North,2,51,Minimal,No Equipment Available,Driving properly,Normal,,,Unknown,,,,,driver,,Etobicoke-Lakeshore (3),22 Division,Etobicoke City Centre,FALSE,FALSE,FALSE,FALSE,FALSE,TRUE,TRUE,FALSE,FALSE,TRUE,"{""coordinates"": [[-79.5266691837347, 43.62667640030685]], ""type"": ""MultiPoint""}"
10383,2013:3001182127,2013-12-19T17:28:00,JUTLAND RD,KIPLING AVE,,3,Non-Fatal Injury,Non-Intersection,No Control,Pedestrian Collision(internal code),Clear,Dark with Artificial Lighting,Loose Sand or Gravel,Collector,FALSE,-79.52666918,43.62667640030685,2,Automobile or Station Wagon,East,1,81,None,Lap and Shoulder Belt,Driving properly,Normal,,,Unknown,,,,,driver,,Etobicoke-Lakeshore (3),22 Division,Etobicoke City Centre,FALSE,FALSE,FALSE,FALSE,FALSE,TRUE,TRUE,FALSE,FALSE,TRUE,"{""coordinates"": [[-79.5266691837347, 43.62667640030685]], ""type"": ""MultiPoint""}"
10384,2013:3001182127,2013-12-19T17:28:00,JUTLAND RD,KIPLING AVE,,3,Non-Fatal Injury,Non-Intersection,No Control,Pedestrian Collision(internal code),Clear,Dark with Artificial Lighting,Loose Sand or Gravel,Collector,FALSE,-79.52666918,43.62667640030685,2,Construction Equipment,Unknown,3,60,Major,Use Unknown,,,Walking on roadway with traffic,Normal,,Driver hits pedestrian at midblock,,,,pedestrian,,Etobicoke-Lakeshore (3),22 Division,Etobicoke City Centre,FALSE,FALSE,FALSE,FALSE,FALSE,TRUE,TRUE,FALSE,FALSE,TRUE,"{""coordinates"": [[-79.5266691837347, 43.62667640030685]], ""type"": ""MultiPoint""}"
10385,2013:3001182464,2013-12-19T18:37:00,90 PARK LAWN RD,,,2,Non-Fatal Injury,Non-Intersection,No Control,Pedestrian Collision(internal code),Clear,Dark with Artificial Lighting,Dry,Major Arterial,FALSE,-79.48367712,43.62396434310106,1,Automobile or Station Wagon,South,1,23,None,Lap and Shoulder Belt,Driving properly,Normal,,,Going Ahead,,,,,driver,,Etobicoke-Lakeshore (3),22 Division,Humber Bay Shores,FALSE,FALSE,FALSE,FALSE,FALSE,FALSE,TRUE,FALSE,FALSE,FALSE,"{""coordinates"": [[-79.48367712063666, 43.62396434310106]], ""type"": ""MultiPoint""}"
10386,2013:3001182464,2013-12-19T18:37:00,90 PARK LAWN RD,,,2,Non-Fatal Injury,Non-Intersection,No Control,Pedestrian Collision(internal code),Clear,Dark with Artificial Lighting,Dry,Major Arterial,FALSE,-79.48367712,43.62396434310106,1,,East,2,43,Major,Use Unknown,,,Crossing - no traffic control,Normal,,Driver hits pedestrian at midblock,,,,pedestrian,,Etobicoke-Lakeshore (3),22 Division,Humber Bay Shores,FALSE,FALSE,FALSE,FALSE,FALSE,FALSE,TRUE,FALSE,FALSE,FALSE,"{""coordinates"": [[-79.48367712063666, 43.62396434310106]], ""type"": ""MultiPoint""}"
10387,2013:3001188681,2013-12-20T19:19:00,STEELES AVE E,LESLIE ST,192 m East of,3,Non-Fatal Injury,Non-Intersection,No Control,Pedestrian Collision(internal code),Rain,Dark with Artificial Lighting,Slush,Major Arterial,FALSE,-79.37007564,43.80896514133885,2,Automobile or Station Wagon,East,1,58,None,Lap and Shoulder Belt,Driving properly,Normal,,,Going Ahead,,,,,driver,,Don Valley North (17),33 Division,Hillcrest Village,FALSE,FALSE,FALSE,FALSE,FALSE,FALSE,TRUE,FALSE,FALSE,FALSE,"{""coordinates"": [[-79.37007564197197, 43.80896514133885]], ""type"": ""MultiPoint""}"
10388,2013:3001188681,2013-12-20T19:19:00,STEELES AVE E,LESLIE ST,192 m East of,3,Non-Fatal Injury,Non-Intersection,No Control,Pedestrian Collision(internal code),Rain,Dark with Artificial Lighting,Slush,Major Arterial,FALSE,-79.37007564,43.80896514133885,2,Automobile or Station Wagon,East,2,34,None,Lap and Shoulder Belt,Driving properly,Normal,,,Going Ahead,,,,,driver,,Don Valley North (17),33 Division,Hillcrest Village,FALSE,FALSE,FALSE,FALSE,FALSE,FALSE,TRUE,FALSE,FALSE,FALSE,"{""coordinates"": [[-79.37007564197197, 43.80896514133885]], ""type"": ""MultiPoint""}"
10389,2013:3001188681,2013-12-20T19:19:00,STEELES AVE E,LESLIE ST,192 m East of,3,Non-Fatal Injury,Non-Intersection,No Control,Pedestrian Collision(internal code),Rain,Dark with Artificial Lighting,Slush,Major Arterial,FALSE,-79.37007564,43.80896514133885,2,,South,3,26,Major,No Equipment Available,,,Crossing - no traffic control,Had Been Drinking,,Driver hits pedestrian at midblock,,,,pedestrian,,Don Valley North (17),33 Division,Hillcrest Village,FALSE,FALSE,FALSE,FALSE,FALSE,FALSE,TRUE,FALSE,FALSE,FALSE,"{""coordinates"": [[-79.37007564197197, 43.80896514133885]], ""type"": ""MultiPoint""}"
10390,2013:131219717,2013-12-24T15:00:00,VICTORIA PARK AVE,O CONNOR DR,,2,Fatal Injury,,Stop Sign,Pedestrian Collision(internal code),Clear,Daylight,Dry,Major Arterial,FALSE,-79.30168562,43.72236805911154,0,,East,1,73,Fatal,,,,Crossing - no traffic control,Unknown,,Driver hits pedestrian at midblock,,,,pedestrian,63,Scarborough Southwest (20),41 Division,Clairlea-Birchmount,FALSE,FALSE,FALSE,FALSE,FALSE,TRUE,TRUE,FALSE,FALSE,FALSE,"{""coordinates"": [[-79.3016856232886, 43.72236805911154]], ""type"": ""MultiPoint""}"
10391,2013:131219717,2013-12-24T15:00:00,VICTORIA PARK AVE,O CONNOR DR,,2,Fatal Injury,,Stop Sign,Pedestrian Collision(internal code),Clear,Daylight,Dry,Major Arterial,FALSE,-79.30168562,43.72236805911154,0,Automobile or Station Wagon,West,2,67,None,,Driving properly,Normal,,,Turning Left,,,,,driver,,Scarborough Southwest (20),41 Division,Clairlea-Birchmount,FALSE,FALSE,FALSE,FALSE,FALSE,TRUE,TRUE,FALSE,FALSE,FALSE,"{""coordinates"": [[-79.3016856232886, 43.72236805911154]], ""type"": ""MultiPoint""}"
10392,2013:3001220302,2013-12-24T16:45:00,JAMESON AVE,KING ST W,,2,Non-Fatal Injury,Non-Intersection,No Control,Pedestrian Collision(internal code),Clear,Daylight,Dry,Minor Arterial,FALSE,-79.435704,43.63633926482508,0,,West,2,65,Major,,,,Crossing - no traffic control,Normal,,Driver hits pedestrian at midblock,,,,pedestrian,,Parkdale-High Park (4),14 Division,South Parkdale,FALSE,FALSE,FALSE,FALSE,FALSE,TRUE,TRUE,FALSE,FALSE,FALSE,"{""coordinates"": [[-79.43570400279684, 43.63633926482508]], ""type"": ""MultiPoint""}"
10393,2013:3001220302,2013-12-24T16:45:00,JAMESON AVE,KING ST W,,2,Non-Fatal Injury,Non-Intersection,No Control,Pedestrian Collision(internal code),Clear,Daylight,Dry,Minor Arterial,FALSE,-79.435704,43.63633926482508,1,Automobile or Station Wagon,South,1,75,None,Lap and Shoulder Belt,Driving properly,Normal,,,Going Ahead,,,,,driver,,Parkdale-High Park (4),14 Division,South Parkdale,FALSE,FALSE,FALSE,FALSE,FALSE,TRUE,TRUE,FALSE,FALSE,FALSE,"{""coordinates"": [[-79.43570400279684, 43.63633926482508]], ""type"": ""MultiPoint""}"
10394,2013:3001238664,2013-12-28T09:42:00,ELLESMERE RD,DUNDALK DR,,3,Non-Fatal Injury,At Intersection,Traffic Signal,Turning Movement,Clear,Daylight,Wet,Major Arterial,FALSE,-79.28380238,43.76509683282852,1,Automobile or Station Wagon,East,1,76,None,Lap and Shoulder Belt,Failed to yield right-of-way,Normal,,,Turning Left,,,,,driver,,Scarborough Centre (21),41 Division,Dorset Park,TRUE,FALSE,FALSE,FALSE,FALSE,TRUE,FALSE,FALSE,FALSE,FALSE,"{""coordinates"": [[-79.28380238473352, 43.76509683282852]], ""type"": ""MultiPoint""}"
10395,2013:3001238664,2013-12-28T09:42:00,ELLESMERE RD,DUNDALK DR,,3,Non-Fatal Injury,At Intersection,Traffic Signal,Turning Movement,Clear,Daylight,Wet,Major Arterial,FALSE,-79.28380238,43.76509683282852,2,Automobile or Station Wagon,West,2,60,Minor,Lap and Shoulder Belt,Driving properly,Normal,,,Going Ahead,,,,,driver,,Scarborough Centre (21),41 Division,Dorset Park,TRUE,FALSE,FALSE,FALSE,FALSE,TRUE,FALSE,FALSE,FALSE,FALSE,"{""coordinates"": [[-79.28380238473352, 43.76509683282852]], ""type"": ""MultiPoint""}"
10396,2013:3001238664,2013-12-28T09:42:00,ELLESMERE RD,DUNDALK DR,,3,Non-Fatal Injury,At Intersection,Traffic Signal,Turning Movement,Clear,Daylight,Wet,Major Arterial,FALSE,-79.28380238,43.76509683282852,2,,,3,31,Major,Lap and Shoulder Belt,,,,,,,,,,passenger,,Scarborough Centre (21),41 Division,Dorset Park,TRUE,FALSE,FALSE,FALSE,FALSE,TRUE,FALSE,FALSE,FALSE,FALSE,"{""coordinates"": [[-79.28380238473352, 43.76509683282852]], ""type"": ""MultiPoint""}"
10397,2013:3001256436,2013-12-31T13:03:00,JANE ST,ARDAGH ST,,2,Non-Fatal Injury,At Intersection,Traffic Signal,Pedestrian Collision(internal code),Clear,Daylight,Dry,Major Arterial,FALSE,-79.48707207,43.655668333651576,1,,Unknown,2,39,Major,No Equipment Available,,,Crossing with right-of-way (intersection),Normal,,Driver turns left into pedestrian crossing with right-of-way (at intersection),,,,pedestrian,,Parkdale-High Park (4),11 Division,Runnymede-Bloor West Village,TRUE,FALSE,FALSE,FALSE,FALSE,FALSE,TRUE,FALSE,FALSE,FALSE,"{""coordinates"": [[-79.48707207024876, 43.655668333651576]], ""type"": ""MultiPoint""}"
10398,2013:3001256436,2013-12-31T13:03:00,JANE ST,ARDAGH ST,,2,Non-Fatal Injury,At Intersection,Traffic Signal,Pedestrian Collision(internal code),Clear,Daylight,Dry,Major Arterial,FALSE,-79.48707207,43.655668333651576,1,Automobile or Station Wagon,West,1,49,None,Lap and Shoulder Belt,Failed to yield right-of-way,Normal,,,Turning Left,,,,,driver,,Parkdale-High Park (4),11 Division,Runnymede-Bloor West Village,TRUE,FALSE,FALSE,FALSE,FALSE,FALSE,TRUE,FALSE,FALSE,FALSE,"{""coordinates"": [[-79.48707207024876, 43.655668333651576]], ""type"": ""MultiPoint""}"
10399,2014:4001311712,2014-01-09T15:45:00,MCCOWAN RD,EGLINTON AVE E,2 m North of,2,Non-Fatal Injury,Intersection-Related,No Control,Pedestrian Collision(internal code),Clear,Daylight,Wet,Major Arterial,TRUE,-79.2383535,43.73883998038312,0,Passenger Van,Unknown,1,43,Major,No Equipment Available,,,Other,Unknown,,Unknown,,,,pedestrian,,Scarborough Southwest (20),43 Division,Eglinton East,FALSE,FALSE,FALSE,FALSE,FALSE,FALSE,TRUE,FALSE,FALSE,FALSE,"{""coordinates"": [[-79.23835349619941, 43.73883998038312]], ""type"": ""MultiPoint""}"
10400,2014:4001311712,2014-01-09T15:45:00,MCCOWAN RD,EGLINTON AVE E,2 m North of,2,Non-Fatal Injury,Intersection-Related,No Control,Pedestrian Collision(internal code),Clear,Daylight,Wet,Major Arterial,TRUE,-79.2383535,43.73883998038312,1,,Unknown,2,,None,Use Unknown,Other,Unknown,,,Unknown,,,,,driver,,Scarborough Southwest (20),43 Division,Eglinton East,FALSE,FALSE,FALSE,FALSE,FALSE,FALSE,TRUE,FALSE,FALSE,FALSE,"{""coordinates"": [[-79.23835349619941, 43.73883998038312]], ""type"": ""MultiPoint""}"
10401,2014:4001313188,2014-01-09T20:25:00,ISLINGTON AVE,BRIMINGHAM ST,,2,Non-Fatal Injury,Intersection-Related,Traffic Signal,Pedestrian Collision(internal code),Clear,Dark with Artificial Lighting,Wet,Major Arterial,FALSE,-79.5062832,43.603227386549655,0,Automobile or Station Wagon,North,1,34,None,Lap and Shoulder Belt,Driving properly,Normal,,,Going Ahead,,,,,driver,,Etobicoke-Lakeshore (3),22 Division,New Toronto,FALSE,FALSE,FALSE,FALSE,FALSE,FALSE,TRUE,FALSE,FALSE,FALSE,"{""coordinates"": [[-79.5062832002115, 43.603227386549655]], ""type"": ""MultiPoint""}"
10402,2014:4001313188,2014-01-09T20:25:00,ISLINGTON AVE,BRIMINGHAM ST,,2,Non-Fatal Injury,Intersection-Related,Traffic Signal,Pedestrian Collision(internal code),Clear,Dark with Artificial Lighting,Wet,Major Arterial,FALSE,-79.5062832,43.603227386549655,0,,West,2,44,Major,,,,Crossing - no traffic control,Normal,,Driver hits pedestrian at midblock,,,,pedestrian,,Etobicoke-Lakeshore (3),22 Division,New Toronto,FALSE,FALSE,FALSE,FALSE,FALSE,FALSE,TRUE,FALSE,FALSE,FALSE,"{""coordinates"": [[-79.5062832002115, 43.603227386549655]], ""type"": ""MultiPoint""}"
10403,2014:4001338478,2014-01-13T21:25:00,THE QUEENSWAY,427 C S QUEENSWAY RAMP,,2,Non-Fatal Injury,At Intersection,Traffic Signal,Turning Movement,Clear,Dark with Artificial Lighting,Wet,Major Arterial,FALSE,-79.55225024,43.615057438750675,2,Automobile or Station Wagon,West,2,67,Major,Lap and Shoulder Belt,Driving properly,Normal,,,Going Ahead,,,,,driver,,Etobicoke-Lakeshore (3),22 Division,Etobicoke City Centre,TRUE,FALSE,FALSE,FALSE,FALSE,TRUE,FALSE,FALSE,FALSE,FALSE,"{""coordinates"": [[-79.55225023901549, 43.615057438750675]], ""type"": ""MultiPoint""}"
10404,2014:4001338478,2014-01-13T21:25:00,THE QUEENSWAY,427 C S QUEENSWAY RAMP,,2,Non-Fatal Injury,At Intersection,Traffic Signal,Turning Movement,Clear,Dark with Artificial Lighting,Wet,Major Arterial,FALSE,-79.55225024,43.615057438750675,1,Automobile or Station Wagon,East,1,31,None,Lap and Shoulder Belt,Failed to yield right-of-way,Normal,,,Turning Left,,,,,driver,,Etobicoke-Lakeshore (3),22 Division,Etobicoke City Centre,TRUE,FALSE,FALSE,FALSE,FALSE,TRUE,FALSE,FALSE,FALSE,FALSE,"{""coordinates"": [[-79.55225023901549, 43.615057438750675]], ""type"": ""MultiPoint""}"
10405,2014:4001339945,2014-01-14T07:10:00,JUDSON ST,HAROLD ST,,1,Non-Fatal Injury,Non-Intersection,No Control,SMV Other,Clear,Dawn with Artificial Lighting,Dry,Collector,FALSE,-79.50000417,43.615579372428755,1,Automobile or Station Wagon,West,1,33,Major,Lap and Shoulder Belt,Speed too fast for conditions,Inattentive,,,Going Ahead,,,,,driver,,Etobicoke-Lakeshore (3),22 Division,Mimico-Queensway,TRUE,TRUE,FALSE,FALSE,FALSE,FALSE,FALSE,FALSE,FALSE,FALSE,"{""coordinates"": [[-79.50000416915273, 43.615579372428755]], ""type"": ""MultiPoint""}"
10406,2014:4001342712,2014-01-14T15:18:00,3 BELL ROYAL CRT,,,2,Non-Fatal Injury,At/Near Private Drive,No Control,Pedestrian Collision(internal code),Clear,Daylight,Ice,Local,FALSE,-79.52161809,43.672437370248545,1,,East,2,21,Major,,,,Walking on roadway with traffic,Normal,,Driver hits pedestrian at midblock,,,,pedestrian,,Etobicoke Centre (2),22 Division,Edenbridge-Humber Valley,FALSE,FALSE,FALSE,FALSE,FALSE,FALSE,TRUE,FALSE,FALSE,TRUE,"{""coordinates"": [[-79.52161809236334, 43.672437370248545]], ""type"": ""MultiPoint""}"
10407,2014:4001342712,2014-01-14T15:18:00,3 BELL ROYAL CRT,,,2,Non-Fatal Injury,At/Near Private Drive,No Control,Pedestrian Collision(internal code),Clear,Daylight,Ice,Local,FALSE,-79.52161809,43.672437370248545,1,Truck - Open (Flatbed),East,1,39,None,Use Unknown,Other,Normal,,,Going Ahead,,,,,driver,,Etobicoke Centre (2),22 Division,Edenbridge-Humber Valley,FALSE,FALSE,FALSE,FALSE,FALSE,FALSE,TRUE,FALSE,FALSE,TRUE,"{""coordinates"": [[-79.52161809236334, 43.672437370248545]], ""type"": ""MultiPoint""}"
10408,2014:4001344082,2014-01-14T19:29:00,WARDEN AVE,SHEPPARD AVE E,,2,Non-Fatal Injury,Intersection-Related,Traffic Signal,Turning Movement,Clear,Dark with Artificial Lighting,Dry,Major Arterial,FALSE,-79.30789557,43.778719067803834,2,Passenger Van,North,2,19,None,Use Unknown,Driving properly,Normal,,,Going Ahead,,,,,driver,,Scarborough-Agincourt (22),42 Division,Tam O'Shanter-Sullivan,TRUE,TRUE,FALSE,FALSE,FALSE,FALSE,FALSE,FALSE,TRUE,FALSE,"{""coordinates"": [[-79.30789557148141, 43.778719067803834]], ""type"": ""MultiPoint""}"
10409,2014:4001344082,2014-01-14T19:29:00,WARDEN AVE,SHEPPARD AVE E,,2,Non-Fatal Injury,Intersection-Related,Traffic Signal,Turning Movement,Clear,Dark with Artificial Lighting,Dry,Major Arterial,FALSE,-79.30789557,43.778719067803834,1,Automobile or Station Wagon,South,1,23,Major,Air Bag Deployed,Failed to yield right-of-way,Inattentive,,,Turning Left,,,,,driver,,Scarborough-Agincourt (22),42 Division,Tam O'Shanter-Sullivan,TRUE,TRUE,FALSE,FALSE,FALSE,FALSE,FALSE,FALSE,TRUE,FALSE,"{""coordinates"": [[-79.30789557148141, 43.778719067803834]], ""type"": ""MultiPoint""}"
10410,2014:4001361731,2014-01-17T15:28:00,JANE ST,PRITCHARD AVE,,5,Non-Fatal Injury,At Intersection,Traffic Signal,Pedestrian Collision(internal code),Clear,Daylight,Dry,Major Arterial,FALSE,-79.49280206,43.66946633549435,2,,,4,60,Minor,Lap and Shoulder Belt,,,,,,,,,,passenger,,York South-Weston (5),12 Division,Rockcliffe-Smythe,TRUE,FALSE,FALSE,FALSE,FALSE,TRUE,TRUE,TRUE,FALSE,FALSE,"{""coordinates"": [[-79.49280205623303, 43.66946633549435]], ""type"": ""MultiPoint""}"
10411,2014:4001361731,2014-01-17T15:28:00,JANE ST,PRITCHARD AVE,,5,Non-Fatal Injury,At Intersection,Traffic Signal,Pedestrian Collision(internal code),Clear,Daylight,Dry,Major Arterial,FALSE,-79.49280206,43.66946633549435,2,,,3,29,None,Lap and Shoulder Belt,,,,,,,,,,passenger,,York South-Weston (5),12 Division,Rockcliffe-Smythe,TRUE,FALSE,FALSE,FALSE,FALSE,TRUE,TRUE,TRUE,FALSE,FALSE,"{""coordinates"": [[-79.49280205623303, 43.66946633549435]], ""type"": ""MultiPoint""}"
10412,2014:4001361731,2014-01-17T15:28:00,JANE ST,PRITCHARD AVE,,5,Non-Fatal Injury,At Intersection,Traffic Signal,Pedestrian Collision(internal code),Clear,Daylight,Dry,Major Arterial,FALSE,-79.49280206,43.66946633549435,0,,Unknown,5,48,Major,No Equipment Available,,,On sidewalk or shoulder,Normal,,Driver hits pedestrian on sidewalk or shoulder,,,,pedestrian,,York South-Weston (5),12 Division,Rockcliffe-Smythe,TRUE,FALSE,FALSE,FALSE,FALSE,TRUE,TRUE,TRUE,FALSE,FALSE,"{""coordinates"": [[-79.49280205623303, 43.66946633549435]], ""type"": ""MultiPoint""}"
10413,2014:4001361731,2014-01-17T15:28:00,JANE ST,PRITCHARD AVE,,5,Non-Fatal Injury,At Intersection,Traffic Signal,Pedestrian Collision(internal code),Clear,Daylight,Dry,Major Arterial,FALSE,-79.49280206,43.66946633549435,1,Automobile or Station Wagon,North,2,66,None,Lap and Shoulder Belt,Disobeyed traffic control,Normal,,,Going Ahead,,,,,driver,,York South-Weston (5),12 Division,Rockcliffe-Smythe,TRUE,FALSE,FALSE,FALSE,FALSE,TRUE,TRUE,TRUE,FALSE,FALSE,"{""coordinates"": [[-79.49280205623303, 43.66946633549435]], ""type"": ""MultiPoint""}"
10414,2014:4002082136,2014-05-15T07:37:00,FINCH AVE W,WILMINGTON AVE,,5,Non-Fatal Injury,At Intersection,Traffic Signal,Turning Movement,Clear,Daylight,Dry,Major Arterial,FALSE,-79.46068183,43.77018125310487,3,,,4,20,Major,Lap and Shoulder Belt,,,,,,,,,,passenger,,York Centre (6),32 Division,Bathurst Manor,TRUE,TRUE,FALSE,FALSE,FALSE,FALSE,FALSE,FALSE,FALSE,FALSE,"{""coordinates"": [[-79.46068183121764, 43.77018125310487]], ""type"": ""MultiPoint""}"
10415,2014:4001361731,2014-01-17T15:28:00,JANE ST,PRITCHARD AVE,,5,Non-Fatal Injury,At Intersection,Traffic Signal,Pedestrian Collision(internal code),Clear,Daylight,Dry,Major Arterial,FALSE,-79.49280206,43.66946633549435,2,Automobile or Station Wagon,South,1,23,None,Lap and Shoulder Belt,Driving properly,Normal,,,Turning Left,,,,,driver,,York South-Weston (5),12 Division,Rockcliffe-Smythe,TRUE,FALSE,FALSE,FALSE,FALSE,TRUE,TRUE,TRUE,FALSE,FALSE,"{""coordinates"": [[-79.49280205623303, 43.66946633549435]], ""type"": ""MultiPoint""}"
10416,2014:4001374034,2014-01-19T17:02:00,KINGSTON RD,GLEN EVEREST RD,,2,Non-Fatal Injury,At Intersection,Traffic Signal,SMV Other,Snow,Dark with Artificial Lighting,Ice,Major Arterial,FALSE,-79.25678657,43.697542,1,Automobile or Station Wagon,East,1,51,Minor,Lap and Shoulder Belt,Speed too fast for conditions,Normal,,,Going Ahead,,,,,driver,,Scarborough Southwest (20),41 Division,Birchcliffe-Cliffside,TRUE,FALSE,FALSE,FALSE,FALSE,FALSE,FALSE,FALSE,FALSE,FALSE,"{""coordinates"": [[-79.2567865736626, 43.6975419983165]], ""type"": ""MultiPoint""}"
10417,2014:4001374034,2014-01-19T17:02:00,KINGSTON RD,GLEN EVEREST RD,,2,Non-Fatal Injury,At Intersection,Traffic Signal,SMV Other,Snow,Dark with Artificial Lighting,Ice,Major Arterial,FALSE,-79.25678657,43.697542,1,,,2,63,Major,Lap and Shoulder Belt,,,,,,,,,,passenger,,Scarborough Southwest (20),41 Division,Birchcliffe-Cliffside,TRUE,FALSE,FALSE,FALSE,FALSE,FALSE,FALSE,FALSE,FALSE,FALSE,"{""coordinates"": [[-79.2567865736626, 43.6975419983165]], ""type"": ""MultiPoint""}"
10418,2014:141375171,2014-01-19T21:45:00,EGLINTON AVE W,NORTHCLIFFE BLVD,,2,Fatal Injury,At Intersection,Traffic Signal,Pedestrian Collision(internal code),Clear,Dark with Artificial Lighting,Wet,Major Arterial,FALSE,-79.44767392,43.69624926068134,0,Automobile or Station Wagon,West,1,19,None,,Driving properly,Normal,,,Going Ahead,,,,,driver,,Toronto-St. Paul's (12),13 Division,Oakwood Village,FALSE,FALSE,FALSE,FALSE,FALSE,FALSE,TRUE,FALSE,TRUE,FALSE,"{""coordinates"": [[-79.44767392479295, 43.69624926068134]], ""type"": ""MultiPoint""}"