_id,collision_id,accdate,stname1,stname2,stname3,per_inv,acclass,accloc,traffictl,impactype,visible,light,rdsfcond,road_class,failtorem,longitude,latitude,veh_no,vehtype,initdir,per_no,invage,injury,safequip,drivact,drivcond,pedact,pedcond,manoeuvre,pedtype,cyclistype,cycact,cyccond,road_user,fatal_no,wardname,division,neighbourhood,aggressive,distracted,cyclist,motorcyclist,other_micromobility,older_adult,pedestrian,red_light,school_child,heavy_truck,geometry
11609,2015:5000891503,2015-05-28T14:20:00,BATHURST ST,FRONT ST W,25 m South of,2,Non-Fatal Injury,Non-Intersection,No Control,Cyclist Collision,Clear,Daylight,Dry,Major Arterial,FALSE,-79.40163793,43.64129421193091,2,Automobile or Station Wagon,South,1,52,None,Lap and Shoulder Belt,Driving properly,Normal,,,Going Ahead,,,,,driver,,Spadina-Fort York (10),14 Division,Wellington Place,FALSE,FALSE,TRUE,FALSE,FALSE,FALSE,FALSE,FALSE,FALSE,FALSE,"{""coordinates"": [[-79.40163792710044, 43.64129421193091]], ""type"": ""MultiPoint""}"
11610,2015:5000897044,2015-05-29T11:09:00,169 KINGSLAKE RD,,,1,Non-Fatal Injury,At/Near Private Drive,No Control,Other,Clear,Daylight,Dry,Collector,FALSE,-79.34374562,43.789247110939876,1,Automobile or Station Wagon,East,1,41,Major,Equipment Not Used But Available,Other,Inattentive,,,Reversing,,,,,driver,,Don Valley North (17),33 Division,Don Valley Village,FALSE,TRUE,FALSE,FALSE,FALSE,FALSE,FALSE,FALSE,FALSE,FALSE,"{""coordinates"": [[-79.34374561973564, 43.789247110939876]], ""type"": ""MultiPoint""}"
11611,2015:5000897486,2015-05-29T12:30:00,THE QUEENSWAY,VIBE RD,33 m West of,2,Non-Fatal Injury,At/Near Private Drive,No Control,Angle,Clear,Daylight,Dry,Major Arterial,FALSE,-79.52343419,43.62160339890319,1,Automobile or Station Wagon,North,1,23,None,Lap and Shoulder Belt,Failed to yield right-of-way,Inattentive,,,Going Ahead,,,,,driver,,Etobicoke-Lakeshore (3),22 Division,Etobicoke City Centre,TRUE,TRUE,FALSE,FALSE,FALSE,TRUE,FALSE,FALSE,FALSE,FALSE,"{""coordinates"": [[-79.52343418888556, 43.62160339890319]], ""type"": ""MultiPoint""}"
11612,2015:5000897486,2015-05-29T12:30:00,THE QUEENSWAY,VIBE RD,33 m West of,2,Non-Fatal Injury,At/Near Private Drive,No Control,Angle,Clear,Daylight,Dry,Major Arterial,FALSE,-79.52343419,43.62160339890319,2,,West,2,88,Major,No Equipment Available,Driving properly,Normal,,,Going Ahead,,,,,driver,,Etobicoke-Lakeshore (3),22 Division,Etobicoke City Centre,TRUE,TRUE,FALSE,FALSE,FALSE,TRUE,FALSE,FALSE,FALSE,FALSE,"{""coordinates"": [[-79.52343418888556, 43.62160339890319]], ""type"": ""MultiPoint""}"
11613,2015:5000898741,2015-05-29T16:21:00,LAKE SHORE BLVD E,LESLIE ST,374 m West of,2,Non-Fatal Injury,Non-Intersection,No Control,Rear End,Clear,Daylight,Dry,Major Arterial,FALSE,-79.33143277,43.65781610475826,1,Truck - Dump,West,1,60,None,Use Unknown,Following too closely,Normal,,,Changing Lanes,,,,,driver,,Toronto-Danforth (14),55 Division,South Riverdale,TRUE,FALSE,FALSE,FALSE,FALSE,FALSE,FALSE,FALSE,FALSE,TRUE,"{""coordinates"": [[-79.33143276521578, 43.65781610475826]], ""type"": ""MultiPoint""}"
11614,2015:5000898741,2015-05-29T16:21:00,LAKE SHORE BLVD E,LESLIE ST,374 m West of,2,Non-Fatal Injury,Non-Intersection,No Control,Rear End,Clear,Daylight,Dry,Major Arterial,FALSE,-79.33143277,43.65781610475826,2,Automobile or Station Wagon,West,2,44,Major,Use Unknown,Driving properly,Normal,,,Going Ahead,,,,,driver,,Toronto-Danforth (14),55 Division,South Riverdale,TRUE,FALSE,FALSE,FALSE,FALSE,FALSE,FALSE,FALSE,FALSE,TRUE,"{""coordinates"": [[-79.33143276521578, 43.65781610475826]], ""type"": ""MultiPoint""}"
11615,2015:5000901118,2015-05-30T00:02:00,DUNDAS ST W,EDNA AVE,2 m North of,2,Non-Fatal Injury,At Intersection,No Control,Cyclist Collision,Clear,Dark with Artificial Lighting,Dry,Minor Arterial,FALSE,-79.452671,43.65721328251509,1,Bicycle,West,1,51,Major,No Equipment Available,,,,,Going Ahead,,"Cyclist without right-of-way rides into path of driver (at intersection, laneway, or driveway)",Failed to Yield Right of Way,Normal,cyclist,,Parkdale-High Park (4),11 Division,High Park North,FALSE,FALSE,TRUE,FALSE,FALSE,FALSE,FALSE,FALSE,FALSE,FALSE,"{""coordinates"": [[-79.4526710008381, 43.65721328251509]], ""type"": ""MultiPoint""}"
11616,2015:5000901118,2015-05-30T00:02:00,DUNDAS ST W,EDNA AVE,2 m North of,2,Non-Fatal Injury,At Intersection,No Control,Cyclist Collision,Clear,Dark with Artificial Lighting,Dry,Minor Arterial,FALSE,-79.452671,43.65721328251509,2,Automobile or Station Wagon,North,2,44,None,Lap and Shoulder Belt,Driving properly,Normal,,,Going Ahead,,,,,driver,,Parkdale-High Park (4),11 Division,High Park North,FALSE,FALSE,TRUE,FALSE,FALSE,FALSE,FALSE,FALSE,FALSE,FALSE,"{""coordinates"": [[-79.4526710008381, 43.65721328251509]], ""type"": ""MultiPoint""}"
11617,2015:5000907993,2015-05-31T02:41:00,YONGE ST,SHEPPARD AVE W,,2,Non-Fatal Injury,At Intersection,Traffic Signal,Pedestrian Collision(internal code),Rain,Dark with Artificial Lighting,Wet,Major Arterial,FALSE,-79.41092276,43.76149919351927,1,,West,2,52,Major,Use Unknown,,,Crossing without right-of-way (intersection),Unknown,,Driver going straight hits pedestrian crossing without right-of-way (at intersection),,,,pedestrian,,Willowdale (18),32 Division,Avondale,FALSE,FALSE,FALSE,FALSE,FALSE,FALSE,TRUE,FALSE,FALSE,FALSE,"{""coordinates"": [[-79.41092275873719, 43.76149919351927]], ""type"": ""MultiPoint""}"
11618,2015:5000907993,2015-05-31T02:41:00,YONGE ST,SHEPPARD AVE W,,2,Non-Fatal Injury,At Intersection,Traffic Signal,Pedestrian Collision(internal code),Rain,Dark with Artificial Lighting,Wet,Major Arterial,FALSE,-79.41092276,43.76149919351927,1,Automobile or Station Wagon,South,1,39,None,Lap and Shoulder Belt,Driving properly,Normal,,,Going Ahead,,,,,driver,,Willowdale (18),32 Division,Avondale,FALSE,FALSE,FALSE,FALSE,FALSE,FALSE,TRUE,FALSE,FALSE,FALSE,"{""coordinates"": [[-79.41092275873719, 43.76149919351927]], ""type"": ""MultiPoint""}"
11619,2015:5000912141,2015-05-31T21:04:00,BLOOR ST W,WESTMORELAND AVE,,2,Fatal Injury,,No Control,Pedestrian Collision(internal code),Rain,Dusk,Wet,Major Arterial,TRUE,-79.43040895,43.660932248653104,0,Automobile or Station Wagon,West,2,,None,,Speed too fast for conditions,Unknown,,,Going Ahead,,,,,driver,,Davenport (9),14 Division,Dufferin Grove,TRUE,FALSE,FALSE,FALSE,FALSE,FALSE,TRUE,FALSE,FALSE,FALSE,"{""coordinates"": [[-79.43040895157615, 43.660932248653104]], ""type"": ""MultiPoint""}"
11620,2015:5000912141,2015-05-31T21:04:00,BLOOR ST W,WESTMORELAND AVE,,2,Fatal Injury,,No Control,Pedestrian Collision(internal code),Rain,Dusk,Wet,Major Arterial,TRUE,-79.43040895,43.660932248653104,0,,South,1,39,Fatal,,,,Crossing - no traffic control,Normal,,Driver hits pedestrian at midblock,,,,pedestrian,25,Davenport (9),14 Division,Dufferin Grove,TRUE,FALSE,FALSE,FALSE,FALSE,FALSE,TRUE,FALSE,FALSE,FALSE,"{""coordinates"": [[-79.43040895157615, 43.660932248653104]], ""type"": ""MultiPoint""}"
11621,2015:5000922282,2015-06-02T12:33:00,LAWRENCE AVE E,MCCOWAN RD,,3,Fatal Injury,At Intersection,Traffic Signal,Pedestrian Collision(internal code),Clear,Daylight,Dry,Major Arterial,FALSE,-79.24541849,43.75553698983094,0,,North,2,70,Fatal,,,,Crossing without right-of-way (intersection),Unknown,,Driver going straight hits pedestrian crossing without right-of-way (at intersection),,,,pedestrian,27,Scarborough Centre (21),43 Division,Bendale South,FALSE,FALSE,FALSE,FALSE,FALSE,TRUE,TRUE,FALSE,FALSE,FALSE,"{""coordinates"": [[-79.24541848913664, 43.75553698983094]], ""type"": ""MultiPoint""}"
11622,2015:5000922282,2015-06-02T12:33:00,LAWRENCE AVE E,MCCOWAN RD,,3,Fatal Injury,At Intersection,Traffic Signal,Pedestrian Collision(internal code),Clear,Daylight,Dry,Major Arterial,FALSE,-79.24541849,43.75553698983094,2,Automobile or Station Wagon,West,3,84,Minor,Lap and Shoulder Belt,Driving properly,Normal,,,Going Ahead,,,,,driver,,Scarborough Centre (21),43 Division,Bendale South,FALSE,FALSE,FALSE,FALSE,FALSE,TRUE,TRUE,FALSE,FALSE,FALSE,"{""coordinates"": [[-79.24541848913664, 43.75553698983094]], ""type"": ""MultiPoint""}"
11623,2015:5000922282,2015-06-02T12:33:00,LAWRENCE AVE E,MCCOWAN RD,,3,Fatal Injury,At Intersection,Traffic Signal,Pedestrian Collision(internal code),Clear,Daylight,Dry,Major Arterial,FALSE,-79.24541849,43.75553698983094,1,Automobile or Station Wagon,West,1,82,None,,Driving properly,Normal,,,Going Ahead,,,,,driver,,Scarborough Centre (21),43 Division,Bendale South,FALSE,FALSE,FALSE,FALSE,FALSE,TRUE,TRUE,FALSE,FALSE,FALSE,"{""coordinates"": [[-79.24541848913664, 43.75553698983094]], ""type"": ""MultiPoint""}"
11624,2015:5000924528,2015-06-02T18:54:00,SPENVALLEY DR,ARLETA AVE,,2,Non-Fatal Injury,At Intersection,Stop Sign,Pedestrian Collision(internal code),Clear,Daylight,Dry,Collector,FALSE,-79.50149894,43.743639310916045,1,,South,2,76,Major,Use Unknown,,,Crossing with right-of-way (intersection),Normal,,Driver turns left into pedestrian crossing with right-of-way (at intersection),,,,pedestrian,,Humber River-Black Creek (7),31 Division,Glenfield-Jane Heights,TRUE,FALSE,FALSE,FALSE,FALSE,TRUE,TRUE,FALSE,FALSE,FALSE,"{""coordinates"": [[-79.50149893525663, 43.743639310916045]], ""type"": ""MultiPoint""}"
11625,2015:5000924528,2015-06-02T18:54:00,SPENVALLEY DR,ARLETA AVE,,2,Non-Fatal Injury,At Intersection,Stop Sign,Pedestrian Collision(internal code),Clear,Daylight,Dry,Collector,FALSE,-79.50149894,43.743639310916045,1,Automobile or Station Wagon,East,1,75,None,Lap and Shoulder Belt,Failed to yield right-of-way,Normal,,,Turning Left,,,,,driver,,Humber River-Black Creek (7),31 Division,Glenfield-Jane Heights,TRUE,FALSE,FALSE,FALSE,FALSE,TRUE,TRUE,FALSE,FALSE,FALSE,"{""coordinates"": [[-79.50149893525663, 43.743639310916045]], ""type"": ""MultiPoint""}"
11626,2015:5000926071,2015-06-03T00:51:00,BAYVIEW AVE,BOWAN CRT,,3,Non-Fatal Injury,At Intersection,Stop Sign,Turning Movement,Clear,Dark with Artificial Lighting,Dry,Major Arterial,FALSE,-79.39418369,43.795053170221806,1,,,3,30,Major,Air Bag Deployed,,,,,,,,,,passenger,,Don Valley North (17),33 Division,Bayview Woods-Steeles,TRUE,FALSE,FALSE,FALSE,FALSE,FALSE,FALSE,FALSE,FALSE,TRUE,"{""coordinates"": [[-79.39418369489823, 43.795053170221806]], ""type"": ""MultiPoint""}"
11627,2015:5000926071,2015-06-03T00:51:00,BAYVIEW AVE,BOWAN CRT,,3,Non-Fatal Injury,At Intersection,Stop Sign,Turning Movement,Clear,Dark with Artificial Lighting,Dry,Major Arterial,FALSE,-79.39418369,43.795053170221806,2,Bus - Other,West,2,58,None,Lap and Shoulder Belt,Other,Had Been Drinking,,,Turning Left,,,,,driver,,Don Valley North (17),33 Division,Bayview Woods-Steeles,TRUE,FALSE,FALSE,FALSE,FALSE,FALSE,FALSE,FALSE,FALSE,TRUE,"{""coordinates"": [[-79.39418369489823, 43.795053170221806]], ""type"": ""MultiPoint""}"
11628,2020:0002253261,2020-11-28T16:38:00,ELLESMERE RD,NEILSON RD,,3,Fatal Injury,At Intersection,Traffic Signal,Angle,Clear,Dusk,Dry,Major Arterial,FALSE,-79.20494483,43.78252610170388,,,,1,6,Minimal,,,,,,,,,,,passenger,,Scarborough-Guildwood (24),43 Division,Morningside,TRUE,TRUE,FALSE,FALSE,FALSE,FALSE,FALSE,FALSE,TRUE,FALSE,"{""coordinates"": [[-79.2049448319055, 43.78252610170388]], ""type"": ""MultiPoint""}"
11629,2015:5000926071,2015-06-03T00:51:00,BAYVIEW AVE,BOWAN CRT,,3,Non-Fatal Injury,At Intersection,Stop Sign,Turning Movement,Clear,Dark with Artificial Lighting,Dry,Major Arterial,FALSE,-79.39418369,43.795053170221806,1,Automobile or Station Wagon,North,1,35,Major,Air Bag Deployed,Exceeding speed limit,Had Been Drinking,,,Going Ahead,,,,,driver,,Don Valley North (17),33 Division,Bayview Woods-Steeles,TRUE,FALSE,FALSE,FALSE,FALSE,FALSE,FALSE,FALSE,FALSE,TRUE,"{""coordinates"": [[-79.39418369489823, 43.795053170221806]], ""type"": ""MultiPoint""}"
11630,2015:5000931328,2015-06-03T20:01:00,BRIMLEY RD,EGLINTON AVE E,,2,Non-Fatal Injury,At Intersection,Traffic Signal,Pedestrian Collision(internal code),Clear,Dawn with Artificial Lighting,Dry,Major Arterial,FALSE,-79.24805051,43.73662299,1,,South,2,29,Major,Use Unknown,,,Crossing with right-of-way (intersection),Normal,,Driver turns left into pedestrian crossing with right-of-way (at intersection),,,,pedestrian,,Scarborough Southwest (20),41 Division,Kennedy Park,TRUE,FALSE,FALSE,FALSE,FALSE,FALSE,TRUE,FALSE,FALSE,FALSE,"{""coordinates"": [[-79.2480505127885, 43.7366229903762]], ""type"": ""MultiPoint""}"
11631,2015:5000931328,2015-06-03T20:01:00,BRIMLEY RD,EGLINTON AVE E,,2,Non-Fatal Injury,At Intersection,Traffic Signal,Pedestrian Collision(internal code),Clear,Dawn with Artificial Lighting,Dry,Major Arterial,FALSE,-79.24805051,43.73662299,1,Automobile or Station Wagon,North,1,56,None,Lap and Shoulder Belt,Failed to yield right-of-way,Normal,,,Turning Left,,,,,driver,,Scarborough Southwest (20),41 Division,Kennedy Park,TRUE,FALSE,FALSE,FALSE,FALSE,FALSE,TRUE,FALSE,FALSE,FALSE,"{""coordinates"": [[-79.2480505127885, 43.7366229903762]], ""type"": ""MultiPoint""}"
11632,2015:5000932642,2015-06-04T02:42:00,MARKHAM RD,LAWRENCE AVE E,,2,Non-Fatal Injury,Intersection-Related,Traffic Signal,Rear End,Clear,Dark with Artificial Lighting,Dry,Major Arterial,FALSE,-79.22531536,43.7598096,1,Automobile or Station Wagon,South,1,37,Major,Use Unknown,Lost control,Had Been Drinking,,,Going Ahead,,,,,driver,,Scarborough-Guildwood (24),43 Division,Golfdale-Cedarbrae-Woburn,FALSE,FALSE,FALSE,FALSE,FALSE,FALSE,FALSE,FALSE,FALSE,TRUE,"{""coordinates"": [[-79.22531536005302, 43.7598095951781]], ""type"": ""MultiPoint""}"
11633,2015:5000932642,2015-06-04T02:42:00,MARKHAM RD,LAWRENCE AVE E,,2,Non-Fatal Injury,Intersection-Related,Traffic Signal,Rear End,Clear,Dark with Artificial Lighting,Dry,Major Arterial,FALSE,-79.22531536,43.7598096,2,Truck - Tractor,South,2,33,None,Use Unknown,Driving properly,Normal,,,Stopped,,,,,driver,,Scarborough-Guildwood (24),43 Division,Golfdale-Cedarbrae-Woburn,FALSE,FALSE,FALSE,FALSE,FALSE,FALSE,FALSE,FALSE,FALSE,TRUE,"{""coordinates"": [[-79.22531536005302, 43.7598095951781]], ""type"": ""MultiPoint""}"
11634,2015:5000935132,2015-06-04T12:55:00,COMMISSIONERS ST,BOUCHETTE ST,80 m East of,1,Non-Fatal Injury,Non-Intersection,No Control,SMV Other,Clear,Daylight,Dry,Collector,FALSE,-79.33904679,43.651079116710335,1,Automobile or Station Wagon,East,1,46,Major,Lap and Shoulder Belt,Exceeding speed limit,Inattentive,,,Changing Lanes,,,,,driver,,Toronto-Danforth (14),55 Division,South Riverdale,TRUE,TRUE,FALSE,FALSE,FALSE,FALSE,FALSE,FALSE,FALSE,FALSE,"{""coordinates"": [[-79.33904678943153, 43.651079116710335]], ""type"": ""MultiPoint""}"
11635,2015:5000938109,2015-06-04T21:35:00,DUNDAS ST W,ROYAL YORK RD,300 m East of,2,Non-Fatal Injury,Non-Intersection,Traffic Signal,Pedestrian Collision(internal code),Clear,Dark with Artificial Lighting,Dry,Major Arterial,FALSE,-79.51339411,43.659486366998635,1,Automobile or Station Wagon,East,1,79,None,Lap and Shoulder Belt,Driving properly,Normal,,,Going Ahead,,,,,driver,,Etobicoke-Lakeshore (3),22 Division,Kingsway South,FALSE,TRUE,FALSE,FALSE,FALSE,TRUE,TRUE,FALSE,FALSE,FALSE,"{""coordinates"": [[-79.51339410568018, 43.659486366998635]], ""type"": ""MultiPoint""}"
11636,2015:5000938109,2015-06-04T21:35:00,DUNDAS ST W,ROYAL YORK RD,300 m East of,2,Non-Fatal Injury,Non-Intersection,Traffic Signal,Pedestrian Collision(internal code),Clear,Dark with Artificial Lighting,Dry,Major Arterial,FALSE,-79.51339411,43.659486366998635,1,,South,2,48,Major,No Equipment Available,,,Crossing without right-of-way (intersection),Inattentive,,Driver going straight hits pedestrian crossing without right-of-way (at intersection),,,,pedestrian,,Etobicoke-Lakeshore (3),22 Division,Kingsway South,FALSE,TRUE,FALSE,FALSE,FALSE,TRUE,TRUE,FALSE,FALSE,FALSE,"{""coordinates"": [[-79.51339410568018, 43.659486366998635]], ""type"": ""MultiPoint""}"
11637,2015:5000955442,2015-06-07T18:30:00,YONGE ST,LAWRENCE AVE E,,2,Non-Fatal Injury,At Intersection,Traffic Signal,Cyclist Collision,Clear,Daylight,Dry,Major Arterial,FALSE,-79.4021568,43.72503119044511,1,Bicycle,North,1,53,Major,Use Unknown,,,,,Going Ahead,,Sideswipe with cyclist and driver travelling in same direction,Lost control,Normal,cyclist,,Don Valley West (15),53 Division,Lawrence Park South,FALSE,FALSE,TRUE,FALSE,FALSE,FALSE,FALSE,FALSE,FALSE,TRUE,"{""coordinates"": [[-79.40215679602558, 43.72503119044511]], ""type"": ""MultiPoint""}"
11638,2015:5000955442,2015-06-07T18:30:00,YONGE ST,LAWRENCE AVE E,,2,Non-Fatal Injury,At Intersection,Traffic Signal,Cyclist Collision,Clear,Daylight,Dry,Major Arterial,FALSE,-79.4021568,43.72503119044511,2,Municipal Transit Bus (TTC),North,2,46,None,No Equipment Available,Driving properly,Normal,,,Going Ahead,,,,,driver,,Don Valley West (15),53 Division,Lawrence Park South,FALSE,FALSE,TRUE,FALSE,FALSE,FALSE,FALSE,FALSE,FALSE,TRUE,"{""coordinates"": [[-79.40215679602558, 43.72503119044511]], ""type"": ""MultiPoint""}"
11639,2015:5000955489,2015-06-07T18:50:00,YONGE ST,CUMMER AVE,38 m North of,1,Non-Fatal Injury,Non-Intersection,No Control,SMV Other,Clear,Daylight,Dry,Major Arterial,FALSE,-79.41746874,43.787595198467926,1,Pickup Truck,South,1,22,Major,Equipment Not Used But Available,Lost control,Unknown,,,Going Ahead,,,,,driver,,Willowdale (18),32 Division,Newtonbrook East,FALSE,FALSE,FALSE,FALSE,FALSE,FALSE,FALSE,FALSE,FALSE,FALSE,"{""coordinates"": [[-79.41746874053577, 43.787595198467926]], ""type"": ""MultiPoint""}"
11640,2015:5000950977,2015-06-07T23:16:00,169 SHAW ST,,,1,Non-Fatal Injury,Non-Intersection,No Control,Cyclist Collision,Clear,Dark with Artificial Lighting,Dry,Collector,FALSE,-79.41691195,43.64632223337343,1,Bicycle,North,1,29,Major,No Equipment Available,,,,,Going Ahead,,Cyclist hits parked vehicle,Lost control,Ability Impaired - Alcohol,cyclist,,Spadina-Fort York (10),14 Division,Trinity-Bellwoods,FALSE,FALSE,TRUE,FALSE,FALSE,FALSE,FALSE,FALSE,FALSE,FALSE,"{""coordinates"": [[-79.41691194920257, 43.64632223337343]], ""type"": ""MultiPoint""}"
11641,2015:5000961885,2015-06-08T19:15:00,PATON RD,LANSDOWNE AVE,,2,Non-Fatal Injury,At Intersection,Stop Sign,Angle,Other,Daylight,Other,Minor Arterial,FALSE,-79.44360798,43.66063826799096,1,Automobile or Station Wagon,East,1,44,None,Lap and Shoulder Belt,Failed to yield right-of-way,Unknown,,,Going Ahead,,,,,driver,,Davenport (9),11 Division,Junction-Wallace Emerson,TRUE,FALSE,FALSE,TRUE,FALSE,FALSE,FALSE,FALSE,FALSE,FALSE,"{""coordinates"": [[-79.44360797750136, 43.66063826799096]], ""type"": ""MultiPoint""}"
11642,2015:5000961885,2015-06-08T19:15:00,PATON RD,LANSDOWNE AVE,,2,Non-Fatal Injury,At Intersection,Stop Sign,Angle,Other,Daylight,Other,Minor Arterial,FALSE,-79.44360798,43.66063826799096,2,Moped,North,2,53,Major,Helmet,Driving properly,Unknown,,,Going Ahead,,,,,motorcyclist,,Davenport (9),11 Division,Junction-Wallace Emerson,TRUE,FALSE,FALSE,TRUE,FALSE,FALSE,FALSE,FALSE,FALSE,FALSE,"{""coordinates"": [[-79.44360797750136, 43.66063826799096]], ""type"": ""MultiPoint""}"
11643,2015:5000963180,2015-06-09T00:25:00,878 YONGE ST,,20 m North of,4,Non-Fatal Injury,Intersection-Related,No Control,Turning Movement,Clear,Dark with Artificial Lighting,Dry,Major Arterial,FALSE,-79.38768385,43.672414183734645,2,,,4,30,None,Lap and Shoulder Belt,,,,,,,,,,passenger,,University-Rosedale (11),53 Division,Rosedale-Moore Park,TRUE,FALSE,FALSE,FALSE,FALSE,FALSE,FALSE,FALSE,FALSE,FALSE,"{""coordinates"": [[-79.3876838515979, 43.672414183734645]], ""type"": ""MultiPoint""}"
11644,2015:5000963180,2015-06-09T00:25:00,878 YONGE ST,,20 m North of,4,Non-Fatal Injury,Intersection-Related,No Control,Turning Movement,Clear,Dark with Artificial Lighting,Dry,Major Arterial,FALSE,-79.38768385,43.672414183734645,1,,,3,44,Major,Equipment Not Used But Available,,,,,,,,,,passenger,,University-Rosedale (11),53 Division,Rosedale-Moore Park,TRUE,FALSE,FALSE,FALSE,FALSE,FALSE,FALSE,FALSE,FALSE,FALSE,"{""coordinates"": [[-79.3876838515979, 43.672414183734645]], ""type"": ""MultiPoint""}"
11645,2015:5000963180,2015-06-09T00:25:00,878 YONGE ST,,20 m North of,4,Non-Fatal Injury,Intersection-Related,No Control,Turning Movement,Clear,Dark with Artificial Lighting,Dry,Major Arterial,FALSE,-79.38768385,43.672414183734645,2,Automobile or Station Wagon,South,1,30,None,Lap and Shoulder Belt,Speed too fast for conditions,Ability Impaired - Alcohol Over .08,,,Going Ahead,,,,,driver,,University-Rosedale (11),53 Division,Rosedale-Moore Park,TRUE,FALSE,FALSE,FALSE,FALSE,FALSE,FALSE,FALSE,FALSE,FALSE,"{""coordinates"": [[-79.3876838515979, 43.672414183734645]], ""type"": ""MultiPoint""}"
11646,2015:5000963180,2015-06-09T00:25:00,878 YONGE ST,,20 m North of,4,Non-Fatal Injury,Intersection-Related,No Control,Turning Movement,Clear,Dark with Artificial Lighting,Dry,Major Arterial,FALSE,-79.38768385,43.672414183734645,1,Automobile or Station Wagon,North,2,44,Major,Equipment Not Used But Available,Improper turn,Normal,,,Turning Left,,,,,driver,,University-Rosedale (11),53 Division,Rosedale-Moore Park,TRUE,FALSE,FALSE,FALSE,FALSE,FALSE,FALSE,FALSE,FALSE,FALSE,"{""coordinates"": [[-79.3876838515979, 43.672414183734645]], ""type"": ""MultiPoint""}"
11647,2015:5000965386,2015-06-09T10:47:00,DUNDAS ST W,HURON ST,,3,Non-Fatal Injury,Non-Intersection,No Control,Rear End,Clear,Daylight,Dry,Major Arterial,FALSE,-79.3970229,43.6531582,2,Automobile or Station Wagon,East,2,50,None,Lap and Shoulder Belt,Driving properly,Normal,,,Stopped,,,,,driver,,Spadina-Fort York (10),52 Division,Kensington-Chinatown,FALSE,FALSE,FALSE,FALSE,FALSE,FALSE,FALSE,FALSE,FALSE,FALSE,"{""coordinates"": [[-79.39702289941287, 43.653158201983]], ""type"": ""MultiPoint""}"
11648,2015:5000965386,2015-06-09T10:47:00,DUNDAS ST W,HURON ST,,3,Non-Fatal Injury,Non-Intersection,No Control,Rear End,Clear,Daylight,Dry,Major Arterial,FALSE,-79.3970229,43.6531582,1,Automobile or Station Wagon,East,1,45,Major,Lap and Shoulder Belt,Lost control,Medical or Physical Disability,,,Going Ahead,,,,,driver,,Spadina-Fort York (10),52 Division,Kensington-Chinatown,FALSE,FALSE,FALSE,FALSE,FALSE,FALSE,FALSE,FALSE,FALSE,FALSE,"{""coordinates"": [[-79.39702289941287, 43.653158201983]], ""type"": ""MultiPoint""}"
11649,2015:5000965386,2015-06-09T10:47:00,DUNDAS ST W,HURON ST,,3,Non-Fatal Injury,Non-Intersection,No Control,Rear End,Clear,Daylight,Dry,Major Arterial,FALSE,-79.3970229,43.6531582,0,,,3,48,None,Lap and Shoulder Belt,,,,,,,,,,passenger,,Spadina-Fort York (10),52 Division,Kensington-Chinatown,FALSE,FALSE,FALSE,FALSE,FALSE,FALSE,FALSE,FALSE,FALSE,FALSE,"{""coordinates"": [[-79.39702289941287, 43.653158201983]], ""type"": ""MultiPoint""}"
11650,2015:5000976277,2015-06-11T00:24:00,FINCH AVE W,TOBERMORY DR,,2,Fatal Injury,At Intersection,Traffic Signal,Cyclist Collision,Clear,Dark with Artificial Lighting,Dry,Major Arterial,TRUE,-79.50792292,43.75927131,1,Automobile or Station Wagon,West,1,22,None,Use Unknown,Exceeding speed limit,Ability Impaired - Alcohol,,,Going Ahead,,,,,driver,,Humber River-Black Creek (7),31 Division,Glenfield-Jane Heights,TRUE,FALSE,TRUE,FALSE,FALSE,FALSE,FALSE,FALSE,FALSE,FALSE,"{""coordinates"": [[-79.50792291976677, 43.7592713123945]], ""type"": ""MultiPoint""}"
11651,2015:5000976277,2015-06-11T00:24:00,FINCH AVE W,TOBERMORY DR,,2,Fatal Injury,At Intersection,Traffic Signal,Cyclist Collision,Clear,Dark with Artificial Lighting,Dry,Major Arterial,TRUE,-79.50792292,43.75927131,2,Bicycle,West,2,44,Fatal,No Equipment Available,,,,,Going Ahead,,Rear end with cyclist and driver travelling in same direction,Driving Properly,Unknown,cyclist,28,Humber River-Black Creek (7),31 Division,Glenfield-Jane Heights,TRUE,FALSE,TRUE,FALSE,FALSE,FALSE,FALSE,FALSE,FALSE,FALSE,"{""coordinates"": [[-79.50792291976677, 43.7592713123945]], ""type"": ""MultiPoint""}"
11652,2015:5000979465,2015-06-11T13:22:00,YONGE ST,EMPRESS AVE,,6,Fatal Injury,At Intersection,Traffic Signal,Pedestrian Collision(internal code),Clear,Daylight,Dry,Major Arterial,FALSE,-79.41289175,43.76926219507733,2,Automobile or Station Wagon,East,2,59,None,,Driving properly,Normal,,,Going Ahead,,,,,driver,,Willowdale (18),32 Division,Yonge-Doris,FALSE,FALSE,FALSE,FALSE,FALSE,TRUE,TRUE,FALSE,FALSE,FALSE,"{""coordinates"": [[-79.41289175342496, 43.76926219507733]], ""type"": ""MultiPoint""}"