_id,collision_id,accdate,stname1,stname2,stname3,per_inv,acclass,accloc,traffictl,impactype,visible,light,rdsfcond,road_class,failtorem,longitude,latitude,veh_no,vehtype,initdir,per_no,invage,injury,safequip,drivact,drivcond,pedact,pedcond,manoeuvre,pedtype,cyclistype,cycact,cyccond,road_user,fatal_no,wardname,division,neighbourhood,aggressive,distracted,cyclist,motorcyclist,other_micromobility,older_adult,pedestrian,red_light,school_child,heavy_truck,geometry
11699,2015:5001095656,2015-06-29T17:45:00,300 PROGRESS AVE,,40 m East of,3,Non-Fatal Injury,Non-Intersection,No Control,Turning Movement,Clear,Daylight,Dry,Minor Arterial,FALSE,-79.26690251,43.77432401794538,2,Motorcycle,West,1,52,Major,Use Unknown,Driving properly,Normal,,,Going Ahead,,,,,motorcyclist,,Scarborough Centre (21),41 Division,Bendale-Glen Andrew,FALSE,FALSE,FALSE,TRUE,FALSE,FALSE,FALSE,FALSE,FALSE,FALSE,"{""coordinates"": [[-79.26690250820133, 43.77432401794538]], ""type"": ""MultiPoint""}"
11700,2015:5001095656,2015-06-29T17:45:00,300 PROGRESS AVE,,40 m East of,3,Non-Fatal Injury,Non-Intersection,No Control,Turning Movement,Clear,Daylight,Dry,Minor Arterial,FALSE,-79.26690251,43.77432401794538,1,Automobile or Station Wagon,West,3,59,Minimal,Use Unknown,Improper turn,Unknown,,,Making U-Turn,,,,,driver,,Scarborough Centre (21),41 Division,Bendale-Glen Andrew,FALSE,FALSE,FALSE,TRUE,FALSE,FALSE,FALSE,FALSE,FALSE,FALSE,"{""coordinates"": [[-79.26690250820133, 43.77432401794538]], ""type"": ""MultiPoint""}"
11701,2015:5001098276,2015-06-30T04:10:00,VICTORIA PARK AVE,YORK MILLS RD,,2,Non-Fatal Injury,Intersection-Related,Traffic Signal,Pedestrian Collision(internal code),Clear,Dark with Artificial Lighting,Dry,Major Arterial,FALSE,-79.3175236,43.76301007863239,1,,East,2,71,Major,Use Unknown,,,Crossing without right-of-way (intersection),Normal,,Driver going straight hits pedestrian crossing without right-of-way (at intersection),,,,pedestrian,,Scarborough Centre (21),41 Division,Wexford/Maryvale,FALSE,FALSE,FALSE,FALSE,FALSE,TRUE,TRUE,FALSE,FALSE,FALSE,"{""coordinates"": [[-79.31752360180057, 43.76301007863239]], ""type"": ""MultiPoint""}"
11702,2015:5001098276,2015-06-30T04:10:00,VICTORIA PARK AVE,YORK MILLS RD,,2,Non-Fatal Injury,Intersection-Related,Traffic Signal,Pedestrian Collision(internal code),Clear,Dark with Artificial Lighting,Dry,Major Arterial,FALSE,-79.3175236,43.76301007863239,1,Automobile or Station Wagon,North,1,63,None,Lap and Shoulder Belt,Driving properly,Unknown,,,Going Ahead,,,,,driver,,Scarborough Centre (21),41 Division,Wexford/Maryvale,FALSE,FALSE,FALSE,FALSE,FALSE,TRUE,TRUE,FALSE,FALSE,FALSE,"{""coordinates"": [[-79.31752360180057, 43.76301007863239]], ""type"": ""MultiPoint""}"
11703,2015:5001105926,2015-07-01T09:49:00,MARKHAM RD,PROGRESS AVE,,3,Non-Fatal Injury,At Intersection,Traffic Signal,Turning Movement,Clear,Daylight,Dry,Major Arterial,FALSE,-79.23388245,43.78173598282072,1,,,3,9,Major,Lap and Shoulder Belt,,,,,,,,,,passenger,,Scarborough-Guildwood (24),43 Division,Woburn North,TRUE,TRUE,FALSE,FALSE,FALSE,FALSE,FALSE,FALSE,TRUE,FALSE,"{""coordinates"": [[-79.23388245270809, 43.78173598282072]], ""type"": ""MultiPoint""}"
11704,2015:5001105926,2015-07-01T09:49:00,MARKHAM RD,PROGRESS AVE,,3,Non-Fatal Injury,At Intersection,Traffic Signal,Turning Movement,Clear,Daylight,Dry,Major Arterial,FALSE,-79.23388245,43.78173598282072,1,Automobile or Station Wagon,East,1,40,None,Lap and Shoulder Belt,Failed to yield right-of-way,Inattentive,,,Turning Left,,,,,driver,,Scarborough-Guildwood (24),43 Division,Woburn North,TRUE,TRUE,FALSE,FALSE,FALSE,FALSE,FALSE,FALSE,TRUE,FALSE,"{""coordinates"": [[-79.23388245270809, 43.78173598282072]], ""type"": ""MultiPoint""}"
11705,2015:5001105926,2015-07-01T09:49:00,MARKHAM RD,PROGRESS AVE,,3,Non-Fatal Injury,At Intersection,Traffic Signal,Turning Movement,Clear,Daylight,Dry,Major Arterial,FALSE,-79.23388245,43.78173598282072,2,Automobile or Station Wagon,West,2,35,Minimal,Lap and Shoulder Belt,Driving properly,Normal,,,Going Ahead,,,,,driver,,Scarborough-Guildwood (24),43 Division,Woburn North,TRUE,TRUE,FALSE,FALSE,FALSE,FALSE,FALSE,FALSE,TRUE,FALSE,"{""coordinates"": [[-79.23388245270809, 43.78173598282072]], ""type"": ""MultiPoint""}"
11706,2015:5001107596,2015-07-01T15:25:00,GERRARD ST E,RIVER ST,,3,Non-Fatal Injury,At Intersection,Traffic Signal,Turning Movement,Clear,Daylight,Dry,Minor Arterial,FALSE,-79.35923381,43.66369414449005,2,Motorcycle,North,2,49,Major,Helmet,Failed to yield right-of-way,Normal,,,Going Ahead,,,,,motorcyclist,,Toronto Centre (13),51 Division,Regent Park,TRUE,TRUE,FALSE,TRUE,FALSE,FALSE,FALSE,TRUE,TRUE,FALSE,"{""coordinates"": [[-79.35923381041572, 43.66369414449005]], ""type"": ""MultiPoint""}"
11707,2015:5001107596,2015-07-01T15:25:00,GERRARD ST E,RIVER ST,,3,Non-Fatal Injury,At Intersection,Traffic Signal,Turning Movement,Clear,Daylight,Dry,Minor Arterial,FALSE,-79.35923381,43.66369414449005,1,Automobile or Station Wagon,South,1,30,None,Use Unknown,Disobeyed traffic control,Inattentive,,,Turning Left,,,,,driver,,Toronto Centre (13),51 Division,Regent Park,TRUE,TRUE,FALSE,TRUE,FALSE,FALSE,FALSE,TRUE,TRUE,FALSE,"{""coordinates"": [[-79.35923381041572, 43.66369414449005]], ""type"": ""MultiPoint""}"
11708,2015:5001107596,2015-07-01T15:25:00,GERRARD ST E,RIVER ST,,3,Non-Fatal Injury,At Intersection,Traffic Signal,Turning Movement,Clear,Daylight,Dry,Minor Arterial,FALSE,-79.35923381,43.66369414449005,1,,,3,18,Major,Helmet,,,,,,,,,,passenger,,Toronto Centre (13),51 Division,Regent Park,TRUE,TRUE,FALSE,TRUE,FALSE,FALSE,FALSE,TRUE,TRUE,FALSE,"{""coordinates"": [[-79.35923381041572, 43.66369414449005]], ""type"": ""MultiPoint""}"
11709,2015:5001109964,2015-07-01T23:30:00,WALSH AVE,WESTON RD,22 m East of,4,Non-Fatal Injury,Non-Intersection,Traffic Signal,Rear End,Clear,Dark with Artificial Lighting,Dry,Major Arterial,FALSE,-79.53727403,43.71699736504823,1,Automobile or Station Wagon,West,2,40,Major,Use Unknown,Following too closely,Ability Impaired - Alcohol Over .08,,,Going Ahead,,,,,driver,,Humber River-Black Creek (7),31 Division,Pelmo Park-Humberlea,TRUE,FALSE,FALSE,FALSE,FALSE,FALSE,FALSE,FALSE,FALSE,TRUE,"{""coordinates"": [[-79.5372740297079, 43.71699736504823]], ""type"": ""MultiPoint""}"
11710,2015:5001109964,2015-07-01T23:30:00,WALSH AVE,WESTON RD,22 m East of,4,Non-Fatal Injury,Non-Intersection,Traffic Signal,Rear End,Clear,Dark with Artificial Lighting,Dry,Major Arterial,FALSE,-79.53727403,43.71699736504823,2,Truck - Closed,West,3,52,None,Lap and Shoulder Belt,Driving properly,Normal,,,Stopped,,,,,driver,,Humber River-Black Creek (7),31 Division,Pelmo Park-Humberlea,TRUE,FALSE,FALSE,FALSE,FALSE,FALSE,FALSE,FALSE,FALSE,TRUE,"{""coordinates"": [[-79.5372740297079, 43.71699736504823]], ""type"": ""MultiPoint""}"
11711,2015:5001109964,2015-07-01T23:30:00,WALSH AVE,WESTON RD,22 m East of,4,Non-Fatal Injury,Non-Intersection,Traffic Signal,Rear End,Clear,Dark with Artificial Lighting,Dry,Major Arterial,FALSE,-79.53727403,43.71699736504823,1,,,1,48,Major,Use Unknown,,,,,,,,,,passenger,,Humber River-Black Creek (7),31 Division,Pelmo Park-Humberlea,TRUE,FALSE,FALSE,FALSE,FALSE,FALSE,FALSE,FALSE,FALSE,TRUE,"{""coordinates"": [[-79.5372740297079, 43.71699736504823]], ""type"": ""MultiPoint""}"
11712,2015:5001109964,2015-07-01T23:30:00,WALSH AVE,WESTON RD,22 m East of,4,Non-Fatal Injury,Non-Intersection,Traffic Signal,Rear End,Clear,Dark with Artificial Lighting,Dry,Major Arterial,FALSE,-79.53727403,43.71699736504823,1,,,4,44,Minor,Air Bag Deployed,,,,,,,,,,passenger,,Humber River-Black Creek (7),31 Division,Pelmo Park-Humberlea,TRUE,FALSE,FALSE,FALSE,FALSE,FALSE,FALSE,FALSE,FALSE,TRUE,"{""coordinates"": [[-79.5372740297079, 43.71699736504823]], ""type"": ""MultiPoint""}"
11713,2015:5001110080,2015-07-02T23:55:00,LAKE SHORE BLVD W,REMEMBRANCE DR,4 m East of,3,Non-Fatal Injury,Intersection-Related,Traffic Signal,Pedestrian Collision(internal code),Clear,Dark with Artificial Lighting,Dry,Major Arterial,FALSE,-79.40874095,43.63442422453631,1,Automobile or Station Wagon,East,1,36,None,Lap and Shoulder Belt,Driving properly,Normal,,,Going Ahead,,,,,driver,,Spadina-Fort York (10),14 Division,Fort York-Liberty Village,FALSE,FALSE,FALSE,FALSE,FALSE,FALSE,TRUE,FALSE,FALSE,FALSE,"{""coordinates"": [[-79.40874095212028, 43.63442422453631]], ""type"": ""MultiPoint""}"
11714,2015:5001110080,2015-07-02T23:55:00,LAKE SHORE BLVD W,REMEMBRANCE DR,4 m East of,3,Non-Fatal Injury,Intersection-Related,Traffic Signal,Pedestrian Collision(internal code),Clear,Dark with Artificial Lighting,Dry,Major Arterial,FALSE,-79.40874095,43.63442422453631,1,,,2,30,None,Lap and Shoulder Belt,,,,,,,,,,passenger,,Spadina-Fort York (10),14 Division,Fort York-Liberty Village,FALSE,FALSE,FALSE,FALSE,FALSE,FALSE,TRUE,FALSE,FALSE,FALSE,"{""coordinates"": [[-79.40874095212028, 43.63442422453631]], ""type"": ""MultiPoint""}"
11715,2015:5001110080,2015-07-02T23:55:00,LAKE SHORE BLVD W,REMEMBRANCE DR,4 m East of,3,Non-Fatal Injury,Intersection-Related,Traffic Signal,Pedestrian Collision(internal code),Clear,Dark with Artificial Lighting,Dry,Major Arterial,FALSE,-79.40874095,43.63442422453631,1,,Unknown,3,32,Major,No Equipment Available,,,Crossing without right-of-way (intersection),Unknown,,Driver going straight hits pedestrian crossing without right-of-way (at intersection),,,,pedestrian,,Spadina-Fort York (10),14 Division,Fort York-Liberty Village,FALSE,FALSE,FALSE,FALSE,FALSE,FALSE,TRUE,FALSE,FALSE,FALSE,"{""coordinates"": [[-79.40874095212028, 43.63442422453631]], ""type"": ""MultiPoint""}"
11716,2015:5001126666,2015-07-04T13:40:00,FINCH AVE E,GORDON BAKER RD,10 m West of,3,Non-Fatal Injury,At Intersection,Traffic Signal,Pedestrian Collision(internal code),Clear,Daylight,Dry,Major Arterial,FALSE,-79.34125861,43.795133108040325,1,Automobile or Station Wagon,East,1,81,None,Lap and Shoulder Belt,Other,Normal,,,Going Ahead,,,,,driver,,Don Valley North (17),33 Division,Pleasant View,FALSE,FALSE,FALSE,FALSE,FALSE,TRUE,TRUE,FALSE,FALSE,FALSE,"{""coordinates"": [[-79.34125860999399, 43.795133108040325]], ""type"": ""MultiPoint""}"
11717,2015:5001332825,2015-08-04T11:36:00,KEELE STREET,MAPLE LEAF DRIVE,40 m North of,3,Fatal Injury,Non-Intersection,No Control,Sideswipe,Clear,Daylight,Dry,Major Arterial,FALSE,-79.47956495,43.715345296015926,1,,,3,80,Minor,Lap and Shoulder Belt,,,,,,,,,,passenger,,York South-Weston (5),12 Division,Maple Leaf,FALSE,FALSE,FALSE,FALSE,FALSE,TRUE,FALSE,FALSE,FALSE,TRUE,"{""coordinates"": [[-79.4795649490924, 43.715345296015926]], ""type"": ""MultiPoint""}"
11718,2015:5001126666,2015-07-04T13:40:00,FINCH AVE E,GORDON BAKER RD,10 m West of,3,Non-Fatal Injury,At Intersection,Traffic Signal,Pedestrian Collision(internal code),Clear,Daylight,Dry,Major Arterial,FALSE,-79.34125861,43.795133108040325,1,,Unknown,3,71,Major,No Equipment Available,,,Other,Normal,,Driver going straight hits pedestrian crossing with right-of-way (at intersection),,,,pedestrian,,Don Valley North (17),33 Division,Pleasant View,FALSE,FALSE,FALSE,FALSE,FALSE,TRUE,TRUE,FALSE,FALSE,FALSE,"{""coordinates"": [[-79.34125860999399, 43.795133108040325]], ""type"": ""MultiPoint""}"
11719,2015:5001126666,2015-07-04T13:40:00,FINCH AVE E,GORDON BAKER RD,10 m West of,3,Non-Fatal Injury,At Intersection,Traffic Signal,Pedestrian Collision(internal code),Clear,Daylight,Dry,Major Arterial,FALSE,-79.34125861,43.795133108040325,1,,Unknown,2,74,Minor,No Equipment Available,,,Other,Normal,,Driver going straight hits pedestrian crossing with right-of-way (at intersection),,,,pedestrian,,Don Valley North (17),33 Division,Pleasant View,FALSE,FALSE,FALSE,FALSE,FALSE,TRUE,TRUE,FALSE,FALSE,FALSE,"{""coordinates"": [[-79.34125860999399, 43.795133108040325]], ""type"": ""MultiPoint""}"
11720,2015:5001136090,2015-07-06T00:08:00,KIPLING AVE,JUTLAND RD,,3,Fatal Injury,Intersection-Related,No Control,Turning Movement,Clear,Dark with Artificial Lighting,Dry,Major Arterial,FALSE,-79.52883619,43.62629140322035,1,,,3,54,Minor,Lap and Shoulder Belt,,,,,,,,,,passenger,,Etobicoke-Lakeshore (3),22 Division,Etobicoke City Centre,TRUE,FALSE,FALSE,TRUE,FALSE,FALSE,FALSE,FALSE,FALSE,FALSE,"{""coordinates"": [[-79.52883618729442, 43.62629140322035]], ""type"": ""MultiPoint""}"
11721,2015:5001136090,2015-07-06T00:08:00,KIPLING AVE,JUTLAND RD,,3,Fatal Injury,Intersection-Related,No Control,Turning Movement,Clear,Dark with Artificial Lighting,Dry,Major Arterial,FALSE,-79.52883619,43.62629140322035,2,Motorcycle,North,2,29,Fatal,Helmet,Exceeding speed limit,Unknown,,,Going Ahead,,,,,motorcyclist,33,Etobicoke-Lakeshore (3),22 Division,Etobicoke City Centre,TRUE,FALSE,FALSE,TRUE,FALSE,FALSE,FALSE,FALSE,FALSE,FALSE,"{""coordinates"": [[-79.52883618729442, 43.62629140322035]], ""type"": ""MultiPoint""}"
11722,2015:5001136090,2015-07-06T00:08:00,KIPLING AVE,JUTLAND RD,,3,Fatal Injury,Intersection-Related,No Control,Turning Movement,Clear,Dark with Artificial Lighting,Dry,Major Arterial,FALSE,-79.52883619,43.62629140322035,1,Automobile or Station Wagon,South,1,50,Minimal,Lap and Shoulder Belt,Driving properly,Normal,,,Turning Left,,,,,driver,,Etobicoke-Lakeshore (3),22 Division,Etobicoke City Centre,TRUE,FALSE,FALSE,TRUE,FALSE,FALSE,FALSE,FALSE,FALSE,FALSE,"{""coordinates"": [[-79.52883618729442, 43.62629140322035]], ""type"": ""MultiPoint""}"
11723,2015:5001160138,2015-07-09T14:07:00,BAYVIEW AVE,WYCLIFFE CRES,26 m South of,3,Non-Fatal Injury,Non-Intersection,No Control,Rear End,Clear,Daylight,Dry,Major Arterial,FALSE,-79.38997271,43.77523216672687,2,Automobile or Station Wagon,North,2,66,None,Lap and Shoulder Belt,Driving properly,Normal,,,Slowing or Stopping,,,,,driver,,Don Valley North (17),33 Division,Bayview Village,FALSE,TRUE,FALSE,FALSE,FALSE,TRUE,FALSE,FALSE,FALSE,FALSE,"{""coordinates"": [[-79.38997270923836, 43.77523216672687]], ""type"": ""MultiPoint""}"
11724,2015:5001160138,2015-07-09T14:07:00,BAYVIEW AVE,WYCLIFFE CRES,26 m South of,3,Non-Fatal Injury,Non-Intersection,No Control,Rear End,Clear,Daylight,Dry,Major Arterial,FALSE,-79.38997271,43.77523216672687,3,Automobile or Station Wagon,North,3,60,None,Lap and Shoulder Belt,Driving properly,Normal,,,Slowing or Stopping,,,,,driver,,Don Valley North (17),33 Division,Bayview Village,FALSE,TRUE,FALSE,FALSE,FALSE,TRUE,FALSE,FALSE,FALSE,FALSE,"{""coordinates"": [[-79.38997270923836, 43.77523216672687]], ""type"": ""MultiPoint""}"
11725,2015:5001160138,2015-07-09T14:07:00,BAYVIEW AVE,WYCLIFFE CRES,26 m South of,3,Non-Fatal Injury,Non-Intersection,No Control,Rear End,Clear,Daylight,Dry,Major Arterial,FALSE,-79.38997271,43.77523216672687,1,Automobile or Station Wagon,North,1,59,Major,Lap and Shoulder Belt,Lost control,Inattentive,,,Going Ahead,,,,,driver,,Don Valley North (17),33 Division,Bayview Village,FALSE,TRUE,FALSE,FALSE,FALSE,TRUE,FALSE,FALSE,FALSE,FALSE,"{""coordinates"": [[-79.38997270923836, 43.77523216672687]], ""type"": ""MultiPoint""}"
11726,2015:5001168527,2015-07-10T18:50:00,EGLINTON AVE W,ROYAL YORK RD,,2,Non-Fatal Injury,At Intersection,Traffic Signal,Turning Movement,Clear,Daylight,Dry,Major Arterial,TRUE,-79.52656208,43.682264371010646,1,,West,1,,None,Use Unknown,Failed to yield right-of-way,Unknown,,,Turning Left,,,,,driver,,Etobicoke Centre (2),22 Division,Edenbridge-Humber Valley,TRUE,FALSE,FALSE,TRUE,FALSE,FALSE,FALSE,FALSE,FALSE,FALSE,"{""coordinates"": [[-79.52656208052214, 43.682264371010646]], ""type"": ""MultiPoint""}"
11727,2015:5001168527,2015-07-10T18:50:00,EGLINTON AVE W,ROYAL YORK RD,,2,Non-Fatal Injury,At Intersection,Traffic Signal,Turning Movement,Clear,Daylight,Dry,Major Arterial,TRUE,-79.52656208,43.682264371010646,2,Motorcycle,East,2,55,Major,Helmet,Driving properly,Normal,,,Going Ahead,,,,,motorcyclist,,Etobicoke Centre (2),22 Division,Edenbridge-Humber Valley,TRUE,FALSE,FALSE,TRUE,FALSE,FALSE,FALSE,FALSE,FALSE,FALSE,"{""coordinates"": [[-79.52656208052214, 43.682264371010646]], ""type"": ""MultiPoint""}"
11728,2015:5001169933,2015-07-10T23:25:00,KIPLING AVE,BEACONHILL RD,30 m South of,3,Non-Fatal Injury,Non-Intersection,Traffic Signal,Rear End,Clear,Dark,Dry,Major Arterial,FALSE,-79.58708603,43.75361040105488,1,Automobile or Station Wagon,North,1,35,None,Lap and Shoulder Belt,Lost control,Ability Impaired - Alcohol Over .08,,,Changing Lanes,,,,,driver,,Etobicoke North (1),23 Division,Mount Olive-Silverstone-Jamestown,FALSE,FALSE,FALSE,FALSE,FALSE,FALSE,FALSE,FALSE,FALSE,TRUE,"{""coordinates"": [[-79.58708602589968, 43.75361040105488]], ""type"": ""MultiPoint""}"
11729,2015:5001169933,2015-07-10T23:25:00,KIPLING AVE,BEACONHILL RD,30 m South of,3,Non-Fatal Injury,Non-Intersection,Traffic Signal,Rear End,Clear,Dark,Dry,Major Arterial,FALSE,-79.58708603,43.75361040105488,1,,,3,50,Major,Lap and Shoulder Belt,,,,,,,,,,passenger,,Etobicoke North (1),23 Division,Mount Olive-Silverstone-Jamestown,FALSE,FALSE,FALSE,FALSE,FALSE,FALSE,FALSE,FALSE,FALSE,TRUE,"{""coordinates"": [[-79.58708602589968, 43.75361040105488]], ""type"": ""MultiPoint""}"
11730,2015:5001169933,2015-07-10T23:25:00,KIPLING AVE,BEACONHILL RD,30 m South of,3,Non-Fatal Injury,Non-Intersection,Traffic Signal,Rear End,Clear,Dark,Dry,Major Arterial,FALSE,-79.58708603,43.75361040105488,2,Municipal Transit Bus (TTC),North,2,51,None,Lap and Shoulder Belt,Driving properly,Normal,,,Slowing or Stopping,,,,,driver,,Etobicoke North (1),23 Division,Mount Olive-Silverstone-Jamestown,FALSE,FALSE,FALSE,FALSE,FALSE,FALSE,FALSE,FALSE,FALSE,TRUE,"{""coordinates"": [[-79.58708602589968, 43.75361040105488]], ""type"": ""MultiPoint""}"
11731,2015:5001176666,2015-07-12T23:54:00,LAKE SHORE BLVD W,ONTARIO DR,73 m West of,2,Non-Fatal Injury,Intersection-Related,Traffic Signal,SMV Other,Clear,Dark with Artificial Lighting,Dry,Major Arterial,TRUE,-79.41977298,43.630415242520186,1,Truck - Other,North,1,22,None,Use Unknown,Driving properly,Unknown,,,Turning Left,,,,,driver,,Spadina-Fort York (10),14 Division,Fort York-Liberty Village,FALSE,FALSE,FALSE,FALSE,FALSE,FALSE,FALSE,FALSE,FALSE,TRUE,"{""coordinates"": [[-79.41977298067638, 43.630415242520186]], ""type"": ""MultiPoint""}"
11732,2015:5001176666,2015-07-12T23:54:00,LAKE SHORE BLVD W,ONTARIO DR,73 m West of,2,Non-Fatal Injury,Intersection-Related,Traffic Signal,SMV Other,Clear,Dark with Artificial Lighting,Dry,Major Arterial,TRUE,-79.41977298,43.630415242520186,1,,,2,22,Major,No Equipment Available,,,,,,,,,,passenger,,Spadina-Fort York (10),14 Division,Fort York-Liberty Village,FALSE,FALSE,FALSE,FALSE,FALSE,FALSE,FALSE,FALSE,FALSE,TRUE,"{""coordinates"": [[-79.41977298067638, 43.630415242520186]], ""type"": ""MultiPoint""}"
11733,2015:5001196464,2015-07-14T21:37:00,BUCKINGHAM AVE,DINNICK CRES,,2,Fatal Injury,,Stop Sign,Pedestrian Collision(internal code),Other,Dark with Artificial Lighting,Other,Local,FALSE,-79.39442078,43.72570218015979,0,,North,2,72,Fatal,,,,Crossing with right-of-way (intersection),Normal,,Driver turns left into pedestrian crossing with right-of-way (at intersection),,,,pedestrian,34,Don Valley West (15),53 Division,Lawrence Park South,TRUE,FALSE,FALSE,FALSE,FALSE,TRUE,TRUE,FALSE,FALSE,FALSE,"{""coordinates"": [[-79.39442078141272, 43.72570218015979]], ""type"": ""MultiPoint""}"
11734,2015:5001196464,2015-07-14T21:37:00,BUCKINGHAM AVE,DINNICK CRES,,2,Fatal Injury,,Stop Sign,Pedestrian Collision(internal code),Other,Dark with Artificial Lighting,Other,Local,FALSE,-79.39442078,43.72570218015979,0,Automobile or Station Wagon,West,1,48,None,,Failed to yield right-of-way,Normal,,,Turning Left,,,,,driver,,Don Valley West (15),53 Division,Lawrence Park South,TRUE,FALSE,FALSE,FALSE,FALSE,TRUE,TRUE,FALSE,FALSE,FALSE,"{""coordinates"": [[-79.39442078141272, 43.72570218015979]], ""type"": ""MultiPoint""}"
11735,2015:5001197879,2015-07-15T04:29:00,1500 EGLINTON AVE W,,,2,Non-Fatal Injury,At/Near Private Drive,No Control,Pedestrian Collision(internal code),Clear,Dark,Dry,Major Arterial,FALSE,-79.44081491,43.69771725072838,1,,Unknown,2,30,Major,No Equipment Available,,,Other,Unknown,,Driver hits pedestrian at private driveway,,,,pedestrian,,Toronto-St. Paul's (12),13 Division,Oakwood Village,FALSE,FALSE,FALSE,FALSE,FALSE,FALSE,TRUE,FALSE,FALSE,FALSE,"{""coordinates"": [[-79.44081490976241, 43.69771725072838]], ""type"": ""MultiPoint""}"
11736,2015:5001197879,2015-07-15T04:29:00,1500 EGLINTON AVE W,,,2,Non-Fatal Injury,At/Near Private Drive,No Control,Pedestrian Collision(internal code),Clear,Dark,Dry,Major Arterial,FALSE,-79.44081491,43.69771725072838,1,Automobile or Station Wagon,South,1,35,None,Use Unknown,Other,Unknown,,,Going Ahead,,,,,driver,,Toronto-St. Paul's (12),13 Division,Oakwood Village,FALSE,FALSE,FALSE,FALSE,FALSE,FALSE,TRUE,FALSE,FALSE,FALSE,"{""coordinates"": [[-79.44081490976241, 43.69771725072838]], ""type"": ""MultiPoint""}"
11737,2015:5001203164,2015-07-15T20:30:00,DANFORTH AVE,AUGUST AVE,,4,Non-Fatal Injury,Intersection-Related,Stop Sign,Turning Movement,Clear,Daylight,Dry,Major Arterial,FALSE,-79.28110862,43.69280403161137,0,,,4,12,None,Use Unknown,,,,,,,,,,passenger,,Scarborough Southwest (20),41 Division,Oakridge,FALSE,FALSE,FALSE,TRUE,FALSE,FALSE,FALSE,FALSE,TRUE,FALSE,"{""coordinates"": [[-79.28110862405192, 43.69280403161137]], ""type"": ""MultiPoint""}"
11738,2015:5001203164,2015-07-15T20:30:00,DANFORTH AVE,AUGUST AVE,,4,Non-Fatal Injury,Intersection-Related,Stop Sign,Turning Movement,Clear,Daylight,Dry,Major Arterial,FALSE,-79.28110862,43.69280403161137,1,Automobile or Station Wagon,North,1,60,None,Lap and Shoulder Belt,Improper turn,Normal,,,Turning Left,,,,,driver,,Scarborough Southwest (20),41 Division,Oakridge,FALSE,FALSE,FALSE,TRUE,FALSE,FALSE,FALSE,FALSE,TRUE,FALSE,"{""coordinates"": [[-79.28110862405192, 43.69280403161137]], ""type"": ""MultiPoint""}"
11739,2015:5001203164,2015-07-15T20:30:00,DANFORTH AVE,AUGUST AVE,,4,Non-Fatal Injury,Intersection-Related,Stop Sign,Turning Movement,Clear,Daylight,Dry,Major Arterial,FALSE,-79.28110862,43.69280403161137,0,,,3,45,None,Use Unknown,,,,,,,,,,passenger,,Scarborough Southwest (20),41 Division,Oakridge,FALSE,FALSE,FALSE,TRUE,FALSE,FALSE,FALSE,FALSE,TRUE,FALSE,"{""coordinates"": [[-79.28110862405192, 43.69280403161137]], ""type"": ""MultiPoint""}"
11740,2015:5001203164,2015-07-15T20:30:00,DANFORTH AVE,AUGUST AVE,,4,Non-Fatal Injury,Intersection-Related,Stop Sign,Turning Movement,Clear,Daylight,Dry,Major Arterial,FALSE,-79.28110862,43.69280403161137,2,Motorcycle,West,2,51,Major,Helmet,Driving properly,Normal,,,Going Ahead,,,,,motorcyclist,,Scarborough Southwest (20),41 Division,Oakridge,FALSE,FALSE,FALSE,TRUE,FALSE,FALSE,FALSE,FALSE,TRUE,FALSE,"{""coordinates"": [[-79.28110862405192, 43.69280403161137]], ""type"": ""MultiPoint""}"
11741,2015:5001207270,2015-07-16T12:53:00,EASTDALE AVE,GOODWOOD PARK CRES,35 m North of,6,Non-Fatal Injury,Non-Intersection,No Control,Pedestrian Collision(internal code),Clear,Daylight,Dry,Collector,FALSE,-79.30076966,43.694761058742316,1,,,2,8,None,Lap and Shoulder Belt,,,,,,,,,,passenger,,Beaches-East York (19),55 Division,Taylor-Massey,FALSE,TRUE,FALSE,FALSE,FALSE,FALSE,TRUE,FALSE,TRUE,FALSE,"{""coordinates"": [[-79.30076965768922, 43.694761058742316]], ""type"": ""MultiPoint""}"
11742,2015:5001207270,2015-07-16T12:53:00,EASTDALE AVE,GOODWOOD PARK CRES,35 m North of,6,Non-Fatal Injury,Non-Intersection,No Control,Pedestrian Collision(internal code),Clear,Daylight,Dry,Collector,FALSE,-79.30076966,43.694761058742316,1,,West,1,15,Major,Use Unknown,,,Coming from behind parked vehicle or object,Inattentive,,Driver hits pedestrian walking or running out from between parked vehicles (at midblock),,,,pedestrian,,Beaches-East York (19),55 Division,Taylor-Massey,FALSE,TRUE,FALSE,FALSE,FALSE,FALSE,TRUE,FALSE,TRUE,FALSE,"{""coordinates"": [[-79.30076965768922, 43.694761058742316]], ""type"": ""MultiPoint""}"
11743,2015:5001207270,2015-07-16T12:53:00,EASTDALE AVE,GOODWOOD PARK CRES,35 m North of,6,Non-Fatal Injury,Non-Intersection,No Control,Pedestrian Collision(internal code),Clear,Daylight,Dry,Collector,FALSE,-79.30076966,43.694761058742316,1,Automobile or Station Wagon,North,6,28,None,Lap and Shoulder Belt,Driving properly,Normal,,,Going Ahead,,,,,driver,,Beaches-East York (19),55 Division,Taylor-Massey,FALSE,TRUE,FALSE,FALSE,FALSE,FALSE,TRUE,FALSE,TRUE,FALSE,"{""coordinates"": [[-79.30076965768922, 43.694761058742316]], ""type"": ""MultiPoint""}"
11744,2015:5001207270,2015-07-16T12:53:00,EASTDALE AVE,GOODWOOD PARK CRES,35 m North of,6,Non-Fatal Injury,Non-Intersection,No Control,Pedestrian Collision(internal code),Clear,Daylight,Dry,Collector,FALSE,-79.30076966,43.694761058742316,1,,,3,1,None,Child Safety Seat Used Correctly,,,,,,,,,,passenger,,Beaches-East York (19),55 Division,Taylor-Massey,FALSE,TRUE,FALSE,FALSE,FALSE,FALSE,TRUE,FALSE,TRUE,FALSE,"{""coordinates"": [[-79.30076965768922, 43.694761058742316]], ""type"": ""MultiPoint""}"