_id,collision_id,accdate,stname1,stname2,stname3,per_inv,acclass,accloc,traffictl,impactype,visible,light,rdsfcond,road_class,failtorem,longitude,latitude,veh_no,vehtype,initdir,per_no,invage,injury,safequip,drivact,drivcond,pedact,pedcond,manoeuvre,pedtype,cyclistype,cycact,cyccond,road_user,fatal_no,wardname,division,neighbourhood,aggressive,distracted,cyclist,motorcyclist,other_micromobility,older_adult,pedestrian,red_light,school_child,heavy_truck,geometry
11927,2015:5001660531,2015-09-25T19:43:00,HUMBERSIDE AVE,KEELE ST,,3,Non-Fatal Injury,At Intersection,Traffic Signal,Pedestrian Collision(internal code),Clear,Dark with Artificial Lighting,Dry,Major Arterial,FALSE,-79.46291801,43.661588295752644,1,Automobile or Station Wagon,East,1,32,None,Lap and Shoulder Belt,Failed to yield right-of-way,Inattentive,,,Turning Left,,,,,driver,,Parkdale-High Park (4),11 Division,High Park North,TRUE,TRUE,FALSE,FALSE,FALSE,TRUE,TRUE,FALSE,FALSE,FALSE,"{""coordinates"": [[-79.46291801306424, 43.661588295752644]], ""type"": ""MultiPoint""}"
11928,2015:5001660901,2015-09-25T20:58:00,MOUNT PLEASANT RD,STIBBARD AVE,25 m South of,1,Non-Fatal Injury,Non-Intersection,No Control,SMV Other,Clear,Dark with Artificial Lighting,Dry,Major Arterial,FALSE,-79.39360479,43.71692418125329,1,Automobile or Station Wagon,North,1,53,Major,Lap and Shoulder Belt,Lost control,Ability Impaired - Alcohol,,,Going Ahead,,,,,driver,,Don Valley West (15),53 Division,Mount Pleasant East,FALSE,FALSE,FALSE,FALSE,FALSE,FALSE,FALSE,FALSE,FALSE,FALSE,"{""coordinates"": [[-79.39360479362885, 43.71692418125329]], ""type"": ""MultiPoint""}"
11929,2015:5001661734,2015-09-26T00:01:00,BURNHAMTHORPE RD,427 C N BURNHAMTHORPE RAMP,,2,Fatal Injury,At Intersection,Traffic Signal,Turning Movement,Clear,Dark with Artificial Lighting,Dry,Major Arterial,FALSE,-79.56166519,43.64589543320276,1,Automobile or Station Wagon,East,1,31,Fatal,Lap and Shoulder Belt,Disobeyed traffic control,Ability Impaired - Alcohol,,,Going Ahead,,,,,driver,47,Etobicoke Centre (2),22 Division,Islington,TRUE,FALSE,FALSE,FALSE,FALSE,FALSE,FALSE,TRUE,FALSE,FALSE,"{""coordinates"": [[-79.56166519371766, 43.64589543320276]], ""type"": ""MultiPoint""}"
11930,2015:5001661734,2015-09-26T00:01:00,BURNHAMTHORPE RD,427 C N BURNHAMTHORPE RAMP,,2,Fatal Injury,At Intersection,Traffic Signal,Turning Movement,Clear,Dark with Artificial Lighting,Dry,Major Arterial,FALSE,-79.56166519,43.64589543320276,2,Automobile or Station Wagon,North,2,24,Major,Lap and Shoulder Belt,Driving properly,Normal,,,Turning Left,,,,,driver,,Etobicoke Centre (2),22 Division,Islington,TRUE,FALSE,FALSE,FALSE,FALSE,FALSE,FALSE,TRUE,FALSE,FALSE,"{""coordinates"": [[-79.56166519371766, 43.64589543320276]], ""type"": ""MultiPoint""}"
11931,2015:5001665605,2015-09-26T17:18:00,DANFORTH AVE,ST DUNSTAN DR,,3,Non-Fatal Injury,Intersection-Related,No Control,Turning Movement,Clear,Daylight,Dry,Major Arterial,FALSE,-79.28551063,43.691846037694084,2,Motorcycle,West,2,32,Major,Helmet,Improper lane change,Inattentive,,,Changing Lanes,,,,,motorcyclist,,Scarborough Southwest (20),41 Division,Oakridge,FALSE,TRUE,FALSE,TRUE,FALSE,FALSE,FALSE,FALSE,FALSE,FALSE,"{""coordinates"": [[-79.28551063336508, 43.691846037694084]], ""type"": ""MultiPoint""}"
11932,2015:5001665605,2015-09-26T17:18:00,DANFORTH AVE,ST DUNSTAN DR,,3,Non-Fatal Injury,Intersection-Related,No Control,Turning Movement,Clear,Daylight,Dry,Major Arterial,FALSE,-79.28551063,43.691846037694084,1,Automobile or Station Wagon,East,1,54,Minimal,Lap and Shoulder Belt,Improper turn,Inattentive,,,Turning Left,,,,,driver,,Scarborough Southwest (20),41 Division,Oakridge,FALSE,TRUE,FALSE,TRUE,FALSE,FALSE,FALSE,FALSE,FALSE,FALSE,"{""coordinates"": [[-79.28551063336508, 43.691846037694084]], ""type"": ""MultiPoint""}"
11933,2015:5001665605,2015-09-26T17:18:00,DANFORTH AVE,ST DUNSTAN DR,,3,Non-Fatal Injury,Intersection-Related,No Control,Turning Movement,Clear,Daylight,Dry,Major Arterial,FALSE,-79.28551063,43.691846037694084,1,,,3,54,Minor,Lap and Shoulder Belt,,,,,,,,,,passenger,,Scarborough Southwest (20),41 Division,Oakridge,FALSE,TRUE,FALSE,TRUE,FALSE,FALSE,FALSE,FALSE,FALSE,FALSE,"{""coordinates"": [[-79.28551063336508, 43.691846037694084]], ""type"": ""MultiPoint""}"
11934,2015:5001667907,2015-09-27T00:54:00,KEELE ST,ANNETTE ST,9 m South of,2,Non-Fatal Injury,Intersection-Related,Traffic Signal,Cyclist Collision,Clear,Dark with Artificial Lighting,Dry,Major Arterial,FALSE,-79.46379501,43.6636413,1,Bicycle,South,1,28,Major,Use Unknown,,,,,Going Ahead,,"Cyclist without right-of-way rides into path of driver (at intersection, laneway, or driveway)",Disobeyed Traffic Control,Normal,cyclist,,Parkdale-High Park (4),11 Division,Junction Area,FALSE,FALSE,TRUE,FALSE,FALSE,FALSE,FALSE,FALSE,FALSE,TRUE,"{""coordinates"": [[-79.46379501117268, 43.6636412961891]], ""type"": ""MultiPoint""}"
11935,2015:5001667907,2015-09-27T00:54:00,KEELE ST,ANNETTE ST,9 m South of,2,Non-Fatal Injury,Intersection-Related,Traffic Signal,Cyclist Collision,Clear,Dark with Artificial Lighting,Dry,Major Arterial,FALSE,-79.46379501,43.6636413,2,Municipal Transit Bus (TTC),South,2,39,None,Lap and Shoulder Belt,Driving properly,Normal,,,Turning Right,,,,,driver,,Parkdale-High Park (4),11 Division,Junction Area,FALSE,FALSE,TRUE,FALSE,FALSE,FALSE,FALSE,FALSE,FALSE,TRUE,"{""coordinates"": [[-79.46379501117268, 43.6636412961891]], ""type"": ""MultiPoint""}"
11936,2015:5001670080,2015-09-27T12:20:00,HOMEWOOD AVE,WELLESLEY ST E,,2,Non-Fatal Injury,At Intersection,Traffic Signal,Cyclist Collision,Clear,Daylight,Dry,Minor Arterial,FALSE,-79.37584284,43.66647516801389,1,Automobile or Station Wagon,South,1,44,None,Use Unknown,Failed to yield right-of-way,Inattentive,,,Turning Right,,,,,driver,,Toronto Centre (13),51 Division,Cabbagetown-South St.James Town,TRUE,TRUE,TRUE,FALSE,FALSE,FALSE,FALSE,FALSE,FALSE,FALSE,"{""coordinates"": [[-79.37584283810013, 43.66647516801389]], ""type"": ""MultiPoint""}"
11937,2015:5001670080,2015-09-27T12:20:00,HOMEWOOD AVE,WELLESLEY ST E,,2,Non-Fatal Injury,At Intersection,Traffic Signal,Cyclist Collision,Clear,Daylight,Dry,Minor Arterial,FALSE,-79.37584284,43.66647516801389,2,Bicycle,East,2,28,Major,Helmet,,,,,Going Ahead,,Driver turns right on red at signalized intersection and hits cyclist,Driving Properly,Normal,cyclist,,Toronto Centre (13),51 Division,Cabbagetown-South St.James Town,TRUE,TRUE,TRUE,FALSE,FALSE,FALSE,FALSE,FALSE,FALSE,FALSE,"{""coordinates"": [[-79.37584283810013, 43.66647516801389]], ""type"": ""MultiPoint""}"
11938,2015:5001672708,2015-09-27T21:36:00,336 BIRCHMOUNT RD,,3 m South of,2,Non-Fatal Injury,Non-Intersection,No Control,Cyclist Collision,Clear,Dark with Artificial Lighting,Dry,Minor Arterial,FALSE,-79.26479759,43.69895700938259,2,Bicycle,South,2,35,Major,No Equipment Available,,,,,Stopped,,Rear end with cyclist and driver travelling in same direction,Driving Properly,Normal,cyclist,,Scarborough Southwest (20),41 Division,Birchcliffe-Cliffside,TRUE,TRUE,TRUE,FALSE,FALSE,TRUE,FALSE,FALSE,FALSE,FALSE,"{""coordinates"": [[-79.26479758659751, 43.69895700938259]], ""type"": ""MultiPoint""}"
11939,2015:5001672708,2015-09-27T21:36:00,336 BIRCHMOUNT RD,,3 m South of,2,Non-Fatal Injury,Non-Intersection,No Control,Cyclist Collision,Clear,Dark with Artificial Lighting,Dry,Minor Arterial,FALSE,-79.26479759,43.69895700938259,1,Automobile or Station Wagon,South,1,68,None,Lap and Shoulder Belt,Following too closely,Inattentive,,,Going Ahead,,,,,driver,,Scarborough Southwest (20),41 Division,Birchcliffe-Cliffside,TRUE,TRUE,TRUE,FALSE,FALSE,TRUE,FALSE,FALSE,FALSE,FALSE,"{""coordinates"": [[-79.26479758659751, 43.69895700938259]], ""type"": ""MultiPoint""}"
11940,2015:5001677716,2015-09-28T17:55:00,OSSINGTON AVE,DEWSON ST,42 m South of,2,Non-Fatal Injury,Non-Intersection,No Control,Pedestrian Collision(internal code),Clear,Daylight,Dry,Minor Arterial,FALSE,-79.42352695,43.65654524001023,1,Automobile or Station Wagon,South,1,42,None,Lap and Shoulder Belt,Driving properly,Normal,,,Going Ahead,,,,,driver,,University-Rosedale (11),14 Division,Palmerston-Little Italy,FALSE,TRUE,FALSE,FALSE,FALSE,FALSE,TRUE,FALSE,TRUE,FALSE,"{""coordinates"": [[-79.42352694549098, 43.65654524001023]], ""type"": ""MultiPoint""}"
11941,2015:5001677716,2015-09-28T17:55:00,OSSINGTON AVE,DEWSON ST,42 m South of,2,Non-Fatal Injury,Non-Intersection,No Control,Pedestrian Collision(internal code),Clear,Daylight,Dry,Minor Arterial,FALSE,-79.42352695,43.65654524001023,1,,East,2,7,Major,Lap and Shoulder Belt,,,Running onto roadway,Inattentive,,Driver hits pedestrian at midblock,,,,pedestrian,,University-Rosedale (11),14 Division,Palmerston-Little Italy,FALSE,TRUE,FALSE,FALSE,FALSE,FALSE,TRUE,FALSE,TRUE,FALSE,"{""coordinates"": [[-79.42352694549098, 43.65654524001023]], ""type"": ""MultiPoint""}"
11942,2015:5001682517,2015-09-29T13:25:00,RIVER ST,QUEEN ST E,33 m East of,3,Non-Fatal Injury,At Intersection,Traffic Signal,Turning Movement,Other,Daylight,Other,Major Arterial,FALSE,-79.35654081,43.65736214159584,1,Automobile or Station Wagon,North,1,25,None,Use Unknown,Failed to yield right-of-way,Unknown,,,Turning Right,,,,,driver,,Toronto Centre (13),51 Division,Moss Park,TRUE,FALSE,FALSE,FALSE,FALSE,TRUE,FALSE,FALSE,FALSE,FALSE,"{""coordinates"": [[-79.35654081445887, 43.65736214159584]], ""type"": ""MultiPoint""}"
11943,2015:5001682517,2015-09-29T13:25:00,RIVER ST,QUEEN ST E,33 m East of,3,Non-Fatal Injury,At Intersection,Traffic Signal,Turning Movement,Other,Daylight,Other,Major Arterial,FALSE,-79.35654081,43.65736214159584,2,,,3,55,Major,Lap and Shoulder Belt,,,,,,,,,,passenger,,Toronto Centre (13),51 Division,Moss Park,TRUE,FALSE,FALSE,FALSE,FALSE,TRUE,FALSE,FALSE,FALSE,FALSE,"{""coordinates"": [[-79.35654081445887, 43.65736214159584]], ""type"": ""MultiPoint""}"
11944,2015:5001682517,2015-09-29T13:25:00,RIVER ST,QUEEN ST E,33 m East of,3,Non-Fatal Injury,At Intersection,Traffic Signal,Turning Movement,Other,Daylight,Other,Major Arterial,FALSE,-79.35654081,43.65736214159584,2,Automobile or Station Wagon,Unknown,2,68,Major,Lap and Shoulder Belt,Driving properly,Unknown,,,Going Ahead,,,,,driver,,Toronto Centre (13),51 Division,Moss Park,TRUE,FALSE,FALSE,FALSE,FALSE,TRUE,FALSE,FALSE,FALSE,FALSE,"{""coordinates"": [[-79.35654081445887, 43.65736214159584]], ""type"": ""MultiPoint""}"
11945,2015:5001684106,2015-09-29T15:20:00,939 PROGRESS AVE,,4 m North of,2,Non-Fatal Injury,At Intersection,Traffic Signal,Cyclist Collision,Rain,Daylight,Wet,Minor Arterial,FALSE,-79.23189945,43.78389898126516,1,Automobile or Station Wagon,South,1,36,None,Lap and Shoulder Belt,Failed to yield right-of-way,Inattentive,,,Turning Left,,,,,driver,,Scarborough-Guildwood (24),43 Division,Woburn North,TRUE,TRUE,TRUE,FALSE,FALSE,FALSE,FALSE,FALSE,TRUE,FALSE,"{""coordinates"": [[-79.23189944836001, 43.78389898126516]], ""type"": ""MultiPoint""}"
11946,2015:5001684106,2015-09-29T15:20:00,939 PROGRESS AVE,,4 m North of,2,Non-Fatal Injury,At Intersection,Traffic Signal,Cyclist Collision,Rain,Daylight,Wet,Minor Arterial,FALSE,-79.23189945,43.78389898126516,2,Bicycle,North,2,17,Major,Helmet,,,,,Going Ahead,,Driver turns left into path of cyclist,Driving Properly,Normal,cyclist,,Scarborough-Guildwood (24),43 Division,Woburn North,TRUE,TRUE,TRUE,FALSE,FALSE,FALSE,FALSE,FALSE,TRUE,FALSE,"{""coordinates"": [[-79.23189944836001, 43.78389898126516]], ""type"": ""MultiPoint""}"
11947,2015:5001686563,2015-09-30T07:33:00,DUNDAS ST W,ROXTON RD,60 m East of,2,Non-Fatal Injury,Non-Intersection,No Control,Sideswipe,Clear,Daylight,Dry,Major Arterial,FALSE,-79.41952895,43.64956123628332,2,Motorcycle,East,2,35,Major,Helmet,Driving properly,Normal,,,Going Ahead,,,,,motorcyclist,,Spadina-Fort York (10),14 Division,Trinity-Bellwoods,FALSE,TRUE,FALSE,TRUE,FALSE,FALSE,FALSE,FALSE,FALSE,FALSE,"{""coordinates"": [[-79.41952894908599, 43.64956123628332]], ""type"": ""MultiPoint""}"
11948,2015:5001686563,2015-09-30T07:33:00,DUNDAS ST W,ROXTON RD,60 m East of,2,Non-Fatal Injury,Non-Intersection,No Control,Sideswipe,Clear,Daylight,Dry,Major Arterial,FALSE,-79.41952895,43.64956123628332,1,Automobile or Station Wagon,East,1,32,None,Lap and Shoulder Belt,Improper lane change,Inattentive,,,Changing Lanes,,,,,driver,,Spadina-Fort York (10),14 Division,Trinity-Bellwoods,FALSE,TRUE,FALSE,TRUE,FALSE,FALSE,FALSE,FALSE,FALSE,FALSE,"{""coordinates"": [[-79.41952894908599, 43.64956123628332]], ""type"": ""MultiPoint""}"
11949,2015:5001691895,2015-09-30T23:55:00,WILSON AVE,MURRAY RD,,3,Fatal Injury,At Intersection,No Control,Turning Movement,Clear,Dark with Artificial Lighting,Dry,Major Arterial,FALSE,-79.47149251,43.729620779178596,2,Automobile or Station Wagon,East,2,54,Minor,Air Bag Deployed,Driving properly,Normal,,,Turning Left,,,,,driver,,York Centre (6),32 Division,Downsview,TRUE,FALSE,FALSE,TRUE,FALSE,FALSE,FALSE,FALSE,FALSE,FALSE,"{""coordinates"": [[-79.47149250953684, 43.729620779178596]], ""type"": ""MultiPoint""}"
11950,2015:5001691895,2015-09-30T23:55:00,WILSON AVE,MURRAY RD,,3,Fatal Injury,At Intersection,No Control,Turning Movement,Clear,Dark with Artificial Lighting,Dry,Major Arterial,FALSE,-79.47149251,43.729620779178596,1,Motorcycle,West,1,32,Major,Helmet,Exceeding speed limit,Unknown,,,Going Ahead,,,,,motorcyclist,,York Centre (6),32 Division,Downsview,TRUE,FALSE,FALSE,TRUE,FALSE,FALSE,FALSE,FALSE,FALSE,FALSE,"{""coordinates"": [[-79.47149250953684, 43.729620779178596]], ""type"": ""MultiPoint""}"
11951,2015:5001691895,2015-09-30T23:55:00,WILSON AVE,MURRAY RD,,3,Fatal Injury,At Intersection,No Control,Turning Movement,Clear,Dark with Artificial Lighting,Dry,Major Arterial,FALSE,-79.47149251,43.729620779178596,1,,,3,24,Fatal,Helmet,,,,,,,,,,motorcyclist,46,York Centre (6),32 Division,Downsview,TRUE,FALSE,FALSE,TRUE,FALSE,FALSE,FALSE,FALSE,FALSE,FALSE,"{""coordinates"": [[-79.47149250953684, 43.729620779178596]], ""type"": ""MultiPoint""}"
11952,2015:5002232122,2015-10-01T12:12:00,PARLIAMENT ST,SPRUCE ST,500 m North of,2,Non-Fatal Injury,Non-Intersection,No Control,Cyclist Collision,Clear,Daylight,Dry,Minor Arterial,TRUE,-79.36738183,43.66285516,2,Bicycle,North,2,60,Major,No Equipment Available,,,,,Overtaking,,Dooring,Driving Properly,Normal,cyclist,,Toronto Centre (13),51 Division,Cabbagetown-South St.James Town,FALSE,TRUE,TRUE,FALSE,FALSE,FALSE,FALSE,FALSE,FALSE,FALSE,"{""coordinates"": [[-79.36738182729768, 43.6628551564649]], ""type"": ""MultiPoint""}"
11953,2015:5002232122,2015-10-01T12:12:00,PARLIAMENT ST,SPRUCE ST,500 m North of,2,Non-Fatal Injury,Non-Intersection,No Control,Cyclist Collision,Clear,Daylight,Dry,Minor Arterial,TRUE,-79.36738183,43.66285516,1,Automobile or Station Wagon,North,1,,None,Use Unknown,Other,Inattentive,,,Stopped,,,,,driver,,Toronto Centre (13),51 Division,Cabbagetown-South St.James Town,FALSE,TRUE,TRUE,FALSE,FALSE,FALSE,FALSE,FALSE,FALSE,FALSE,"{""coordinates"": [[-79.36738182729768, 43.6628551564649]], ""type"": ""MultiPoint""}"
11954,2015:5001696184,2015-10-01T17:02:00,DURIE ST,COLBECK ST,2 m North of,2,Non-Fatal Injury,At Intersection,Stop Sign,Pedestrian Collision(internal code),Clear,Daylight,Dry,Collector,FALSE,-79.48056406,43.65413432477704,1,,North,2,75,Major,No Equipment Available,,,Crossing with right-of-way (intersection),Normal,,Driver turns left into pedestrian crossing with right-of-way (at intersection),,,,pedestrian,,Parkdale-High Park (4),11 Division,Runnymede-Bloor West Village,TRUE,FALSE,FALSE,FALSE,FALSE,TRUE,TRUE,FALSE,FALSE,FALSE,"{""coordinates"": [[-79.48056406036244, 43.65413432477704]], ""type"": ""MultiPoint""}"
11955,2015:5001696184,2015-10-01T17:02:00,DURIE ST,COLBECK ST,2 m North of,2,Non-Fatal Injury,At Intersection,Stop Sign,Pedestrian Collision(internal code),Clear,Daylight,Dry,Collector,FALSE,-79.48056406,43.65413432477704,1,Pickup Truck,West,1,25,None,Lap and Shoulder Belt,Failed to yield right-of-way,Normal,,,Turning Left,,,,,driver,,Parkdale-High Park (4),11 Division,Runnymede-Bloor West Village,TRUE,FALSE,FALSE,FALSE,FALSE,TRUE,TRUE,FALSE,FALSE,FALSE,"{""coordinates"": [[-79.48056406036244, 43.65413432477704]], ""type"": ""MultiPoint""}"
11956,2015:5001705355,2015-10-03T03:51:00,BURNHAMTHORPE RD,PRENNAN AVE,1 m East of,2,Fatal Injury,Non-Intersection,No Control,SMV Other,Clear,Dark,Dry,Major Arterial,FALSE,-79.54076016,43.65069440493004,1,Automobile or Station Wagon,West,1,36,Major,Use Unknown,Speed too fast for conditions,Had Been Drinking,,,Going Ahead,,,,,driver,,Etobicoke Centre (2),22 Division,Islington,TRUE,FALSE,FALSE,FALSE,FALSE,FALSE,FALSE,FALSE,FALSE,FALSE,"{""coordinates"": [[-79.54076015753431, 43.65069440493004]], ""type"": ""MultiPoint""}"
11957,2015:5001705355,2015-10-03T03:51:00,BURNHAMTHORPE RD,PRENNAN AVE,1 m East of,2,Fatal Injury,Non-Intersection,No Control,SMV Other,Clear,Dark,Dry,Major Arterial,FALSE,-79.54076016,43.65069440493004,1,,,2,41,Fatal,Use Unknown,,,,,,,,,,passenger,48,Etobicoke Centre (2),22 Division,Islington,TRUE,FALSE,FALSE,FALSE,FALSE,FALSE,FALSE,FALSE,FALSE,FALSE,"{""coordinates"": [[-79.54076015753431, 43.65069440493004]], ""type"": ""MultiPoint""}"
11958,2015:5001711803,2015-10-04T09:10:00,THE KINGSWAY,ANGLESEY BLVD,,2,Non-Fatal Injury,At Intersection,Stop Sign,Cyclist Collision,Clear,Daylight,Dry,Collector,FALSE,-79.52178611,43.66396537484652,1,Bicycle,East,1,46,Major,Use Unknown,,,,,Going Ahead,,"Cyclist without right-of-way rides into path of driver (at intersection, laneway, or driveway)",Disobeyed Traffic Control,Inattentive,cyclist,,Etobicoke Centre (2),22 Division,Edenbridge-Humber Valley,FALSE,TRUE,TRUE,FALSE,FALSE,FALSE,FALSE,FALSE,FALSE,FALSE,"{""coordinates"": [[-79.52178610826908, 43.66396537484652]], ""type"": ""MultiPoint""}"
11959,2015:5001711803,2015-10-04T09:10:00,THE KINGSWAY,ANGLESEY BLVD,,2,Non-Fatal Injury,At Intersection,Stop Sign,Cyclist Collision,Clear,Daylight,Dry,Collector,FALSE,-79.52178611,43.66396537484652,2,Automobile or Station Wagon,North,2,31,None,Lap and Shoulder Belt,Driving properly,Normal,,,Going Ahead,,,,,driver,,Etobicoke Centre (2),22 Division,Edenbridge-Humber Valley,FALSE,TRUE,TRUE,FALSE,FALSE,FALSE,FALSE,FALSE,FALSE,FALSE,"{""coordinates"": [[-79.52178610826908, 43.66396537484652]], ""type"": ""MultiPoint""}"
11960,2015:5001713235,2015-10-04T14:53:00,COLLEGE ST,MARKHAM ST,,2,Non-Fatal Injury,At Intersection,Stop Sign,Cyclist Collision,Clear,Dark with Artificial Lighting,Dry,Major Arterial,TRUE,-79.40894692,43.65621022,2,Bicycle,East,2,53,Major,No Equipment Available,,,,,Going Ahead,,Rear end with cyclist and driver travelling in same direction,Driving Properly,Normal,cyclist,,University-Rosedale (11),14 Division,Trinity-Bellwoods,TRUE,FALSE,TRUE,FALSE,FALSE,FALSE,FALSE,FALSE,FALSE,FALSE,"{""coordinates"": [[-79.40894691776417, 43.6562102187124]], ""type"": ""MultiPoint""}"
11961,2015:5001713235,2015-10-04T14:53:00,COLLEGE ST,MARKHAM ST,,2,Non-Fatal Injury,At Intersection,Stop Sign,Cyclist Collision,Clear,Dark with Artificial Lighting,Dry,Major Arterial,TRUE,-79.40894692,43.65621022,1,Automobile or Station Wagon,East,1,30,None,Use Unknown,Improper passing,Unknown,,,Going Ahead,,,,,driver,,University-Rosedale (11),14 Division,Trinity-Bellwoods,TRUE,FALSE,TRUE,FALSE,FALSE,FALSE,FALSE,FALSE,FALSE,FALSE,"{""coordinates"": [[-79.40894691776417, 43.6562102187124]], ""type"": ""MultiPoint""}"
11962,2015:5001722553,2015-10-06T06:21:00,MORNINGSIDE AVE,SHEPPARD AVE E,358 m North of,2,Fatal Injury,Non-Intersection,No Control,Rear End,Clear,Dawn with Artificial Lighting,Dry,Major Arterial,FALSE,-79.20087039,43.80515795555589,1,Automobile or Station Wagon,South,1,50,Fatal,Equipment Not Used But Available,Lost control,Unknown,,,Going Ahead,,,,,driver,49,Scarborough-Rouge Park (25),42 Division,Malvern East,FALSE,FALSE,FALSE,FALSE,FALSE,FALSE,FALSE,FALSE,FALSE,TRUE,"{""coordinates"": [[-79.20087039134177, 43.80515795555589]], ""type"": ""MultiPoint""}"
11963,2015:5001722553,2015-10-06T06:21:00,MORNINGSIDE AVE,SHEPPARD AVE E,358 m North of,2,Fatal Injury,Non-Intersection,No Control,Rear End,Clear,Dawn with Artificial Lighting,Dry,Major Arterial,FALSE,-79.20087039,43.80515795555589,2,Municipal Transit Bus (TTC),South,2,31,Minimal,Lap and Shoulder Belt,Driving properly,Normal,,,Stopped,,,,,driver,,Scarborough-Rouge Park (25),42 Division,Malvern East,FALSE,FALSE,FALSE,FALSE,FALSE,FALSE,FALSE,FALSE,FALSE,TRUE,"{""coordinates"": [[-79.20087039134177, 43.80515795555589]], ""type"": ""MultiPoint""}"
11964,2015:5001722959,2015-10-06T07:53:00,DAVISVILLE AVE,MOUNT PLEASANT RD,64 m West of,2,Non-Fatal Injury,Intersection-Related,No Control,Pedestrian Collision(internal code),Clear,Daylight,Dry,Minor Arterial,FALSE,-79.38780581,43.700124177465405,1,,North,2,48,Major,Use Unknown,,,Running onto roadway,Normal,,Driver hits pedestrian at midblock,,,,pedestrian,,Toronto-St. Paul's (12),53 Division,South Eglinton-Davisville,TRUE,FALSE,FALSE,FALSE,FALSE,FALSE,TRUE,FALSE,FALSE,FALSE,"{""coordinates"": [[-79.38780580918534, 43.700124177465405]], ""type"": ""MultiPoint""}"
11965,2015:5001722959,2015-10-06T07:53:00,DAVISVILLE AVE,MOUNT PLEASANT RD,64 m West of,2,Non-Fatal Injury,Intersection-Related,No Control,Pedestrian Collision(internal code),Clear,Daylight,Dry,Minor Arterial,FALSE,-79.38780581,43.700124177465405,1,Automobile or Station Wagon,East,1,29,None,Use Unknown,Improper passing,Normal,,,Overtaking,,,,,driver,,Toronto-St. Paul's (12),53 Division,South Eglinton-Davisville,TRUE,FALSE,FALSE,FALSE,FALSE,FALSE,TRUE,FALSE,FALSE,FALSE,"{""coordinates"": [[-79.38780580918534, 43.700124177465405]], ""type"": ""MultiPoint""}"
11966,2015:5001723026,2015-10-06T08:10:00,COXWELL AVE,EARL HAIG AVE,,2,Non-Fatal Injury,Intersection-Related,Pedestrian Crossover,Pedestrian Collision(internal code),Clear,Daylight,Dry,Minor Arterial,FALSE,-79.32269672,43.68113109007319,1,,East,2,11,Major,No Equipment Available,,,Crossing - pedestrian crossover,Normal,,Driver hits pedestrian at PXO/pedestrian midblock signal,,,,pedestrian,,Beaches-East York (19),55 Division,Woodbine Corridor,TRUE,TRUE,FALSE,FALSE,FALSE,FALSE,TRUE,FALSE,TRUE,FALSE,"{""coordinates"": [[-79.32269671652043, 43.68113109007319]], ""type"": ""MultiPoint""}"
11967,2015:5001723026,2015-10-06T08:10:00,COXWELL AVE,EARL HAIG AVE,,2,Non-Fatal Injury,Intersection-Related,Pedestrian Crossover,Pedestrian Collision(internal code),Clear,Daylight,Dry,Minor Arterial,FALSE,-79.32269672,43.68113109007319,1,Automobile or Station Wagon,South,1,37,None,Lap and Shoulder Belt,Failed to yield right-of-way,Inattentive,,,Going Ahead,,,,,driver,,Beaches-East York (19),55 Division,Woodbine Corridor,TRUE,TRUE,FALSE,FALSE,FALSE,FALSE,TRUE,FALSE,TRUE,FALSE,"{""coordinates"": [[-79.32269671652043, 43.68113109007319]], ""type"": ""MultiPoint""}"
11968,2015:5001723055,2015-10-06T08:13:00,KING ST W,SUDBURY ST,15 m West of,2,Non-Fatal Injury,Non-Intersection,Traffic Signal,Cyclist Collision,Clear,Daylight,Dry,Major Arterial,FALSE,-79.41723296,43.64097423546148,1,Bicycle,East,1,20,Major,No Equipment Available,,,,,Changing Lanes,,Sideswipe with cyclist and driver travelling in same direction,Improper Lane Change,Inattentive,cyclist,,Spadina-Fort York (10),14 Division,West Queen West,FALSE,TRUE,TRUE,FALSE,FALSE,FALSE,FALSE,FALSE,FALSE,FALSE,"{""coordinates"": [[-79.4172329584877, 43.64097423546148]], ""type"": ""MultiPoint""}"
11969,2015:5001723055,2015-10-06T08:13:00,KING ST W,SUDBURY ST,15 m West of,2,Non-Fatal Injury,Non-Intersection,Traffic Signal,Cyclist Collision,Clear,Daylight,Dry,Major Arterial,FALSE,-79.41723296,43.64097423546148,2,Automobile or Station Wagon,East,2,56,None,Lap and Shoulder Belt,Driving properly,Normal,,,Going Ahead,,,,,driver,,Spadina-Fort York (10),14 Division,West Queen West,FALSE,TRUE,TRUE,FALSE,FALSE,FALSE,FALSE,FALSE,FALSE,FALSE,"{""coordinates"": [[-79.4172329584877, 43.64097423546148]], ""type"": ""MultiPoint""}"
11970,2015:5001724104,2015-10-06T11:07:00,ROYAL YORK RD,BRAECREST AVE,51 m South of,1,Non-Fatal Injury,Non-Intersection,No Control,SMV Other,Clear,Daylight,Dry,Minor Arterial,FALSE,-79.53213206,43.694826370940305,1,Automobile or Station Wagon,South,1,61,Major,Lap and Shoulder Belt,Lost control,Medical or Physical Disability,,,Changing Lanes,,,,,driver,,Etobicoke Centre (2),23 Division,Humber Heights-Westmount,FALSE,FALSE,FALSE,FALSE,FALSE,FALSE,FALSE,FALSE,FALSE,FALSE,"{""coordinates"": [[-79.53213206435598, 43.694826370940305]], ""type"": ""MultiPoint""}"