_id,collision_id,accdate,stname1,stname2,stname3,per_inv,acclass,accloc,traffictl,impactype,visible,light,rdsfcond,road_class,failtorem,longitude,latitude,veh_no,vehtype,initdir,per_no,invage,injury,safequip,drivact,drivcond,pedact,pedcond,manoeuvre,pedtype,cyclistype,cycact,cyccond,road_user,fatal_no,wardname,division,neighbourhood,aggressive,distracted,cyclist,motorcyclist,other_micromobility,older_adult,pedestrian,red_light,school_child,heavy_truck,geometry
12061,2015:5001841929,2015-10-26T15:10:00,WILSON AVE,JAMES FINLAY WAY,,3,Non-Fatal Injury,At Intersection,Traffic Signal,Cyclist Collision,Clear,Daylight,Dry,Major Arterial,FALSE,-79.48011393,43.72740329135519,1,,,3,22,None,Lap and Shoulder Belt,,,,,,,,,,passenger,,York Centre (6),31 Division,Downsview,TRUE,FALSE,TRUE,FALSE,FALSE,FALSE,FALSE,FALSE,FALSE,FALSE,"{""coordinates"": [[-79.48011392851535, 43.72740329135519]], ""type"": ""MultiPoint""}"
12062,2015:5001841929,2015-10-26T15:10:00,WILSON AVE,JAMES FINLAY WAY,,3,Non-Fatal Injury,At Intersection,Traffic Signal,Cyclist Collision,Clear,Daylight,Dry,Major Arterial,FALSE,-79.48011393,43.72740329135519,1,Automobile or Station Wagon,North,1,53,None,Lap and Shoulder Belt,Failed to yield right-of-way,Normal,,,Turning Right,,,,,driver,,York Centre (6),31 Division,Downsview,TRUE,FALSE,TRUE,FALSE,FALSE,FALSE,FALSE,FALSE,FALSE,FALSE,"{""coordinates"": [[-79.48011392851535, 43.72740329135519]], ""type"": ""MultiPoint""}"
12063,2015:5001841929,2015-10-26T15:10:00,WILSON AVE,JAMES FINLAY WAY,,3,Non-Fatal Injury,At Intersection,Traffic Signal,Cyclist Collision,Clear,Daylight,Dry,Major Arterial,FALSE,-79.48011393,43.72740329135519,2,Bicycle,West,2,22,Major,No Equipment Available,,,,,Going Ahead,,Driver turns right on red at signalized intersection and hits cyclist,Driving Properly,Normal,cyclist,,York Centre (6),31 Division,Downsview,TRUE,FALSE,TRUE,FALSE,FALSE,FALSE,FALSE,FALSE,FALSE,FALSE,"{""coordinates"": [[-79.48011392851535, 43.72740329135519]], ""type"": ""MultiPoint""}"
12064,2015:5001842724,2015-10-26T17:50:00,VICTORIA PARK AVE,HUNTINGWOOD DR,100 m North of,3,Non-Fatal Injury,Non-Intersection,No Control,Approaching Head On,Clear,Dark with Artificial Lighting,Dry,Major Arterial,FALSE,-79.3258476,43.78131308947166,1,Automobile or Station Wagon,South,1,71,Major,Lap and Shoulder Belt,Lost control,Medical or Physical Disability,,,Going Ahead,,,,,driver,,Scarborough-Agincourt (22),42 Division,L'Amoreaux West,FALSE,FALSE,FALSE,FALSE,FALSE,TRUE,FALSE,FALSE,FALSE,FALSE,"{""coordinates"": [[-79.32584759835012, 43.78131308947166]], ""type"": ""MultiPoint""}"
12065,2015:5001842724,2015-10-26T17:50:00,VICTORIA PARK AVE,HUNTINGWOOD DR,100 m North of,3,Non-Fatal Injury,Non-Intersection,No Control,Approaching Head On,Clear,Dark with Artificial Lighting,Dry,Major Arterial,FALSE,-79.3258476,43.78131308947166,2,,,3,32,Minor,Lap and Shoulder Belt,,,,,,,,,,passenger,,Scarborough-Agincourt (22),42 Division,L'Amoreaux West,FALSE,FALSE,FALSE,FALSE,FALSE,TRUE,FALSE,FALSE,FALSE,FALSE,"{""coordinates"": [[-79.32584759835012, 43.78131308947166]], ""type"": ""MultiPoint""}"
12066,2021:1001390189,2021-07-24T04:40:00,670 BIRCHMOUNT RD,ANACONDA AVE,139 m North of,3,Non-Fatal Injury,Non-Intersection,Traffic Signal,SMV Other,Clear,Dark with Artificial Lighting,Dry,Major Arterial,FALSE,-79.27417738,43.72108302291894,1,,,2,10,Major,Other Safety Equipment Used,,,,,,,,,,passenger,,Scarborough Southwest (20),41 Division,Kennedy Park,FALSE,FALSE,FALSE,FALSE,FALSE,FALSE,FALSE,FALSE,TRUE,FALSE,"{""coordinates"": [[-79.27417737642857, 43.72108302291894]], ""type"": ""MultiPoint""}"
12067,2015:5001842724,2015-10-26T17:50:00,VICTORIA PARK AVE,HUNTINGWOOD DR,100 m North of,3,Non-Fatal Injury,Non-Intersection,No Control,Approaching Head On,Clear,Dark with Artificial Lighting,Dry,Major Arterial,FALSE,-79.3258476,43.78131308947166,2,Automobile or Station Wagon,North,2,30,Minor,Lap and Shoulder Belt,Driving properly,Normal,,,Going Ahead,,,,,driver,,Scarborough-Agincourt (22),42 Division,L'Amoreaux West,FALSE,FALSE,FALSE,FALSE,FALSE,TRUE,FALSE,FALSE,FALSE,FALSE,"{""coordinates"": [[-79.32584759835012, 43.78131308947166]], ""type"": ""MultiPoint""}"
12068,2015:5001851224,2015-10-28T06:16:00,KIPLING AVE,GREENING CRES,20 m North of,2,Non-Fatal Injury,Non-Intersection,No Control,Pedestrian Collision(internal code),Rain,Dark with Artificial Lighting,Wet,Major Arterial,FALSE,-79.54221815,43.65764040294041,1,Automobile or Station Wagon,North,1,52,None,Lap and Shoulder Belt,Driving properly,Normal,,,Going Ahead,,,,,driver,,Etobicoke Centre (2),22 Division,Princess-Rosethorn,FALSE,TRUE,FALSE,FALSE,FALSE,FALSE,TRUE,FALSE,FALSE,FALSE,"{""coordinates"": [[-79.54221814649847, 43.65764040294041]], ""type"": ""MultiPoint""}"
12069,2015:5001851224,2015-10-28T06:16:00,KIPLING AVE,GREENING CRES,20 m North of,2,Non-Fatal Injury,Non-Intersection,No Control,Pedestrian Collision(internal code),Rain,Dark with Artificial Lighting,Wet,Major Arterial,FALSE,-79.54221815,43.65764040294041,1,,North,2,53,Major,Use Unknown,,,Other,Inattentive,,Driver hits pedestrian at midblock,,,,pedestrian,,Etobicoke Centre (2),22 Division,Princess-Rosethorn,FALSE,TRUE,FALSE,FALSE,FALSE,FALSE,TRUE,FALSE,FALSE,FALSE,"{""coordinates"": [[-79.54221814649847, 43.65764040294041]], ""type"": ""MultiPoint""}"
12070,2015:5001865596,2015-10-30T13:20:00,JANE ST,WILSON AVE,,6,Non-Fatal Injury,At Intersection,Traffic Signal,Turning Movement,Clear,Daylight,Dry,Major Arterial,FALSE,-79.50861799,43.72090333028699,1,,,4,73,Major,Lap and Shoulder Belt,,,,,,,,,,passenger,,York Centre (6),31 Division,Oakdale-Beverley Heights,TRUE,TRUE,FALSE,FALSE,FALSE,TRUE,FALSE,FALSE,FALSE,FALSE,"{""coordinates"": [[-79.5086179861497, 43.72090333028699]], ""type"": ""MultiPoint""}"
12071,2015:5001865596,2015-10-30T13:20:00,JANE ST,WILSON AVE,,6,Non-Fatal Injury,At Intersection,Traffic Signal,Turning Movement,Clear,Daylight,Dry,Major Arterial,FALSE,-79.50861799,43.72090333028699,2,,,5,56,Minor,Lap and Shoulder Belt,,,,,,,,,,passenger,,York Centre (6),31 Division,Oakdale-Beverley Heights,TRUE,TRUE,FALSE,FALSE,FALSE,TRUE,FALSE,FALSE,FALSE,FALSE,"{""coordinates"": [[-79.5086179861497, 43.72090333028699]], ""type"": ""MultiPoint""}"
12072,2015:5001865596,2015-10-30T13:20:00,JANE ST,WILSON AVE,,6,Non-Fatal Injury,At Intersection,Traffic Signal,Turning Movement,Clear,Daylight,Dry,Major Arterial,FALSE,-79.50861799,43.72090333028699,1,Automobile or Station Wagon,West,1,75,Minor,Lap and Shoulder Belt,Failed to yield right-of-way,Inattentive,,,Turning Left,,,,,driver,,York Centre (6),31 Division,Oakdale-Beverley Heights,TRUE,TRUE,FALSE,FALSE,FALSE,TRUE,FALSE,FALSE,FALSE,FALSE,"{""coordinates"": [[-79.5086179861497, 43.72090333028699]], ""type"": ""MultiPoint""}"
12073,2015:5001865596,2015-10-30T13:20:00,JANE ST,WILSON AVE,,6,Non-Fatal Injury,At Intersection,Traffic Signal,Turning Movement,Clear,Daylight,Dry,Major Arterial,FALSE,-79.50861799,43.72090333028699,2,Pickup Truck,East,2,54,None,Lap and Shoulder Belt,Driving properly,Normal,,,Going Ahead,,,,,driver,,York Centre (6),31 Division,Oakdale-Beverley Heights,TRUE,TRUE,FALSE,FALSE,FALSE,TRUE,FALSE,FALSE,FALSE,FALSE,"{""coordinates"": [[-79.5086179861497, 43.72090333028699]], ""type"": ""MultiPoint""}"
12074,2015:5001865596,2015-10-30T13:20:00,JANE ST,WILSON AVE,,6,Non-Fatal Injury,At Intersection,Traffic Signal,Turning Movement,Clear,Daylight,Dry,Major Arterial,FALSE,-79.50861799,43.72090333028699,3,Automobile or Station Wagon,North,3,61,Minor,Lap and Shoulder Belt,Driving properly,Normal,,,Stopped,,,,,driver,,York Centre (6),31 Division,Oakdale-Beverley Heights,TRUE,TRUE,FALSE,FALSE,FALSE,TRUE,FALSE,FALSE,FALSE,FALSE,"{""coordinates"": [[-79.5086179861497, 43.72090333028699]], ""type"": ""MultiPoint""}"
12075,2015:5001865596,2015-10-30T13:20:00,JANE ST,WILSON AVE,,6,Non-Fatal Injury,At Intersection,Traffic Signal,Turning Movement,Clear,Daylight,Dry,Major Arterial,FALSE,-79.50861799,43.72090333028699,3,,,6,63,Minimal,Lap and Shoulder Belt,,,,,,,,,,passenger,,York Centre (6),31 Division,Oakdale-Beverley Heights,TRUE,TRUE,FALSE,FALSE,FALSE,TRUE,FALSE,FALSE,FALSE,FALSE,"{""coordinates"": [[-79.5086179861497, 43.72090333028699]], ""type"": ""MultiPoint""}"
12076,2015:5001866211,2015-10-30T15:09:00,LAWRENCE AVE E,SCARBOROUGH GOLF CLUB RD,,2,Non-Fatal Injury,At Intersection,Traffic Signal,SMV Other,Clear,Daylight,Dry,Major Arterial,FALSE,-79.21593504,43.761804061084085,1,Passenger Van,East,1,43,None,Lap and Shoulder Belt,Driving properly,Normal,,,Going Ahead,,,,,driver,,Scarborough-Guildwood (24),43 Division,Golfdale-Cedarbrae-Woburn,FALSE,TRUE,FALSE,FALSE,FALSE,FALSE,TRUE,FALSE,TRUE,FALSE,"{""coordinates"": [[-79.21593504321537, 43.761804061084085]], ""type"": ""MultiPoint""}"
12077,2015:5001866211,2015-10-30T15:09:00,LAWRENCE AVE E,SCARBOROUGH GOLF CLUB RD,,2,Non-Fatal Injury,At Intersection,Traffic Signal,SMV Other,Clear,Daylight,Dry,Major Arterial,FALSE,-79.21593504,43.761804061084085,1,,South,2,12,Major,Use Unknown,,,Crossing without right-of-way (intersection),Inattentive,,Driver going straight hits pedestrian crossing with right-of-way (at intersection),,,,pedestrian,,Scarborough-Guildwood (24),43 Division,Golfdale-Cedarbrae-Woburn,FALSE,TRUE,FALSE,FALSE,FALSE,FALSE,TRUE,FALSE,TRUE,FALSE,"{""coordinates"": [[-79.21593504321537, 43.761804061084085]], ""type"": ""MultiPoint""}"
12078,2015:5001872803,2015-10-31T16:40:00,SHEPPARD AVE E,MASSIE ST,,4,Non-Fatal Injury,Non-Intersection,No Control,Pedestrian Collision(internal code),Clear,Daylight,Dry,Major Arterial,FALSE,-79.24520446,43.79251999575967,1,,,2,55,None,Lap and Shoulder Belt,,,,,,,,,,passenger,,Scarborough North (23),42 Division,Agincourt South-Malvern West,FALSE,FALSE,FALSE,FALSE,FALSE,TRUE,TRUE,FALSE,TRUE,FALSE,"{""coordinates"": [[-79.2452044594498, 43.79251999575967]], ""type"": ""MultiPoint""}"
12079,2015:5001872803,2015-10-31T16:40:00,SHEPPARD AVE E,MASSIE ST,,4,Non-Fatal Injury,Non-Intersection,No Control,Pedestrian Collision(internal code),Clear,Daylight,Dry,Major Arterial,FALSE,-79.24520446,43.79251999575967,1,,,3,49,None,Lap and Shoulder Belt,,,,,,,,,,passenger,,Scarborough North (23),42 Division,Agincourt South-Malvern West,FALSE,FALSE,FALSE,FALSE,FALSE,TRUE,TRUE,FALSE,TRUE,FALSE,"{""coordinates"": [[-79.2452044594498, 43.79251999575967]], ""type"": ""MultiPoint""}"
12080,2015:5001872803,2015-10-31T16:40:00,SHEPPARD AVE E,MASSIE ST,,4,Non-Fatal Injury,Non-Intersection,No Control,Pedestrian Collision(internal code),Clear,Daylight,Dry,Major Arterial,FALSE,-79.24520446,43.79251999575967,1,,Unknown,4,14,Major,No Equipment Available,,,Crossing without right-of-way (intersection),Unknown,,Driver going straight hits pedestrian crossing without right-of-way (at intersection),,,,pedestrian,,Scarborough North (23),42 Division,Agincourt South-Malvern West,FALSE,FALSE,FALSE,FALSE,FALSE,TRUE,TRUE,FALSE,TRUE,FALSE,"{""coordinates"": [[-79.2452044594498, 43.79251999575967]], ""type"": ""MultiPoint""}"
12081,2015:5001872803,2015-10-31T16:40:00,SHEPPARD AVE E,MASSIE ST,,4,Non-Fatal Injury,Non-Intersection,No Control,Pedestrian Collision(internal code),Clear,Daylight,Dry,Major Arterial,FALSE,-79.24520446,43.79251999575967,1,Passenger Van,West,1,69,None,Lap and Shoulder Belt,Driving properly,Normal,,,Going Ahead,,,,,driver,,Scarborough North (23),42 Division,Agincourt South-Malvern West,FALSE,FALSE,FALSE,FALSE,FALSE,TRUE,TRUE,FALSE,TRUE,FALSE,"{""coordinates"": [[-79.2452044594498, 43.79251999575967]], ""type"": ""MultiPoint""}"
12082,2015:5001872986,2015-10-31T17:10:00,HORNER AVE,THIRTIETH ST,,7,Non-Fatal Injury,At Intersection,Traffic Signal,Angle,Clear,Daylight,Dry,Minor Arterial,FALSE,-79.53372623,43.604253421086426,3,,,6,24,None,Lap and Shoulder Belt,,,,,,,,,,passenger,,Etobicoke-Lakeshore (3),22 Division,Alderwood,TRUE,TRUE,FALSE,FALSE,FALSE,TRUE,FALSE,TRUE,TRUE,FALSE,"{""coordinates"": [[-79.53372623465728, 43.604253421086426]], ""type"": ""MultiPoint""}"
12083,2015:5001872986,2015-10-31T17:10:00,HORNER AVE,THIRTIETH ST,,7,Non-Fatal Injury,At Intersection,Traffic Signal,Angle,Clear,Daylight,Dry,Minor Arterial,FALSE,-79.53372623,43.604253421086426,3,,,7,4,None,Lap and Shoulder Belt,,,,,,,,,,passenger,,Etobicoke-Lakeshore (3),22 Division,Alderwood,TRUE,TRUE,FALSE,FALSE,FALSE,TRUE,FALSE,TRUE,TRUE,FALSE,"{""coordinates"": [[-79.53372623465728, 43.604253421086426]], ""type"": ""MultiPoint""}"
12084,2015:5001872986,2015-10-31T17:10:00,HORNER AVE,THIRTIETH ST,,7,Non-Fatal Injury,At Intersection,Traffic Signal,Angle,Clear,Daylight,Dry,Minor Arterial,FALSE,-79.53372623,43.604253421086426,1,,,4,26,None,Lap and Shoulder Belt,,,,,,,,,,passenger,,Etobicoke-Lakeshore (3),22 Division,Alderwood,TRUE,TRUE,FALSE,FALSE,FALSE,TRUE,FALSE,TRUE,TRUE,FALSE,"{""coordinates"": [[-79.53372623465728, 43.604253421086426]], ""type"": ""MultiPoint""}"
12085,2015:5001872986,2015-10-31T17:10:00,HORNER AVE,THIRTIETH ST,,7,Non-Fatal Injury,At Intersection,Traffic Signal,Angle,Clear,Daylight,Dry,Minor Arterial,FALSE,-79.53372623,43.604253421086426,2,,,5,37,Minimal,Lap and Shoulder Belt,,,,,,,,,,passenger,,Etobicoke-Lakeshore (3),22 Division,Alderwood,TRUE,TRUE,FALSE,FALSE,FALSE,TRUE,FALSE,TRUE,TRUE,FALSE,"{""coordinates"": [[-79.53372623465728, 43.604253421086426]], ""type"": ""MultiPoint""}"
12086,2015:5001872986,2015-10-31T17:10:00,HORNER AVE,THIRTIETH ST,,7,Non-Fatal Injury,At Intersection,Traffic Signal,Angle,Clear,Daylight,Dry,Minor Arterial,FALSE,-79.53372623,43.604253421086426,2,Automobile or Station Wagon,South,2,65,Minor,Lap and Shoulder Belt,Driving properly,Normal,,,Going Ahead,,,,,driver,,Etobicoke-Lakeshore (3),22 Division,Alderwood,TRUE,TRUE,FALSE,FALSE,FALSE,TRUE,FALSE,TRUE,TRUE,FALSE,"{""coordinates"": [[-79.53372623465728, 43.604253421086426]], ""type"": ""MultiPoint""}"
12087,2015:5001872986,2015-10-31T17:10:00,HORNER AVE,THIRTIETH ST,,7,Non-Fatal Injury,At Intersection,Traffic Signal,Angle,Clear,Daylight,Dry,Minor Arterial,FALSE,-79.53372623,43.604253421086426,3,Automobile or Station Wagon,North,3,28,Major,Lap and Shoulder Belt,Driving properly,Normal,,,Going Ahead,,,,,driver,,Etobicoke-Lakeshore (3),22 Division,Alderwood,TRUE,TRUE,FALSE,FALSE,FALSE,TRUE,FALSE,TRUE,TRUE,FALSE,"{""coordinates"": [[-79.53372623465728, 43.604253421086426]], ""type"": ""MultiPoint""}"
12088,2015:5001872986,2015-10-31T17:10:00,HORNER AVE,THIRTIETH ST,,7,Non-Fatal Injury,At Intersection,Traffic Signal,Angle,Clear,Daylight,Dry,Minor Arterial,FALSE,-79.53372623,43.604253421086426,1,Pickup Truck,East,1,42,None,Lap and Shoulder Belt,Disobeyed traffic control,Inattentive,,,Going Ahead,,,,,driver,,Etobicoke-Lakeshore (3),22 Division,Alderwood,TRUE,TRUE,FALSE,FALSE,FALSE,TRUE,FALSE,TRUE,TRUE,FALSE,"{""coordinates"": [[-79.53372623465728, 43.604253421086426]], ""type"": ""MultiPoint""}"
12089,2015:5001873445,2015-10-31T18:52:00,BATHURST ST,BROOKE AVE,6 m South of,6,Non-Fatal Injury,Intersection-Related,Stop Sign,Pedestrian Collision(internal code),Clear,Dusk with Artificial Lighting,Dry,Major Arterial,FALSE,-79.43233884,43.73036722813108,1,,Unknown,2,65,Major,Use Unknown,,,Crossing - no traffic control,Normal,,Driver turns left into pedestrian crossing without right-of-way (at intersection),,,,pedestrian,,Eglinton-Lawrence (8),32 Division,Bedford Park-Nortown,TRUE,FALSE,FALSE,FALSE,FALSE,TRUE,TRUE,FALSE,TRUE,FALSE,"{""coordinates"": [[-79.43233884011043, 43.73036722813108]], ""type"": ""MultiPoint""}"
12090,2015:5001873445,2015-10-31T18:52:00,BATHURST ST,BROOKE AVE,6 m South of,6,Non-Fatal Injury,Intersection-Related,Stop Sign,Pedestrian Collision(internal code),Clear,Dusk with Artificial Lighting,Dry,Major Arterial,FALSE,-79.43233884,43.73036722813108,1,,,6,2,None,Child Safety Seat Used Correctly,,,,,,,,,,passenger,,Eglinton-Lawrence (8),32 Division,Bedford Park-Nortown,TRUE,FALSE,FALSE,FALSE,FALSE,TRUE,TRUE,FALSE,TRUE,FALSE,"{""coordinates"": [[-79.43233884011043, 43.73036722813108]], ""type"": ""MultiPoint""}"
12091,2015:5001873445,2015-10-31T18:52:00,BATHURST ST,BROOKE AVE,6 m South of,6,Non-Fatal Injury,Intersection-Related,Stop Sign,Pedestrian Collision(internal code),Clear,Dusk with Artificial Lighting,Dry,Major Arterial,FALSE,-79.43233884,43.73036722813108,1,,,4,5,None,Child Safety Seat Used Correctly,,,,,,,,,,passenger,,Eglinton-Lawrence (8),32 Division,Bedford Park-Nortown,TRUE,FALSE,FALSE,FALSE,FALSE,TRUE,TRUE,FALSE,TRUE,FALSE,"{""coordinates"": [[-79.43233884011043, 43.73036722813108]], ""type"": ""MultiPoint""}"
12092,2015:5001873445,2015-10-31T18:52:00,BATHURST ST,BROOKE AVE,6 m South of,6,Non-Fatal Injury,Intersection-Related,Stop Sign,Pedestrian Collision(internal code),Clear,Dusk with Artificial Lighting,Dry,Major Arterial,FALSE,-79.43233884,43.73036722813108,1,,,3,41,None,Lap and Shoulder Belt,,,,,,,,,,passenger,,Eglinton-Lawrence (8),32 Division,Bedford Park-Nortown,TRUE,FALSE,FALSE,FALSE,FALSE,TRUE,TRUE,FALSE,TRUE,FALSE,"{""coordinates"": [[-79.43233884011043, 43.73036722813108]], ""type"": ""MultiPoint""}"
12093,2015:5001873445,2015-10-31T18:52:00,BATHURST ST,BROOKE AVE,6 m South of,6,Non-Fatal Injury,Intersection-Related,Stop Sign,Pedestrian Collision(internal code),Clear,Dusk with Artificial Lighting,Dry,Major Arterial,FALSE,-79.43233884,43.73036722813108,1,Automobile or Station Wagon,West,1,44,None,Lap and Shoulder Belt,Failed to yield right-of-way,Normal,,,Turning Left,,,,,driver,,Eglinton-Lawrence (8),32 Division,Bedford Park-Nortown,TRUE,FALSE,FALSE,FALSE,FALSE,TRUE,TRUE,FALSE,TRUE,FALSE,"{""coordinates"": [[-79.43233884011043, 43.73036722813108]], ""type"": ""MultiPoint""}"
12094,2015:5001873445,2015-10-31T18:52:00,BATHURST ST,BROOKE AVE,6 m South of,6,Non-Fatal Injury,Intersection-Related,Stop Sign,Pedestrian Collision(internal code),Clear,Dusk with Artificial Lighting,Dry,Major Arterial,FALSE,-79.43233884,43.73036722813108,1,,,5,5,None,Child Safety Seat Used Correctly,,,,,,,,,,passenger,,Eglinton-Lawrence (8),32 Division,Bedford Park-Nortown,TRUE,FALSE,FALSE,FALSE,FALSE,TRUE,TRUE,FALSE,TRUE,FALSE,"{""coordinates"": [[-79.43233884011043, 43.73036722813108]], ""type"": ""MultiPoint""}"
12095,2024:4001022913,2024-05-12T13:26:00,LAWRENCE AVE W,DE MARCO BLVD,,5,Non-Fatal Injury,At Intersection,Stop Sign,Turning Movement,Clear,Daylight,Dry,Major Arterial,FALSE,-79.49023799,43.705812314703515,2,,,4,32,None,Lap and Shoulder Belt,,,,,,,,,,passenger,,York South-Weston (5),12 Division,Rustic,FALSE,FALSE,FALSE,FALSE,FALSE,FALSE,FALSE,FALSE,TRUE,FALSE,"{""coordinates"": [[-79.49023798539099, 43.705812314703515]], ""type"": ""MultiPoint""}"
12096,2015:5001874738,2015-10-31T23:35:00,WOODBINE AVE,STRATHMORE BLVD,,2,Non-Fatal Injury,Intersection-Related,No Control,Turning Movement,Rain,Dark with Artificial Lighting,Wet,Major Arterial,FALSE,-79.31314469,43.686514076286535,2,Motorcycle,North,2,33,Major,Helmet,Speed too fast for conditions,Unknown,,,Going Ahead,,,,,motorcyclist,,Beaches-East York (19),55 Division,Danforth East York,TRUE,FALSE,FALSE,TRUE,FALSE,TRUE,FALSE,FALSE,FALSE,FALSE,"{""coordinates"": [[-79.31314469143601, 43.686514076286535]], ""type"": ""MultiPoint""}"
12097,2015:5001874738,2015-10-31T23:35:00,WOODBINE AVE,STRATHMORE BLVD,,2,Non-Fatal Injury,Intersection-Related,No Control,Turning Movement,Rain,Dark with Artificial Lighting,Wet,Major Arterial,FALSE,-79.31314469,43.686514076286535,1,Automobile or Station Wagon,North,1,65,Minimal,Lap and Shoulder Belt,Improper turn,Normal,,,Making U-Turn,,,,,driver,,Beaches-East York (19),55 Division,Danforth East York,TRUE,FALSE,FALSE,TRUE,FALSE,TRUE,FALSE,FALSE,FALSE,FALSE,"{""coordinates"": [[-79.31314469143601, 43.686514076286535]], ""type"": ""MultiPoint""}"
12098,2015:5001875429,2015-11-01T01:55:00,QUEEN ST E,BROADVIEW AVE,49 m East of,4,Non-Fatal Injury,Non-Intersection,No Control,Pedestrian Collision(internal code),Rain,Dark with Artificial Lighting,Wet,Minor Arterial,FALSE,-79.3491858,43.65901313058263,1,,,2,24,None,Lap and Shoulder Belt,,,,,,,,,,passenger,,Toronto-Danforth (14),55 Division,South Riverdale,FALSE,FALSE,FALSE,FALSE,FALSE,FALSE,TRUE,FALSE,FALSE,FALSE,"{""coordinates"": [[-79.3491857978493, 43.65901313058263]], ""type"": ""MultiPoint""}"
12099,2015:5001875429,2015-11-01T01:55:00,QUEEN ST E,BROADVIEW AVE,49 m East of,4,Non-Fatal Injury,Non-Intersection,No Control,Pedestrian Collision(internal code),Rain,Dark with Artificial Lighting,Wet,Minor Arterial,FALSE,-79.3491858,43.65901313058263,1,Automobile or Station Wagon,East,1,41,None,Lap and Shoulder Belt,Driving properly,Normal,,,Going Ahead,,,,,driver,,Toronto-Danforth (14),55 Division,South Riverdale,FALSE,FALSE,FALSE,FALSE,FALSE,FALSE,TRUE,FALSE,FALSE,FALSE,"{""coordinates"": [[-79.3491857978493, 43.65901313058263]], ""type"": ""MultiPoint""}"
12100,2015:5001875429,2015-11-01T01:55:00,QUEEN ST E,BROADVIEW AVE,49 m East of,4,Non-Fatal Injury,Non-Intersection,No Control,Pedestrian Collision(internal code),Rain,Dark with Artificial Lighting,Wet,Minor Arterial,FALSE,-79.3491858,43.65901313058263,1,,North,4,36,Major,Lap and Shoulder Belt,,,Coming from behind parked vehicle or object,Had Been Drinking,,Driver hits pedestrian walking or running out from between parked vehicles (at midblock),,,,pedestrian,,Toronto-Danforth (14),55 Division,South Riverdale,FALSE,FALSE,FALSE,FALSE,FALSE,FALSE,TRUE,FALSE,FALSE,FALSE,"{""coordinates"": [[-79.3491857978493, 43.65901313058263]], ""type"": ""MultiPoint""}"
12101,2015:5001875429,2015-11-01T01:55:00,QUEEN ST E,BROADVIEW AVE,49 m East of,4,Non-Fatal Injury,Non-Intersection,No Control,Pedestrian Collision(internal code),Rain,Dark with Artificial Lighting,Wet,Minor Arterial,FALSE,-79.3491858,43.65901313058263,1,,,3,,None,Lap and Shoulder Belt,,,,,,,,,,passenger,,Toronto-Danforth (14),55 Division,South Riverdale,FALSE,FALSE,FALSE,FALSE,FALSE,FALSE,TRUE,FALSE,FALSE,FALSE,"{""coordinates"": [[-79.3491857978493, 43.65901313058263]], ""type"": ""MultiPoint""}"
12102,2015:5001891795,2015-11-03T17:55:00,HIGHWAY 27 N,VICE REGENT BLVD,,3,Fatal Injury,Intersection-Related,No Control,Cyclist Collision,Clear,Dark with Artificial Lighting,Dry,Major Arterial,FALSE,-79.59275511,43.711351431944195,3,Automobile or Station Wagon,South,3,61,None,Lap and Shoulder Belt,Driving properly,Normal,,,Going Ahead,,,,,driver,,Etobicoke North (1),23 Division,West Humber-Clairville,FALSE,FALSE,TRUE,FALSE,FALSE,FALSE,FALSE,FALSE,FALSE,FALSE,"{""coordinates"": [[-79.59275511073902, 43.711351431944195]], ""type"": ""MultiPoint""}"
12103,2015:5001891795,2015-11-03T17:55:00,HIGHWAY 27 N,VICE REGENT BLVD,,3,Fatal Injury,Intersection-Related,No Control,Cyclist Collision,Clear,Dark with Artificial Lighting,Dry,Major Arterial,FALSE,-79.59275511,43.711351431944195,2,Automobile or Station Wagon,South,2,58,None,Lap and Shoulder Belt,Driving properly,Normal,,,Going Ahead,,,,,driver,,Etobicoke North (1),23 Division,West Humber-Clairville,FALSE,FALSE,TRUE,FALSE,FALSE,FALSE,FALSE,FALSE,FALSE,FALSE,"{""coordinates"": [[-79.59275511073902, 43.711351431944195]], ""type"": ""MultiPoint""}"
12104,2015:5001891795,2015-11-03T17:55:00,HIGHWAY 27 N,VICE REGENT BLVD,,3,Fatal Injury,Intersection-Related,No Control,Cyclist Collision,Clear,Dark with Artificial Lighting,Dry,Major Arterial,FALSE,-79.59275511,43.711351431944195,1,Bicycle,East,1,56,Fatal,No Equipment Available,,,,,Going Ahead,,"Cyclist without right-of-way rides into path of driver (at intersection, laneway, or driveway)",Other,Unknown,cyclist,54,Etobicoke North (1),23 Division,West Humber-Clairville,FALSE,FALSE,TRUE,FALSE,FALSE,FALSE,FALSE,FALSE,FALSE,FALSE,"{""coordinates"": [[-79.59275511073902, 43.711351431944195]], ""type"": ""MultiPoint""}"
12105,2015:5001897298,2015-11-04T15:30:00,BAYVIEW AVE,PARKHURST BLVD,,6,Non-Fatal Injury,At Intersection,Stop Sign,Angle,Clear,Daylight,Dry,Major Arterial,FALSE,-79.37632378,43.708692160018025,3,,,5,23,None,Lap and Shoulder Belt,,,,,,,,,,passenger,,Don Valley West (15),53 Division,Leaside-Bennington,TRUE,TRUE,FALSE,FALSE,FALSE,TRUE,FALSE,FALSE,TRUE,FALSE,"{""coordinates"": [[-79.37632377535606, 43.708692160018025]], ""type"": ""MultiPoint""}"
12106,2015:5001897298,2015-11-04T15:30:00,BAYVIEW AVE,PARKHURST BLVD,,6,Non-Fatal Injury,At Intersection,Stop Sign,Angle,Clear,Daylight,Dry,Major Arterial,FALSE,-79.37632378,43.708692160018025,2,Automobile or Station Wagon,South,2,53,Minimal,Lap and Shoulder Belt,Driving properly,Normal,,,Going Ahead,,,,,driver,,Don Valley West (15),53 Division,Leaside-Bennington,TRUE,TRUE,FALSE,FALSE,FALSE,TRUE,FALSE,FALSE,TRUE,FALSE,"{""coordinates"": [[-79.37632377535606, 43.708692160018025]], ""type"": ""MultiPoint""}"