_id,collision_id,accdate,stname1,stname2,stname3,per_inv,acclass,accloc,traffictl,impactype,visible,light,rdsfcond,road_class,failtorem,longitude,latitude,veh_no,vehtype,initdir,per_no,invage,injury,safequip,drivact,drivcond,pedact,pedcond,manoeuvre,pedtype,cyclistype,cycact,cyccond,road_user,fatal_no,wardname,division,neighbourhood,aggressive,distracted,cyclist,motorcyclist,other_micromobility,older_adult,pedestrian,red_light,school_child,heavy_truck,geometry
12107,2015:5001897298,2015-11-04T15:30:00,BAYVIEW AVE,PARKHURST BLVD,,6,Non-Fatal Injury,At Intersection,Stop Sign,Angle,Clear,Daylight,Dry,Major Arterial,FALSE,-79.37632378,43.708692160018025,3,,,6,19,None,Lap and Shoulder Belt,,,,,,,,,,passenger,,Don Valley West (15),53 Division,Leaside-Bennington,TRUE,TRUE,FALSE,FALSE,FALSE,TRUE,FALSE,FALSE,TRUE,FALSE,"{""coordinates"": [[-79.37632377535606, 43.708692160018025]], ""type"": ""MultiPoint""}"
12108,2015:5001897298,2015-11-04T15:30:00,BAYVIEW AVE,PARKHURST BLVD,,6,Non-Fatal Injury,At Intersection,Stop Sign,Angle,Clear,Daylight,Dry,Major Arterial,FALSE,-79.37632378,43.708692160018025,3,,,4,33,None,Lap and Shoulder Belt,,,,,,,,,,passenger,,Don Valley West (15),53 Division,Leaside-Bennington,TRUE,TRUE,FALSE,FALSE,FALSE,TRUE,FALSE,FALSE,TRUE,FALSE,"{""coordinates"": [[-79.37632377535606, 43.708692160018025]], ""type"": ""MultiPoint""}"
12109,2015:5001897298,2015-11-04T15:30:00,BAYVIEW AVE,PARKHURST BLVD,,6,Non-Fatal Injury,At Intersection,Stop Sign,Angle,Clear,Daylight,Dry,Major Arterial,FALSE,-79.37632378,43.708692160018025,1,Automobile or Station Wagon,West,1,76,Minimal,Lap and Shoulder Belt,Failed to yield right-of-way,Inattentive,,,Going Ahead,,,,,driver,,Don Valley West (15),53 Division,Leaside-Bennington,TRUE,TRUE,FALSE,FALSE,FALSE,TRUE,FALSE,FALSE,TRUE,FALSE,"{""coordinates"": [[-79.37632377535606, 43.708692160018025]], ""type"": ""MultiPoint""}"
12110,2015:5001897298,2015-11-04T15:30:00,BAYVIEW AVE,PARKHURST BLVD,,6,Non-Fatal Injury,At Intersection,Stop Sign,Angle,Clear,Daylight,Dry,Major Arterial,FALSE,-79.37632378,43.708692160018025,3,Automobile or Station Wagon,North,3,56,Major,Lap and Shoulder Belt,Driving properly,Normal,,,Stopped,,,,,driver,,Don Valley West (15),53 Division,Leaside-Bennington,TRUE,TRUE,FALSE,FALSE,FALSE,TRUE,FALSE,FALSE,TRUE,FALSE,"{""coordinates"": [[-79.37632377535606, 43.708692160018025]], ""type"": ""MultiPoint""}"
12111,2015:5001904834,2015-11-05T20:20:00,BAYVIEW AVE,CITATION DR,14 m North of,2,Non-Fatal Injury,Intersection-Related,Traffic Signal,Pedestrian Collision(internal code),Clear,Dawn with Artificial Lighting,Dry,Major Arterial,FALSE,-79.38977471,43.77432016655423,1,,West,2,39,Major,No Equipment Available,,,Running onto roadway,Inattentive,,Driver going straight hits pedestrian crossing without right-of-way (at intersection),,,,pedestrian,,Don Valley North (17),33 Division,Bayview Village,FALSE,TRUE,FALSE,FALSE,FALSE,TRUE,TRUE,FALSE,FALSE,FALSE,"{""coordinates"": [[-79.38977470988374, 43.77432016655423]], ""type"": ""MultiPoint""}"
12112,2015:5001904834,2015-11-05T20:20:00,BAYVIEW AVE,CITATION DR,14 m North of,2,Non-Fatal Injury,Intersection-Related,Traffic Signal,Pedestrian Collision(internal code),Clear,Dawn with Artificial Lighting,Dry,Major Arterial,FALSE,-79.38977471,43.77432016655423,1,Automobile or Station Wagon,North,1,84,None,Lap and Shoulder Belt,Driving properly,Normal,,,Going Ahead,,,,,driver,,Don Valley North (17),33 Division,Bayview Village,FALSE,TRUE,FALSE,FALSE,FALSE,TRUE,TRUE,FALSE,FALSE,FALSE,"{""coordinates"": [[-79.38977470988374, 43.77432016655423]], ""type"": ""MultiPoint""}"
12113,2015:5001905504,2015-11-05T23:10:00,DON VALLEY PARKWAY S,LEASIDE BDGE,,3,Non-Fatal Injury,Non-Intersection,No Control,Pedestrian Collision(internal code),Clear,Dark with Artificial Lighting,Dry,Major Arterial,FALSE,-79.34974274,43.69804213,1,,,2,37,None,Lap and Shoulder Belt,,,,,,,,,,passenger,,Toronto-Danforth (14),55 Division,Old East York,FALSE,FALSE,FALSE,FALSE,FALSE,FALSE,TRUE,FALSE,FALSE,FALSE,"{""coordinates"": [[-79.34974274286338, 43.6980421257739]], ""type"": ""MultiPoint""}"
12114,2015:5001905504,2015-11-05T23:10:00,DON VALLEY PARKWAY S,LEASIDE BDGE,,3,Non-Fatal Injury,Non-Intersection,No Control,Pedestrian Collision(internal code),Clear,Dark with Artificial Lighting,Dry,Major Arterial,FALSE,-79.34974274,43.69804213,1,,Unknown,3,54,Major,Use Unknown,,,Other,Other Condition,,Other,,,,pedestrian,,Toronto-Danforth (14),55 Division,Old East York,FALSE,FALSE,FALSE,FALSE,FALSE,FALSE,TRUE,FALSE,FALSE,FALSE,"{""coordinates"": [[-79.34974274286338, 43.6980421257739]], ""type"": ""MultiPoint""}"
12115,2015:5001905504,2015-11-05T23:10:00,DON VALLEY PARKWAY S,LEASIDE BDGE,,3,Non-Fatal Injury,Non-Intersection,No Control,Pedestrian Collision(internal code),Clear,Dark with Artificial Lighting,Dry,Major Arterial,FALSE,-79.34974274,43.69804213,1,Automobile or Station Wagon,South,1,44,None,Lap and Shoulder Belt,Driving properly,Normal,,,Going Ahead,,,,,driver,,Toronto-Danforth (14),55 Division,Old East York,FALSE,FALSE,FALSE,FALSE,FALSE,FALSE,TRUE,FALSE,FALSE,FALSE,"{""coordinates"": [[-79.34974274286338, 43.6980421257739]], ""type"": ""MultiPoint""}"
12116,2015:5001906446,2015-11-06T06:00:00,JANE ST,CHURCH ST,19 m South of,2,Non-Fatal Injury,Intersection-Related,Traffic Signal,Pedestrian Collision(internal code),Rain,Dark with Artificial Lighting,Wet,Major Arterial,FALSE,-79.505566,43.709234332641444,1,,West,2,72,Major,Use Unknown,,,Crossing - no traffic control,Inattentive,,Driver turns left into pedestrian crossing without right-of-way (at intersection),,,,pedestrian,,York South-Weston (5),12 Division,Weston,FALSE,TRUE,FALSE,FALSE,FALSE,TRUE,TRUE,FALSE,FALSE,FALSE,"{""coordinates"": [[-79.50556600380007, 43.709234332641444]], ""type"": ""MultiPoint""}"
12117,2015:5001906446,2015-11-06T06:00:00,JANE ST,CHURCH ST,19 m South of,2,Non-Fatal Injury,Intersection-Related,Traffic Signal,Pedestrian Collision(internal code),Rain,Dark with Artificial Lighting,Wet,Major Arterial,FALSE,-79.505566,43.709234332641444,1,Automobile or Station Wagon,East,1,64,None,Lap and Shoulder Belt,Driving properly,Normal,,,Turning Left,,,,,driver,,York South-Weston (5),12 Division,Weston,FALSE,TRUE,FALSE,FALSE,FALSE,TRUE,TRUE,FALSE,FALSE,FALSE,"{""coordinates"": [[-79.50556600380007, 43.709234332641444]], ""type"": ""MultiPoint""}"
12118,2015:5001910400,2015-11-06T18:36:00,WILLIAM R ALLEN RD S,WILSON AVE,90 m North of,2,Non-Fatal Injury,Non-Intersection,No Control,Rear End,Clear,Dark with Artificial Lighting,Dry,,FALSE,-79.45045086,43.73489524988529,1,Automobile or Station Wagon,South,1,20,Major,Lap and Shoulder Belt,Speed too fast for conditions,Inattentive,,,Going Ahead,,,,,driver,,York Centre (6),32 Division,Clanton Park,TRUE,TRUE,FALSE,FALSE,FALSE,FALSE,FALSE,FALSE,FALSE,FALSE,"{""coordinates"": [[-79.45045086388475, 43.73489524988529]], ""type"": ""MultiPoint""}"
12119,2015:5001910400,2015-11-06T18:36:00,WILLIAM R ALLEN RD S,WILSON AVE,90 m North of,2,Non-Fatal Injury,Non-Intersection,No Control,Rear End,Clear,Dark with Artificial Lighting,Dry,,FALSE,-79.45045086,43.73489524988529,2,Automobile or Station Wagon,South,2,39,Major,Lap and Shoulder Belt,Driving properly,Normal,,,Going Ahead,,,,,driver,,York Centre (6),32 Division,Clanton Park,TRUE,TRUE,FALSE,FALSE,FALSE,FALSE,FALSE,FALSE,FALSE,FALSE,"{""coordinates"": [[-79.45045086388475, 43.73489524988529]], ""type"": ""MultiPoint""}"
12120,2015:5001918358,2015-11-08T03:40:00,WARDEN AVE,HUNTINGWOOD DR,94 m North of,2,Non-Fatal Injury,Non-Intersection,No Control,SMV Other,Clear,Dark with Artificial Lighting,Dry,Major Arterial,FALSE,-79.31129857,43.786264072331065,1,,,2,34,Minimal,Lap and Shoulder Belt,,,,,,,,,,passenger,,Scarborough-Agincourt (22),42 Division,L'Amoreaux West,FALSE,FALSE,FALSE,FALSE,FALSE,FALSE,FALSE,FALSE,FALSE,FALSE,"{""coordinates"": [[-79.31129857011673, 43.786264072331065]], ""type"": ""MultiPoint""}"
12121,2015:5001918358,2015-11-08T03:40:00,WARDEN AVE,HUNTINGWOOD DR,94 m North of,2,Non-Fatal Injury,Non-Intersection,No Control,SMV Other,Clear,Dark with Artificial Lighting,Dry,Major Arterial,FALSE,-79.31129857,43.786264072331065,1,Automobile or Station Wagon,North,1,31,Major,Lap and Shoulder Belt,Wrong way on one-way road,Unknown,,,Going Ahead,,,,,driver,,Scarborough-Agincourt (22),42 Division,L'Amoreaux West,FALSE,FALSE,FALSE,FALSE,FALSE,FALSE,FALSE,FALSE,FALSE,FALSE,"{""coordinates"": [[-79.31129857011673, 43.786264072331065]], ""type"": ""MultiPoint""}"
12122,2015:5001919444,2015-11-08T11:00:00,LAWRENCE AVE E,GREENHOLM CRCT,,2,Non-Fatal Injury,At Intersection,Traffic Signal,SMV Other,Clear,Daylight,Dry,Major Arterial,FALSE,-79.22293895,43.76029186786516,1,Automobile or Station Wagon,South,1,43,None,Lap and Shoulder Belt,Failed to yield right-of-way,Normal,,,Turning Left,,,,,driver,,Scarborough-Guildwood (24),43 Division,Golfdale-Cedarbrae-Woburn,TRUE,FALSE,FALSE,FALSE,FALSE,TRUE,TRUE,FALSE,FALSE,FALSE,"{""coordinates"": [[-79.22293895408097, 43.76029186786516]], ""type"": ""MultiPoint""}"
12123,2015:5001919444,2015-11-08T11:00:00,LAWRENCE AVE E,GREENHOLM CRCT,,2,Non-Fatal Injury,At Intersection,Traffic Signal,SMV Other,Clear,Daylight,Dry,Major Arterial,FALSE,-79.22293895,43.76029186786516,1,,North,2,65,Major,Use Unknown,,,Crossing with right-of-way (intersection),Normal,,Driver turns left into pedestrian crossing with right-of-way (at intersection),,,,pedestrian,,Scarborough-Guildwood (24),43 Division,Golfdale-Cedarbrae-Woburn,TRUE,FALSE,FALSE,FALSE,FALSE,TRUE,TRUE,FALSE,FALSE,FALSE,"{""coordinates"": [[-79.22293895408097, 43.76029186786516]], ""type"": ""MultiPoint""}"
12124,2015:5001920978,2015-11-08T16:40:00,MCNICOLL AVE,SHADY HOLLOW DR,5 m South of,4,Non-Fatal Injury,Intersection-Related,No Control,Turning Movement,Clear,Daylight,Dry,Minor Arterial,FALSE,-79.26469047,43.81947502138878,2,Automobile or Station Wagon,West,2,67,Minor,Lap and Shoulder Belt,Driving properly,Normal,,,Going Ahead,,,,,driver,,Scarborough North (23),42 Division,Milliken,FALSE,FALSE,FALSE,FALSE,FALSE,TRUE,FALSE,FALSE,FALSE,FALSE,"{""coordinates"": [[-79.26469046706416, 43.81947502138878]], ""type"": ""MultiPoint""}"
12125,2015:5001920978,2015-11-08T16:40:00,MCNICOLL AVE,SHADY HOLLOW DR,5 m South of,4,Non-Fatal Injury,Intersection-Related,No Control,Turning Movement,Clear,Daylight,Dry,Minor Arterial,FALSE,-79.26469047,43.81947502138878,1,,,3,44,Minimal,Lap and Shoulder Belt,,,,,,,,,,passenger,,Scarborough North (23),42 Division,Milliken,FALSE,FALSE,FALSE,FALSE,FALSE,TRUE,FALSE,FALSE,FALSE,FALSE,"{""coordinates"": [[-79.26469046706416, 43.81947502138878]], ""type"": ""MultiPoint""}"
12126,2015:5001920978,2015-11-08T16:40:00,MCNICOLL AVE,SHADY HOLLOW DR,5 m South of,4,Non-Fatal Injury,Intersection-Related,No Control,Turning Movement,Clear,Daylight,Dry,Minor Arterial,FALSE,-79.26469047,43.81947502138878,2,,,4,59,Major,Lap and Shoulder Belt,,,,,,,,,,passenger,,Scarborough North (23),42 Division,Milliken,FALSE,FALSE,FALSE,FALSE,FALSE,TRUE,FALSE,FALSE,FALSE,FALSE,"{""coordinates"": [[-79.26469046706416, 43.81947502138878]], ""type"": ""MultiPoint""}"
12127,2015:5001920978,2015-11-08T16:40:00,MCNICOLL AVE,SHADY HOLLOW DR,5 m South of,4,Non-Fatal Injury,Intersection-Related,No Control,Turning Movement,Clear,Daylight,Dry,Minor Arterial,FALSE,-79.26469047,43.81947502138878,1,Automobile or Station Wagon,East,1,55,None,Lap and Shoulder Belt,Improper turn,Ability Impaired - Alcohol,,,Turning Left,,,,,driver,,Scarborough North (23),42 Division,Milliken,FALSE,FALSE,FALSE,FALSE,FALSE,TRUE,FALSE,FALSE,FALSE,FALSE,"{""coordinates"": [[-79.26469046706416, 43.81947502138878]], ""type"": ""MultiPoint""}"
12128,2015:5001921835,2015-11-08T20:20:00,LAWRENCE AVE E,DON MILLS RD,,2,Non-Fatal Injury,At Intersection,Traffic Signal,Cyclist Collision,Clear,Dark,Dry,Major Arterial,FALSE,-79.34344068,43.73716111207259,1,Bicycle,East,1,16,Major,No Equipment Available,,,,,Turning Left,,Cyclist turns left into path of driver,Failed to Yield Right of Way,Unknown,cyclist,,Don Valley East (16),33 Division,Banbury-Don Mills,FALSE,FALSE,TRUE,FALSE,FALSE,FALSE,FALSE,FALSE,TRUE,FALSE,"{""coordinates"": [[-79.34344067582492, 43.73716111207259]], ""type"": ""MultiPoint""}"
12129,2015:5001921835,2015-11-08T20:20:00,LAWRENCE AVE E,DON MILLS RD,,2,Non-Fatal Injury,At Intersection,Traffic Signal,Cyclist Collision,Clear,Dark,Dry,Major Arterial,FALSE,-79.34344068,43.73716111207259,2,Automobile or Station Wagon,West,2,19,None,Lap and Shoulder Belt,Driving properly,Normal,,,Going Ahead,,,,,driver,,Don Valley East (16),33 Division,Banbury-Don Mills,FALSE,FALSE,TRUE,FALSE,FALSE,FALSE,FALSE,FALSE,TRUE,FALSE,"{""coordinates"": [[-79.34344067582492, 43.73716111207259]], ""type"": ""MultiPoint""}"
12130,2015:5001928023,2015-11-09T20:05:00,PORTLAND ST,ROYAL YORK RD,11 m South of,2,Non-Fatal Injury,Non-Intersection,No Control,Pedestrian Collision(internal code),Clear,Dark with Artificial Lighting,Dry,Minor Arterial,FALSE,-79.49957716,43.61905137005305,1,Automobile or Station Wagon,South,1,51,None,Lap and Shoulder Belt,Speed too fast for conditions,Unknown,,,Going Ahead,,,,,driver,,Etobicoke-Lakeshore (3),22 Division,Mimico-Queensway,TRUE,FALSE,FALSE,FALSE,FALSE,TRUE,TRUE,FALSE,FALSE,FALSE,"{""coordinates"": [[-79.49957716189176, 43.61905137005305]], ""type"": ""MultiPoint""}"
12131,2015:5001928023,2015-11-09T20:05:00,PORTLAND ST,ROYAL YORK RD,11 m South of,2,Non-Fatal Injury,Non-Intersection,No Control,Pedestrian Collision(internal code),Clear,Dark with Artificial Lighting,Dry,Minor Arterial,FALSE,-79.49957716,43.61905137005305,1,,West,2,66,Major,No Equipment Available,,,Crossing - no traffic control,Normal,,Driver hits pedestrian at midblock,,,,pedestrian,,Etobicoke-Lakeshore (3),22 Division,Mimico-Queensway,TRUE,FALSE,FALSE,FALSE,FALSE,TRUE,TRUE,FALSE,FALSE,FALSE,"{""coordinates"": [[-79.49957716189176, 43.61905137005305]], ""type"": ""MultiPoint""}"
12132,2015:5001934875,2015-11-10T09:50:00,DUNMAIL DR,BLUE EAGLE TRL,15 m West of,2,Non-Fatal Injury,Non-Intersection,No Control,Cyclist Collision,Clear,Daylight,Dry,Local,FALSE,-79.28486951,43.804765042777206,1,Automobile or Station Wagon,West,1,49,None,Lap and Shoulder Belt,Improper turn,Inattentive,,,Making U-Turn,,,,,driver,,Scarborough North (23),42 Division,Agincourt North,FALSE,TRUE,TRUE,FALSE,FALSE,FALSE,FALSE,FALSE,FALSE,FALSE,"{""coordinates"": [[-79.28486951126087, 43.804765042777206]], ""type"": ""MultiPoint""}"
12133,2015:5001934875,2015-11-10T09:50:00,DUNMAIL DR,BLUE EAGLE TRL,15 m West of,2,Non-Fatal Injury,Non-Intersection,No Control,Cyclist Collision,Clear,Daylight,Dry,Local,FALSE,-79.28486951,43.804765042777206,2,Bicycle,West,2,58,Major,Use Unknown,,,,,Going Ahead,,Driver turns right on red at signalized intersection and hits cyclist,Driving Properly,Normal,cyclist,,Scarborough North (23),42 Division,Agincourt North,FALSE,TRUE,TRUE,FALSE,FALSE,FALSE,FALSE,FALSE,FALSE,FALSE,"{""coordinates"": [[-79.28486951126087, 43.804765042777206]], ""type"": ""MultiPoint""}"
12134,2015:5001940328,2015-11-11T20:04:00,LAWRENCE AVE W,JANE ST,5 m West of,2,Fatal Injury,Non-Intersection,No Control,Pedestrian Collision(internal code),Clear,Dark with Artificial Lighting,Dry,Major Arterial,FALSE,-79.50382601,43.70286733380397,1,,South,2,88,Fatal,No Equipment Available,,,Crossing - no traffic control,Inattentive,,Driver hits pedestrian at midblock,,,,pedestrian,55,York South-Weston (5),12 Division,Brookhaven-Amesbury,FALSE,TRUE,FALSE,FALSE,FALSE,TRUE,TRUE,FALSE,FALSE,FALSE,"{""coordinates"": [[-79.50382601332056, 43.70286733380397]], ""type"": ""MultiPoint""}"
12135,2015:5001940328,2015-11-11T20:04:00,LAWRENCE AVE W,JANE ST,5 m West of,2,Fatal Injury,Non-Intersection,No Control,Pedestrian Collision(internal code),Clear,Dark with Artificial Lighting,Dry,Major Arterial,FALSE,-79.50382601,43.70286733380397,1,Automobile or Station Wagon,East,1,58,None,Lap and Shoulder Belt,Driving properly,Normal,,,Going Ahead,,,,,driver,,York South-Weston (5),12 Division,Brookhaven-Amesbury,FALSE,TRUE,FALSE,FALSE,FALSE,TRUE,TRUE,FALSE,FALSE,FALSE,"{""coordinates"": [[-79.50382601332056, 43.70286733380397]], ""type"": ""MultiPoint""}"
12136,2015:5001954714,2015-11-14T08:25:00,1996 BATHURST ST,,,1,Fatal Injury,Non-Intersection,No Control,Pedestrian Collision(internal code),Clear,Daylight,Dry,Major Arterial,FALSE,-79.42494588,43.69948422840019,1,Automobile or Station Wagon,,1,87,Fatal,Equipment Not Used But Available,,,Other,Normal,,Driver hits pedestrian in parking lot,,,,pedestrian,65,Toronto-St. Paul's (12),13 Division,Forest Hill South,FALSE,FALSE,FALSE,FALSE,FALSE,TRUE,TRUE,FALSE,FALSE,FALSE,"{""coordinates"": [[-79.42494587786611, 43.69948422840019]], ""type"": ""MultiPoint""}"
12137,2015:5001964890,2015-11-16T06:15:00,BATHURST ST,FLEET ST,,3,Non-Fatal Injury,At Intersection,Traffic Signal,Turning Movement,Clear,Dawn with Artificial Lighting,Dry,Major Arterial,FALSE,-79.39962393,43.63640421017598,2,Pickup Truck,East,2,49,None,Lap and Shoulder Belt,Driving properly,Normal,,,Going Ahead,,,,,driver,,Spadina-Fort York (10),14 Division,Fort York-Liberty Village,FALSE,TRUE,FALSE,FALSE,FALSE,FALSE,FALSE,FALSE,FALSE,FALSE,"{""coordinates"": [[-79.39962393079487, 43.63640421017598]], ""type"": ""MultiPoint""}"
12138,2015:5001964890,2015-11-16T06:15:00,BATHURST ST,FLEET ST,,3,Non-Fatal Injury,At Intersection,Traffic Signal,Turning Movement,Clear,Dawn with Artificial Lighting,Dry,Major Arterial,FALSE,-79.39962393,43.63640421017598,2,,,3,54,Minor,Lap Belt Only,,,,,,,,,,passenger,,Spadina-Fort York (10),14 Division,Fort York-Liberty Village,FALSE,TRUE,FALSE,FALSE,FALSE,FALSE,FALSE,FALSE,FALSE,FALSE,"{""coordinates"": [[-79.39962393079487, 43.63640421017598]], ""type"": ""MultiPoint""}"
12139,2015:5001964890,2015-11-16T06:15:00,BATHURST ST,FLEET ST,,3,Non-Fatal Injury,At Intersection,Traffic Signal,Turning Movement,Clear,Dawn with Artificial Lighting,Dry,Major Arterial,FALSE,-79.39962393,43.63640421017598,2,Automobile or Station Wagon,West,1,51,Major,Lap and Shoulder Belt,Improper turn,Inattentive,,,Turning Left,,,,,driver,,Spadina-Fort York (10),14 Division,Fort York-Liberty Village,FALSE,TRUE,FALSE,FALSE,FALSE,FALSE,FALSE,FALSE,FALSE,FALSE,"{""coordinates"": [[-79.39962393079487, 43.63640421017598]], ""type"": ""MultiPoint""}"
12140,2015:5001980850,2015-11-18T17:10:00,MARKHAM RD,EGLINTON AVE E,55 m North of,3,Fatal Injury,Non-Intersection,No Control,Pedestrian Collision(internal code),Rain,Dark with Artificial Lighting,Wet,Major Arterial,FALSE,-79.21914246,43.74371496095961,1,,East,3,47,Fatal,Equipment Not Used But Available,,,Crossing - no traffic control,Inattentive,,Driver hits pedestrian at midblock,,,,pedestrian,56,Scarborough-Guildwood (24),43 Division,Scarborough Village,FALSE,TRUE,FALSE,FALSE,FALSE,TRUE,TRUE,FALSE,FALSE,FALSE,"{""coordinates"": [[-79.21914246321748, 43.74371496095961]], ""type"": ""MultiPoint""}"
12141,2015:5001980850,2015-11-18T17:10:00,MARKHAM RD,EGLINTON AVE E,55 m North of,3,Fatal Injury,Non-Intersection,No Control,Pedestrian Collision(internal code),Rain,Dark with Artificial Lighting,Wet,Major Arterial,FALSE,-79.21914246,43.74371496095961,2,Automobile or Station Wagon,North,2,54,None,Lap and Shoulder Belt,Driving properly,Normal,,,Going Ahead,,,,,driver,,Scarborough-Guildwood (24),43 Division,Scarborough Village,FALSE,TRUE,FALSE,FALSE,FALSE,TRUE,TRUE,FALSE,FALSE,FALSE,"{""coordinates"": [[-79.21914246321748, 43.74371496095961]], ""type"": ""MultiPoint""}"
12142,2015:5001980850,2015-11-18T17:10:00,MARKHAM RD,EGLINTON AVE E,55 m North of,3,Fatal Injury,Non-Intersection,No Control,Pedestrian Collision(internal code),Rain,Dark with Artificial Lighting,Wet,Major Arterial,FALSE,-79.21914246,43.74371496095961,1,Automobile or Station Wagon,South,1,67,None,Lap and Shoulder Belt,Driving properly,Normal,,,Going Ahead,,,,,driver,,Scarborough-Guildwood (24),43 Division,Scarborough Village,FALSE,TRUE,FALSE,FALSE,FALSE,TRUE,TRUE,FALSE,FALSE,FALSE,"{""coordinates"": [[-79.21914246321748, 43.74371496095961]], ""type"": ""MultiPoint""}"
12143,2015:5001982660,2015-11-19T00:40:00,SHEPPARD AVE E,IDAGROVE GT,,2,Non-Fatal Injury,At Intersection,Traffic Signal,Pedestrian Collision(internal code),Rain,Dark with Artificial Lighting,Wet,Major Arterial,FALSE,-79.17554836,43.80731693194655,1,Automobile or Station Wagon,East,1,39,None,Use Unknown,Driving properly,Normal,,,Going Ahead,,,,,driver,,Scarborough-Rouge Park (25),42 Division,West Rouge,FALSE,TRUE,FALSE,FALSE,FALSE,FALSE,TRUE,FALSE,FALSE,FALSE,"{""coordinates"": [[-79.17554835673448, 43.80731693194655]], ""type"": ""MultiPoint""}"
12144,2015:5001982660,2015-11-19T00:40:00,SHEPPARD AVE E,IDAGROVE GT,,2,Non-Fatal Injury,At Intersection,Traffic Signal,Pedestrian Collision(internal code),Rain,Dark with Artificial Lighting,Wet,Major Arterial,FALSE,-79.17554836,43.80731693194655,1,,North,2,62,Major,No Equipment Available,,,Crossing without right-of-way (intersection),Inattentive,,Driver going straight hits pedestrian crossing without right-of-way (at intersection),,,,pedestrian,,Scarborough-Rouge Park (25),42 Division,West Rouge,FALSE,TRUE,FALSE,FALSE,FALSE,FALSE,TRUE,FALSE,FALSE,FALSE,"{""coordinates"": [[-79.17554835673448, 43.80731693194655]], ""type"": ""MultiPoint""}"
12145,2015:5001983106,2015-11-19T05:02:00,KIPLING AVE,NORSEMAN ST,,2,Non-Fatal Injury,At Intersection,Traffic Signal,Pedestrian Collision(internal code),Rain,Dark with Artificial Lighting,Wet,Major Arterial,FALSE,-79.53105618,43.63147140325321,1,Automobile or Station Wagon,South,1,49,None,Lap and Shoulder Belt,Failed to yield right-of-way,Normal,,,Turning Left,,,,,driver,,Etobicoke-Lakeshore (3),22 Division,Etobicoke City Centre,TRUE,FALSE,FALSE,FALSE,FALSE,FALSE,TRUE,FALSE,FALSE,FALSE,"{""coordinates"": [[-79.53105618059352, 43.63147140325321]], ""type"": ""MultiPoint""}"
12146,2015:5001983106,2015-11-19T05:02:00,KIPLING AVE,NORSEMAN ST,,2,Non-Fatal Injury,At Intersection,Traffic Signal,Pedestrian Collision(internal code),Rain,Dark with Artificial Lighting,Wet,Major Arterial,FALSE,-79.53105618,43.63147140325321,1,,South,2,43,Major,Use Unknown,,,Crossing with right-of-way (intersection),Normal,,Driver turns left into pedestrian crossing with right-of-way (at intersection),,,,pedestrian,,Etobicoke-Lakeshore (3),22 Division,Etobicoke City Centre,TRUE,FALSE,FALSE,FALSE,FALSE,FALSE,TRUE,FALSE,FALSE,FALSE,"{""coordinates"": [[-79.53105618059352, 43.63147140325321]], ""type"": ""MultiPoint""}"
12147,2015:5001995659,2015-11-21T00:55:00,UNDERHILL DR,ROANOKE RD,,2,Non-Fatal Injury,Intersection-Related,Stop Sign,Turning Movement,Clear,Dark with Artificial Lighting,Dry,Collector,FALSE,-79.32519164,43.74191808830291,1,Automobile or Station Wagon,South,1,71,Major,Lap and Shoulder Belt,Speed too fast for conditions,Ability Impaired - Alcohol Over .08,,,Going Ahead,,,,,driver,,Don Valley East (16),33 Division,Parkwoods-O'Connor Hills,TRUE,FALSE,FALSE,FALSE,FALSE,TRUE,FALSE,FALSE,FALSE,FALSE,"{""coordinates"": [[-79.32519163789547, 43.74191808830291]], ""type"": ""MultiPoint""}"
12148,2015:5001995659,2015-11-21T00:55:00,UNDERHILL DR,ROANOKE RD,,2,Non-Fatal Injury,Intersection-Related,Stop Sign,Turning Movement,Clear,Dark with Artificial Lighting,Dry,Collector,FALSE,-79.32519164,43.74191808830291,2,Automobile or Station Wagon,East,2,26,Minimal,Use Unknown,Improper turn,Normal,,,Turning Left,,,,,driver,,Don Valley East (16),33 Division,Parkwoods-O'Connor Hills,TRUE,FALSE,FALSE,FALSE,FALSE,TRUE,FALSE,FALSE,FALSE,FALSE,"{""coordinates"": [[-79.32519163789547, 43.74191808830291]], ""type"": ""MultiPoint""}"
12149,2015:5001998431,2015-11-21T13:44:00,LAWRENCE AVE E,ELINOR AVE,,2,Non-Fatal Injury,At Intersection,Traffic Signal,Pedestrian Collision(internal code),Rain,Daylight,Wet,Major Arterial,FALSE,-79.30055559,43.74408505698072,2,Automobile or Station Wagon,West,2,34,Major,Lap and Shoulder Belt,Driving properly,Normal,,,Going Ahead,,,,,driver,,Scarborough Centre (21),41 Division,Wexford/Maryvale,FALSE,FALSE,FALSE,FALSE,FALSE,FALSE,FALSE,FALSE,FALSE,FALSE,"{""coordinates"": [[-79.30055559298091, 43.74408505698072]], ""type"": ""MultiPoint""}"
12150,2015:5001998431,2015-11-21T13:44:00,LAWRENCE AVE E,ELINOR AVE,,2,Non-Fatal Injury,At Intersection,Traffic Signal,Pedestrian Collision(internal code),Rain,Daylight,Wet,Major Arterial,FALSE,-79.30055559,43.74408505698072,1,Automobile or Station Wagon,,1,,None,Use Unknown,,,,,,,,,,other,,Scarborough Centre (21),41 Division,Wexford/Maryvale,FALSE,FALSE,FALSE,FALSE,FALSE,FALSE,FALSE,FALSE,FALSE,FALSE,"{""coordinates"": [[-79.30055559298091, 43.74408505698072]], ""type"": ""MultiPoint""}"