_id,collision_id,accdate,stname1,stname2,stname3,per_inv,acclass,accloc,traffictl,impactype,visible,light,rdsfcond,road_class,failtorem,longitude,latitude,veh_no,vehtype,initdir,per_no,invage,injury,safequip,drivact,drivcond,pedact,pedcond,manoeuvre,pedtype,cyclistype,cycact,cyccond,road_user,fatal_no,wardname,division,neighbourhood,aggressive,distracted,cyclist,motorcyclist,other_micromobility,older_adult,pedestrian,red_light,school_child,heavy_truck,geometry
12328,2016:6000133147,2016-01-23T00:35:00,BATHURST ST,FORT YORK BLVD,,12,Non-Fatal Injury,At Intersection,Traffic Signal,Turning Movement,Clear,Dark with Artificial Lighting,Dry,Major Arterial,FALSE,-79.40063893,43.638826211077266,2,,,12,22,None,Lap and Shoulder Belt,,,,,,,,,,passenger,,Spadina-Fort York (10),14 Division,Harbourfront-CityPlace,TRUE,TRUE,FALSE,FALSE,FALSE,FALSE,FALSE,FALSE,TRUE,FALSE,"{""coordinates"": [[-79.40063892900636, 43.638826211077266]], ""type"": ""MultiPoint""}"
12329,2016:6000143198,2016-01-23T20:10:00,THE QUEENSWAY,NORTH QUEEN ST,,2,Non-Fatal Injury,At Intersection,Traffic Signal,Cyclist Collision,Clear,Dark with Artificial Lighting,Dry,Major Arterial,FALSE,-79.55611125,43.61414544414305,1,Automobile or Station Wagon,East,1,53,None,Lap and Shoulder Belt,Failed to yield right-of-way,Unknown,,,Turning Left,,,,,driver,,Etobicoke-Lakeshore (3),22 Division,Etobicoke City Centre,TRUE,FALSE,TRUE,FALSE,FALSE,FALSE,FALSE,FALSE,FALSE,FALSE,"{""coordinates"": [[-79.55611124581169, 43.61414544414305]], ""type"": ""MultiPoint""}"
12330,2016:6000143198,2016-01-23T20:10:00,THE QUEENSWAY,NORTH QUEEN ST,,2,Non-Fatal Injury,At Intersection,Traffic Signal,Cyclist Collision,Clear,Dark with Artificial Lighting,Dry,Major Arterial,FALSE,-79.55611125,43.61414544414305,2,Bicycle,West,2,20,Major,No Equipment Available,,,,,Going Ahead,,Driver turns left into path of cyclist,Other,Unknown,cyclist,,Etobicoke-Lakeshore (3),22 Division,Etobicoke City Centre,TRUE,FALSE,TRUE,FALSE,FALSE,FALSE,FALSE,FALSE,FALSE,FALSE,"{""coordinates"": [[-79.55611124581169, 43.61414544414305]], ""type"": ""MultiPoint""}"
12331,2016:6000139902,2016-01-24T05:21:00,LAKE SHORE BLVD W,BRITISH COLUMBIA RD,245 m East of,1,Non-Fatal Injury,Non-Intersection,No Control,SMV Other,Clear,Dark with Artificial Lighting,Dry,Major Arterial,FALSE,-79.42670099,43.630365253122086,1,Automobile or Station Wagon,East,1,26,Major,Lap and Shoulder Belt,Exceeding speed limit,Inattentive,,,Going Ahead,,,,,driver,,Spadina-Fort York (10),14 Division,Fort York-Liberty Village,TRUE,TRUE,FALSE,FALSE,FALSE,FALSE,FALSE,FALSE,FALSE,FALSE,"{""coordinates"": [[-79.42670099467517, 43.630365253122086]], ""type"": ""MultiPoint""}"
12332,2016:6000143502,2016-01-24T21:41:00,EGLINTON AVE E,MASON RD,,2,Non-Fatal Injury,At Intersection,Traffic Signal,Pedestrian Collision(internal code),Clear,Dark with Artificial Lighting,Dry,Major Arterial,FALSE,-79.22515447,43.74178096693147,1,Automobile or Station Wagon,West,1,69,None,Lap and Shoulder Belt,Driving properly,Normal,,,Going Ahead,,,,,driver,,Scarborough Southwest (20),43 Division,Scarborough Village,FALSE,TRUE,FALSE,FALSE,FALSE,TRUE,TRUE,FALSE,FALSE,FALSE,"{""coordinates"": [[-79.22515447392053, 43.74178096693147]], ""type"": ""MultiPoint""}"
12333,2016:6000143502,2016-01-24T21:41:00,EGLINTON AVE E,MASON RD,,2,Non-Fatal Injury,At Intersection,Traffic Signal,Pedestrian Collision(internal code),Clear,Dark with Artificial Lighting,Dry,Major Arterial,FALSE,-79.22515447,43.74178096693147,1,,Unknown,2,37,Major,Use Unknown,,,Crossing without right-of-way (intersection),Inattentive,,Driver going straight hits pedestrian crossing without right-of-way (at intersection),,,,pedestrian,,Scarborough Southwest (20),43 Division,Scarborough Village,FALSE,TRUE,FALSE,FALSE,FALSE,TRUE,TRUE,FALSE,FALSE,FALSE,"{""coordinates"": [[-79.22515447392053, 43.74178096693147]], ""type"": ""MultiPoint""}"
12334,2016:6000147267,2016-01-25T14:45:00,50 MERTON ST,,2 m North of,2,Non-Fatal Injury,Non-Intersection,No Control,Approaching Head On,Clear,Daylight,Dry,Collector,FALSE,-79.39512983,43.69633618841485,2,Automobile or Station Wagon,West,2,73,None,Lap and Shoulder Belt,Driving properly,Normal,,,Going Ahead,,,,,driver,,Toronto-St. Paul's (12),53 Division,South Eglinton-Davisville,FALSE,FALSE,FALSE,FALSE,FALSE,TRUE,FALSE,FALSE,FALSE,FALSE,"{""coordinates"": [[-79.39512982842653, 43.69633618841485]], ""type"": ""MultiPoint""}"
12335,2016:6000147267,2016-01-25T14:45:00,50 MERTON ST,,2 m North of,2,Non-Fatal Injury,Non-Intersection,No Control,Approaching Head On,Clear,Daylight,Dry,Collector,FALSE,-79.39512983,43.69633618841485,1,Automobile or Station Wagon,East,1,86,Major,Lap and Shoulder Belt,Lost control,Medical or Physical Disability,,,Going Ahead,,,,,driver,,Toronto-St. Paul's (12),53 Division,South Eglinton-Davisville,FALSE,FALSE,FALSE,FALSE,FALSE,TRUE,FALSE,FALSE,FALSE,FALSE,"{""coordinates"": [[-79.39512982842653, 43.69633618841485]], ""type"": ""MultiPoint""}"
12336,2016:6000148806,2016-01-25T19:15:00,OVERLEA BLVD,WILLIAM MORGAN DR,,2,Non-Fatal Injury,At Intersection,Traffic Signal,Pedestrian Collision(internal code),Clear,Dark with Artificial Lighting,Dry,Major Arterial,FALSE,-79.34135071,43.707945113036864,1,,North,2,74,Major,No Equipment Available,,,Crossing with right-of-way (intersection),Normal,,Driver turns left into pedestrian crossing with right-of-way (at intersection),,,,pedestrian,,Don Valley West (15),53 Division,Thorncliffe Park,TRUE,TRUE,FALSE,FALSE,FALSE,TRUE,TRUE,FALSE,FALSE,FALSE,"{""coordinates"": [[-79.34135071353352, 43.707945113036864]], ""type"": ""MultiPoint""}"
12337,2016:6000148806,2016-01-25T19:15:00,OVERLEA BLVD,WILLIAM MORGAN DR,,2,Non-Fatal Injury,At Intersection,Traffic Signal,Pedestrian Collision(internal code),Clear,Dark with Artificial Lighting,Dry,Major Arterial,FALSE,-79.34135071,43.707945113036864,1,Passenger Van,South,1,43,None,Lap and Shoulder Belt,Failed to yield right-of-way,Inattentive,,,Turning Left,,,,,driver,,Don Valley West (15),53 Division,Thorncliffe Park,TRUE,TRUE,FALSE,FALSE,FALSE,TRUE,TRUE,FALSE,FALSE,FALSE,"{""coordinates"": [[-79.34135071353352, 43.707945113036864]], ""type"": ""MultiPoint""}"
12338,2016:6000164025,2016-01-28T09:25:00,DUNDAS ST W,POPLAR AVE,,2,Fatal Injury,At Intersection,Traffic Signal,Pedestrian Collision(internal code),Clear,Daylight,Dry,Major Arterial,FALSE,-79.54007418,43.63609841198098,0,Bus - Other,North,2,31,None,,Failed to yield right-of-way,Normal,,,Turning Left,,,,,driver,,Etobicoke-Lakeshore (3),22 Division,Etobicoke City Centre,TRUE,FALSE,FALSE,FALSE,FALSE,FALSE,TRUE,FALSE,FALSE,TRUE,"{""coordinates"": [[-79.54007418380309, 43.63609841198098]], ""type"": ""MultiPoint""}"
12339,2016:6000164025,2016-01-28T09:25:00,DUNDAS ST W,POPLAR AVE,,2,Fatal Injury,At Intersection,Traffic Signal,Pedestrian Collision(internal code),Clear,Daylight,Dry,Major Arterial,FALSE,-79.54007418,43.63609841198098,0,,South,1,49,Fatal,,,,Crossing with right-of-way (intersection),Normal,,Transit vehicle driver hits pedestrian anywhere along roadway,,,,pedestrian,10,Etobicoke-Lakeshore (3),22 Division,Etobicoke City Centre,TRUE,FALSE,FALSE,FALSE,FALSE,FALSE,TRUE,FALSE,FALSE,TRUE,"{""coordinates"": [[-79.54007418380309, 43.63609841198098]], ""type"": ""MultiPoint""}"
12340,2016:6000168422,2016-01-28T21:30:00,48MILLDOCK,,172 m East of,2,Non-Fatal Injury,Non-Intersection,No Control,Pedestrian Collision(internal code),Snow,Dark with Artificial Lighting,Wet,Local,TRUE,-79.1258963,43.79031087925586,1,,Unknown,1,,None,Use Unknown,,,,,Unknown,,,,,other,,Scarborough-Rouge Park (25),43 Division,West Rouge,FALSE,FALSE,FALSE,FALSE,FALSE,FALSE,TRUE,FALSE,FALSE,FALSE,"{""coordinates"": [[-79.1258963017235, 43.79031087925586]], ""type"": ""MultiPoint""}"
12341,2016:6000168422,2016-01-28T21:30:00,48MILLDOCK,,172 m East of,2,Non-Fatal Injury,Non-Intersection,No Control,Pedestrian Collision(internal code),Snow,Dark with Artificial Lighting,Wet,Local,TRUE,-79.1258963,43.79031087925586,1,,Unknown,2,59,Major,No Equipment Available,,,Other,Had Been Drinking,,Other,,,,pedestrian,,Scarborough-Rouge Park (25),43 Division,West Rouge,FALSE,FALSE,FALSE,FALSE,FALSE,FALSE,TRUE,FALSE,FALSE,FALSE,"{""coordinates"": [[-79.1258963017235, 43.79031087925586]], ""type"": ""MultiPoint""}"
12342,2016:6000171366,2016-01-29T12:25:00,3434 LAWRENCE AVE E,,,2,Non-Fatal Injury,At Intersection,Traffic Signal,Sideswipe,Clear,Daylight,Dry,Major Arterial,FALSE,-79.23043469,43.75865756154982,2,Motorcycle,West,2,59,Major,Helmet,Driving properly,Normal,,,Going Ahead,,,,,motorcyclist,,Scarborough-Guildwood (24),43 Division,Golfdale-Cedarbrae-Woburn,FALSE,TRUE,FALSE,TRUE,FALSE,FALSE,FALSE,FALSE,FALSE,FALSE,"{""coordinates"": [[-79.23043469186447, 43.75865756154982]], ""type"": ""MultiPoint""}"
12343,2016:6000171366,2016-01-29T12:25:00,3434 LAWRENCE AVE E,,,2,Non-Fatal Injury,At Intersection,Traffic Signal,Sideswipe,Clear,Daylight,Dry,Major Arterial,FALSE,-79.23043469,43.75865756154982,2,Automobile or Station Wagon,West,1,47,None,Lap and Shoulder Belt,Improper lane change,Inattentive,,,Changing Lanes,,,,,driver,,Scarborough-Guildwood (24),43 Division,Golfdale-Cedarbrae-Woburn,FALSE,TRUE,FALSE,TRUE,FALSE,FALSE,FALSE,FALSE,FALSE,FALSE,"{""coordinates"": [[-79.23043469186447, 43.75865756154982]], ""type"": ""MultiPoint""}"
12344,2016:6000179020,2016-01-30T17:53:00,DUFFERIN ST,ARMSTRONG AVE,,2,Fatal Injury,,No Control,Pedestrian Collision(internal code),Clear,Dark with Artificial Lighting,Dry,Major Arterial,FALSE,-79.43742796,43.66470525756743,0,Automobile or Station Wagon,North,2,39,None,,Driving properly,Normal,,,Going Ahead,,,,,driver,,Davenport (9),14 Division,Dovercourt Village,FALSE,TRUE,FALSE,FALSE,FALSE,TRUE,TRUE,FALSE,FALSE,FALSE,"{""coordinates"": [[-79.43742795878798, 43.66470525756743]], ""type"": ""MultiPoint""}"
12345,2016:6000179020,2016-01-30T17:53:00,DUFFERIN ST,ARMSTRONG AVE,,2,Fatal Injury,,No Control,Pedestrian Collision(internal code),Clear,Dark with Artificial Lighting,Dry,Major Arterial,FALSE,-79.43742796,43.66470525756743,0,,West,1,90,Fatal,,,,Crossing - no traffic control,Inattentive,,Driver going straight hits pedestrian crossing without right-of-way (at intersection),,,,pedestrian,7,Davenport (9),14 Division,Dovercourt Village,FALSE,TRUE,FALSE,FALSE,FALSE,TRUE,TRUE,FALSE,FALSE,FALSE,"{""coordinates"": [[-79.43742795878798, 43.66470525756743]], ""type"": ""MultiPoint""}"
12346,2016:6000181395,2016-01-31T02:30:00,DERRYDOWN RD,ROMFIELD DR,,3,Fatal Injury,,Stop Sign,SMV Other,Clear,Dark with Artificial Lighting,Wet,Local,FALSE,-79.4939619,43.76032029601718,0,,,2,55,Minor,Air Bag Deployed,,,,,,,,,,passenger,,Humber River-Black Creek (7),31 Division,York University Heights,FALSE,FALSE,FALSE,FALSE,FALSE,FALSE,FALSE,FALSE,FALSE,FALSE,"{""coordinates"": [[-79.49396189850073, 43.76032029601718]], ""type"": ""MultiPoint""}"
12347,2016:6000181395,2016-01-31T02:30:00,DERRYDOWN RD,ROMFIELD DR,,3,Fatal Injury,,Stop Sign,SMV Other,Clear,Dark with Artificial Lighting,Wet,Local,FALSE,-79.4939619,43.76032029601718,1,Automobile or Station Wagon,North,1,53,Minor,Air Bag Deployed,Lost control,Ability Impaired - Alcohol,,,Going Ahead,,,,,driver,,Humber River-Black Creek (7),31 Division,York University Heights,FALSE,FALSE,FALSE,FALSE,FALSE,FALSE,FALSE,FALSE,FALSE,FALSE,"{""coordinates"": [[-79.49396189850073, 43.76032029601718]], ""type"": ""MultiPoint""}"
12348,2016:6000181395,2016-01-31T02:30:00,DERRYDOWN RD,ROMFIELD DR,,3,Fatal Injury,,Stop Sign,SMV Other,Clear,Dark with Artificial Lighting,Wet,Local,FALSE,-79.4939619,43.76032029601718,0,,,3,46,Fatal,Equipment Not Used But Available,,,,,,,,,,passenger,8,Humber River-Black Creek (7),31 Division,York University Heights,FALSE,FALSE,FALSE,FALSE,FALSE,FALSE,FALSE,FALSE,FALSE,FALSE,"{""coordinates"": [[-79.49396189850073, 43.76032029601718]], ""type"": ""MultiPoint""}"
12349,2016:6000186933,2016-02-01T03:20:00,KENNEDY RD,NORCAP AVE,16 m North of,2,Non-Fatal Injury,Non-Intersection,No Control,Approaching Head On,Clear,Dark with Artificial Lighting,Wet,Major Arterial,FALSE,-79.29434553,43.79719705310573,1,Automobile or Station Wagon,North,1,34,Major,Use Unknown,Lost control,Inattentive,,,Going Ahead,,,,,driver,,Scarborough-Agincourt (22),42 Division,East L'Amoreaux,FALSE,TRUE,FALSE,FALSE,FALSE,TRUE,FALSE,FALSE,FALSE,TRUE,"{""coordinates"": [[-79.29434553298188, 43.79719705310573]], ""type"": ""MultiPoint""}"
12350,2016:6000186933,2016-02-01T03:20:00,KENNEDY RD,NORCAP AVE,16 m North of,2,Non-Fatal Injury,Non-Intersection,No Control,Approaching Head On,Clear,Dark with Artificial Lighting,Wet,Major Arterial,FALSE,-79.29434553,43.79719705310573,2,Delivery Van,South,2,66,Minimal,Use Unknown,Driving properly,Normal,,,Slowing or Stopping,,,,,driver,,Scarborough-Agincourt (22),42 Division,East L'Amoreaux,FALSE,TRUE,FALSE,FALSE,FALSE,TRUE,FALSE,FALSE,FALSE,TRUE,"{""coordinates"": [[-79.29434553298188, 43.79719705310573]], ""type"": ""MultiPoint""}"
12351,2016:6000188538,2016-02-01T10:33:00,BIRMINGHAM ST,TWENTY FIRST ST,,2,Fatal Injury,,Pedestrian Crossover,Sideswipe,Clear,Daylight,Dry,Collector,FALSE,-79.52117623,43.59996240728133,2,Automobile or Station Wagon,West,2,33,Minimal,,Driving properly,Normal,,,Going Ahead,,,,,driver,,Etobicoke-Lakeshore (3),22 Division,New Toronto,FALSE,FALSE,FALSE,FALSE,FALSE,TRUE,FALSE,FALSE,FALSE,FALSE,"{""coordinates"": [[-79.52117622598456, 43.59996240728133]], ""type"": ""MultiPoint""}"
12352,2016:6000188538,2016-02-01T10:33:00,BIRMINGHAM ST,TWENTY FIRST ST,,2,Fatal Injury,,Pedestrian Crossover,Sideswipe,Clear,Daylight,Dry,Collector,FALSE,-79.52117623,43.59996240728133,1,Automobile or Station Wagon,West,1,88,Fatal,Lap and Shoulder Belt,Lost control,Unknown,,,Going Ahead,,,,,driver,9,Etobicoke-Lakeshore (3),22 Division,New Toronto,FALSE,FALSE,FALSE,FALSE,FALSE,TRUE,FALSE,FALSE,FALSE,FALSE,"{""coordinates"": [[-79.52117622598456, 43.59996240728133]], ""type"": ""MultiPoint""}"
12353,2016:6000197047,2016-02-02T16:16:00,JANE ST,GRANDRAVINE DR,,2,Non-Fatal Injury,At Intersection,Traffic Signal,Pedestrian Collision(internal code),Clear,Daylight,Dry,Major Arterial,FALSE,-79.51508695,43.74702232431107,1,,East,2,59,Major,Use Unknown,,,Crossing with right-of-way (intersection),Normal,,Driver turns left into pedestrian crossing with right-of-way (at intersection),,,,pedestrian,,Humber River-Black Creek (7),31 Division,Glenfield-Jane Heights,TRUE,TRUE,FALSE,FALSE,FALSE,FALSE,TRUE,FALSE,FALSE,FALSE,"{""coordinates"": [[-79.5150869460608, 43.74702232431107]], ""type"": ""MultiPoint""}"
12354,2016:6000197047,2016-02-02T16:16:00,JANE ST,GRANDRAVINE DR,,2,Non-Fatal Injury,At Intersection,Traffic Signal,Pedestrian Collision(internal code),Clear,Daylight,Dry,Major Arterial,FALSE,-79.51508695,43.74702232431107,1,Pickup Truck,West,1,42,None,Lap and Shoulder Belt,Failed to yield right-of-way,Inattentive,,,Turning Left,,,,,driver,,Humber River-Black Creek (7),31 Division,Glenfield-Jane Heights,TRUE,TRUE,FALSE,FALSE,FALSE,FALSE,TRUE,FALSE,FALSE,FALSE,"{""coordinates"": [[-79.5150869460608, 43.74702232431107]], ""type"": ""MultiPoint""}"
12355,2016:6000218872,2016-02-06T02:33:00,163 WINCOTT DR,,39 m South of,2,Non-Fatal Injury,Non-Intersection,No Control,SMV Other,Clear,Dark with Artificial Lighting,Dry,Collector,FALSE,-79.5490381,43.68615939550568,1,,,2,36,Major,Equipment Not Used But Available,,,,,,,,,,passenger,,Etobicoke Centre (2),23 Division,Willowridge-Martingrove-Richview,FALSE,FALSE,FALSE,FALSE,FALSE,FALSE,FALSE,FALSE,FALSE,FALSE,"{""coordinates"": [[-79.54903810215278, 43.68615939550568]], ""type"": ""MultiPoint""}"
12356,2016:6000218872,2016-02-06T02:33:00,163 WINCOTT DR,,39 m South of,2,Non-Fatal Injury,Non-Intersection,No Control,SMV Other,Clear,Dark with Artificial Lighting,Dry,Collector,FALSE,-79.5490381,43.68615939550568,1,Passenger Van,North,1,32,Major,Equipment Not Used But Available,Lost control,Normal,,,Going Ahead,,,,,driver,,Etobicoke Centre (2),23 Division,Willowridge-Martingrove-Richview,FALSE,FALSE,FALSE,FALSE,FALSE,FALSE,FALSE,FALSE,FALSE,FALSE,"{""coordinates"": [[-79.54903810215278, 43.68615939550568]], ""type"": ""MultiPoint""}"
12357,2016:6000219266,2016-02-06T05:00:00,DUNDAS ST W,ANNETTE ST,13 m North of,1,Non-Fatal Injury,At/Near Private Drive,No Control,SMV Other,Clear,Dawn with Artificial Lighting,Dry,Minor Arterial,FALSE,-79.45802,43.66398828767378,1,Automobile or Station Wagon,North,1,25,Major,Lap and Shoulder Belt,Lost control,Unknown,,,Going Ahead,,,,,driver,,Parkdale-High Park (4),11 Division,Junction Area,FALSE,FALSE,FALSE,FALSE,FALSE,FALSE,FALSE,FALSE,FALSE,FALSE,"{""coordinates"": [[-79.45801999948934, 43.66398828767378]], ""type"": ""MultiPoint""}"
12358,2016:6000243323,2016-02-10T09:54:00,WEDGEWOOD DR,TOBRUK CRES,,2,Fatal Injury,,Stop Sign,Pedestrian Collision(internal code),Clear,Daylight,Wet,Local,FALSE,-79.41399773,43.78960219411922,0,,West,2,84,Fatal,,,,On sidewalk or shoulder,Normal,,Driver hits pedestrian on sidewalk or shoulder,,,,pedestrian,12,Willowdale (18),32 Division,Newtonbrook East,FALSE,TRUE,FALSE,FALSE,FALSE,TRUE,TRUE,FALSE,FALSE,FALSE,"{""coordinates"": [[-79.41399773269914, 43.78960219411922]], ""type"": ""MultiPoint""}"
12359,2016:6000243323,2016-02-10T09:54:00,WEDGEWOOD DR,TOBRUK CRES,,2,Fatal Injury,,Stop Sign,Pedestrian Collision(internal code),Clear,Daylight,Wet,Local,FALSE,-79.41399773,43.78960219411922,0,Automobile or Station Wagon,East,1,48,Minimal,,Lost control,Inattentive,,,Going Ahead,,,,,driver,,Willowdale (18),32 Division,Newtonbrook East,FALSE,TRUE,FALSE,FALSE,FALSE,TRUE,TRUE,FALSE,FALSE,FALSE,"{""coordinates"": [[-79.41399773269914, 43.78960219411922]], ""type"": ""MultiPoint""}"
12360,2016:6000261829,2016-02-13T10:18:00,FINCH AVE W,TOBERMORY DR,450 m East of,4,Fatal Injury,Non-Intersection,No Control,Pedestrian Collision(internal code),Clear,Daylight,Dry,Major Arterial,FALSE,-79.50360491,43.760236307420314,1,,,3,64,None,Lap and Shoulder Belt,,,,,,,,,,passenger,,Humber River-Black Creek (7),31 Division,York University Heights,FALSE,TRUE,FALSE,FALSE,FALSE,TRUE,TRUE,FALSE,FALSE,FALSE,"{""coordinates"": [[-79.50360491316248, 43.760236307420314]], ""type"": ""MultiPoint""}"
12361,2016:6000261829,2016-02-13T10:18:00,FINCH AVE W,TOBERMORY DR,450 m East of,4,Fatal Injury,Non-Intersection,No Control,Pedestrian Collision(internal code),Clear,Daylight,Dry,Major Arterial,FALSE,-79.50360491,43.760236307420314,1,,South,2,71,Fatal,No Equipment Available,,,Running onto roadway,Inattentive,,Driver going straight hits pedestrian crossing without right-of-way (at intersection),,,,pedestrian,11,Humber River-Black Creek (7),31 Division,York University Heights,FALSE,TRUE,FALSE,FALSE,FALSE,TRUE,TRUE,FALSE,FALSE,FALSE,"{""coordinates"": [[-79.50360491316248, 43.760236307420314]], ""type"": ""MultiPoint""}"
12362,2016:6000261829,2016-02-13T10:18:00,FINCH AVE W,TOBERMORY DR,450 m East of,4,Fatal Injury,Non-Intersection,No Control,Pedestrian Collision(internal code),Clear,Daylight,Dry,Major Arterial,FALSE,-79.50360491,43.760236307420314,1,,,4,47,None,Lap and Shoulder Belt,,,,,,,,,,passenger,,Humber River-Black Creek (7),31 Division,York University Heights,FALSE,TRUE,FALSE,FALSE,FALSE,TRUE,TRUE,FALSE,FALSE,FALSE,"{""coordinates"": [[-79.50360491316248, 43.760236307420314]], ""type"": ""MultiPoint""}"
12363,2016:6000261829,2016-02-13T10:18:00,FINCH AVE W,TOBERMORY DR,450 m East of,4,Fatal Injury,Non-Intersection,No Control,Pedestrian Collision(internal code),Clear,Daylight,Dry,Major Arterial,FALSE,-79.50360491,43.760236307420314,1,Automobile or Station Wagon,West,1,78,None,Lap and Shoulder Belt,Driving properly,Normal,,,Going Ahead,,,,,driver,,Humber River-Black Creek (7),31 Division,York University Heights,FALSE,TRUE,FALSE,FALSE,FALSE,TRUE,TRUE,FALSE,FALSE,FALSE,"{""coordinates"": [[-79.50360491316248, 43.760236307420314]], ""type"": ""MultiPoint""}"
12364,2016:6000291466,2016-02-18T13:15:00,DAWES RD,SECORD AVE,,2,Fatal Injury,At Intersection,Traffic Signal,Pedestrian Collision(internal code),Clear,Daylight,Dry,Minor Arterial,FALSE,-79.29722165,43.69352905387885,1,Delivery Van,South,1,31,None,Lap and Shoulder Belt,Failed to yield right-of-way,Inattentive,,,Turning Right,,,,,driver,,Beaches-East York (19),55 Division,Taylor-Massey,TRUE,TRUE,FALSE,FALSE,FALSE,TRUE,TRUE,FALSE,FALSE,TRUE,"{""coordinates"": [[-79.29722165277246, 43.69352905387885]], ""type"": ""MultiPoint""}"
12365,2016:6000291466,2016-02-18T13:15:00,DAWES RD,SECORD AVE,,2,Fatal Injury,At Intersection,Traffic Signal,Pedestrian Collision(internal code),Clear,Daylight,Dry,Minor Arterial,FALSE,-79.29722165,43.69352905387885,1,,North,2,74,Fatal,Use Unknown,,,Crossing with right-of-way (intersection),Normal,,Driver turns right into pedestrian crossing with right-of-way (at intersection),,,,pedestrian,13,Beaches-East York (19),55 Division,Taylor-Massey,TRUE,TRUE,FALSE,FALSE,FALSE,TRUE,TRUE,FALSE,FALSE,TRUE,"{""coordinates"": [[-79.29722165277246, 43.69352905387885]], ""type"": ""MultiPoint""}"
12366,2016:6000294353,2016-02-18T22:30:00,MACDONELL AVE,LN n QUEEEN E FULLER,1 m South of,2,Fatal Injury,At Intersection,No Control,Pedestrian Collision(internal code),Clear,Dark,Dry,Local,FALSE,-79.438092,43.64077526689091,1,Municipal Transit Bus (TTC),North,1,32,None,Lap and Shoulder Belt,Driving properly,Normal,,,Slowing or Stopping,,,,,driver,,Parkdale-High Park (4),11 Division,Roncesvalles,FALSE,TRUE,FALSE,FALSE,FALSE,TRUE,TRUE,FALSE,FALSE,TRUE,"{""coordinates"": [[-79.43809200012814, 43.64077526689091]], ""type"": ""MultiPoint""}"
12367,2016:6000294353,2016-02-18T22:30:00,MACDONELL AVE,LN n QUEEEN E FULLER,1 m South of,2,Fatal Injury,At Intersection,No Control,Pedestrian Collision(internal code),Clear,Dark,Dry,Local,FALSE,-79.438092,43.64077526689091,1,,West,2,70,Fatal,Use Unknown,,,Crossing without right-of-way (intersection),Inattentive,,Driver going straight hits pedestrian crossing without right-of-way (at intersection),,,,pedestrian,15,Parkdale-High Park (4),11 Division,Roncesvalles,FALSE,TRUE,FALSE,FALSE,FALSE,TRUE,TRUE,FALSE,FALSE,TRUE,"{""coordinates"": [[-79.43809200012814, 43.64077526689091]], ""type"": ""MultiPoint""}"
12368,2016:6000304875,2016-02-20T17:17:00,CONFEDERATION DR,STEVENWOOD RD,,2,Non-Fatal Injury,At Intersection,No Control,Cyclist Collision,Clear,Daylight,Dry,Collector,FALSE,-79.22108846,43.75535397,2,Bicycle,East,2,39,Major,Helmet,,,,,Going Ahead,,Driver turns left into path of cyclist,Driving Properly,Normal,cyclist,,Scarborough-Guildwood (24),43 Division,Golfdale-Cedarbrae-Woburn,FALSE,FALSE,TRUE,FALSE,FALSE,FALSE,FALSE,FALSE,FALSE,FALSE,"{""coordinates"": [[-79.22108845521367, 43.7553539650173]], ""type"": ""MultiPoint""}"
12369,2016:6000304875,2016-02-20T17:17:00,CONFEDERATION DR,STEVENWOOD RD,,2,Non-Fatal Injury,At Intersection,No Control,Cyclist Collision,Clear,Daylight,Dry,Collector,FALSE,-79.22108846,43.75535397,1,Automobile or Station Wagon,West,1,39,None,Lap and Shoulder Belt,Improper turn,Normal,,,Turning Left,,,,,driver,,Scarborough-Guildwood (24),43 Division,Golfdale-Cedarbrae-Woburn,FALSE,FALSE,TRUE,FALSE,FALSE,FALSE,FALSE,FALSE,FALSE,FALSE,"{""coordinates"": [[-79.22108845521367, 43.7553539650173]], ""type"": ""MultiPoint""}"
12370,2016:6000307200,2016-02-21T01:47:00,THE QUEENSWAY K,KIPLING AVE,81 m West of,3,Non-Fatal Injury,At/Near Private Drive,No Control,Pedestrian Collision(internal code),Clear,Dark with Artificial Lighting,Dry,Major Arterial,FALSE,-79.5279052,43.620641405028444,1,,Unknown,3,25,Major,Use Unknown,,,On sidewalk or shoulder,Normal,,Driver hits pedestrian on sidewalk or shoulder,,,,pedestrian,,Etobicoke-Lakeshore (3),22 Division,Etobicoke City Centre,FALSE,FALSE,FALSE,FALSE,FALSE,FALSE,TRUE,FALSE,FALSE,FALSE,"{""coordinates"": [[-79.52790519655184, 43.620641405028444]], ""type"": ""MultiPoint""}"
12371,2016:6000307200,2016-02-21T01:47:00,THE QUEENSWAY K,KIPLING AVE,81 m West of,3,Non-Fatal Injury,At/Near Private Drive,No Control,Pedestrian Collision(internal code),Clear,Dark with Artificial Lighting,Dry,Major Arterial,FALSE,-79.5279052,43.620641405028444,1,,Unknown,2,24,Major,Use Unknown,,,On sidewalk or shoulder,Normal,,Driver hits pedestrian on sidewalk or shoulder,,,,pedestrian,,Etobicoke-Lakeshore (3),22 Division,Etobicoke City Centre,FALSE,FALSE,FALSE,FALSE,FALSE,FALSE,TRUE,FALSE,FALSE,FALSE,"{""coordinates"": [[-79.52790519655184, 43.620641405028444]], ""type"": ""MultiPoint""}"
12372,2016:6000307200,2016-02-21T01:47:00,THE QUEENSWAY K,KIPLING AVE,81 m West of,3,Non-Fatal Injury,At/Near Private Drive,No Control,Pedestrian Collision(internal code),Clear,Dark with Artificial Lighting,Dry,Major Arterial,FALSE,-79.5279052,43.620641405028444,1,Automobile or Station Wagon,West,1,25,None,Use Unknown,Lost control,Ability Impaired - Alcohol,,,Going Ahead,,,,,driver,,Etobicoke-Lakeshore (3),22 Division,Etobicoke City Centre,FALSE,FALSE,FALSE,FALSE,FALSE,FALSE,TRUE,FALSE,FALSE,FALSE,"{""coordinates"": [[-79.52790519655184, 43.620641405028444]], ""type"": ""MultiPoint""}"