_id,collision_id,accdate,stname1,stname2,stname3,per_inv,acclass,accloc,traffictl,impactype,visible,light,rdsfcond,road_class,failtorem,longitude,latitude,veh_no,vehtype,initdir,per_no,invage,injury,safequip,drivact,drivcond,pedact,pedcond,manoeuvre,pedtype,cyclistype,cycact,cyccond,road_user,fatal_no,wardname,division,neighbourhood,aggressive,distracted,cyclist,motorcyclist,other_micromobility,older_adult,pedestrian,red_light,school_child,heavy_truck,geometry
12373,2016:6000310754,2016-02-21T17:30:00,1330 MARTIN GROVE RD,,11 m West of,2,Non-Fatal Injury,At/Near Private Drive,No Control,Pedestrian Collision(internal code),Clear,Daylight,Dry,Major Arterial,FALSE,-79.5796021,43.71060041724501,1,,Unknown,2,31,Major,No Equipment Available,,,Other,Normal,,Driver hits pedestrian at private driveway,,,,pedestrian,,Etobicoke North (1),23 Division,West Humber-Clairville,FALSE,FALSE,FALSE,FALSE,FALSE,FALSE,TRUE,FALSE,FALSE,TRUE,"{""coordinates"": [[-79.57960209542993, 43.71060041724501]], ""type"": ""MultiPoint""}"
12374,2016:6000310754,2016-02-21T17:30:00,1330 MARTIN GROVE RD,,11 m West of,2,Non-Fatal Injury,At/Near Private Drive,No Control,Pedestrian Collision(internal code),Clear,Daylight,Dry,Major Arterial,FALSE,-79.5796021,43.71060041724501,1,Truck - Closed,East,1,52,None,Use Unknown,Other,Normal,,,Reversing,,,,,driver,,Etobicoke North (1),23 Division,West Humber-Clairville,FALSE,FALSE,FALSE,FALSE,FALSE,FALSE,TRUE,FALSE,FALSE,TRUE,"{""coordinates"": [[-79.57960209542993, 43.71060041724501]], ""type"": ""MultiPoint""}"
12375,2016:6000324191,2016-02-23T21:46:00,OSSINGTON AVE,COLLEGE ST,67 m South of,2,Non-Fatal Injury,Non-Intersection,No Control,Pedestrian Collision(internal code),Clear,Dark with Artificial Lighting,Dry,Minor Arterial,FALSE,-79.42245895,43.65379523930423,1,Automobile or Station Wagon,South,1,35,Minor,Lap and Shoulder Belt,Lost control,Inattentive,,,Going Ahead,,,,,driver,,University-Rosedale (11),14 Division,Trinity-Bellwoods,FALSE,TRUE,FALSE,FALSE,FALSE,FALSE,TRUE,FALSE,FALSE,FALSE,"{""coordinates"": [[-79.42245894790953, 43.65379523930423]], ""type"": ""MultiPoint""}"
12376,2016:6000324191,2016-02-23T21:46:00,OSSINGTON AVE,COLLEGE ST,67 m South of,2,Non-Fatal Injury,Non-Intersection,No Control,Pedestrian Collision(internal code),Clear,Dark with Artificial Lighting,Dry,Minor Arterial,FALSE,-79.42245895,43.65379523930423,1,,Unknown,2,49,Major,Use Unknown,,,Other,Normal,,Driver hits pedestrian at midblock,,,,pedestrian,,University-Rosedale (11),14 Division,Trinity-Bellwoods,FALSE,TRUE,FALSE,FALSE,FALSE,FALSE,TRUE,FALSE,FALSE,FALSE,"{""coordinates"": [[-79.42245894790953, 43.65379523930423]], ""type"": ""MultiPoint""}"
12377,2016:6000332112,2016-02-25T09:12:00,FINCH AVE E,DON MILLS RD,,2,Non-Fatal Injury,At Intersection,Traffic Signal,Pedestrian Collision(internal code),Freezing Rain or Hail,Daylight,Wet,Major Arterial,TRUE,-79.35469481,43.79258944246168,1,,West,2,56,Major,Use Unknown,,,Crossing with right-of-way (intersection),Normal,,Driver turns right into pedestrian crossing with right-of-way (at intersection),,,,pedestrian,,Don Valley North (17),33 Division,Don Valley Village,TRUE,FALSE,FALSE,FALSE,FALSE,FALSE,TRUE,FALSE,FALSE,FALSE,"{""coordinates"": [[-79.35469480886637, 43.79258944246168]], ""type"": ""MultiPoint""}"
12378,2016:6000332112,2016-02-25T09:12:00,FINCH AVE E,DON MILLS RD,,2,Non-Fatal Injury,At Intersection,Traffic Signal,Pedestrian Collision(internal code),Freezing Rain or Hail,Daylight,Wet,Major Arterial,TRUE,-79.35469481,43.79258944246168,1,Automobile or Station Wagon,East,1,,None,Use Unknown,Failed to yield right-of-way,Unknown,,,Turning Right,,,,,driver,,Don Valley North (17),33 Division,Don Valley Village,TRUE,FALSE,FALSE,FALSE,FALSE,FALSE,TRUE,FALSE,FALSE,FALSE,"{""coordinates"": [[-79.35469480886637, 43.79258944246168]], ""type"": ""MultiPoint""}"
12379,2016:6000334615,2016-02-25T16:25:00,AVIEMORE DR,GRAMPIAN CRES,99 m South of,2,Non-Fatal Injury,Non-Intersection,No Control,Pedestrian Collision(internal code),Clear,Daylight,Dry,Local,FALSE,-79.57017201,43.750345383568835,1,Automobile or Station Wagon,North,2,77,None,Lap and Shoulder Belt,Improper passing,Inattentive,,,Going Ahead,,,,,driver,,Humber River-Black Creek (7),31 Division,Humber Summit,TRUE,TRUE,FALSE,FALSE,FALSE,TRUE,TRUE,FALSE,FALSE,FALSE,"{""coordinates"": [[-79.57017200907917, 43.750345383568835]], ""type"": ""MultiPoint""}"
12380,2016:6000334615,2016-02-25T16:25:00,AVIEMORE DR,GRAMPIAN CRES,99 m South of,2,Non-Fatal Injury,Non-Intersection,No Control,Pedestrian Collision(internal code),Clear,Daylight,Dry,Local,FALSE,-79.57017201,43.750345383568835,1,,East,1,37,Major,No Equipment Available,,,Other,Normal,,Driver hits pedestrian at midblock,,,,pedestrian,,Humber River-Black Creek (7),31 Division,Humber Summit,TRUE,TRUE,FALSE,FALSE,FALSE,TRUE,TRUE,FALSE,FALSE,FALSE,"{""coordinates"": [[-79.57017200907917, 43.750345383568835]], ""type"": ""MultiPoint""}"
12381,2016:6000353935,2016-02-28T22:40:00,LAWRENCE AVE E,CARNFORTH RD,,3,Non-Fatal Injury,At Intersection,Traffic Signal,Turning Movement,Rain,Dark with Artificial Lighting,Wet,Major Arterial,FALSE,-79.31420462,43.741426074393026,2,Automobile or Station Wagon,East,2,27,Minor,Lap and Shoulder Belt,Driving properly,Normal,,,Turning Left,,,,,driver,,Don Valley East (16),33 Division,Victoria Village,TRUE,FALSE,FALSE,FALSE,FALSE,FALSE,FALSE,FALSE,TRUE,FALSE,"{""coordinates"": [[-79.31420461978456, 43.741426074393026]], ""type"": ""MultiPoint""}"
12382,2025:5002100740,2025-10-06T12:42:00,WESTON RD,WRIGHT AVE,90 m North of,2,Non-Fatal Injury,Non-Intersection,No Control,Turning Movement,Clear,Daylight,Dry,Minor Arterial,FALSE,-79.51231803,43.69871734577128,2,Motorcycle,North,2,33,Major,Helmet,Driving properly,Normal,,,Going Ahead,,,,,motorcyclist,,York South-Weston (5),12 Division,Weston,FALSE,FALSE,FALSE,TRUE,FALSE,FALSE,FALSE,FALSE,FALSE,FALSE,"{""coordinates"": [[-79.51231803181774, 43.69871734577128]], ""type"": ""MultiPoint""}"
12383,2016:6000353935,2016-02-28T22:40:00,LAWRENCE AVE E,CARNFORTH RD,,3,Non-Fatal Injury,At Intersection,Traffic Signal,Turning Movement,Rain,Dark with Artificial Lighting,Wet,Major Arterial,FALSE,-79.31420462,43.741426074393026,2,Automobile or Station Wagon,West,1,20,None,Lap and Shoulder Belt,Exceeding speed limit,Fatigue/Fell Asleep,,,Going Ahead,,,,,driver,,Don Valley East (16),33 Division,Victoria Village,TRUE,FALSE,FALSE,FALSE,FALSE,FALSE,FALSE,FALSE,TRUE,FALSE,"{""coordinates"": [[-79.31420461978456, 43.741426074393026]], ""type"": ""MultiPoint""}"
12384,2016:6000353935,2016-02-28T22:40:00,LAWRENCE AVE E,CARNFORTH RD,,3,Non-Fatal Injury,At Intersection,Traffic Signal,Turning Movement,Rain,Dark with Artificial Lighting,Wet,Major Arterial,FALSE,-79.31420462,43.741426074393026,2,,,3,18,Major,Lap and Shoulder Belt,,,,,,,,,,passenger,,Don Valley East (16),33 Division,Victoria Village,TRUE,FALSE,FALSE,FALSE,FALSE,FALSE,FALSE,FALSE,TRUE,FALSE,"{""coordinates"": [[-79.31420461978456, 43.741426074393026]], ""type"": ""MultiPoint""}"
12385,2016:6000365779,2016-02-29T19:30:00,COSBURN AVE,PAPE AVE,3 m East of,2,Non-Fatal Injury,Non-Intersection,No Control,Pedestrian Collision(internal code),Clear,Dark with Artificial Lighting,Dry,Minor Arterial,FALSE,-79.34833875,43.689436125061086,1,Automobile or Station Wagon,East,1,33,None,Use Unknown,Failed to yield right-of-way,Inattentive,,,Turning Left,,,,,driver,,Toronto-Danforth (14),55 Division,Danforth East York,TRUE,TRUE,FALSE,FALSE,FALSE,FALSE,TRUE,FALSE,FALSE,FALSE,"{""coordinates"": [[-79.34833875262807, 43.689436125061086]], ""type"": ""MultiPoint""}"
12386,2016:6000365779,2016-02-29T19:30:00,COSBURN AVE,PAPE AVE,3 m East of,2,Non-Fatal Injury,Non-Intersection,No Control,Pedestrian Collision(internal code),Clear,Dark with Artificial Lighting,Dry,Minor Arterial,FALSE,-79.34833875,43.689436125061086,1,,East,2,61,Major,Use Unknown,,,Crossing with right-of-way (intersection),Normal,,Driver hits pedestrian at midblock,,,,pedestrian,,Toronto-Danforth (14),55 Division,Danforth East York,TRUE,TRUE,FALSE,FALSE,FALSE,FALSE,TRUE,FALSE,FALSE,FALSE,"{""coordinates"": [[-79.34833875262807, 43.689436125061086]], ""type"": ""MultiPoint""}"
12387,2016:6000359502,2016-02-29T19:39:00,137 QUEEN S PLATE DR,,1 m North of,2,Non-Fatal Injury,Non-Intersection,No Control,Pedestrian Collision(internal code),Clear,Dusk,Dry,Collector,FALSE,-79.5925941,43.71726042819937,1,Automobile or Station Wagon,North,1,55,None,Lap and Shoulder Belt,Driving properly,Normal,,,Going Ahead,,,,,driver,,Etobicoke North (1),23 Division,West Humber-Clairville,FALSE,TRUE,FALSE,FALSE,FALSE,FALSE,TRUE,FALSE,FALSE,FALSE,"{""coordinates"": [[-79.59259409938531, 43.71726042819937]], ""type"": ""MultiPoint""}"
12388,2016:6000359502,2016-02-29T19:39:00,137 QUEEN S PLATE DR,,1 m North of,2,Non-Fatal Injury,Non-Intersection,No Control,Pedestrian Collision(internal code),Clear,Dusk,Dry,Collector,FALSE,-79.5925941,43.71726042819937,1,,West,2,50,Major,No Equipment Available,,,Crossing - no traffic control,Inattentive,,Driver hits pedestrian at midblock,,,,pedestrian,,Etobicoke North (1),23 Division,West Humber-Clairville,FALSE,TRUE,FALSE,FALSE,FALSE,FALSE,TRUE,FALSE,FALSE,FALSE,"{""coordinates"": [[-79.59259409938531, 43.71726042819937]], ""type"": ""MultiPoint""}"
12389,2016:6000362720,2016-03-01T11:17:00,BATHURST ST,NINA ST,,3,Non-Fatal Injury,Intersection-Related,Traffic Signal,Pedestrian Collision(internal code),Snow,Daylight,Loose Snow,Major Arterial,FALSE,-79.4169729,43.679811223406325,2,,,2,76,None,Lap Belt Only of Combined Assembly,,,,,,,,,,passenger,,Toronto-St. Paul's (12),13 Division,Casa Loma,TRUE,TRUE,FALSE,FALSE,FALSE,TRUE,TRUE,TRUE,FALSE,FALSE,"{""coordinates"": [[-79.41697289515442, 43.679811223406325]], ""type"": ""MultiPoint""}"
12390,2016:6000362720,2016-03-01T11:17:00,BATHURST ST,NINA ST,,3,Non-Fatal Injury,Intersection-Related,Traffic Signal,Pedestrian Collision(internal code),Snow,Daylight,Loose Snow,Major Arterial,FALSE,-79.4169729,43.679811223406325,1,,Unknown,3,42,Major,No Equipment Available,,,Crossing with right-of-way (intersection),Normal,,Driver going straight hits pedestrian crossing with right-of-way (at intersection),,,,pedestrian,,Toronto-St. Paul's (12),13 Division,Casa Loma,TRUE,TRUE,FALSE,FALSE,FALSE,TRUE,TRUE,TRUE,FALSE,FALSE,"{""coordinates"": [[-79.41697289515442, 43.679811223406325]], ""type"": ""MultiPoint""}"
12391,2016:6000362720,2016-03-01T11:17:00,BATHURST ST,NINA ST,,3,Non-Fatal Injury,Intersection-Related,Traffic Signal,Pedestrian Collision(internal code),Snow,Daylight,Loose Snow,Major Arterial,FALSE,-79.4169729,43.679811223406325,1,Automobile or Station Wagon,South,1,49,None,Lap Belt Only of Combined Assembly,Disobeyed traffic control,Inattentive,,,Going Ahead,,,,,driver,,Toronto-St. Paul's (12),13 Division,Casa Loma,TRUE,TRUE,FALSE,FALSE,FALSE,TRUE,TRUE,TRUE,FALSE,FALSE,"{""coordinates"": [[-79.41697289515442, 43.679811223406325]], ""type"": ""MultiPoint""}"
12392,2016:6000375289,2016-03-03T12:55:00,GORDON BAKER RD,FINCH AVE E,11 m West of,4,Non-Fatal Injury,Intersection-Related,Traffic Signal,Approaching Head On,Clear,Daylight,Dry,Major Arterial,FALSE,-79.34125161,43.79513710803214,3,,,4,67,Minor,Use Unknown,,,,,,,,,,passenger,,Don Valley North (17),33 Division,Pleasant View,FALSE,FALSE,FALSE,FALSE,FALSE,TRUE,FALSE,FALSE,FALSE,FALSE,"{""coordinates"": [[-79.34125160997885, 43.79513710803214]], ""type"": ""MultiPoint""}"
12393,2016:6000375289,2016-03-03T12:55:00,GORDON BAKER RD,FINCH AVE E,11 m West of,4,Non-Fatal Injury,Intersection-Related,Traffic Signal,Approaching Head On,Clear,Daylight,Dry,Major Arterial,FALSE,-79.34125161,43.79513710803214,3,Automobile or Station Wagon,West,3,83,Minor,Use Unknown,Driving properly,Normal,,,Stopped,,,,,driver,,Don Valley North (17),33 Division,Pleasant View,FALSE,FALSE,FALSE,FALSE,FALSE,TRUE,FALSE,FALSE,FALSE,FALSE,"{""coordinates"": [[-79.34125160997885, 43.79513710803214]], ""type"": ""MultiPoint""}"
12394,2016:6000375289,2016-03-03T12:55:00,GORDON BAKER RD,FINCH AVE E,11 m West of,4,Non-Fatal Injury,Intersection-Related,Traffic Signal,Approaching Head On,Clear,Daylight,Dry,Major Arterial,FALSE,-79.34125161,43.79513710803214,1,Automobile or Station Wagon,East,1,45,Major,Use Unknown,Lost control,Unknown,,,Going Ahead,,,,,driver,,Don Valley North (17),33 Division,Pleasant View,FALSE,FALSE,FALSE,FALSE,FALSE,TRUE,FALSE,FALSE,FALSE,FALSE,"{""coordinates"": [[-79.34125160997885, 43.79513710803214]], ""type"": ""MultiPoint""}"
12395,2016:6000375289,2016-03-03T12:55:00,GORDON BAKER RD,FINCH AVE E,11 m West of,4,Non-Fatal Injury,Intersection-Related,Traffic Signal,Approaching Head On,Clear,Daylight,Dry,Major Arterial,FALSE,-79.34125161,43.79513710803214,2,Automobile or Station Wagon,West,2,60,Minor,Use Unknown,Driving properly,Normal,,,Going Ahead,,,,,driver,,Don Valley North (17),33 Division,Pleasant View,FALSE,FALSE,FALSE,FALSE,FALSE,TRUE,FALSE,FALSE,FALSE,FALSE,"{""coordinates"": [[-79.34125160997885, 43.79513710803214]], ""type"": ""MultiPoint""}"
12396,2016:6000381883,2016-03-04T14:11:00,JARVIS ST,QUEEN ST E,,2,Fatal Injury,Intersection-Related,Traffic Signal,Pedestrian Collision(internal code),Clear,Daylight,Dry,Major Arterial,FALSE,-79.37324185,43.65371916679214,1,,East,2,30,Fatal,No Equipment Available,,,Crossing without right-of-way (intersection),Medical or Physical Disability,,Driver going straight hits pedestrian crossing without right-of-way (at intersection),,,,pedestrian,14,Toronto Centre (13),51 Division,Moss Park,FALSE,FALSE,FALSE,FALSE,FALSE,FALSE,TRUE,FALSE,FALSE,TRUE,"{""coordinates"": [[-79.37324185225826, 43.65371916679214]], ""type"": ""MultiPoint""}"
12397,2016:6000381883,2016-03-04T14:11:00,JARVIS ST,QUEEN ST E,,2,Fatal Injury,Intersection-Related,Traffic Signal,Pedestrian Collision(internal code),Clear,Daylight,Dry,Major Arterial,FALSE,-79.37324185,43.65371916679214,1,Truck - Dump,South,1,31,None,Lap and Shoulder Belt,Driving properly,Normal,,,Going Ahead,,,,,driver,,Toronto Centre (13),51 Division,Moss Park,FALSE,FALSE,FALSE,FALSE,FALSE,FALSE,TRUE,FALSE,FALSE,TRUE,"{""coordinates"": [[-79.37324185225826, 43.65371916679214]], ""type"": ""MultiPoint""}"
12398,2016:6000408814,2016-03-08T21:06:00,EGLINTON AVE W,BATHURST ST,,2,Non-Fatal Injury,Intersection-Related,Traffic Signal,Pedestrian Collision(internal code),Clear,Daylight,Dry,Major Arterial,FALSE,-79.42554888,43.700983228744654,1,Bus - Other,North,1,33,None,Lap and Shoulder Belt,Driving properly,Normal,,,Going Ahead,,,,,driver,,Toronto-St. Paul's (12),13 Division,Forest Hill South,FALSE,TRUE,FALSE,FALSE,FALSE,FALSE,TRUE,FALSE,FALSE,TRUE,"{""coordinates"": [[-79.42554887650596, 43.700983228744654]], ""type"": ""MultiPoint""}"
12399,2016:6000408814,2016-03-08T21:06:00,EGLINTON AVE W,BATHURST ST,,2,Non-Fatal Injury,Intersection-Related,Traffic Signal,Pedestrian Collision(internal code),Clear,Daylight,Dry,Major Arterial,FALSE,-79.42554888,43.700983228744654,1,,West,2,20,Major,No Equipment Available,,,Crossing without right-of-way (intersection),Inattentive,,Driver going straight hits pedestrian crossing without right-of-way (at intersection),,,,pedestrian,,Toronto-St. Paul's (12),13 Division,Forest Hill South,FALSE,TRUE,FALSE,FALSE,FALSE,FALSE,TRUE,FALSE,FALSE,TRUE,"{""coordinates"": [[-79.42554887650596, 43.700983228744654]], ""type"": ""MultiPoint""}"
12400,2016:6000411466,2016-03-09T10:14:00,JOHN GARLAND BLVD,MARTIN GROVE RD,3 m East of,2,Non-Fatal Injury,At Intersection,Traffic Signal,Pedestrian Collision(internal code),Clear,Daylight,Dry,Major Arterial,FALSE,-79.58940507,43.73201141572037,1,,South,2,66,Major,Use Unknown,,,Crossing with right-of-way (intersection),Normal,,Driver turns right into pedestrian crossing with right-of-way (at intersection),,,,pedestrian,,Etobicoke North (1),23 Division,Mount Olive-Silverstone-Jamestown,TRUE,TRUE,FALSE,FALSE,FALSE,TRUE,TRUE,FALSE,FALSE,FALSE,"{""coordinates"": [[-79.58940506753163, 43.73201141572037]], ""type"": ""MultiPoint""}"
12401,2016:6000411466,2016-03-09T10:14:00,JOHN GARLAND BLVD,MARTIN GROVE RD,3 m East of,2,Non-Fatal Injury,At Intersection,Traffic Signal,Pedestrian Collision(internal code),Clear,Daylight,Dry,Major Arterial,FALSE,-79.58940507,43.73201141572037,1,Automobile or Station Wagon,West,1,66,None,Lap and Shoulder Belt,Failed to yield right-of-way,Inattentive,,,Turning Right,,,,,driver,,Etobicoke North (1),23 Division,Mount Olive-Silverstone-Jamestown,TRUE,TRUE,FALSE,FALSE,FALSE,TRUE,TRUE,FALSE,FALSE,FALSE,"{""coordinates"": [[-79.58940506753163, 43.73201141572037]], ""type"": ""MultiPoint""}"
12402,2016:6000414700,2016-03-09T18:35:00,STEELES AVE W,ISLINGTON AVE,,1,Fatal Injury,,No Control,Rear End,Clear,Daylight,Dry,Major Arterial,FALSE,-79.57332299,43.76466138201901,2,Motorcycle,West,1,28,Fatal,Helmet,Speed too fast for conditions,Unknown,,,Going Ahead,,,,,motorcyclist,16,Humber River-Black Creek (7),31 Division,Humber Summit,TRUE,FALSE,FALSE,TRUE,FALSE,FALSE,FALSE,FALSE,FALSE,FALSE,"{""coordinates"": [[-79.57332299407496, 43.76466138201901]], ""type"": ""MultiPoint""}"
12403,2016:6000424606,2016-03-11T10:37:00,ALBION RD,HIGHWAY 27 N,,3,Non-Fatal Injury,At Intersection,Traffic Signal,Turning Movement,Clear,Daylight,Dry,Major Arterial,FALSE,-79.60754007,43.74427242855213,1,,,3,21,Major,Lap and Shoulder Belt,,,,,,,,,,passenger,,Etobicoke North (1),23 Division,West Humber-Clairville,FALSE,TRUE,FALSE,FALSE,FALSE,FALSE,FALSE,FALSE,FALSE,TRUE,"{""coordinates"": [[-79.60754006717727, 43.74427242855213]], ""type"": ""MultiPoint""}"
12404,2016:6000424606,2016-03-11T10:37:00,ALBION RD,HIGHWAY 27 N,,3,Non-Fatal Injury,At Intersection,Traffic Signal,Turning Movement,Clear,Daylight,Dry,Major Arterial,FALSE,-79.60754007,43.74427242855213,2,Truck - Dump,East,2,49,Minimal,Lap and Shoulder Belt,Driving properly,Normal,,,Going Ahead,,,,,driver,,Etobicoke North (1),23 Division,West Humber-Clairville,FALSE,TRUE,FALSE,FALSE,FALSE,FALSE,FALSE,FALSE,FALSE,TRUE,"{""coordinates"": [[-79.60754006717727, 43.74427242855213]], ""type"": ""MultiPoint""}"
12405,2016:6000424606,2016-03-11T10:37:00,ALBION RD,HIGHWAY 27 N,,3,Non-Fatal Injury,At Intersection,Traffic Signal,Turning Movement,Clear,Daylight,Dry,Major Arterial,FALSE,-79.60754007,43.74427242855213,1,Automobile or Station Wagon,West,1,42,Minor,Lap and Shoulder Belt,Improper turn,Inattentive,,,Turning Left,,,,,driver,,Etobicoke North (1),23 Division,West Humber-Clairville,FALSE,TRUE,FALSE,FALSE,FALSE,FALSE,FALSE,FALSE,FALSE,TRUE,"{""coordinates"": [[-79.60754006717727, 43.74427242855213]], ""type"": ""MultiPoint""}"
12406,2016:6000434518,2016-03-12T22:35:00,YONGE ST,EGLINTON AVE E,,5,Non-Fatal Injury,At Intersection,Traffic Signal,Pedestrian Collision(internal code),Clear,Dark with Artificial Lighting,Dry,Major Arterial,FALSE,-79.39835782,43.706720190183084,2,,,4,68,None,Lap and Shoulder Belt,,,,,,,,,,passenger,,Toronto-St. Paul's (12),53 Division,South Eglinton-Davisville,FALSE,FALSE,FALSE,FALSE,FALSE,TRUE,TRUE,FALSE,TRUE,FALSE,"{""coordinates"": [[-79.39835781806224, 43.706720190183084]], ""type"": ""MultiPoint""}"
12407,2016:6000434518,2016-03-12T22:35:00,YONGE ST,EGLINTON AVE E,,5,Non-Fatal Injury,At Intersection,Traffic Signal,Pedestrian Collision(internal code),Clear,Dark with Artificial Lighting,Dry,Major Arterial,FALSE,-79.39835782,43.706720190183084,1,,South,5,60,Major,No Equipment Available,,,Crossing with right-of-way (intersection),Normal,,Driver going straight hits pedestrian crossing with right-of-way (at intersection),,,,pedestrian,,Toronto-St. Paul's (12),53 Division,South Eglinton-Davisville,FALSE,FALSE,FALSE,FALSE,FALSE,TRUE,TRUE,FALSE,TRUE,FALSE,"{""coordinates"": [[-79.39835781806224, 43.706720190183084]], ""type"": ""MultiPoint""}"
12408,2016:6000434518,2016-03-12T22:35:00,YONGE ST,EGLINTON AVE E,,5,Non-Fatal Injury,At Intersection,Traffic Signal,Pedestrian Collision(internal code),Clear,Dark with Artificial Lighting,Dry,Major Arterial,FALSE,-79.39835782,43.706720190183084,1,Automobile or Station Wagon,East,1,19,Minimal,Lap and Shoulder Belt,Lost control,Medical or Physical Disability,,,Going Ahead,,,,,driver,,Toronto-St. Paul's (12),53 Division,South Eglinton-Davisville,FALSE,FALSE,FALSE,FALSE,FALSE,TRUE,TRUE,FALSE,TRUE,FALSE,"{""coordinates"": [[-79.39835781806224, 43.706720190183084]], ""type"": ""MultiPoint""}"
12409,2016:6000434518,2016-03-12T22:35:00,YONGE ST,EGLINTON AVE E,,5,Non-Fatal Injury,At Intersection,Traffic Signal,Pedestrian Collision(internal code),Clear,Dark with Artificial Lighting,Dry,Major Arterial,FALSE,-79.39835782,43.706720190183084,2,Automobile or Station Wagon,North,2,72,None,Lap and Shoulder Belt,Driving properly,Normal,,,Stopped,,,,,driver,,Toronto-St. Paul's (12),53 Division,South Eglinton-Davisville,FALSE,FALSE,FALSE,FALSE,FALSE,TRUE,TRUE,FALSE,TRUE,FALSE,"{""coordinates"": [[-79.39835781806224, 43.706720190183084]], ""type"": ""MultiPoint""}"
12410,2016:6000434518,2016-03-12T22:35:00,YONGE ST,EGLINTON AVE E,,5,Non-Fatal Injury,At Intersection,Traffic Signal,Pedestrian Collision(internal code),Clear,Dark with Artificial Lighting,Dry,Major Arterial,FALSE,-79.39835782,43.706720190183084,1,,,3,19,None,Lap and Shoulder Belt,,,,,,,,,,passenger,,Toronto-St. Paul's (12),53 Division,South Eglinton-Davisville,FALSE,FALSE,FALSE,FALSE,FALSE,TRUE,TRUE,FALSE,TRUE,FALSE,"{""coordinates"": [[-79.39835781806224, 43.706720190183084]], ""type"": ""MultiPoint""}"
12411,2016:6000436156,2016-03-13T08:56:00,KING ST W,CLOSE AVE,18 m West of,3,Non-Fatal Injury,Non-Intersection,No Control,Pedestrian Collision(internal code),Clear,Daylight,Dry,Major Arterial,FALSE,-79.434773,43.63743426304119,1,Automobile or Station Wagon,East,1,79,None,Lap and Shoulder Belt,Other,Inattentive,,,Reversing,,,,,driver,,Parkdale-High Park (4),14 Division,South Parkdale,FALSE,TRUE,FALSE,FALSE,FALSE,TRUE,TRUE,FALSE,FALSE,FALSE,"{""coordinates"": [[-79.43477299911792, 43.63743426304119]], ""type"": ""MultiPoint""}"
12412,2016:6000436156,2016-03-13T08:56:00,KING ST W,CLOSE AVE,18 m West of,3,Non-Fatal Injury,Non-Intersection,No Control,Pedestrian Collision(internal code),Clear,Daylight,Dry,Major Arterial,FALSE,-79.434773,43.63743426304119,2,,,2,83,Minimal,Lap and Shoulder Belt,,,,,,,,,,passenger,,Parkdale-High Park (4),14 Division,South Parkdale,FALSE,TRUE,FALSE,FALSE,FALSE,TRUE,TRUE,FALSE,FALSE,FALSE,"{""coordinates"": [[-79.43477299911792, 43.63743426304119]], ""type"": ""MultiPoint""}"
12413,2016:6000436156,2016-03-13T08:56:00,KING ST W,CLOSE AVE,18 m West of,3,Non-Fatal Injury,Non-Intersection,No Control,Pedestrian Collision(internal code),Clear,Daylight,Dry,Major Arterial,FALSE,-79.434773,43.63743426304119,1,,Unknown,3,86,Major,Use Unknown,,,Other,Normal,,Driver reversing hits pedestrian,,,,pedestrian,,Parkdale-High Park (4),14 Division,South Parkdale,FALSE,TRUE,FALSE,FALSE,FALSE,TRUE,TRUE,FALSE,FALSE,FALSE,"{""coordinates"": [[-79.43477299911792, 43.63743426304119]], ""type"": ""MultiPoint""}"
12414,2016:6000440482,2016-03-14T03:00:00,SHEPPARD AVE W,WESTON RD,2 m West of,2,Non-Fatal Injury,Intersection-Related,Traffic Signal,SMV Other,Rain,Dark with Artificial Lighting,Wet,Major Arterial,FALSE,-79.538212,43.73373635711047,1,Automobile or Station Wagon,West,1,25,Major,Lap and Shoulder Belt,Lost control,Ability Impaired - Alcohol,,,Unknown,,,,,driver,,Humber River-Black Creek (7),31 Division,Pelmo Park-Humberlea,FALSE,FALSE,FALSE,FALSE,FALSE,FALSE,FALSE,FALSE,FALSE,FALSE,"{""coordinates"": [[-79.53821199976387, 43.73373635711047]], ""type"": ""MultiPoint""}"
12415,2016:6000440482,2016-03-14T03:00:00,SHEPPARD AVE W,WESTON RD,2 m West of,2,Non-Fatal Injury,Intersection-Related,Traffic Signal,SMV Other,Rain,Dark with Artificial Lighting,Wet,Major Arterial,FALSE,-79.538212,43.73373635711047,1,,,2,25,Minor,Lap and Shoulder Belt,,,,,,,,,,passenger,,Humber River-Black Creek (7),31 Division,Pelmo Park-Humberlea,FALSE,FALSE,FALSE,FALSE,FALSE,FALSE,FALSE,FALSE,FALSE,FALSE,"{""coordinates"": [[-79.53821199976387, 43.73373635711047]], ""type"": ""MultiPoint""}"
12416,2016:6000441684,2016-03-14T09:52:00,DON MILLS RD,FINCH AVE E,,3,Fatal Injury,At Intersection,Traffic Signal,Angle,Rain,Daylight,Wet,Major Arterial,FALSE,-79.35472463,43.79265012389596,0,,,1,55,Fatal,,,,,,,,,,,passenger,17,Don Valley North (17),33 Division,Don Valley Village,TRUE,FALSE,FALSE,FALSE,FALSE,FALSE,FALSE,TRUE,FALSE,FALSE,"{""coordinates"": [[-79.35472463405372, 43.79265012389596]], ""type"": ""MultiPoint""}"