_id,collision_id,accdate,stname1,stname2,stname3,per_inv,acclass,accloc,traffictl,impactype,visible,light,rdsfcond,road_class,failtorem,longitude,latitude,veh_no,vehtype,initdir,per_no,invage,injury,safequip,drivact,drivcond,pedact,pedcond,manoeuvre,pedtype,cyclistype,cycact,cyccond,road_user,fatal_no,wardname,division,neighbourhood,aggressive,distracted,cyclist,motorcyclist,other_micromobility,older_adult,pedestrian,red_light,school_child,heavy_truck,geometry
12462,2016:6000548529,2016-03-31T21:46:00,MARKHAM RD,NASHDENE RD,,2,Fatal Injury,Intersection-Related,Traffic Signal,Pedestrian Collision(internal code),Rain,Dark,Wet,Major Arterial,TRUE,-79.24618144,43.82022600127772,1,Automobile or Station Wagon,South,1,25,None,,Driving properly,Inattentive,,,Going Ahead,,,,,driver,,Scarborough North (23),42 Division,Milliken,FALSE,TRUE,FALSE,FALSE,FALSE,FALSE,TRUE,FALSE,FALSE,FALSE,"{""coordinates"": [[-79.24618143868705, 43.82022600127772]], ""type"": ""MultiPoint""}"
12463,2016:6000548674,2016-03-31T22:10:00,OAKWOOD AVE,VAUGHAN RD,2 m South of,2,Non-Fatal Injury,At Intersection,Traffic Signal,Other,Rain,Dark with Artificial Lighting,Wet,Minor Arterial,FALSE,-79.44083092,43.692644252555276,1,,,2,60,Major,No Equipment Available,,,,,,,,,,passenger,,Toronto-St. Paul's (12),13 Division,Oakwood Village,FALSE,FALSE,FALSE,FALSE,FALSE,FALSE,FALSE,FALSE,FALSE,TRUE,"{""coordinates"": [[-79.44083091832314, 43.692644252555276]], ""type"": ""MultiPoint""}"
12464,2016:6000548674,2016-03-31T22:10:00,OAKWOOD AVE,VAUGHAN RD,2 m South of,2,Non-Fatal Injury,At Intersection,Traffic Signal,Other,Rain,Dark with Artificial Lighting,Wet,Minor Arterial,FALSE,-79.44083092,43.692644252555276,1,Municipal Transit Bus (TTC),North,1,41,None,Lap and Shoulder Belt,Driving properly,Normal,,,Pulling Away from Shoulder or Curb,,,,,driver,,Toronto-St. Paul's (12),13 Division,Oakwood Village,FALSE,FALSE,FALSE,FALSE,FALSE,FALSE,FALSE,FALSE,FALSE,TRUE,"{""coordinates"": [[-79.44083091832314, 43.692644252555276]], ""type"": ""MultiPoint""}"
12465,2016:6000555439,2016-04-01T22:06:00,THE QUEENSWAY,ROYAL YORK RD,,4,Non-Fatal Injury,At Intersection,Traffic Signal,Turning Movement,Clear,Dark with Artificial Lighting,Dry,Major Arterial,FALSE,-79.50262115,43.62632537040179,1,Automobile or Station Wagon,East,1,46,Minimal,Lap and Shoulder Belt,Improper turn,Normal,,,Turning Left,,,,,driver,,Etobicoke-Lakeshore (3),22 Division,Stonegate-Queensway,TRUE,FALSE,FALSE,FALSE,FALSE,FALSE,FALSE,FALSE,TRUE,FALSE,"{""coordinates"": [[-79.50262115280489, 43.62632537040179]], ""type"": ""MultiPoint""}"
12466,2016:6000555439,2016-04-01T22:06:00,THE QUEENSWAY,ROYAL YORK RD,,4,Non-Fatal Injury,At Intersection,Traffic Signal,Turning Movement,Clear,Dark with Artificial Lighting,Dry,Major Arterial,FALSE,-79.50262115,43.62632537040179,2,Automobile or Station Wagon,West,2,22,Minor,Lap and Shoulder Belt,Exceeding speed limit,Normal,,,Going Ahead,,,,,driver,,Etobicoke-Lakeshore (3),22 Division,Stonegate-Queensway,TRUE,FALSE,FALSE,FALSE,FALSE,FALSE,FALSE,FALSE,TRUE,FALSE,"{""coordinates"": [[-79.50262115280489, 43.62632537040179]], ""type"": ""MultiPoint""}"
12467,2016:6000555439,2016-04-01T22:06:00,THE QUEENSWAY,ROYAL YORK RD,,4,Non-Fatal Injury,At Intersection,Traffic Signal,Turning Movement,Clear,Dark with Artificial Lighting,Dry,Major Arterial,FALSE,-79.50262115,43.62632537040179,1,,,3,16,Minimal,Lap and Shoulder Belt,,,,,,,,,,passenger,,Etobicoke-Lakeshore (3),22 Division,Stonegate-Queensway,TRUE,FALSE,FALSE,FALSE,FALSE,FALSE,FALSE,FALSE,TRUE,FALSE,"{""coordinates"": [[-79.50262115280489, 43.62632537040179]], ""type"": ""MultiPoint""}"
12468,2016:6000555439,2016-04-01T22:06:00,THE QUEENSWAY,ROYAL YORK RD,,4,Non-Fatal Injury,At Intersection,Traffic Signal,Turning Movement,Clear,Dark with Artificial Lighting,Dry,Major Arterial,FALSE,-79.50262115,43.62632537040179,2,,,4,25,Major,Lap and Shoulder Belt,,,,,,,,,,passenger,,Etobicoke-Lakeshore (3),22 Division,Stonegate-Queensway,TRUE,FALSE,FALSE,FALSE,FALSE,FALSE,FALSE,FALSE,TRUE,FALSE,"{""coordinates"": [[-79.50262115280489, 43.62632537040179]], ""type"": ""MultiPoint""}"
12469,2016:6000566615,2016-04-03T19:30:00,FINCH AVE E,CHEROKEE BLVD,150 m East of,8,Non-Fatal Injury,Non-Intersection,No Control,Approaching Head On,Snow,Dark,Ice,Major Arterial,FALSE,-79.3354836,43.79287110121635,2,,,8,5,Minor,Use Unknown,,,,,,,,,,passenger,,Don Valley North (17),33 Division,Pleasant View,TRUE,FALSE,FALSE,FALSE,FALSE,TRUE,FALSE,FALSE,TRUE,FALSE,"{""coordinates"": [[-79.3354836029161, 43.79287110121635]], ""type"": ""MultiPoint""}"
12470,2016:6000566615,2016-04-03T19:30:00,FINCH AVE E,CHEROKEE BLVD,150 m East of,8,Non-Fatal Injury,Non-Intersection,No Control,Approaching Head On,Snow,Dark,Ice,Major Arterial,FALSE,-79.3354836,43.79287110121635,1,Automobile or Station Wagon,East,1,29,None,Lap and Shoulder Belt,Speed too fast for conditions,Normal,,,Going Ahead,,,,,driver,,Don Valley North (17),33 Division,Pleasant View,TRUE,FALSE,FALSE,FALSE,FALSE,TRUE,FALSE,FALSE,TRUE,FALSE,"{""coordinates"": [[-79.3354836029161, 43.79287110121635]], ""type"": ""MultiPoint""}"
12471,2016:6000566615,2016-04-03T19:30:00,FINCH AVE E,CHEROKEE BLVD,150 m East of,8,Non-Fatal Injury,Non-Intersection,No Control,Approaching Head On,Snow,Dark,Ice,Major Arterial,FALSE,-79.3354836,43.79287110121635,2,,,5,70,Minor,Lap and Shoulder Belt,,,,,,,,,,passenger,,Don Valley North (17),33 Division,Pleasant View,TRUE,FALSE,FALSE,FALSE,FALSE,TRUE,FALSE,FALSE,TRUE,FALSE,"{""coordinates"": [[-79.3354836029161, 43.79287110121635]], ""type"": ""MultiPoint""}"
12472,2016:6000566615,2016-04-03T19:30:00,FINCH AVE E,CHEROKEE BLVD,150 m East of,8,Non-Fatal Injury,Non-Intersection,No Control,Approaching Head On,Snow,Dark,Ice,Major Arterial,FALSE,-79.3354836,43.79287110121635,2,,,6,39,Minor,Lap and Shoulder Belt,,,,,,,,,,passenger,,Don Valley North (17),33 Division,Pleasant View,TRUE,FALSE,FALSE,FALSE,FALSE,TRUE,FALSE,FALSE,TRUE,FALSE,"{""coordinates"": [[-79.3354836029161, 43.79287110121635]], ""type"": ""MultiPoint""}"
12473,2016:6000566615,2016-04-03T19:30:00,FINCH AVE E,CHEROKEE BLVD,150 m East of,8,Non-Fatal Injury,Non-Intersection,No Control,Approaching Head On,Snow,Dark,Ice,Major Arterial,FALSE,-79.3354836,43.79287110121635,2,Automobile or Station Wagon,West,2,44,Minor,Lap and Shoulder Belt,Driving properly,Normal,,,Going Ahead,,,,,driver,,Don Valley North (17),33 Division,Pleasant View,TRUE,FALSE,FALSE,FALSE,FALSE,TRUE,FALSE,FALSE,TRUE,FALSE,"{""coordinates"": [[-79.3354836029161, 43.79287110121635]], ""type"": ""MultiPoint""}"
12474,2016:6000566615,2016-04-03T19:30:00,FINCH AVE E,CHEROKEE BLVD,150 m East of,8,Non-Fatal Injury,Non-Intersection,No Control,Approaching Head On,Snow,Dark,Ice,Major Arterial,FALSE,-79.3354836,43.79287110121635,2,,,4,66,Minor,Lap and Shoulder Belt,,,,,,,,,,passenger,,Don Valley North (17),33 Division,Pleasant View,TRUE,FALSE,FALSE,FALSE,FALSE,TRUE,FALSE,FALSE,TRUE,FALSE,"{""coordinates"": [[-79.3354836029161, 43.79287110121635]], ""type"": ""MultiPoint""}"
12475,2016:6000566615,2016-04-03T19:30:00,FINCH AVE E,CHEROKEE BLVD,150 m East of,8,Non-Fatal Injury,Non-Intersection,No Control,Approaching Head On,Snow,Dark,Ice,Major Arterial,FALSE,-79.3354836,43.79287110121635,1,,,3,54,Major,Lap and Shoulder Belt,,,,,,,,,,passenger,,Don Valley North (17),33 Division,Pleasant View,TRUE,FALSE,FALSE,FALSE,FALSE,TRUE,FALSE,FALSE,TRUE,FALSE,"{""coordinates"": [[-79.3354836029161, 43.79287110121635]], ""type"": ""MultiPoint""}"
12476,2016:6000566615,2016-04-03T19:30:00,FINCH AVE E,CHEROKEE BLVD,150 m East of,8,Non-Fatal Injury,Non-Intersection,No Control,Approaching Head On,Snow,Dark,Ice,Major Arterial,FALSE,-79.3354836,43.79287110121635,2,,,7,4,None,Use Unknown,,,,,,,,,,passenger,,Don Valley North (17),33 Division,Pleasant View,TRUE,FALSE,FALSE,FALSE,FALSE,TRUE,FALSE,FALSE,TRUE,FALSE,"{""coordinates"": [[-79.3354836029161, 43.79287110121635]], ""type"": ""MultiPoint""}"
12477,2016:6000576751,2016-04-05T12:04:00,200 NORSEMAN ST,,420 m West of,2,Non-Fatal Injury,Non-Intersection,No Control,Turning Movement,Clear,Daylight,Dry,Collector,FALSE,-79.52476217,43.63287139,1,Automobile or Station Wagon,West,1,24,Major,Lap and Shoulder Belt,Improper passing,Inattentive,,,Overtaking,,,,,driver,,Etobicoke-Lakeshore (3),22 Division,Etobicoke City Centre,TRUE,TRUE,FALSE,FALSE,FALSE,FALSE,FALSE,FALSE,FALSE,FALSE,"{""coordinates"": [[-79.52476216974934, 43.6328713946847]], ""type"": ""MultiPoint""}"
12478,2016:6000576751,2016-04-05T12:04:00,200 NORSEMAN ST,,420 m West of,2,Non-Fatal Injury,Non-Intersection,No Control,Turning Movement,Clear,Daylight,Dry,Collector,FALSE,-79.52476217,43.63287139,2,Automobile or Station Wagon,West,2,59,Minimal,Lap and Shoulder Belt,Driving properly,Normal,,,Turning Left,,,,,driver,,Etobicoke-Lakeshore (3),22 Division,Etobicoke City Centre,TRUE,TRUE,FALSE,FALSE,FALSE,FALSE,FALSE,FALSE,FALSE,FALSE,"{""coordinates"": [[-79.52476216974934, 43.6328713946847]], ""type"": ""MultiPoint""}"
12479,2016:6000581980,2016-04-06T08:35:00,SHEPPARD AVE E,GATEFORTH DR,15 m West of,3,Non-Fatal Injury,Intersection-Related,Traffic Signal,Pedestrian Collision(internal code),Clear,Daylight,Dry,Major Arterial,FALSE,-79.23031244,43.795582981874134,1,Automobile or Station Wagon,West,1,25,None,Use Unknown,Driving properly,Normal,,,Going Ahead,,,,,driver,,Scarborough North (23),42 Division,Malvern East,FALSE,FALSE,FALSE,FALSE,FALSE,FALSE,TRUE,FALSE,TRUE,FALSE,"{""coordinates"": [[-79.23031243725214, 43.795582981874134]], ""type"": ""MultiPoint""}"
12480,2016:6000581980,2016-04-06T08:35:00,SHEPPARD AVE E,GATEFORTH DR,15 m West of,3,Non-Fatal Injury,Intersection-Related,Traffic Signal,Pedestrian Collision(internal code),Clear,Daylight,Dry,Major Arterial,FALSE,-79.23031244,43.795582981874134,1,,,3,19,None,Use Unknown,,,,,,,,,,passenger,,Scarborough North (23),42 Division,Malvern East,FALSE,FALSE,FALSE,FALSE,FALSE,FALSE,TRUE,FALSE,TRUE,FALSE,"{""coordinates"": [[-79.23031243725214, 43.795582981874134]], ""type"": ""MultiPoint""}"
12481,2016:6000581980,2016-04-06T08:35:00,SHEPPARD AVE E,GATEFORTH DR,15 m West of,3,Non-Fatal Injury,Intersection-Related,Traffic Signal,Pedestrian Collision(internal code),Clear,Daylight,Dry,Major Arterial,FALSE,-79.23031244,43.795582981874134,1,,South,2,14,Major,Use Unknown,,,Crossing without right-of-way (intersection),Normal,,Driver going straight hits pedestrian crossing without right-of-way (at intersection),,,,pedestrian,,Scarborough North (23),42 Division,Malvern East,FALSE,FALSE,FALSE,FALSE,FALSE,FALSE,TRUE,FALSE,TRUE,FALSE,"{""coordinates"": [[-79.23031243725214, 43.795582981874134]], ""type"": ""MultiPoint""}"
12482,2016:6000584121,2016-04-06T14:40:00,ROYAL YORK RD,SAUNDERS CRES,3 m North of,2,Non-Fatal Injury,At Intersection,No Control,Pedestrian Collision(internal code),Clear,Daylight,Dry,Minor Arterial,FALSE,-79.50311757,43.62757732940069,1,,East,2,45,Major,No Equipment Available,,,Running onto roadway,Normal,Going Ahead,Transit vehicle driver hits pedestrian anywhere along roadway,,,,pedestrian,,Etobicoke-Lakeshore (3),22 Division,Stonegate-Queensway,FALSE,FALSE,FALSE,FALSE,FALSE,FALSE,TRUE,FALSE,FALSE,TRUE,"{""coordinates"": [[-79.50311756714986, 43.62757732940069]], ""type"": ""MultiPoint""}"
12483,2016:6000584121,2016-04-06T14:40:00,ROYAL YORK RD,SAUNDERS CRES,3 m North of,2,Non-Fatal Injury,At Intersection,No Control,Pedestrian Collision(internal code),Clear,Daylight,Dry,Minor Arterial,FALSE,-79.50311757,43.62757732940069,1,Municipal Transit Bus (TTC),South,1,55,None,Lap and Shoulder Belt,Driving properly,Normal,,,Going Ahead,,,,,driver,,Etobicoke-Lakeshore (3),22 Division,Stonegate-Queensway,FALSE,FALSE,FALSE,FALSE,FALSE,FALSE,TRUE,FALSE,FALSE,TRUE,"{""coordinates"": [[-79.50311756714986, 43.62757732940069]], ""type"": ""MultiPoint""}"
12484,2016:6000595012,2016-04-08T09:02:00,ST CLEMENTS AVE,CALDOW RD,,2,Fatal Injury,Intersection-Related,Stop Sign,Angle,Clear,Daylight,Dry,Local,FALSE,-79.42094086,43.708261220206644,1,Automobile or Station Wagon,East,1,36,Fatal,Equipment Not Used But Available,Disobeyed traffic control,Unknown,,,Going Ahead,,,,,driver,21,Eglinton-Lawrence (8),53 Division,Forest Hill North,TRUE,FALSE,FALSE,FALSE,FALSE,FALSE,FALSE,FALSE,FALSE,FALSE,"{""coordinates"": [[-79.42094085627558, 43.708261220206644]], ""type"": ""MultiPoint""}"
12485,2016:6000595012,2016-04-08T09:02:00,ST CLEMENTS AVE,CALDOW RD,,2,Fatal Injury,Intersection-Related,Stop Sign,Angle,Clear,Daylight,Dry,Local,FALSE,-79.42094086,43.708261220206644,2,Automobile or Station Wagon,North,2,60,None,,Driving properly,Normal,,,Stopped,,,,,driver,,Eglinton-Lawrence (8),53 Division,Forest Hill North,TRUE,FALSE,FALSE,FALSE,FALSE,FALSE,FALSE,FALSE,FALSE,FALSE,"{""coordinates"": [[-79.42094085627558, 43.708261220206644]], ""type"": ""MultiPoint""}"
12486,2016:6000605777,2016-04-09T21:11:00,CUMMER AVE,WILLOWDALE AVE,,2,Fatal Injury,Intersection-Related,Traffic Signal,Angle,Clear,Dark,Dry,Minor Arterial,FALSE,-79.40990073,43.78865218936957,1,Automobile or Station Wagon,West,2,33,Fatal,Lap and Shoulder Belt,Disobeyed traffic control,Unknown,,,Going Ahead,,,,,driver,25,Willowdale (18),32 Division,Newtonbrook East,TRUE,FALSE,FALSE,FALSE,FALSE,FALSE,FALSE,TRUE,FALSE,FALSE,"{""coordinates"": [[-79.40990072713707, 43.78865218936957]], ""type"": ""MultiPoint""}"
12487,2016:6000605777,2016-04-09T21:11:00,CUMMER AVE,WILLOWDALE AVE,,2,Fatal Injury,Intersection-Related,Traffic Signal,Angle,Clear,Dark,Dry,Minor Arterial,FALSE,-79.40990073,43.78865218936957,2,Automobile or Station Wagon,North,1,61,None,,Driving properly,Unknown,,,Going Ahead,,,,,driver,,Willowdale (18),32 Division,Newtonbrook East,TRUE,FALSE,FALSE,FALSE,FALSE,FALSE,FALSE,TRUE,FALSE,FALSE,"{""coordinates"": [[-79.40990072713707, 43.78865218936957]], ""type"": ""MultiPoint""}"
12488,2016:6000607400,2016-04-10T03:26:00,JANE ST,SHEPPARD AVE W,,6,Fatal Injury,Intersection-Related,Traffic Signal,Rear End,Clear,Dark with Artificial Lighting,Dry,Major Arterial,FALSE,-79.51320296,43.73937832611149,2,Automobile or Station Wagon,South,6,46,Minor,Lap and Shoulder Belt,Driving properly,Normal,,,Stopped,,,,,driver,,York Centre (6),31 Division,Glenfield-Jane Heights,TRUE,FALSE,FALSE,FALSE,FALSE,FALSE,FALSE,FALSE,TRUE,FALSE,"{""coordinates"": [[-79.51320295782209, 43.73937832611149]], ""type"": ""MultiPoint""}"
12489,2016:6000607400,2016-04-10T03:26:00,JANE ST,SHEPPARD AVE W,,6,Fatal Injury,Intersection-Related,Traffic Signal,Rear End,Clear,Dark with Artificial Lighting,Dry,Major Arterial,FALSE,-79.51320296,43.73937832611149,0,,,4,24,Major,Lap and Shoulder Belt,,,,,,,,,,passenger,,York Centre (6),31 Division,Glenfield-Jane Heights,TRUE,FALSE,FALSE,FALSE,FALSE,FALSE,FALSE,FALSE,TRUE,FALSE,"{""coordinates"": [[-79.51320295782209, 43.73937832611149]], ""type"": ""MultiPoint""}"
12490,2016:6000607400,2016-04-10T03:26:00,JANE ST,SHEPPARD AVE W,,6,Fatal Injury,Intersection-Related,Traffic Signal,Rear End,Clear,Dark with Artificial Lighting,Dry,Major Arterial,FALSE,-79.51320296,43.73937832611149,0,,,2,21,Fatal,Equipment Not Used But Available,,,,,,,,,,passenger,24,York Centre (6),31 Division,Glenfield-Jane Heights,TRUE,FALSE,FALSE,FALSE,FALSE,FALSE,FALSE,FALSE,TRUE,FALSE,"{""coordinates"": [[-79.51320295782209, 43.73937832611149]], ""type"": ""MultiPoint""}"
12491,2016:6000607400,2016-04-10T03:26:00,JANE ST,SHEPPARD AVE W,,6,Fatal Injury,Intersection-Related,Traffic Signal,Rear End,Clear,Dark with Artificial Lighting,Dry,Major Arterial,FALSE,-79.51320296,43.73937832611149,0,,,1,23,Fatal,Equipment Not Used But Available,,,,,,,,,,passenger,23,York Centre (6),31 Division,Glenfield-Jane Heights,TRUE,FALSE,FALSE,FALSE,FALSE,FALSE,FALSE,FALSE,TRUE,FALSE,"{""coordinates"": [[-79.51320295782209, 43.73937832611149]], ""type"": ""MultiPoint""}"
12492,2016:6000607400,2016-04-10T03:26:00,JANE ST,SHEPPARD AVE W,,6,Fatal Injury,Intersection-Related,Traffic Signal,Rear End,Clear,Dark with Artificial Lighting,Dry,Major Arterial,FALSE,-79.51320296,43.73937832611149,0,,,3,19,Fatal,Lap and Shoulder Belt,,,,,,,,,,passenger,22,York Centre (6),31 Division,Glenfield-Jane Heights,TRUE,FALSE,FALSE,FALSE,FALSE,FALSE,FALSE,FALSE,TRUE,FALSE,"{""coordinates"": [[-79.51320295782209, 43.73937832611149]], ""type"": ""MultiPoint""}"
12493,2016:6000607400,2016-04-10T03:26:00,JANE ST,SHEPPARD AVE W,,6,Fatal Injury,Intersection-Related,Traffic Signal,Rear End,Clear,Dark with Artificial Lighting,Dry,Major Arterial,FALSE,-79.51320296,43.73937832611149,1,Automobile or Station Wagon,South,5,22,Major,Lap and Shoulder Belt,Speed too fast for conditions,Had Been Drinking,,,Changing Lanes,,,,,driver,,York Centre (6),31 Division,Glenfield-Jane Heights,TRUE,FALSE,FALSE,FALSE,FALSE,FALSE,FALSE,FALSE,TRUE,FALSE,"{""coordinates"": [[-79.51320295782209, 43.73937832611149]], ""type"": ""MultiPoint""}"
12494,2016:6000608721,2016-04-10T11:30:00,QUEEN ST W,UNIVERSITY AVE,14 m West of,2,Non-Fatal Injury,Non-Intersection,Streetcar (Stop for),Pedestrian Collision(internal code),Clear,Daylight,Dry,Major Arterial,FALSE,-79.38661588,43.65084218716377,1,,South,2,31,Major,No Equipment Available,,,Person getting on/off vehicle,Normal,,Driver hits pedestrian at midblock,,,,pedestrian,,Spadina-Fort York (10),52 Division,Yonge-Bay Corridor,TRUE,TRUE,FALSE,FALSE,FALSE,FALSE,TRUE,FALSE,FALSE,FALSE,"{""coordinates"": [[-79.38661588270209, 43.65084218716377]], ""type"": ""MultiPoint""}"
12495,2016:6000608721,2016-04-10T11:30:00,QUEEN ST W,UNIVERSITY AVE,14 m West of,2,Non-Fatal Injury,Non-Intersection,Streetcar (Stop for),Pedestrian Collision(internal code),Clear,Daylight,Dry,Major Arterial,FALSE,-79.38661588,43.65084218716377,1,Automobile or Station Wagon,East,1,36,None,Lap and Shoulder Belt,Improper passing,Inattentive,,,Going Ahead,,,,,driver,,Spadina-Fort York (10),52 Division,Yonge-Bay Corridor,TRUE,TRUE,FALSE,FALSE,FALSE,FALSE,TRUE,FALSE,FALSE,FALSE,"{""coordinates"": [[-79.38661588270209, 43.65084218716377]], ""type"": ""MultiPoint""}"
12496,2016:6000614403,2016-04-11T11:45:00,FINCH AVE E,PICKERING TOWN LINE,,2,Non-Fatal Injury,At Intersection,Stop Sign,Turning Movement,Clear,Daylight,Wet,Local,FALSE,-79.15952632,43.83165492344478,2,Automobile or Station Wagon,South,1,27,Major,Equipment Not Used But Available,Failed to yield right-of-way,Inattentive,,,Turning Left,,,,,driver,,,,,TRUE,TRUE,FALSE,FALSE,FALSE,TRUE,FALSE,FALSE,FALSE,FALSE,"{""coordinates"": [[-79.15952632026395, 43.83165492344478]], ""type"": ""MultiPoint""}"
12497,2016:6000633248,2016-04-14T08:31:00,BATHURST ST,KHEDIVE AVE,9 m East of,3,Non-Fatal Injury,At Intersection,No Control,Approaching Head On,Clear,Daylight,Dry,Major Arterial,FALSE,-79.43124785,43.725782228246736,1,,,3,63,Major,Equipment Not Used But Available,,,,,,,,,,passenger,,Eglinton-Lawrence (8),32 Division,Bedford Park-Nortown,FALSE,FALSE,FALSE,FALSE,FALSE,TRUE,FALSE,FALSE,FALSE,FALSE,"{""coordinates"": [[-79.43124784580506, 43.725782228246736]], ""type"": ""MultiPoint""}"
12498,2016:6000633248,2016-04-14T08:31:00,BATHURST ST,KHEDIVE AVE,9 m East of,3,Non-Fatal Injury,At Intersection,No Control,Approaching Head On,Clear,Daylight,Dry,Major Arterial,FALSE,-79.43124785,43.725782228246736,2,Pickup Truck,North,2,58,Minor,Lap and Shoulder Belt,Driving properly,Normal,,,Going Ahead,,,,,driver,,Eglinton-Lawrence (8),32 Division,Bedford Park-Nortown,FALSE,FALSE,FALSE,FALSE,FALSE,TRUE,FALSE,FALSE,FALSE,FALSE,"{""coordinates"": [[-79.43124784580506, 43.725782228246736]], ""type"": ""MultiPoint""}"
12499,2016:6000633248,2016-04-14T08:31:00,BATHURST ST,KHEDIVE AVE,9 m East of,3,Non-Fatal Injury,At Intersection,No Control,Approaching Head On,Clear,Daylight,Dry,Major Arterial,FALSE,-79.43124785,43.725782228246736,1,Automobile or Station Wagon,South,1,76,Minor,Lap and Shoulder Belt,Other,Normal,,,Going Ahead,,,,,driver,,Eglinton-Lawrence (8),32 Division,Bedford Park-Nortown,FALSE,FALSE,FALSE,FALSE,FALSE,TRUE,FALSE,FALSE,FALSE,FALSE,"{""coordinates"": [[-79.43124784580506, 43.725782228246736]], ""type"": ""MultiPoint""}"
12500,2016:6000688444,2016-04-22T17:27:00,VICTORIA PARK AVE,PATRICK BLVD,,2,Fatal Injury,Intersection-Related,Traffic Signal,Pedestrian Collision(internal code),Clear,Daylight,Dry,Major Arterial,FALSE,-79.3241616,43.77773108732177,0,,East,2,58,Fatal,,,,Crossing without right-of-way (intersection),Inattentive,,Driver going straight hits pedestrian crossing without right-of-way (at intersection),,,,pedestrian,26,Scarborough-Agincourt (22),42 Division,L'Amoreaux West,FALSE,TRUE,FALSE,FALSE,FALSE,FALSE,TRUE,FALSE,FALSE,FALSE,"{""coordinates"": [[-79.32416159897693, 43.77773108732177]], ""type"": ""MultiPoint""}"
12501,2016:6000688444,2016-04-22T17:27:00,VICTORIA PARK AVE,PATRICK BLVD,,2,Fatal Injury,Intersection-Related,Traffic Signal,Pedestrian Collision(internal code),Clear,Daylight,Dry,Major Arterial,FALSE,-79.3241616,43.77773108732177,1,Pickup Truck,North,1,56,None,,Driving properly,Normal,,,Going Ahead,,,,,driver,,Scarborough-Agincourt (22),42 Division,L'Amoreaux West,FALSE,TRUE,FALSE,FALSE,FALSE,FALSE,TRUE,FALSE,FALSE,FALSE,"{""coordinates"": [[-79.32416159897693, 43.77773108732177]], ""type"": ""MultiPoint""}"
12502,2016:6000691297,2016-04-23T03:56:00,JANE ST,HUMBERVIEW RD,,2,Fatal Injury,Non-Intersection,No Control,SMV Other,Other,Dark,Other,Major Arterial,FALSE,-79.48640107,43.653997333437225,1,,,1,23,Fatal,Equipment Not Used But Available,,,,,,,,,,passenger,27,Parkdale-High Park (4),11 Division,Runnymede-Bloor West Village,FALSE,FALSE,FALSE,FALSE,FALSE,FALSE,FALSE,FALSE,FALSE,FALSE,"{""coordinates"": [[-79.48640107196182, 43.653997333437225]], ""type"": ""MultiPoint""}"
12503,2016:6000691297,2016-04-23T03:56:00,JANE ST,HUMBERVIEW RD,,2,Fatal Injury,Non-Intersection,No Control,SMV Other,Other,Dark,Other,Major Arterial,FALSE,-79.48640107,43.653997333437225,1,Automobile or Station Wagon,North,2,22,Major,Lap and Shoulder Belt,Lost control,Unknown,,,Going Ahead,,,,,driver,,Parkdale-High Park (4),11 Division,Runnymede-Bloor West Village,FALSE,FALSE,FALSE,FALSE,FALSE,FALSE,FALSE,FALSE,FALSE,FALSE,"{""coordinates"": [[-79.48640107196182, 43.653997333437225]], ""type"": ""MultiPoint""}"
12504,2016:6000705795,2016-04-25T15:10:00,LESLIE ST,VAN HORNE AVE,,2,Non-Fatal Injury,At Intersection,Traffic Signal,Pedestrian Collision(internal code),Clear,Daylight,Dry,Major Arterial,FALSE,-79.36651966,43.78366613810851,1,,East,2,69,Major,Use Unknown,,,Crossing without right-of-way (intersection),Inattentive,,Driver turns left into pedestrian crossing without right-of-way (at intersection),,,,pedestrian,,Don Valley North (17),33 Division,Don Valley Village,FALSE,TRUE,FALSE,FALSE,FALSE,TRUE,TRUE,FALSE,FALSE,FALSE,"{""coordinates"": [[-79.36651966217768, 43.78366613810851]], ""type"": ""MultiPoint""}"
12505,2016:6000705795,2016-04-25T15:10:00,LESLIE ST,VAN HORNE AVE,,2,Non-Fatal Injury,At Intersection,Traffic Signal,Pedestrian Collision(internal code),Clear,Daylight,Dry,Major Arterial,FALSE,-79.36651966,43.78366613810851,1,Automobile or Station Wagon,South,1,77,None,Lap and Shoulder Belt,Driving properly,Normal,,,Turning Left,,,,,driver,,Don Valley North (17),33 Division,Don Valley Village,FALSE,TRUE,FALSE,FALSE,FALSE,TRUE,TRUE,FALSE,FALSE,FALSE,"{""coordinates"": [[-79.36651966217768, 43.78366613810851]], ""type"": ""MultiPoint""}"
12506,2016:6000707918,2016-04-25T21:39:00,EGLINTON AVE E,BEACHELL ST,,2,Fatal Injury,Non-Intersection,No Control,Pedestrian Collision(internal code),Rain,Dark,Wet,Major Arterial,FALSE,-79.22294947,43.742283964703724,0,,North,2,62,Fatal,,,,Crossing - no traffic control,Normal,,Driver hits pedestrian at midblock,,,,pedestrian,28,Scarborough Southwest (20),43 Division,Scarborough Village,FALSE,FALSE,FALSE,FALSE,FALSE,FALSE,TRUE,FALSE,FALSE,FALSE,"{""coordinates"": [[-79.22294947020985, 43.742283964703724]], ""type"": ""MultiPoint""}"
12507,2016:6000707918,2016-04-25T21:39:00,EGLINTON AVE E,BEACHELL ST,,2,Fatal Injury,Non-Intersection,No Control,Pedestrian Collision(internal code),Rain,Dark,Wet,Major Arterial,FALSE,-79.22294947,43.742283964703724,0,Passenger Van,West,1,54,None,,Other,Had Been Drinking,,,Going Ahead,,,,,driver,,Scarborough Southwest (20),43 Division,Scarborough Village,FALSE,FALSE,FALSE,FALSE,FALSE,FALSE,TRUE,FALSE,FALSE,FALSE,"{""coordinates"": [[-79.22294947020985, 43.742283964703724]], ""type"": ""MultiPoint""}"
12508,2016:6000713724,2016-04-26T19:10:00,CARRIER DR,WOODBINE DOWNS BLVD,,2,Non-Fatal Injury,At Intersection,Stop Sign,Angle,Clear,Daylight,Dry,Collector,FALSE,-79.60753308,43.73854643209436,2,Automobile or Station Wagon,West,2,42,Major,Lap and Shoulder Belt,Driving properly,Normal,,,Going Ahead,,,,,driver,,Etobicoke North (1),23 Division,West Humber-Clairville,TRUE,TRUE,FALSE,FALSE,FALSE,FALSE,FALSE,FALSE,FALSE,FALSE,"{""coordinates"": [[-79.60753307801446, 43.73854643209436]], ""type"": ""MultiPoint""}"