_id,collision_id,accdate,stname1,stname2,stname3,per_inv,acclass,accloc,traffictl,impactype,visible,light,rdsfcond,road_class,failtorem,longitude,latitude,veh_no,vehtype,initdir,per_no,invage,injury,safequip,drivact,drivcond,pedact,pedcond,manoeuvre,pedtype,cyclistype,cycact,cyccond,road_user,fatal_no,wardname,division,neighbourhood,aggressive,distracted,cyclist,motorcyclist,other_micromobility,older_adult,pedestrian,red_light,school_child,heavy_truck,geometry
12694,2016:6001086045,2016-06-21T20:30:00,SHEPPARD AVE W,NORTHOVER ST,100 m West of,2,Non-Fatal Injury,Non-Intersection,No Control,Rear End,Clear,Daylight,Dry,Major Arterial,FALSE,-79.50281894,43.74119031360158,1,Automobile or Station Wagon,East,1,22,Major,Lap and Shoulder Belt,Following too closely,Inattentive,,,Stopped,,,,,driver,,York Centre (6),31 Division,Glenfield-Jane Heights,TRUE,TRUE,FALSE,FALSE,FALSE,TRUE,FALSE,FALSE,FALSE,FALSE,"{""coordinates"": [[-79.502818941426, 43.74119031360158]], ""type"": ""MultiPoint""}"
12695,2016:6001088034,2016-06-22T06:55:00,DYNEVOR RD,KIRKNEWTON RD,,4,Fatal Injury,Non-Intersection,No Control,Pedestrian Collision(internal code),Clear,Daylight,Dry,Local,FALSE,-79.45054994,43.69101526661614,0,,,3,30,None,,,,,,,,,,,passenger,,Davenport (9),13 Division,Caledonia-Fairbank,FALSE,FALSE,FALSE,FALSE,FALSE,TRUE,TRUE,FALSE,FALSE,TRUE,"{""coordinates"": [[-79.45054993899943, 43.69101526661614]], ""type"": ""MultiPoint""}"
12696,2016:6001088034,2016-06-22T06:55:00,DYNEVOR RD,KIRKNEWTON RD,,4,Fatal Injury,Non-Intersection,No Control,Pedestrian Collision(internal code),Clear,Daylight,Dry,Local,FALSE,-79.45054994,43.69101526661614,1,Delivery Van,East,2,29,None,,Other,Normal,,,Going Ahead,,,,,driver,,Davenport (9),13 Division,Caledonia-Fairbank,FALSE,FALSE,FALSE,FALSE,FALSE,TRUE,TRUE,FALSE,FALSE,TRUE,"{""coordinates"": [[-79.45054993899943, 43.69101526661614]], ""type"": ""MultiPoint""}"
12697,2016:6001088034,2016-06-22T06:55:00,DYNEVOR RD,KIRKNEWTON RD,,4,Fatal Injury,Non-Intersection,No Control,Pedestrian Collision(internal code),Clear,Daylight,Dry,Local,FALSE,-79.45054994,43.69101526661614,0,,Unknown,1,66,Fatal,,,,Other,Normal,,Driver hits pedestrian at midblock,,,,pedestrian,39,Davenport (9),13 Division,Caledonia-Fairbank,FALSE,FALSE,FALSE,FALSE,FALSE,TRUE,TRUE,FALSE,FALSE,TRUE,"{""coordinates"": [[-79.45054993899943, 43.69101526661614]], ""type"": ""MultiPoint""}"
12698,2016:6001088034,2016-06-22T06:55:00,DYNEVOR RD,KIRKNEWTON RD,,4,Fatal Injury,Non-Intersection,No Control,Pedestrian Collision(internal code),Clear,Daylight,Dry,Local,FALSE,-79.45054994,43.69101526661614,0,,,4,28,None,,,,,,,,,,,passenger,,Davenport (9),13 Division,Caledonia-Fairbank,FALSE,FALSE,FALSE,FALSE,FALSE,TRUE,TRUE,FALSE,FALSE,TRUE,"{""coordinates"": [[-79.45054993899943, 43.69101526661614]], ""type"": ""MultiPoint""}"
12699,2016:6001090221,2016-06-22T13:05:00,SHEPPARD AVE E,PROVOST DR,,2,Non-Fatal Injury,At Intersection,Traffic Signal,Pedestrian Collision(internal code),Clear,Daylight,Dry,Major Arterial,FALSE,-79.37125768,43.77034514432591,1,Automobile or Station Wagon,North,1,86,None,Lap and Shoulder Belt,Improper turn,Inattentive,,,Turning Left,,,,,driver,,Don Valley North (17),33 Division,Bayview Village,FALSE,TRUE,FALSE,FALSE,FALSE,TRUE,TRUE,FALSE,FALSE,FALSE,"{""coordinates"": [[-79.37125768358122, 43.77034514432591]], ""type"": ""MultiPoint""}"
12700,2016:6001090221,2016-06-22T13:05:00,SHEPPARD AVE E,PROVOST DR,,2,Non-Fatal Injury,At Intersection,Traffic Signal,Pedestrian Collision(internal code),Clear,Daylight,Dry,Major Arterial,FALSE,-79.37125768,43.77034514432591,1,,Unknown,2,36,Major,No Equipment Available,,,Crossing with right-of-way (intersection),Normal,,Driver turns left into pedestrian crossing with right-of-way (at intersection),,,,pedestrian,,Don Valley North (17),33 Division,Bayview Village,FALSE,TRUE,FALSE,FALSE,FALSE,TRUE,TRUE,FALSE,FALSE,FALSE,"{""coordinates"": [[-79.37125768358122, 43.77034514432591]], ""type"": ""MultiPoint""}"
12701,2016:6001093797,2016-06-22T23:15:00,120 BEVERLY HILLS DR,,65 m South of,3,Non-Fatal Injury,Non-Intersection,No Control,Pedestrian Collision(internal code),Clear,Dark with Artificial Lighting,Dry,Collector,FALSE,-79.516247,43.71831734030796,1,,East,3,10,Major,Use Unknown,,,Crossing - no traffic control,Inattentive,,Driver hits pedestrian walking or running out from between parked vehicles (at midblock),,,,pedestrian,,Humber River-Black Creek (7),31 Division,Oakdale-Beverley Heights,FALSE,TRUE,FALSE,FALSE,FALSE,FALSE,TRUE,FALSE,TRUE,FALSE,"{""coordinates"": [[-79.51624700059425, 43.71831734030796]], ""type"": ""MultiPoint""}"
12702,2016:6001093797,2016-06-22T23:15:00,120 BEVERLY HILLS DR,,65 m South of,3,Non-Fatal Injury,Non-Intersection,No Control,Pedestrian Collision(internal code),Clear,Dark with Artificial Lighting,Dry,Collector,FALSE,-79.516247,43.71831734030796,1,Automobile or Station Wagon,South,1,29,None,Lap and Shoulder Belt,Driving properly,Normal,,,Going Ahead,,,,,driver,,Humber River-Black Creek (7),31 Division,Oakdale-Beverley Heights,FALSE,TRUE,FALSE,FALSE,FALSE,FALSE,TRUE,FALSE,TRUE,FALSE,"{""coordinates"": [[-79.51624700059425, 43.71831734030796]], ""type"": ""MultiPoint""}"
12703,2016:6001093797,2016-06-22T23:15:00,120 BEVERLY HILLS DR,,65 m South of,3,Non-Fatal Injury,Non-Intersection,No Control,Pedestrian Collision(internal code),Clear,Dark with Artificial Lighting,Dry,Collector,FALSE,-79.516247,43.71831734030796,1,,,2,32,None,Lap and Shoulder Belt,,,,,,,,,,passenger,,Humber River-Black Creek (7),31 Division,Oakdale-Beverley Heights,FALSE,TRUE,FALSE,FALSE,FALSE,FALSE,TRUE,FALSE,TRUE,FALSE,"{""coordinates"": [[-79.51624700059425, 43.71831734030796]], ""type"": ""MultiPoint""}"
12704,2016:6001099708,2016-06-23T19:49:00,DUNDAS ST W,SHORNCLIFFE RD,,2,Non-Fatal Injury,At Intersection,Traffic Controller,Pedestrian Collision(internal code),Clear,Daylight,Dry,Major Arterial,FALSE,-79.5446892,43.632105419882265,1,Truck - Closed,North,1,39,None,Lap and Shoulder Belt,Failed to yield right-of-way,Normal,,,Turning Left,,,,,driver,,Etobicoke-Lakeshore (3),22 Division,Etobicoke City Centre,TRUE,FALSE,FALSE,FALSE,FALSE,TRUE,TRUE,FALSE,FALSE,TRUE,"{""coordinates"": [[-79.544689197281, 43.632105419882265]], ""type"": ""MultiPoint""}"
12705,2016:6001099708,2016-06-23T19:49:00,DUNDAS ST W,SHORNCLIFFE RD,,2,Non-Fatal Injury,At Intersection,Traffic Controller,Pedestrian Collision(internal code),Clear,Daylight,Dry,Major Arterial,FALSE,-79.5446892,43.632105419882265,1,,South,2,65,Major,Use Unknown,,,Crossing with right-of-way (intersection),Normal,,Driver turns left into pedestrian crossing with right-of-way (at intersection),,,,pedestrian,,Etobicoke-Lakeshore (3),22 Division,Etobicoke City Centre,TRUE,FALSE,FALSE,FALSE,FALSE,TRUE,TRUE,FALSE,FALSE,TRUE,"{""coordinates"": [[-79.544689197281, 43.632105419882265]], ""type"": ""MultiPoint""}"
12706,2016:6001102094,2016-06-24T07:07:00,THE QUEENSWAY,427 C S QUEENSWAY RAMP,200 m West of,1,Non-Fatal Injury,Non-Intersection,No Control,SMV Other,Clear,Daylight,Dry,Major Arterial,TRUE,-79.55440224,43.614469441799606,1,Motorcycle,East,1,30,Major,Helmet,Speed too fast for conditions,Unknown,,,Going Ahead,,,,,motorcyclist,,Etobicoke-Lakeshore (3),22 Division,Etobicoke City Centre,TRUE,FALSE,FALSE,TRUE,FALSE,FALSE,FALSE,FALSE,FALSE,FALSE,"{""coordinates"": [[-79.5544022429519, 43.614469441799606]], ""type"": ""MultiPoint""}"
12707,2016:6001104795,2016-06-24T14:45:00,720 RENFORTH DR,,3 m South of,2,Non-Fatal Injury,At/Near Private Drive,Pedestrian Crossover,Pedestrian Collision(internal code),Clear,Daylight,Dry,Minor Arterial,FALSE,-79.58517919,43.66394245136821,1,,Unknown,2,15,Major,No Equipment Available,,,Crossing - pedestrian crossover,Normal,,Driver hits pedestrian at PXO/pedestrian midblock signal,,,,pedestrian,,Etobicoke Centre (2),22 Division,Eringate-Centennial-West Deane,TRUE,FALSE,FALSE,FALSE,FALSE,FALSE,TRUE,FALSE,TRUE,FALSE,"{""coordinates"": [[-79.58517919038515, 43.66394245136821]], ""type"": ""MultiPoint""}"
12708,2016:6001104795,2016-06-24T14:45:00,720 RENFORTH DR,,3 m South of,2,Non-Fatal Injury,At/Near Private Drive,Pedestrian Crossover,Pedestrian Collision(internal code),Clear,Daylight,Dry,Minor Arterial,FALSE,-79.58517919,43.66394245136821,1,Automobile or Station Wagon,South,1,24,None,Lap and Shoulder Belt,Disobeyed traffic control,Normal,,,Going Ahead,,,,,driver,,Etobicoke Centre (2),22 Division,Eringate-Centennial-West Deane,TRUE,FALSE,FALSE,FALSE,FALSE,FALSE,TRUE,FALSE,TRUE,FALSE,"{""coordinates"": [[-79.58517919038515, 43.66394245136821]], ""type"": ""MultiPoint""}"
12709,2016:6001117319,2016-06-26T13:00:00,MCCOWAN RD,MCNICOLL AVE,,4,Non-Fatal Injury,At Intersection,Traffic Signal,Sideswipe,Clear,Daylight,Dry,Major Arterial,FALSE,-79.27193848,43.81786902941126,3,Automobile or Station Wagon,North,1,73,Major,Lap and Shoulder Belt,Improper lane change,Inattentive,,,Changing Lanes,,,,,driver,,Scarborough North (23),42 Division,Milliken,FALSE,TRUE,FALSE,FALSE,FALSE,TRUE,FALSE,FALSE,FALSE,FALSE,"{""coordinates"": [[-79.27193847970715, 43.81786902941126]], ""type"": ""MultiPoint""}"
12710,2016:6001117319,2016-06-26T13:00:00,MCCOWAN RD,MCNICOLL AVE,,4,Non-Fatal Injury,At Intersection,Traffic Signal,Sideswipe,Clear,Daylight,Dry,Major Arterial,FALSE,-79.27193848,43.81786902941126,3,Automobile or Station Wagon,West,3,47,None,Lap and Shoulder Belt,Driving properly,Normal,,,Slowing or Stopping,,,,,driver,,Scarborough North (23),42 Division,Milliken,FALSE,TRUE,FALSE,FALSE,FALSE,TRUE,FALSE,FALSE,FALSE,FALSE,"{""coordinates"": [[-79.27193847970715, 43.81786902941126]], ""type"": ""MultiPoint""}"
12711,2016:6001117319,2016-06-26T13:00:00,MCCOWAN RD,MCNICOLL AVE,,4,Non-Fatal Injury,At Intersection,Traffic Signal,Sideswipe,Clear,Daylight,Dry,Major Arterial,FALSE,-79.27193848,43.81786902941126,3,Automobile or Station Wagon,,4,65,None,Lap and Shoulder Belt,,,,,,,,,,passenger,,Scarborough North (23),42 Division,Milliken,FALSE,TRUE,FALSE,FALSE,FALSE,TRUE,FALSE,FALSE,FALSE,FALSE,"{""coordinates"": [[-79.27193847970715, 43.81786902941126]], ""type"": ""MultiPoint""}"
12712,2016:6001117319,2016-06-26T13:00:00,MCCOWAN RD,MCNICOLL AVE,,4,Non-Fatal Injury,At Intersection,Traffic Signal,Sideswipe,Clear,Daylight,Dry,Major Arterial,FALSE,-79.27193848,43.81786902941126,3,Automobile or Station Wagon,North,2,55,None,Lap and Shoulder Belt,Driving properly,Normal,,,Going Ahead,,,,,driver,,Scarborough North (23),42 Division,Milliken,FALSE,TRUE,FALSE,FALSE,FALSE,TRUE,FALSE,FALSE,FALSE,FALSE,"{""coordinates"": [[-79.27193847970715, 43.81786902941126]], ""type"": ""MultiPoint""}"
12713,2016:6001119393,2016-06-26T19:48:00,PARKSIDE DR,SPRING RD,,2,Non-Fatal Injury,Intersection-Related,Traffic Signal,Pedestrian Collision(internal code),Clear,Daylight,Dry,Major Arterial,FALSE,-79.45464003,43.64097429170001,1,,East,2,18,Major,No Equipment Available,,,Crossing without right-of-way (intersection),Had Been Drinking,,Driver going straight hits pedestrian crossing without right-of-way (at intersection),,,,pedestrian,,Parkdale-High Park (4),11 Division,High Park-Swansea,FALSE,FALSE,FALSE,FALSE,FALSE,FALSE,TRUE,FALSE,TRUE,FALSE,"{""coordinates"": [[-79.45464003256505, 43.64097429170001]], ""type"": ""MultiPoint""}"
12714,2016:6001119393,2016-06-26T19:48:00,PARKSIDE DR,SPRING RD,,2,Non-Fatal Injury,Intersection-Related,Traffic Signal,Pedestrian Collision(internal code),Clear,Daylight,Dry,Major Arterial,FALSE,-79.45464003,43.64097429170001,1,Automobile or Station Wagon,South,1,61,None,Use Unknown,Driving properly,Normal,,,Going Ahead,,,,,driver,,Parkdale-High Park (4),11 Division,High Park-Swansea,FALSE,FALSE,FALSE,FALSE,FALSE,FALSE,TRUE,FALSE,TRUE,FALSE,"{""coordinates"": [[-79.45464003256505, 43.64097429170001]], ""type"": ""MultiPoint""}"
12715,2016:6001125472,2016-06-27T17:45:00,DON MILLS RD,HELEN LU RD,,2,Non-Fatal Injury,Intersection-Related,Traffic Signal,Turning Movement,Clear,Daylight,Dry,Major Arterial,FALSE,-79.34627164,43.772325113939786,1,Automobile or Station Wagon,South,1,50,None,Lap and Shoulder Belt,Improper turn,Inattentive,,,Turning Left,,,,,driver,,Don Valley North (17),33 Division,Henry Farm,FALSE,TRUE,FALSE,TRUE,FALSE,FALSE,FALSE,FALSE,FALSE,FALSE,"{""coordinates"": [[-79.34627164043928, 43.772325113939786]], ""type"": ""MultiPoint""}"
12716,2016:6001125472,2016-06-27T17:45:00,DON MILLS RD,HELEN LU RD,,2,Non-Fatal Injury,Intersection-Related,Traffic Signal,Turning Movement,Clear,Daylight,Dry,Major Arterial,FALSE,-79.34627164,43.772325113939786,2,Motorcycle,North,2,52,Major,Helmet,Driving properly,Normal,,,Going Ahead,,,,,motorcyclist,,Don Valley North (17),33 Division,Henry Farm,FALSE,TRUE,FALSE,TRUE,FALSE,FALSE,FALSE,FALSE,FALSE,FALSE,"{""coordinates"": [[-79.34627164043928, 43.772325113939786]], ""type"": ""MultiPoint""}"
12717,2016:6001139376,2016-06-29T19:08:00,99 HUMBER BLVD,,,2,Non-Fatal Injury,At Intersection,No Control,Cyclist Collision,Clear,Daylight,Dry,Collector,FALSE,-79.48225802,43.67987631563431,1,Bicycle,West,1,10,Major,Equipment Not Used But Available,,,,,Going Ahead,,"Cyclist without right-of-way rides into path of driver (at intersection, laneway, or driveway)",Failed to Yield Right of Way,Normal,cyclist,,York South-Weston (5),12 Division,Rockcliffe-Smythe,FALSE,FALSE,TRUE,FALSE,FALSE,FALSE,FALSE,FALSE,TRUE,FALSE,"{""coordinates"": [[-79.48225801749332, 43.67987631563431]], ""type"": ""MultiPoint""}"
12718,2016:6001139376,2016-06-29T19:08:00,99 HUMBER BLVD,,,2,Non-Fatal Injury,At Intersection,No Control,Cyclist Collision,Clear,Daylight,Dry,Collector,FALSE,-79.48225802,43.67987631563431,2,Pickup Truck,North,2,37,None,Lap and Shoulder Belt,Driving properly,Normal,,,Going Ahead,,,,,driver,,York South-Weston (5),12 Division,Rockcliffe-Smythe,FALSE,FALSE,TRUE,FALSE,FALSE,FALSE,FALSE,FALSE,TRUE,FALSE,"{""coordinates"": [[-79.48225801749332, 43.67987631563431]], ""type"": ""MultiPoint""}"
12719,2016:6001139914,2016-06-29T20:50:00,ALBION RD,SILVERSTONE DR,75 m East of,1,Non-Fatal Injury,Non-Intersection,No Control,SMV Other,Clear,Dusk with Artificial Lighting,Dry,Major Arterial,FALSE,-79.59903406,43.74275442001684,1,Automobile or Station Wagon,West,1,69,Major,Use Unknown,Lost control,Fatigue/Fell Asleep,,,Going Ahead,,,,,driver,,Etobicoke North (1),23 Division,West Humber-Clairville,FALSE,FALSE,FALSE,FALSE,FALSE,TRUE,FALSE,FALSE,FALSE,FALSE,"{""coordinates"": [[-79.5990340593708, 43.74275442001684]], ""type"": ""MultiPoint""}"
12720,2016:6001143418,2016-06-30T11:43:00,JANE ST,WILSON AVE,5 m South of,2,Non-Fatal Injury,Intersection-Related,Traffic Signal,Cyclist Collision,Clear,Daylight,Dry,Major Arterial,FALSE,-79.50861799,43.72090333028699,1,Bicycle,East,1,24,Major,No Equipment Available,,,,,Going Ahead,,Driver turns right on green or amber at signalized intersection and hits cyclist,Driving Properly,Normal,cyclist,,York Centre (6),31 Division,Oakdale-Beverley Heights,FALSE,FALSE,TRUE,FALSE,FALSE,FALSE,FALSE,FALSE,FALSE,TRUE,"{""coordinates"": [[-79.5086179861497, 43.72090333028699]], ""type"": ""MultiPoint""}"
12721,2016:6001143418,2016-06-30T11:43:00,JANE ST,WILSON AVE,5 m South of,2,Non-Fatal Injury,Intersection-Related,Traffic Signal,Cyclist Collision,Clear,Daylight,Dry,Major Arterial,FALSE,-79.50861799,43.72090333028699,2,Truck - Closed,East,2,32,None,Lap and Shoulder Belt,Other,Normal,,,Turning Right,,,,,driver,,York Centre (6),31 Division,Oakdale-Beverley Heights,FALSE,FALSE,TRUE,FALSE,FALSE,FALSE,FALSE,FALSE,FALSE,TRUE,"{""coordinates"": [[-79.5086179861497, 43.72090333028699]], ""type"": ""MultiPoint""}"
12722,2016:6001148788,2016-07-01T04:05:00,F G GARDINER XY E,DON VALLEY PARKWAY N,,1,Non-Fatal Injury,Non-Intersection,No Control,SMV Other,Clear,Dark with Artificial Lighting,Dry,Major Arterial,FALSE,-79.34757581,43.65069012938678,1,Motorcycle,East,1,38,Major,Helmet,Lost control,Fatigue/Fell Asleep,,,Going Ahead,,,,,motorcyclist,,Spadina-Fort York (10),51 Division,St Lawrence-East Bayfront-The Islands,FALSE,FALSE,FALSE,TRUE,FALSE,FALSE,FALSE,FALSE,FALSE,FALSE,"{""coordinates"": [[-79.34757580664593, 43.65069012938678]], ""type"": ""MultiPoint""}"
12723,2016:6001154162,2016-07-02T02:44:00,FINCH AVE W,SENTINEL RD,,2,Non-Fatal Injury,At Intersection,Traffic Signal,Pedestrian Collision(internal code),Clear,Dark with Artificial Lighting,Dry,Major Arterial,FALSE,-79.49995791,43.760992303236605,1,,North,2,21,Major,Use Unknown,,,Crossing with right-of-way (intersection),Had Been Drinking,,Driver going straight hits pedestrian crossing with right-of-way (at intersection),,,,pedestrian,,Humber River-Black Creek (7),31 Division,York University Heights,TRUE,FALSE,FALSE,FALSE,FALSE,FALSE,TRUE,FALSE,FALSE,FALSE,"{""coordinates"": [[-79.4999579076461, 43.760992303236605]], ""type"": ""MultiPoint""}"
12724,2016:6001154162,2016-07-02T02:44:00,FINCH AVE W,SENTINEL RD,,2,Non-Fatal Injury,At Intersection,Traffic Signal,Pedestrian Collision(internal code),Clear,Dark with Artificial Lighting,Dry,Major Arterial,FALSE,-79.49995791,43.760992303236605,1,Automobile or Station Wagon,West,1,36,None,Lap and Shoulder Belt,Failed to yield right-of-way,Unknown,,,Going Ahead,,,,,driver,,Humber River-Black Creek (7),31 Division,York University Heights,TRUE,FALSE,FALSE,FALSE,FALSE,FALSE,TRUE,FALSE,FALSE,FALSE,"{""coordinates"": [[-79.4999579076461, 43.760992303236605]], ""type"": ""MultiPoint""}"
12725,2016:6001157650,2016-07-02T18:12:00,QUEENS QUAY E,BONNYCASTLE ST,65.6 M E of,2,Fatal Injury,Non-Intersection,No Control,SMV Other,Clear,Daylight,Dry,Minor Arterial,FALSE,-79.36342984,43.64587215371138,1,Automobile or Station Wagon,East,2,31,Major,Lap and Shoulder Belt,Exceeding speed limit,Inattentive,,,Going Ahead,,,,,driver,,Spadina-Fort York (10),51 Division,St Lawrence-East Bayfront-The Islands,TRUE,TRUE,FALSE,FALSE,FALSE,FALSE,FALSE,FALSE,FALSE,FALSE,"{""coordinates"": [[-79.36342984472512, 43.64587215371138]], ""type"": ""MultiPoint""}"
12726,2016:6001157650,2016-07-02T18:12:00,QUEENS QUAY E,BONNYCASTLE ST,65.6 M E of,2,Fatal Injury,Non-Intersection,No Control,SMV Other,Clear,Daylight,Dry,Minor Arterial,FALSE,-79.36342984,43.64587215371138,1,,,1,35,Fatal,Lap and Shoulder Belt,,,,,,,,,,passenger,45,Spadina-Fort York (10),51 Division,St Lawrence-East Bayfront-The Islands,TRUE,TRUE,FALSE,FALSE,FALSE,FALSE,FALSE,FALSE,FALSE,FALSE,"{""coordinates"": [[-79.36342984472512, 43.64587215371138]], ""type"": ""MultiPoint""}"
12727,2016:6001171035,2016-07-04T20:55:00,KIPLING AVE,WESTHUMBER BLVD,,2,Fatal Injury,At Intersection,Traffic Signal,Pedestrian Collision(internal code),Clear,Dusk with Artificial Lighting,Dry,Major Arterial,FALSE,-79.57464206,43.72812840134326,0,,Unknown,1,73,Fatal,,,,Walking on roadway with traffic,Normal,,Driver turns left into pedestrian crossing with right-of-way (at intersection),,,,pedestrian,40,Etobicoke North (1),23 Division,Rexdale-Kipling,TRUE,TRUE,FALSE,FALSE,FALSE,TRUE,TRUE,FALSE,FALSE,FALSE,"{""coordinates"": [[-79.57464205620607, 43.72812840134326]], ""type"": ""MultiPoint""}"
12728,2016:6001171035,2016-07-04T20:55:00,KIPLING AVE,WESTHUMBER BLVD,,2,Fatal Injury,At Intersection,Traffic Signal,Pedestrian Collision(internal code),Clear,Dusk with Artificial Lighting,Dry,Major Arterial,FALSE,-79.57464206,43.72812840134326,0,Passenger Van,East,2,28,None,,Exceeding speed limit,Inattentive,,,Turning Left,,,,,driver,,Etobicoke North (1),23 Division,Rexdale-Kipling,TRUE,TRUE,FALSE,FALSE,FALSE,TRUE,TRUE,FALSE,FALSE,FALSE,"{""coordinates"": [[-79.57464205620607, 43.72812840134326]], ""type"": ""MultiPoint""}"
12729,2016:6001174210,2016-07-05T11:20:00,ALBION RD,ISLINGTON AVE,,2,Fatal Injury,At Intersection,Traffic Signal,Pedestrian Collision(internal code),Clear,Daylight,Dry,Major Arterial,FALSE,-79.56525803,43.73716538557419,0,Automobile or Station Wagon,West,2,45,None,,Driving properly,Inattentive,,,Going Ahead,,,,,driver,,Etobicoke North (1),23 Division,Thistletown-Beaumond Heights,FALSE,TRUE,FALSE,FALSE,FALSE,FALSE,TRUE,FALSE,FALSE,FALSE,"{""coordinates"": [[-79.5652580274249, 43.73716538557419]], ""type"": ""MultiPoint""}"
12730,2016:6001174210,2016-07-05T11:20:00,ALBION RD,ISLINGTON AVE,,2,Fatal Injury,At Intersection,Traffic Signal,Pedestrian Collision(internal code),Clear,Daylight,Dry,Major Arterial,FALSE,-79.56525803,43.73716538557419,0,,North,1,55,Fatal,,,,Crossing - no traffic control,Inattentive,,Driver hits pedestrian at midblock,,,,pedestrian,43,Etobicoke North (1),23 Division,Thistletown-Beaumond Heights,FALSE,TRUE,FALSE,FALSE,FALSE,FALSE,TRUE,FALSE,FALSE,FALSE,"{""coordinates"": [[-79.5652580274249, 43.73716538557419]], ""type"": ""MultiPoint""}"
12731,2016:6001174772,2016-07-05T12:47:00,740 DUPONT ST,,,3,Fatal Injury,Non-Intersection,No Control,Cyclist Collision,Clear,Daylight,Dry,Major Arterial,FALSE,-79.42372492,43.67119824,0,Passenger Van,,2,,None,,,,,,,,,,,other,,University-Rosedale (11),14 Division,Dovercourt Village,FALSE,FALSE,TRUE,FALSE,FALSE,TRUE,FALSE,FALSE,FALSE,FALSE,"{""coordinates"": [[-79.42372492190725, 43.6711982356699]], ""type"": ""MultiPoint""}"
12732,2016:6001174772,2016-07-05T12:47:00,740 DUPONT ST,,,3,Fatal Injury,Non-Intersection,No Control,Cyclist Collision,Clear,Daylight,Dry,Major Arterial,FALSE,-79.42372492,43.67119824,0,,West,3,,None,,,,,,Parked,,,,,other,,University-Rosedale (11),14 Division,Dovercourt Village,FALSE,FALSE,TRUE,FALSE,FALSE,TRUE,FALSE,FALSE,FALSE,FALSE,"{""coordinates"": [[-79.42372492190725, 43.6711982356699]], ""type"": ""MultiPoint""}"
12733,2016:6001174772,2016-07-05T12:47:00,740 DUPONT ST,,,3,Fatal Injury,Non-Intersection,No Control,Cyclist Collision,Clear,Daylight,Dry,Major Arterial,FALSE,-79.42372492,43.67119824,0,Bicycle,West,1,71,Fatal,Helmet,,,,,Overtaking,,Cyclist hits parked vehicle,Improper Passing,Unknown,cyclist,41,University-Rosedale (11),14 Division,Dovercourt Village,FALSE,FALSE,TRUE,FALSE,FALSE,TRUE,FALSE,FALSE,FALSE,FALSE,"{""coordinates"": [[-79.42372492190725, 43.6711982356699]], ""type"": ""MultiPoint""}"
12734,2016:6001211373,2016-07-11T00:27:00,429 DUNDAS ST E,,15 m North of,5,Non-Fatal Injury,Intersection-Related,No Control,Cyclist Collision,Clear,Dark with Artificial Lighting,Dry,Major Arterial,FALSE,-79.36669583,43.65926515612712,2,,,5,21,Major,Lap and Shoulder Belt,,,,,,,,,,passenger,,Toronto Centre (13),51 Division,Moss Park,FALSE,FALSE,TRUE,FALSE,FALSE,FALSE,FALSE,FALSE,FALSE,FALSE,"{""coordinates"": [[-79.36669583130028, 43.65926515612712]], ""type"": ""MultiPoint""}"
12735,2016:6001177381,2016-07-05T20:05:00,EGLINTON AVE E,MARKHAM RD,13 m West of,2,Non-Fatal Injury,At Intersection,Traffic Signal,Pedestrian Collision(internal code),Clear,Daylight,Dry,Major Arterial,FALSE,-79.21887546,43.74310796058441,1,,South,2,42,Major,Use Unknown,,,Crossing without right-of-way (intersection),Inattentive,,Driver turns left into pedestrian crossing without right-of-way (at intersection),,,,pedestrian,,Scarborough-Guildwood (24),43 Division,Scarborough Village,TRUE,TRUE,FALSE,FALSE,FALSE,FALSE,TRUE,FALSE,FALSE,FALSE,"{""coordinates"": [[-79.21887546348506, 43.74310796058441]], ""type"": ""MultiPoint""}"
12736,2016:6001177381,2016-07-05T20:05:00,EGLINTON AVE E,MARKHAM RD,13 m West of,2,Non-Fatal Injury,At Intersection,Traffic Signal,Pedestrian Collision(internal code),Clear,Daylight,Dry,Major Arterial,FALSE,-79.21887546,43.74310796058441,1,Automobile or Station Wagon,North,1,62,None,Lap and Shoulder Belt,Failed to yield right-of-way,Inattentive,,,Turning Left,,,,,driver,,Scarborough-Guildwood (24),43 Division,Scarborough Village,TRUE,TRUE,FALSE,FALSE,FALSE,FALSE,TRUE,FALSE,FALSE,FALSE,"{""coordinates"": [[-79.21887546348506, 43.74310796058441]], ""type"": ""MultiPoint""}"
12737,2016:6001183781,2016-07-06T18:31:00,401 C W MCCOWAN N RAMP RD,MCCOWAN RD,,2,Fatal Injury,At Intersection,No Control,SMV Other,Clear,Daylight,Dry,Major Arterial,FALSE,-79.25575648,43.78358200585723,0,Motorcycle,West,1,40,Fatal,Helmet,Lost control,Unknown,,,Going Ahead,,,,,motorcyclist,42,Scarborough North (23),42 Division,Agincourt South-Malvern West,FALSE,FALSE,FALSE,TRUE,FALSE,FALSE,FALSE,FALSE,FALSE,FALSE,"{""coordinates"": [[-79.25575648237013, 43.78358200585723]], ""type"": ""MultiPoint""}"
12738,2016:6001183781,2016-07-06T18:31:00,401 C W MCCOWAN N RAMP RD,MCCOWAN RD,,2,Fatal Injury,At Intersection,No Control,SMV Other,Clear,Daylight,Dry,Major Arterial,FALSE,-79.25575648,43.78358200585723,0,Automobile or Station Wagon,South,2,23,None,,Driving properly,Normal,,,Going Ahead,,,,,driver,,Scarborough North (23),42 Division,Agincourt South-Malvern West,FALSE,FALSE,FALSE,TRUE,FALSE,FALSE,FALSE,FALSE,FALSE,FALSE,"{""coordinates"": [[-79.25575648237013, 43.78358200585723]], ""type"": ""MultiPoint""}"