_id,collision_id,accdate,stname1,stname2,stname3,per_inv,acclass,accloc,traffictl,impactype,visible,light,rdsfcond,road_class,failtorem,longitude,latitude,veh_no,vehtype,initdir,per_no,invage,injury,safequip,drivact,drivcond,pedact,pedcond,manoeuvre,pedtype,cyclistype,cycact,cyccond,road_user,fatal_no,wardname,division,neighbourhood,aggressive,distracted,cyclist,motorcyclist,other_micromobility,older_adult,pedestrian,red_light,school_child,heavy_truck,geometry
12739,2016:6001192088,2016-07-06T23:04:00,EGLINTON AVE E,SWIFT DR,12 m West of,2,Non-Fatal Injury,Intersection-Related,Traffic Signal,Pedestrian Collision(internal code),Clear,Dark with Artificial Lighting,Dry,Major Arterial,FALSE,-79.31829465,43.72611408067369,1,Automobile or Station Wagon,West,1,67,None,Use Unknown,Driving properly,Unknown,,,Going Ahead,,,,,driver,,Don Valley East (16),55 Division,Victoria Village,FALSE,FALSE,FALSE,FALSE,FALSE,TRUE,TRUE,FALSE,FALSE,FALSE,"{""coordinates"": [[-79.31829464747496, 43.72611408067369]], ""type"": ""MultiPoint""}"
12740,2016:6001192088,2016-07-06T23:04:00,EGLINTON AVE E,SWIFT DR,12 m West of,2,Non-Fatal Injury,Intersection-Related,Traffic Signal,Pedestrian Collision(internal code),Clear,Dark with Artificial Lighting,Dry,Major Arterial,FALSE,-79.31829465,43.72611408067369,1,,North,2,33,Major,Use Unknown,,,Running onto roadway,Had Been Drinking,,Driver hits pedestrian at midblock,,,,pedestrian,,Don Valley East (16),55 Division,Victoria Village,FALSE,FALSE,FALSE,FALSE,FALSE,TRUE,TRUE,FALSE,FALSE,FALSE,"{""coordinates"": [[-79.31829464747496, 43.72611408067369]], ""type"": ""MultiPoint""}"
12741,2016:6001186326,2016-07-07T06:54:00,HIGHWAY 27 N,CARRIER DR,,2,Non-Fatal Injury,At Intersection,Traffic Signal,Rear End,Clear,Daylight,Dry,Major Arterial,FALSE,-79.60542707,43.739030429438785,2,Automobile or Station Wagon,North,2,82,None,Lap and Shoulder Belt,Driving properly,Normal,,,Going Ahead,,,,,driver,,Etobicoke North (1),23 Division,West Humber-Clairville,TRUE,FALSE,FALSE,TRUE,FALSE,TRUE,FALSE,FALSE,FALSE,FALSE,"{""coordinates"": [[-79.60542707444911, 43.739030429438785]], ""type"": ""MultiPoint""}"
12742,2016:6001186326,2016-07-07T06:54:00,HIGHWAY 27 N,CARRIER DR,,2,Non-Fatal Injury,At Intersection,Traffic Signal,Rear End,Clear,Daylight,Dry,Major Arterial,FALSE,-79.60542707,43.739030429438785,2,Motorcycle,North,1,56,Major,Helmet,Following too closely,Normal,,,Going Ahead,,,,,motorcyclist,,Etobicoke North (1),23 Division,West Humber-Clairville,TRUE,FALSE,FALSE,TRUE,FALSE,TRUE,FALSE,FALSE,FALSE,FALSE,"{""coordinates"": [[-79.60542707444911, 43.739030429438785]], ""type"": ""MultiPoint""}"
12743,2016:6001198953,2016-07-08T23:39:00,GALLOWAY RD,DEARHAM WOOD,31 m North of,2,Non-Fatal Injury,Intersection-Related,Stop Sign,SMV Other,Clear,Dark with Artificial Lighting,Dry,Collector,FALSE,-79.19073841,43.752774933491565,1,,,2,18,Minor,Lap and Shoulder Belt,,,,,,,,,,passenger,,Scarborough-Guildwood (24),43 Division,Guildwood,FALSE,FALSE,FALSE,FALSE,FALSE,FALSE,FALSE,FALSE,TRUE,FALSE,"{""coordinates"": [[-79.19073841450958, 43.752774933491565]], ""type"": ""MultiPoint""}"
12744,2016:6001198953,2016-07-08T23:39:00,GALLOWAY RD,DEARHAM WOOD,31 m North of,2,Non-Fatal Injury,Intersection-Related,Stop Sign,SMV Other,Clear,Dark with Artificial Lighting,Dry,Collector,FALSE,-79.19073841,43.752774933491565,1,Automobile or Station Wagon,West,1,18,Major,Lap and Shoulder Belt,Lost control,Normal,,,Turning Right,,,,,driver,,Scarborough-Guildwood (24),43 Division,Guildwood,FALSE,FALSE,FALSE,FALSE,FALSE,FALSE,FALSE,FALSE,TRUE,FALSE,"{""coordinates"": [[-79.19073841450958, 43.752774933491565]], ""type"": ""MultiPoint""}"
12745,2016:6001200915,2016-07-09T09:30:00,CHURCH ST,BLOOR ST E,,3,Non-Fatal Injury,Intersection-Related,Traffic Signal,Turning Movement,Clear,Daylight,Dry,Major Arterial,FALSE,-79.38315185,43.671033177558535,2,Automobile or Station Wagon,North,2,42,Major,Lap and Shoulder Belt,Driving properly,Normal,,,Going Ahead,,,,,driver,,University-Rosedale (11),51 Division,Church-Wellesley,TRUE,FALSE,FALSE,FALSE,FALSE,FALSE,FALSE,FALSE,FALSE,FALSE,"{""coordinates"": [[-79.38315184511487, 43.671033177558535]], ""type"": ""MultiPoint""}"
12746,2016:6001200915,2016-07-09T09:30:00,CHURCH ST,BLOOR ST E,,3,Non-Fatal Injury,Intersection-Related,Traffic Signal,Turning Movement,Clear,Daylight,Dry,Major Arterial,FALSE,-79.38315185,43.671033177558535,1,Automobile or Station Wagon,South,1,64,Minor,Lap and Shoulder Belt,Failed to yield right-of-way,Normal,,,Turning Left,,,,,driver,,University-Rosedale (11),51 Division,Church-Wellesley,TRUE,FALSE,FALSE,FALSE,FALSE,FALSE,FALSE,FALSE,FALSE,FALSE,"{""coordinates"": [[-79.38315184511487, 43.671033177558535]], ""type"": ""MultiPoint""}"
12747,2016:6001200915,2016-07-09T09:30:00,CHURCH ST,BLOOR ST E,,3,Non-Fatal Injury,Intersection-Related,Traffic Signal,Turning Movement,Clear,Daylight,Dry,Major Arterial,FALSE,-79.38315185,43.671033177558535,2,,,3,39,Major,Lap and Shoulder Belt,,,,,,,,,,passenger,,University-Rosedale (11),51 Division,Church-Wellesley,TRUE,FALSE,FALSE,FALSE,FALSE,FALSE,FALSE,FALSE,FALSE,FALSE,"{""coordinates"": [[-79.38315184511487, 43.671033177558535]], ""type"": ""MultiPoint""}"
12748,2016:6001210183,2016-07-10T20:24:00,WARDEN AVE,FINCH AVE E,105 m North of,2,Non-Fatal Injury,Non-Intersection,Traffic Signal,Turning Movement,Clear,Daylight,Dry,Major Arterial,FALSE,-79.31572357,43.79670107812154,2,Automobile or Station Wagon,North,1,43,None,Lap and Shoulder Belt,Failed to yield right-of-way,Normal,,,Turning Left,,,,,driver,,Scarborough-Agincourt (22),42 Division,East L'Amoreaux,TRUE,FALSE,FALSE,TRUE,FALSE,FALSE,FALSE,FALSE,FALSE,FALSE,"{""coordinates"": [[-79.31572356761963, 43.79670107812154]], ""type"": ""MultiPoint""}"
12749,2016:6001210183,2016-07-10T20:24:00,WARDEN AVE,FINCH AVE E,105 m North of,2,Non-Fatal Injury,Non-Intersection,Traffic Signal,Turning Movement,Clear,Daylight,Dry,Major Arterial,FALSE,-79.31572357,43.79670107812154,2,Motorcycle,South,2,40,Major,Helmet,Driving properly,Normal,,,Going Ahead,,,,,motorcyclist,,Scarborough-Agincourt (22),42 Division,East L'Amoreaux,TRUE,FALSE,FALSE,TRUE,FALSE,FALSE,FALSE,FALSE,FALSE,FALSE,"{""coordinates"": [[-79.31572356761963, 43.79670107812154]], ""type"": ""MultiPoint""}"
12750,2016:6001210944,2016-07-10T22:40:00,LAKE SHORE BLVD W,MARINE PARADE DR,,2,Non-Fatal Injury,At Intersection,Traffic Signal,Pedestrian Collision(internal code),Clear,Dark with Artificial Lighting,Dry,Major Arterial,FALSE,-79.48119812,43.622858339773344,1,,South,2,,Major,No Equipment Available,,,Crossing without right-of-way (intersection),Had Been Drinking,,Driver going straight hits pedestrian crossing without right-of-way (at intersection),,,,pedestrian,,Etobicoke-Lakeshore (3),22 Division,Humber Bay Shores,FALSE,FALSE,FALSE,FALSE,FALSE,FALSE,TRUE,FALSE,FALSE,FALSE,"{""coordinates"": [[-79.48119811759418, 43.622858339773344]], ""type"": ""MultiPoint""}"
12751,2016:6001210944,2016-07-10T22:40:00,LAKE SHORE BLVD W,MARINE PARADE DR,,2,Non-Fatal Injury,At Intersection,Traffic Signal,Pedestrian Collision(internal code),Clear,Dark with Artificial Lighting,Dry,Major Arterial,FALSE,-79.48119812,43.622858339773344,1,Automobile or Station Wagon,East,1,64,None,Lap and Shoulder Belt,Driving properly,Normal,,,Going Ahead,,,,,driver,,Etobicoke-Lakeshore (3),22 Division,Humber Bay Shores,FALSE,FALSE,FALSE,FALSE,FALSE,FALSE,TRUE,FALSE,FALSE,FALSE,"{""coordinates"": [[-79.48119811759418, 43.622858339773344]], ""type"": ""MultiPoint""}"
12752,2016:6001211373,2016-07-11T00:27:00,429 DUNDAS ST E,,15 m North of,5,Non-Fatal Injury,Intersection-Related,No Control,Cyclist Collision,Clear,Dark with Artificial Lighting,Dry,Major Arterial,FALSE,-79.36669583,43.65926515612712,2,Automobile or Station Wagon,East,2,21,None,Lap and Shoulder Belt,Driving properly,Normal,,,Going Ahead,,,,,driver,,Toronto Centre (13),51 Division,Moss Park,FALSE,FALSE,TRUE,FALSE,FALSE,FALSE,FALSE,FALSE,FALSE,FALSE,"{""coordinates"": [[-79.36669583130028, 43.65926515612712]], ""type"": ""MultiPoint""}"
12753,2016:6001211373,2016-07-11T00:27:00,429 DUNDAS ST E,,15 m North of,5,Non-Fatal Injury,Intersection-Related,No Control,Cyclist Collision,Clear,Dark with Artificial Lighting,Dry,Major Arterial,FALSE,-79.36669583,43.65926515612712,2,,,3,20,None,Lap and Shoulder Belt,,,,,,,,,,passenger,,Toronto Centre (13),51 Division,Moss Park,FALSE,FALSE,TRUE,FALSE,FALSE,FALSE,FALSE,FALSE,FALSE,FALSE,"{""coordinates"": [[-79.36669583130028, 43.65926515612712]], ""type"": ""MultiPoint""}"
12754,2016:6001211373,2016-07-11T00:27:00,429 DUNDAS ST E,,15 m North of,5,Non-Fatal Injury,Intersection-Related,No Control,Cyclist Collision,Clear,Dark with Artificial Lighting,Dry,Major Arterial,FALSE,-79.36669583,43.65926515612712,1,Bicycle,East,1,29,Major,No Equipment Available,,,,,Going Ahead,,Sideswipe with cyclist and driver travelling in same direction,Other,Had Been Drinking,cyclist,,Toronto Centre (13),51 Division,Moss Park,FALSE,FALSE,TRUE,FALSE,FALSE,FALSE,FALSE,FALSE,FALSE,FALSE,"{""coordinates"": [[-79.36669583130028, 43.65926515612712]], ""type"": ""MultiPoint""}"
12755,2016:6001219608,2016-07-12T09:10:00,AVENUE RD,CHAPLIN CRES,58 m South of,2,Non-Fatal Injury,Non-Intersection,Traffic Signal,Cyclist Collision,Clear,Daylight,Dry,Major Arterial,FALSE,-79.40614684,43.69876620289164,2,Automobile or Station Wagon,North,2,52,None,Lap and Shoulder Belt,Driving properly,Normal,,,Going Ahead,,,,,driver,,Toronto-St. Paul's (12),53 Division,Yonge-Eglinton,FALSE,TRUE,TRUE,FALSE,FALSE,FALSE,FALSE,FALSE,FALSE,FALSE,"{""coordinates"": [[-79.4061468447412, 43.69876620289164]], ""type"": ""MultiPoint""}"
12756,2016:6001219608,2016-07-12T09:10:00,AVENUE RD,CHAPLIN CRES,58 m South of,2,Non-Fatal Injury,Non-Intersection,Traffic Signal,Cyclist Collision,Clear,Daylight,Dry,Major Arterial,FALSE,-79.40614684,43.69876620289164,1,Bicycle,East,1,53,Major,Helmet,,,,,Going Ahead,,"Cyclist without right-of-way rides into path of driver (at intersection, laneway, or driveway)",Disobeyed Traffic Control,Inattentive,cyclist,,Toronto-St. Paul's (12),53 Division,Yonge-Eglinton,FALSE,TRUE,TRUE,FALSE,FALSE,FALSE,FALSE,FALSE,FALSE,FALSE,"{""coordinates"": [[-79.4061468447412, 43.69876620289164]], ""type"": ""MultiPoint""}"
12757,2016:6001220813,2016-07-12T12:35:00,PAPE AVE,COSBURN AVE,15 m South of,2,Non-Fatal Injury,Non-Intersection,Traffic Signal,Cyclist Collision,Clear,Daylight,Dry,Major Arterial,FALSE,-79.34880475,43.689420125711464,2,Passenger Van,South,2,69,None,Lap and Shoulder Belt,Driving properly,Normal,,,Going Ahead,,,,,driver,,Toronto-Danforth (14),55 Division,Danforth East York,FALSE,TRUE,TRUE,FALSE,FALSE,TRUE,FALSE,FALSE,TRUE,FALSE,"{""coordinates"": [[-79.34880475351301, 43.689420125711464]], ""type"": ""MultiPoint""}"
12758,2016:6001220813,2016-07-12T12:35:00,PAPE AVE,COSBURN AVE,15 m South of,2,Non-Fatal Injury,Non-Intersection,Traffic Signal,Cyclist Collision,Clear,Daylight,Dry,Major Arterial,FALSE,-79.34880475,43.689420125711464,1,Bicycle,North,1,15,Major,Helmet,,,,,Going Ahead,,Insufficient information to describe collision,Lost control,Inattentive,cyclist,,Toronto-Danforth (14),55 Division,Danforth East York,FALSE,TRUE,TRUE,FALSE,FALSE,TRUE,FALSE,FALSE,TRUE,FALSE,"{""coordinates"": [[-79.34880475351301, 43.689420125711464]], ""type"": ""MultiPoint""}"
12759,2016:6001222638,2016-07-12T17:10:00,BIRMINGHAM ST,ELSINORE PATH,,1,Fatal Injury,At Intersection,No Control,SMV Other,Clear,Daylight,Dry,Collector,FALSE,-79.51075421,43.60227739274617,1,Automobile or Station Wagon,West,1,57,Fatal,Lap and Shoulder Belt,Lost control,Medical or Physical Disability,,,Going Ahead,,,,,driver,46,Etobicoke-Lakeshore (3),22 Division,New Toronto,FALSE,FALSE,FALSE,FALSE,FALSE,FALSE,FALSE,FALSE,FALSE,FALSE,"{""coordinates"": [[-79.51075420788803, 43.60227739274617]], ""type"": ""MultiPoint""}"
12760,2016:6001228387,2016-07-13T14:13:00,JANE ST,WILLIAM CRAGG DR,,2,Non-Fatal Injury,Intersection-Related,No Control,Turning Movement,Clear,Daylight,Dry,Major Arterial,FALSE,-79.50896898,43.72235332995643,2,Motorcycle,North,2,24,Major,Helmet,Driving properly,Normal,,,Going Ahead,,,,,motorcyclist,,York Centre (6),31 Division,Oakdale-Beverley Heights,TRUE,FALSE,FALSE,TRUE,FALSE,FALSE,FALSE,FALSE,FALSE,FALSE,"{""coordinates"": [[-79.50896898391824, 43.72235332995643]], ""type"": ""MultiPoint""}"
12761,2016:6001228387,2016-07-13T14:13:00,JANE ST,WILLIAM CRAGG DR,,2,Non-Fatal Injury,Intersection-Related,No Control,Turning Movement,Clear,Daylight,Dry,Major Arterial,FALSE,-79.50896898,43.72235332995643,1,Automobile or Station Wagon,South,1,64,None,Lap and Shoulder Belt,Failed to yield right-of-way,Normal,,,Turning Left,,,,,driver,,York Centre (6),31 Division,Oakdale-Beverley Heights,TRUE,FALSE,FALSE,TRUE,FALSE,FALSE,FALSE,FALSE,FALSE,FALSE,"{""coordinates"": [[-79.50896898391824, 43.72235332995643]], ""type"": ""MultiPoint""}"
12762,2016:6001230859,2016-07-13T20:35:00,BAYVIEW AVE,BROADWAY AVE,8 m South of,3,Non-Fatal Injury,At/Near Private Drive,Traffic Signal,Turning Movement,Clear,Daylight,Dry,Major Arterial,FALSE,-79.37761277,43.713842160677466,1,Automobile or Station Wagon,East,1,53,Major,Lap and Shoulder Belt,Failed to yield right-of-way,Inattentive,,,Turning Left,,,,,driver,,Don Valley West (15),53 Division,Leaside-Bennington,TRUE,TRUE,FALSE,FALSE,FALSE,TRUE,FALSE,FALSE,FALSE,FALSE,"{""coordinates"": [[-79.37761276988944, 43.713842160677466]], ""type"": ""MultiPoint""}"
12763,2016:6001230859,2016-07-13T20:35:00,BAYVIEW AVE,BROADWAY AVE,8 m South of,3,Non-Fatal Injury,At/Near Private Drive,Traffic Signal,Turning Movement,Clear,Daylight,Dry,Major Arterial,FALSE,-79.37761277,43.713842160677466,2,Automobile or Station Wagon,North,2,68,Minimal,Lap and Shoulder Belt,Driving properly,Normal,,,Going Ahead,,,,,driver,,Don Valley West (15),53 Division,Leaside-Bennington,TRUE,TRUE,FALSE,FALSE,FALSE,TRUE,FALSE,FALSE,FALSE,FALSE,"{""coordinates"": [[-79.37761276988944, 43.713842160677466]], ""type"": ""MultiPoint""}"
12764,2016:6001230859,2016-07-13T20:35:00,BAYVIEW AVE,BROADWAY AVE,8 m South of,3,Non-Fatal Injury,At/Near Private Drive,Traffic Signal,Turning Movement,Clear,Daylight,Dry,Major Arterial,FALSE,-79.37761277,43.713842160677466,1,,,3,67,Minor,Equipment Not Used But Available,,,,,,,,,,passenger,,Don Valley West (15),53 Division,Leaside-Bennington,TRUE,TRUE,FALSE,FALSE,FALSE,TRUE,FALSE,FALSE,FALSE,FALSE,"{""coordinates"": [[-79.37761276988944, 43.713842160677466]], ""type"": ""MultiPoint""}"
12765,2016:6001231273,2016-07-13T22:05:00,UNIVERSITY AVE,GERRARD ST W,4 m North of,2,Non-Fatal Injury,Non-Intersection,Traffic Signal,Turning Movement,Clear,Dark with Artificial Lighting,Dry,Major Arterial,FALSE,-79.38947688,43.657518189821054,1,Automobile or Station Wagon,South,1,45,None,Lap and Shoulder Belt,Failed to yield right-of-way,Inattentive,,,Turning Left,,,,,driver,,University-Rosedale (11),52 Division,Yonge-Bay Corridor,TRUE,TRUE,FALSE,TRUE,FALSE,FALSE,FALSE,FALSE,FALSE,FALSE,"{""coordinates"": [[-79.38947687798775, 43.657518189821054]], ""type"": ""MultiPoint""}"
12766,2016:6001231273,2016-07-13T22:05:00,UNIVERSITY AVE,GERRARD ST W,4 m North of,2,Non-Fatal Injury,Non-Intersection,Traffic Signal,Turning Movement,Clear,Dark with Artificial Lighting,Dry,Major Arterial,FALSE,-79.38947688,43.657518189821054,2,Motorcycle,North,2,49,Major,Helmet,Driving properly,Normal,,,Going Ahead,,,,,motorcyclist,,University-Rosedale (11),52 Division,Yonge-Bay Corridor,TRUE,TRUE,FALSE,TRUE,FALSE,FALSE,FALSE,FALSE,FALSE,FALSE,"{""coordinates"": [[-79.38947687798775, 43.657518189821054]], ""type"": ""MultiPoint""}"
12767,2016:6001239571,2016-07-15T06:30:00,BAMBURGH CRCL,MONTAGUE PL,,2,Non-Fatal Injury,At Intersection,No Control,Pedestrian Collision(internal code),Clear,Daylight,Dry,Collector,FALSE,-79.32246756,43.81184208662045,1,,South,2,94,Major,Use Unknown,,,Crossing without right-of-way (intersection),Normal,,Driver going straight hits pedestrian crossing without right-of-way (at intersection),,,,pedestrian,,Scarborough-Agincourt (22),42 Division,Steeles,FALSE,FALSE,FALSE,FALSE,FALSE,TRUE,TRUE,FALSE,FALSE,FALSE,"{""coordinates"": [[-79.32246756420143, 43.81184208662045]], ""type"": ""MultiPoint""}"
12768,2016:6001239571,2016-07-15T06:30:00,BAMBURGH CRCL,MONTAGUE PL,,2,Non-Fatal Injury,At Intersection,No Control,Pedestrian Collision(internal code),Clear,Daylight,Dry,Collector,FALSE,-79.32246756,43.81184208662045,1,Automobile or Station Wagon,East,1,48,None,Use Unknown,Driving properly,Normal,,,Going Ahead,,,,,driver,,Scarborough-Agincourt (22),42 Division,Steeles,FALSE,FALSE,FALSE,FALSE,FALSE,TRUE,TRUE,FALSE,FALSE,FALSE,"{""coordinates"": [[-79.32246756420143, 43.81184208662045]], ""type"": ""MultiPoint""}"
12769,2016:6001249776,2016-07-16T18:21:00,MARKHAM RD,LAWRENCE AVE E,18 m South of,2,Non-Fatal Injury,Intersection-Related,No Control,SMV Other,Clear,Daylight,Dry,Major Arterial,FALSE,-79.22531536,43.7598096,1,Passenger Van,West,1,46,None,Lap and Shoulder Belt,Driving properly,Normal,,,Turning Right,,,,,driver,,Scarborough-Guildwood (24),43 Division,Golfdale-Cedarbrae-Woburn,FALSE,TRUE,FALSE,FALSE,FALSE,FALSE,TRUE,FALSE,FALSE,FALSE,"{""coordinates"": [[-79.22531536005302, 43.7598095951781]], ""type"": ""MultiPoint""}"
12770,2016:6001249776,2016-07-16T18:21:00,MARKHAM RD,LAWRENCE AVE E,18 m South of,2,Non-Fatal Injury,Intersection-Related,No Control,SMV Other,Clear,Daylight,Dry,Major Arterial,FALSE,-79.22531536,43.7598096,1,,Unknown,2,60,Major,Equipment Not Used But Available,,,Crossing without right-of-way (intersection),Inattentive,,Driver turns right into pedestrian crossing without right-of-way (at intersection),,,,pedestrian,,Scarborough-Guildwood (24),43 Division,Golfdale-Cedarbrae-Woburn,FALSE,TRUE,FALSE,FALSE,FALSE,FALSE,TRUE,FALSE,FALSE,FALSE,"{""coordinates"": [[-79.22531536005302, 43.7598095951781]], ""type"": ""MultiPoint""}"
12771,2016:6001250602,2016-07-16T21:11:00,STEELES AVE E,BESTVIEW DR,2 m North of,3,Non-Fatal Injury,Intersection-Related,No Control,Turning Movement,Clear,Dusk with Artificial Lighting,Dry,Major Arterial,FALSE,-79.38335067,43.80602015681131,2,Automobile or Station Wagon,West,1,75,None,Use Unknown,Failed to yield right-of-way,Normal,,,Turning Left,,,,,driver,,Don Valley North (17),33 Division,Bayview Woods-Steeles,TRUE,FALSE,FALSE,FALSE,FALSE,TRUE,FALSE,FALSE,FALSE,FALSE,"{""coordinates"": [[-79.38335066600192, 43.80602015681131]], ""type"": ""MultiPoint""}"
12772,2016:6001250602,2016-07-16T21:11:00,STEELES AVE E,BESTVIEW DR,2 m North of,3,Non-Fatal Injury,Intersection-Related,No Control,Turning Movement,Clear,Dusk with Artificial Lighting,Dry,Major Arterial,FALSE,-79.38335067,43.80602015681131,2,,,3,59,Major,Other Safety Equipment Used,,,,,,,,,,passenger,,Don Valley North (17),33 Division,Bayview Woods-Steeles,TRUE,FALSE,FALSE,FALSE,FALSE,TRUE,FALSE,FALSE,FALSE,FALSE,"{""coordinates"": [[-79.38335066600192, 43.80602015681131]], ""type"": ""MultiPoint""}"
12773,2016:6001250602,2016-07-16T21:11:00,STEELES AVE E,BESTVIEW DR,2 m North of,3,Non-Fatal Injury,Intersection-Related,No Control,Turning Movement,Clear,Dusk with Artificial Lighting,Dry,Major Arterial,FALSE,-79.38335067,43.80602015681131,2,Automobile or Station Wagon,East,2,60,Minimal,Other Safety Equipment Used,Driving properly,Normal,,,Going Ahead,,,,,driver,,Don Valley North (17),33 Division,Bayview Woods-Steeles,TRUE,FALSE,FALSE,FALSE,FALSE,TRUE,FALSE,FALSE,FALSE,FALSE,"{""coordinates"": [[-79.38335066600192, 43.80602015681131]], ""type"": ""MultiPoint""}"
12774,2016:6001269035,2016-07-19T18:50:00,RICHMOND ST W,PORTLAND ST,27 m West of,2,Non-Fatal Injury,At/Near Private Drive,No Control,Cyclist Collision,Clear,Daylight,Dry,Major Arterial,FALSE,-79.40108892,43.64689820962974,2,Automobile or Station Wagon,West,1,50,None,Lap and Shoulder Belt,Failed to yield right-of-way,Inattentive,,,Turning Right,,,,,driver,,Spadina-Fort York (10),14 Division,Wellington Place,TRUE,TRUE,TRUE,FALSE,FALSE,FALSE,FALSE,FALSE,FALSE,FALSE,"{""coordinates"": [[-79.40108891718906, 43.64689820962974]], ""type"": ""MultiPoint""}"
12775,2016:6001269035,2016-07-19T18:50:00,RICHMOND ST W,PORTLAND ST,27 m West of,2,Non-Fatal Injury,At/Near Private Drive,No Control,Cyclist Collision,Clear,Daylight,Dry,Major Arterial,FALSE,-79.40108892,43.64689820962974,2,Bicycle,West,2,26,Major,Helmet,,,,,Going Ahead,,"Driver turns right at non-signalized intersection (e.g. stop, yield, no control, driveway) and hits cyclist",Driving Properly,Normal,cyclist,,Spadina-Fort York (10),14 Division,Wellington Place,TRUE,TRUE,TRUE,FALSE,FALSE,FALSE,FALSE,FALSE,FALSE,FALSE,"{""coordinates"": [[-79.40108891718906, 43.64689820962974]], ""type"": ""MultiPoint""}"
12776,2016:6001283246,2016-07-21T21:27:00,THE EAST MALL,RATHBURN RD,137 m South of,3,Non-Fatal Injury,Non-Intersection,No Control,Cyclist Collision,Clear,Dark with Artificial Lighting,Dry,Minor Arterial,FALSE,-79.56346518,43.65320743125966,2,,,2,35,None,Lap and Shoulder Belt,,,,,,,,,,passenger,,Etobicoke Centre (2),22 Division,Islington,FALSE,FALSE,TRUE,FALSE,FALSE,TRUE,FALSE,FALSE,FALSE,FALSE,"{""coordinates"": [[-79.56346518237295, 43.65320743125966]], ""type"": ""MultiPoint""}"
12777,2016:6001283246,2016-07-21T21:27:00,THE EAST MALL,RATHBURN RD,137 m South of,3,Non-Fatal Injury,Non-Intersection,No Control,Cyclist Collision,Clear,Dark with Artificial Lighting,Dry,Minor Arterial,FALSE,-79.56346518,43.65320743125966,2,Passenger Van,West,3,68,None,Lap and Shoulder Belt,Other,Normal,,,Reversing,,,,,driver,,Etobicoke Centre (2),22 Division,Islington,FALSE,FALSE,TRUE,FALSE,FALSE,TRUE,FALSE,FALSE,FALSE,FALSE,"{""coordinates"": [[-79.56346518237295, 43.65320743125966]], ""type"": ""MultiPoint""}"
12778,2016:6001283246,2016-07-21T21:27:00,THE EAST MALL,RATHBURN RD,137 m South of,3,Non-Fatal Injury,Non-Intersection,No Control,Cyclist Collision,Clear,Dark with Artificial Lighting,Dry,Minor Arterial,FALSE,-79.56346518,43.65320743125966,2,Bicycle,South,1,24,Major,Helmet,,,,,Going Ahead,,Driver reversing hits cyclist,Driving Properly,Other Condition,cyclist,,Etobicoke Centre (2),22 Division,Islington,FALSE,FALSE,TRUE,FALSE,FALSE,TRUE,FALSE,FALSE,FALSE,FALSE,"{""coordinates"": [[-79.56346518237295, 43.65320743125966]], ""type"": ""MultiPoint""}"
12779,2016:6001283633,2016-07-21T22:47:00,JARVIS ST,DUNDAS ST E,7 m North of,2,Non-Fatal Injury,Intersection-Related,No Control,Pedestrian Collision(internal code),Clear,Dusk with Artificial Lighting,Dry,Major Arterial,FALSE,-79.37453085,43.65699216803175,1,Automobile or Station Wagon,North,2,86,None,Lap and Shoulder Belt,Driving properly,Normal,,,Going Ahead,,,,,driver,,Toronto Centre (13),51 Division,Moss Park,FALSE,FALSE,FALSE,FALSE,FALSE,TRUE,TRUE,FALSE,FALSE,FALSE,"{""coordinates"": [[-79.37453084984672, 43.65699216803175]], ""type"": ""MultiPoint""}"
12780,2016:6001283633,2016-07-21T22:47:00,JARVIS ST,DUNDAS ST E,7 m North of,2,Non-Fatal Injury,Intersection-Related,No Control,Pedestrian Collision(internal code),Clear,Dusk with Artificial Lighting,Dry,Major Arterial,FALSE,-79.37453085,43.65699216803175,1,Automobile or Station Wagon,East,1,61,Major,Use Unknown,,,Crossing - no traffic control,Normal,,Driver going straight hits pedestrian crossing without right-of-way (at intersection),,,,pedestrian,,Toronto Centre (13),51 Division,Moss Park,FALSE,FALSE,FALSE,FALSE,FALSE,TRUE,TRUE,FALSE,FALSE,FALSE,"{""coordinates"": [[-79.37453084984672, 43.65699216803175]], ""type"": ""MultiPoint""}"
12781,2016:6001284947,2016-07-22T06:30:00,LAWRENCE AVE W,WESTON RD,,2,Non-Fatal Injury,At Intersection,Traffic Signal,Turning Movement,Clear,Dawn with Artificial Lighting,Dry,Major Arterial,FALSE,-79.51615603,43.70008635,2,Motorcycle,East,2,35,Major,Helmet,Driving properly,Normal,,,Going Ahead,,,,,motorcyclist,,York South-Weston (5),12 Division,Weston,TRUE,TRUE,FALSE,TRUE,FALSE,FALSE,FALSE,FALSE,FALSE,FALSE,"{""coordinates"": [[-79.51615603418945, 43.7000863495448]], ""type"": ""MultiPoint""}"
12782,2016:6001284947,2016-07-22T06:30:00,LAWRENCE AVE W,WESTON RD,,2,Non-Fatal Injury,At Intersection,Traffic Signal,Turning Movement,Clear,Dawn with Artificial Lighting,Dry,Major Arterial,FALSE,-79.51615603,43.70008635,2,Automobile or Station Wagon,West,1,57,None,Lap and Shoulder Belt,Failed to yield right-of-way,Inattentive,,,Turning Left,,,,,driver,,York South-Weston (5),12 Division,Weston,TRUE,TRUE,FALSE,TRUE,FALSE,FALSE,FALSE,FALSE,FALSE,FALSE,"{""coordinates"": [[-79.51615603418945, 43.7000863495448]], ""type"": ""MultiPoint""}"