_id,collision_id,accdate,stname1,stname2,stname3,per_inv,acclass,accloc,traffictl,impactype,visible,light,rdsfcond,road_class,failtorem,longitude,latitude,veh_no,vehtype,initdir,per_no,invage,injury,safequip,drivact,drivcond,pedact,pedcond,manoeuvre,pedtype,cyclistype,cycact,cyccond,road_user,fatal_no,wardname,division,neighbourhood,aggressive,distracted,cyclist,motorcyclist,other_micromobility,older_adult,pedestrian,red_light,school_child,heavy_truck,geometry
13415,2017:7000503905,2017-03-21T16:06:00,401 C E VICTORIA PR N RAMP,VICTORIA PARK AVE,,2,Non-Fatal Injury,At Intersection,Traffic Signal,Pedestrian Collision(internal code),Clear,Daylight,Dry,Major Arterial,FALSE,-79.3191416,43.76685108079175,1,Automobile or Station Wagon,East,1,52,None,Lap and Shoulder Belt,Failed to yield right-of-way,Inattentive,,,Turning Right,,,,,driver,,Scarborough Centre (21),41 Division,Wexford/Maryvale,TRUE,TRUE,FALSE,FALSE,FALSE,TRUE,TRUE,FALSE,FALSE,FALSE,"{""coordinates"": [[-79.31914160091024, 43.76685108079175]], ""type"": ""MultiPoint""}"
13416,2017:7000503905,2017-03-21T16:06:00,401 C E VICTORIA PR N RAMP,VICTORIA PARK AVE,,2,Non-Fatal Injury,At Intersection,Traffic Signal,Pedestrian Collision(internal code),Clear,Daylight,Dry,Major Arterial,FALSE,-79.3191416,43.76685108079175,1,,North,2,65,Major,Use Unknown,,,Crossing with right-of-way (intersection),Normal,,Driver turns right into pedestrian crossing with right-of-way (at intersection),,,,pedestrian,,Scarborough Centre (21),41 Division,Wexford/Maryvale,TRUE,TRUE,FALSE,FALSE,FALSE,TRUE,TRUE,FALSE,FALSE,FALSE,"{""coordinates"": [[-79.31914160091024, 43.76685108079175]], ""type"": ""MultiPoint""}"
13417,2017:7000510048,2017-03-22T14:40:00,CARLAW AVE,RIVERDALE AVE,,2,Non-Fatal Injury,At Intersection,No Control,Pedestrian Collision(internal code),Clear,Daylight,Dry,Minor Arterial,TRUE,-79.34398277,43.67068612145308,1,Delivery Van,North,2,,None,Use Unknown,Lost control,Unknown,,,Going Ahead,,,,,driver,,Toronto-Danforth (14),55 Division,North Riverdale,FALSE,FALSE,FALSE,FALSE,FALSE,FALSE,TRUE,FALSE,FALSE,TRUE,"{""coordinates"": [[-79.34398277121235, 43.67068612145308]], ""type"": ""MultiPoint""}"
13418,2017:7000510048,2017-03-22T14:40:00,CARLAW AVE,RIVERDALE AVE,,2,Non-Fatal Injury,At Intersection,No Control,Pedestrian Collision(internal code),Clear,Daylight,Dry,Minor Arterial,TRUE,-79.34398277,43.67068612145308,1,,North,1,60,Major,No Equipment Available,,,Crossing with right-of-way (intersection),Normal,,Driver going straight hits pedestrian crossing with right-of-way (at intersection),,,,pedestrian,,Toronto-Danforth (14),55 Division,North Riverdale,FALSE,FALSE,FALSE,FALSE,FALSE,FALSE,TRUE,FALSE,FALSE,TRUE,"{""coordinates"": [[-79.34398277121235, 43.67068612145308]], ""type"": ""MultiPoint""}"
13419,2017:7000513794,2017-03-23T06:53:00,MARTIN GROVE RD,BRUNELLO GT,,2,Non-Fatal Injury,At Intersection,Stop Sign,Turning Movement,Clear,Dawn,Dry,Minor Arterial,FALSE,-79.60161204,43.75592641614754,2,Automobile or Station Wagon,South,2,29,Minimal,Lap and Shoulder Belt,Driving properly,Normal,,,Going Ahead,,,,,driver,,Etobicoke North (1),23 Division,West Humber-Clairville,TRUE,TRUE,FALSE,FALSE,FALSE,FALSE,FALSE,FALSE,FALSE,FALSE,"{""coordinates"": [[-79.60161204093583, 43.75592641614754]], ""type"": ""MultiPoint""}"
13420,2017:7000513794,2017-03-23T06:53:00,MARTIN GROVE RD,BRUNELLO GT,,2,Non-Fatal Injury,At Intersection,Stop Sign,Turning Movement,Clear,Dawn,Dry,Minor Arterial,FALSE,-79.60161204,43.75592641614754,1,Automobile or Station Wagon,East,1,56,Major,Lap and Shoulder Belt,Failed to yield right-of-way,Inattentive,,,Turning Left,,,,,driver,,Etobicoke North (1),23 Division,West Humber-Clairville,TRUE,TRUE,FALSE,FALSE,FALSE,FALSE,FALSE,FALSE,FALSE,FALSE,"{""coordinates"": [[-79.60161204093583, 43.75592641614754]], ""type"": ""MultiPoint""}"
13421,2017:7000525658,2017-03-24T22:13:00,FINCH AVE E,DORIS AVE,,2,Non-Fatal Injury,At Intersection,Traffic Signal,Cyclist Collision,Rain,Dark with Artificial Lighting,Wet,Major Arterial,FALSE,-79.41227374,43.78040519309387,1,Automobile or Station Wagon,North,1,53,None,Use Unknown,Improper turn,Inattentive,,,Turning Left,,,,,driver,,Willowdale (18),32 Division,East Willowdale,FALSE,TRUE,TRUE,FALSE,FALSE,FALSE,FALSE,FALSE,FALSE,FALSE,"{""coordinates"": [[-79.41227374008594, 43.78040519309387]], ""type"": ""MultiPoint""}"
13422,2017:7000525658,2017-03-24T22:13:00,FINCH AVE E,DORIS AVE,,2,Non-Fatal Injury,At Intersection,Traffic Signal,Cyclist Collision,Rain,Dark with Artificial Lighting,Wet,Major Arterial,FALSE,-79.41227374,43.78040519309387,2,Bicycle,South,2,21,Major,Helmet,,,,,Going Ahead,,Driver turns left into path of cyclist,Disobeyed Traffic Control,Inattentive,cyclist,,Willowdale (18),32 Division,East Willowdale,FALSE,TRUE,TRUE,FALSE,FALSE,FALSE,FALSE,FALSE,FALSE,FALSE,"{""coordinates"": [[-79.41227374008594, 43.78040519309387]], ""type"": ""MultiPoint""}"
13423,2017:7000532785,2017-03-26T02:54:00,LAWRENCE AVE W,WESTON RD,,2,Non-Fatal Injury,At Intersection,Traffic Signal,Pedestrian Collision(internal code),Rain,Dark with Artificial Lighting,Wet,Major Arterial,FALSE,-79.51615603,43.70008635,1,Automobile or Station Wagon,West,1,71,None,Lap and Shoulder Belt,Driving properly,Normal,,,Going Ahead,,,,,driver,,York South-Weston (5),12 Division,Weston,FALSE,FALSE,FALSE,FALSE,FALSE,TRUE,TRUE,FALSE,FALSE,FALSE,"{""coordinates"": [[-79.51615603418945, 43.7000863495448]], ""type"": ""MultiPoint""}"
13424,2017:7000532785,2017-03-26T02:54:00,LAWRENCE AVE W,WESTON RD,,2,Non-Fatal Injury,At Intersection,Traffic Signal,Pedestrian Collision(internal code),Rain,Dark with Artificial Lighting,Wet,Major Arterial,FALSE,-79.51615603,43.70008635,1,,South,2,33,Major,No Equipment Available,,,Crossing without right-of-way (intersection),Ability Impaired - Drugs,,Driver going straight hits pedestrian crossing without right-of-way (at intersection),,,,pedestrian,,York South-Weston (5),12 Division,Weston,FALSE,FALSE,FALSE,FALSE,FALSE,TRUE,TRUE,FALSE,FALSE,FALSE,"{""coordinates"": [[-79.51615603418945, 43.7000863495448]], ""type"": ""MultiPoint""}"
13425,2017:7000534714,2017-03-26T13:10:00,ELLESMERE RD,DOLLY VARDEN BLVD,,8,Non-Fatal Injury,At Intersection,Traffic Signal,Turning Movement,Clear,Daylight,Wet,Major Arterial,TRUE,-79.23495846,43.77566698279095,1,,,7,1,None,Child Safety Seat Used Correctly,,,,,,,,,,passenger,,Scarborough-Guildwood (24),43 Division,Woburn North,TRUE,TRUE,FALSE,FALSE,FALSE,TRUE,FALSE,TRUE,FALSE,FALSE,"{""coordinates"": [[-79.23495845887267, 43.77566698279095]], ""type"": ""MultiPoint""}"
13426,2017:7000534714,2017-03-26T13:10:00,ELLESMERE RD,DOLLY VARDEN BLVD,,8,Non-Fatal Injury,At Intersection,Traffic Signal,Turning Movement,Clear,Daylight,Wet,Major Arterial,TRUE,-79.23495846,43.77566698279095,2,,,5,22,Major,Lap and Shoulder Belt,,,,,,,,,,passenger,,Scarborough-Guildwood (24),43 Division,Woburn North,TRUE,TRUE,FALSE,FALSE,FALSE,TRUE,FALSE,TRUE,FALSE,FALSE,"{""coordinates"": [[-79.23495845887267, 43.77566698279095]], ""type"": ""MultiPoint""}"
13427,2017:7000534714,2017-03-26T13:10:00,ELLESMERE RD,DOLLY VARDEN BLVD,,8,Non-Fatal Injury,At Intersection,Traffic Signal,Turning Movement,Clear,Daylight,Wet,Major Arterial,TRUE,-79.23495846,43.77566698279095,2,,,4,22,Minimal,Lap and Shoulder Belt,,,,,,,,,,passenger,,Scarborough-Guildwood (24),43 Division,Woburn North,TRUE,TRUE,FALSE,FALSE,FALSE,TRUE,FALSE,TRUE,FALSE,FALSE,"{""coordinates"": [[-79.23495845887267, 43.77566698279095]], ""type"": ""MultiPoint""}"
13428,2017:7000534714,2017-03-26T13:10:00,ELLESMERE RD,DOLLY VARDEN BLVD,,8,Non-Fatal Injury,At Intersection,Traffic Signal,Turning Movement,Clear,Daylight,Wet,Major Arterial,TRUE,-79.23495846,43.77566698279095,1,,,6,70,Minimal,Lap and Shoulder Belt,,,,,,,,,,passenger,,Scarborough-Guildwood (24),43 Division,Woburn North,TRUE,TRUE,FALSE,FALSE,FALSE,TRUE,FALSE,TRUE,FALSE,FALSE,"{""coordinates"": [[-79.23495845887267, 43.77566698279095]], ""type"": ""MultiPoint""}"
13429,2017:7000534714,2017-03-26T13:10:00,ELLESMERE RD,DOLLY VARDEN BLVD,,8,Non-Fatal Injury,At Intersection,Traffic Signal,Turning Movement,Clear,Daylight,Wet,Major Arterial,TRUE,-79.23495846,43.77566698279095,2,,,3,24,Minimal,Lap and Shoulder Belt,,,,,,,,,,passenger,,Scarborough-Guildwood (24),43 Division,Woburn North,TRUE,TRUE,FALSE,FALSE,FALSE,TRUE,FALSE,TRUE,FALSE,FALSE,"{""coordinates"": [[-79.23495845887267, 43.77566698279095]], ""type"": ""MultiPoint""}"
13430,2017:7000534714,2017-03-26T13:10:00,ELLESMERE RD,DOLLY VARDEN BLVD,,8,Non-Fatal Injury,At Intersection,Traffic Signal,Turning Movement,Clear,Daylight,Wet,Major Arterial,TRUE,-79.23495846,43.77566698279095,2,Automobile or Station Wagon,East,2,27,None,Use Unknown,Driving properly,Normal,,,Turning Left,,,,,driver,,Scarborough-Guildwood (24),43 Division,Woburn North,TRUE,TRUE,FALSE,FALSE,FALSE,TRUE,FALSE,TRUE,FALSE,FALSE,"{""coordinates"": [[-79.23495845887267, 43.77566698279095]], ""type"": ""MultiPoint""}"
13431,2017:7000534714,2017-03-26T13:10:00,ELLESMERE RD,DOLLY VARDEN BLVD,,8,Non-Fatal Injury,At Intersection,Traffic Signal,Turning Movement,Clear,Daylight,Wet,Major Arterial,TRUE,-79.23495846,43.77566698279095,1,,,8,3,None,Child Safety Seat Used Correctly,,,,,,,,,,passenger,,Scarborough-Guildwood (24),43 Division,Woburn North,TRUE,TRUE,FALSE,FALSE,FALSE,TRUE,FALSE,TRUE,FALSE,FALSE,"{""coordinates"": [[-79.23495845887267, 43.77566698279095]], ""type"": ""MultiPoint""}"
13432,2017:7000534714,2017-03-26T13:10:00,ELLESMERE RD,DOLLY VARDEN BLVD,,8,Non-Fatal Injury,At Intersection,Traffic Signal,Turning Movement,Clear,Daylight,Wet,Major Arterial,TRUE,-79.23495846,43.77566698279095,1,Automobile or Station Wagon,West,1,69,Minimal,Lap and Shoulder Belt,Disobeyed traffic control,Inattentive,,,Going Ahead,,,,,driver,,Scarborough-Guildwood (24),43 Division,Woburn North,TRUE,TRUE,FALSE,FALSE,FALSE,TRUE,FALSE,TRUE,FALSE,FALSE,"{""coordinates"": [[-79.23495845887267, 43.77566698279095]], ""type"": ""MultiPoint""}"
13433,2017:7000539360,2017-03-27T08:55:00,EGLINTON AVE W,RUSSELL HILL RD,3 m East of,2,Non-Fatal Injury,Non-Intersection,Traffic Controller,Other,Clear,Daylight,Wet,Major Arterial,FALSE,-79.41546285,43.70304621437564,1,Municipal Transit Bus (TTC),East,1,46,Major,No Equipment Available,Driving properly,Normal,,,Going Ahead,,,,,driver,,Toronto-St. Paul's (12),53 Division,Forest Hill South,FALSE,FALSE,FALSE,FALSE,FALSE,FALSE,FALSE,FALSE,FALSE,TRUE,"{""coordinates"": [[-79.41546285483423, 43.70304621437564]], ""type"": ""MultiPoint""}"
13434,2017:7000539360,2017-03-27T08:55:00,EGLINTON AVE W,RUSSELL HILL RD,3 m East of,2,Non-Fatal Injury,Non-Intersection,Traffic Controller,Other,Clear,Daylight,Wet,Major Arterial,FALSE,-79.41546285,43.70304621437564,1,,,2,28,Minor,No Equipment Available,,,,,,,,,,passenger,,Toronto-St. Paul's (12),53 Division,Forest Hill South,FALSE,FALSE,FALSE,FALSE,FALSE,FALSE,FALSE,FALSE,FALSE,TRUE,"{""coordinates"": [[-79.41546285483423, 43.70304621437564]], ""type"": ""MultiPoint""}"
13435,2017:7000545198,2017-03-28T06:00:00,2800 WARDEN AVE,,,2,Non-Fatal Injury,Non-Intersection,Pedestrian Crossover,Pedestrian Collision(internal code),Clear,Dark,Dry,Major Arterial,FALSE,-79.31495257,43.79467208,1,Automobile or Station Wagon,North,2,26,None,Lap and Shoulder Belt,Disobeyed traffic control,Inattentive,,,Going Ahead,,,,,driver,,Scarborough-Agincourt (22),42 Division,L'Amoreaux West,TRUE,TRUE,FALSE,FALSE,FALSE,TRUE,TRUE,FALSE,FALSE,FALSE,"{""coordinates"": [[-79.31495256826163, 43.7946720771128]], ""type"": ""MultiPoint""}"
13436,2017:7000545198,2017-03-28T06:00:00,2800 WARDEN AVE,,,2,Non-Fatal Injury,Non-Intersection,Pedestrian Crossover,Pedestrian Collision(internal code),Clear,Dark,Dry,Major Arterial,FALSE,-79.31495257,43.79467208,1,,East,1,66,Major,Use Unknown,,,Crossing - pedestrian crossover,Normal,,Driver hits pedestrian at PXO/pedestrian midblock signal,,,,pedestrian,,Scarborough-Agincourt (22),42 Division,L'Amoreaux West,TRUE,TRUE,FALSE,FALSE,FALSE,TRUE,TRUE,FALSE,FALSE,FALSE,"{""coordinates"": [[-79.31495256826163, 43.7946720771128]], ""type"": ""MultiPoint""}"
13437,2017:7000557720,2017-03-30T00:15:00,SCARBOROUGH GOLF CLUB RD,LAWRENCE AVE E,,3,Non-Fatal Injury,At Intersection,Traffic Signal,Angle,Clear,Dark with Artificial Lighting,Dry,Major Arterial,FALSE,-79.21580149,43.761777969743825,2,,,3,73,None,Air Bag Deployed,,,,,,,,,,passenger,,Scarborough-Guildwood (24),43 Division,Golfdale-Cedarbrae-Woburn,TRUE,FALSE,FALSE,FALSE,FALSE,TRUE,FALSE,TRUE,TRUE,FALSE,"{""coordinates"": [[-79.21580149044927, 43.761777969743825]], ""type"": ""MultiPoint""}"
13438,2017:7000557720,2017-03-30T00:15:00,SCARBOROUGH GOLF CLUB RD,LAWRENCE AVE E,,3,Non-Fatal Injury,At Intersection,Traffic Signal,Angle,Clear,Dark with Artificial Lighting,Dry,Major Arterial,FALSE,-79.21580149,43.761777969743825,2,Automobile or Station Wagon,East,2,56,Minor,Air Bag Deployed,Driving properly,Normal,,,Going Ahead,,,,,driver,,Scarborough-Guildwood (24),43 Division,Golfdale-Cedarbrae-Woburn,TRUE,FALSE,FALSE,FALSE,FALSE,TRUE,FALSE,TRUE,TRUE,FALSE,"{""coordinates"": [[-79.21580149044927, 43.761777969743825]], ""type"": ""MultiPoint""}"
13439,2017:7000557720,2017-03-30T00:15:00,SCARBOROUGH GOLF CLUB RD,LAWRENCE AVE E,,3,Non-Fatal Injury,At Intersection,Traffic Signal,Angle,Clear,Dark with Artificial Lighting,Dry,Major Arterial,FALSE,-79.21580149,43.761777969743825,1,Automobile or Station Wagon,North,1,19,Major,Air Bag Deployed,Disobeyed traffic control,Unknown,,,Going Ahead,,,,,driver,,Scarborough-Guildwood (24),43 Division,Golfdale-Cedarbrae-Woburn,TRUE,FALSE,FALSE,FALSE,FALSE,TRUE,FALSE,TRUE,TRUE,FALSE,"{""coordinates"": [[-79.21580149044927, 43.761777969743825]], ""type"": ""MultiPoint""}"
13440,2017:7000566327,2017-03-31T10:50:00,PASSMORE AVE,SILVER STAR BLVD,,2,Non-Fatal Injury,At Intersection,Traffic Signal,Turning Movement,Clear,Daylight,Dry,Collector,FALSE,-79.29806152,43.819898059272184,1,Passenger Van,South,1,60,Major,Lap and Shoulder Belt,Disobeyed traffic control,Normal,,,Turning Left,,,,,driver,,Scarborough-Agincourt (22),42 Division,Milliken,TRUE,FALSE,FALSE,FALSE,FALSE,FALSE,FALSE,TRUE,FALSE,FALSE,"{""coordinates"": [[-79.29806151865472, 43.819898059272184]], ""type"": ""MultiPoint""}"
13441,2017:7000566327,2017-03-31T10:50:00,PASSMORE AVE,SILVER STAR BLVD,,2,Non-Fatal Injury,At Intersection,Traffic Signal,Turning Movement,Clear,Daylight,Dry,Collector,FALSE,-79.29806152,43.819898059272184,2,Passenger Van,West,2,46,Minor,Lap and Shoulder Belt,Driving properly,Normal,,,Going Ahead,,,,,driver,,Scarborough-Agincourt (22),42 Division,Milliken,TRUE,FALSE,FALSE,FALSE,FALSE,FALSE,FALSE,TRUE,FALSE,FALSE,"{""coordinates"": [[-79.29806151865472, 43.819898059272184]], ""type"": ""MultiPoint""}"
13442,2017:7001074054,2017-06-16T15:13:00,DUFFERIN ST,HUNTER AVE,200 m South of,3,Non-Fatal Injury,Non-Intersection,No Control,Rear End,Clear,Daylight,Dry,Major Arterial,FALSE,-79.44945893,43.693636264117714,2,,,3,17,Minor,Lap and Shoulder Belt,,,,,,,,,,passenger,,Davenport (9),13 Division,Caledonia-Fairbank,TRUE,TRUE,FALSE,FALSE,FALSE,FALSE,FALSE,FALSE,TRUE,FALSE,"{""coordinates"": [[-79.4494589325172, 43.693636264117714]], ""type"": ""MultiPoint""}"
13443,2017:7000570934,2017-04-01T02:08:00,MARGUERETTA ST,BLOOR ST W,34 m South of,2,Non-Fatal Injury,Non-Intersection,No Control,Pedestrian Collision(internal code),Clear,Dark with Artificial Lighting,Wet,Local,TRUE,-79.44021297,43.65843726382196,1,,North,2,24,Major,Use Unknown,,,Running onto roadway,Normal,,Driver hits pedestrian at midblock,,,,pedestrian,,Davenport (9),11 Division,Dufferin Grove,FALSE,FALSE,FALSE,FALSE,FALSE,FALSE,TRUE,FALSE,FALSE,FALSE,"{""coordinates"": [[-79.44021297465589, 43.65843726382196]], ""type"": ""MultiPoint""}"
13444,2017:7000570934,2017-04-01T02:08:00,MARGUERETTA ST,BLOOR ST W,34 m South of,2,Non-Fatal Injury,Non-Intersection,No Control,Pedestrian Collision(internal code),Clear,Dark with Artificial Lighting,Wet,Local,TRUE,-79.44021297,43.65843726382196,1,Automobile or Station Wagon,South,1,,None,Use Unknown,Other,Unknown,,,Going Ahead,,,,,driver,,Davenport (9),11 Division,Dufferin Grove,FALSE,FALSE,FALSE,FALSE,FALSE,FALSE,TRUE,FALSE,FALSE,FALSE,"{""coordinates"": [[-79.44021297465589, 43.65843726382196]], ""type"": ""MultiPoint""}"
13445,2017:7000576786,2017-04-02T00:04:00,MARTIN GROVE RD,JEFFCOAT DR,120 m South of,1,Non-Fatal Injury,Non-Intersection,No Control,SMV Other,Clear,Dark with Artificial Lighting,Dry,Major Arterial,FALSE,-79.58281409,43.71760741680489,1,Automobile or Station Wagon,South,1,62,Major,Lap and Shoulder Belt,Speed too fast for conditions,Inattentive,,,Unknown,,,,,driver,,Etobicoke North (1),23 Division,West Humber-Clairville,TRUE,TRUE,FALSE,FALSE,FALSE,FALSE,FALSE,FALSE,FALSE,FALSE,"{""coordinates"": [[-79.58281408632756, 43.71760741680489]], ""type"": ""MultiPoint""}"
13446,2017:7000578380,2017-04-02T09:05:00,PHARMACY AVE,STEELES AVE E,,2,Non-Fatal Injury,At Intersection,Traffic Signal,Pedestrian Collision(internal code),Clear,Daylight,Dry,Major Arterial,FALSE,-79.33642158,43.8167851,1,Automobile or Station Wagon,South,1,65,None,Lap and Shoulder Belt,Failed to yield right-of-way,Inattentive,,,Turning Left,,,,,driver,,Scarborough-Agincourt (22),42 Division,Steeles,TRUE,TRUE,FALSE,FALSE,FALSE,TRUE,TRUE,FALSE,FALSE,FALSE,"{""coordinates"": [[-79.33642158136378, 43.8167851027036]], ""type"": ""MultiPoint""}"
13447,2017:7000578380,2017-04-02T09:05:00,PHARMACY AVE,STEELES AVE E,,2,Non-Fatal Injury,At Intersection,Traffic Signal,Pedestrian Collision(internal code),Clear,Daylight,Dry,Major Arterial,FALSE,-79.33642158,43.8167851,1,,Unknown,2,62,Major,No Equipment Available,,,Crossing with right-of-way (intersection),Normal,,Driver turns left into pedestrian crossing with right-of-way (at intersection),,,,pedestrian,,Scarborough-Agincourt (22),42 Division,Steeles,TRUE,TRUE,FALSE,FALSE,FALSE,TRUE,TRUE,FALSE,FALSE,FALSE,"{""coordinates"": [[-79.33642158136378, 43.8167851027036]], ""type"": ""MultiPoint""}"
13448,2017:7000585076,2017-04-03T10:53:00,THE EAST MALL,BURNHAMTHORPE RD,,3,Non-Fatal Injury,Intersection-Related,Traffic Signal,Pedestrian Collision(internal code),Clear,Daylight,Dry,Major Arterial,FALSE,-79.55994819,43.64623043090508,1,,South,3,50,Major,Use Unknown,,,Crossing with right-of-way (intersection),Normal,,Driver turns left into pedestrian crossing with right-of-way (at intersection),,,,pedestrian,,Etobicoke Centre (2),22 Division,Islington,FALSE,FALSE,FALSE,FALSE,FALSE,TRUE,TRUE,FALSE,FALSE,FALSE,"{""coordinates"": [[-79.55994819085272, 43.64623043090508]], ""type"": ""MultiPoint""}"
13449,2017:7000585076,2017-04-03T10:53:00,THE EAST MALL,BURNHAMTHORPE RD,,3,Non-Fatal Injury,Intersection-Related,Traffic Signal,Pedestrian Collision(internal code),Clear,Daylight,Dry,Major Arterial,FALSE,-79.55994819,43.64623043090508,1,Automobile or Station Wagon,North,1,84,None,Lap and Shoulder Belt,Improper turn,Normal,,,Turning Left,,,,,driver,,Etobicoke Centre (2),22 Division,Islington,FALSE,FALSE,FALSE,FALSE,FALSE,TRUE,TRUE,FALSE,FALSE,FALSE,"{""coordinates"": [[-79.55994819085272, 43.64623043090508]], ""type"": ""MultiPoint""}"
13450,2017:7000585076,2017-04-03T10:53:00,THE EAST MALL,BURNHAMTHORPE RD,,3,Non-Fatal Injury,Intersection-Related,Traffic Signal,Pedestrian Collision(internal code),Clear,Daylight,Dry,Major Arterial,FALSE,-79.55994819,43.64623043090508,1,,,2,91,None,Lap and Shoulder Belt,,,,,,,,,,passenger,,Etobicoke Centre (2),22 Division,Islington,FALSE,FALSE,FALSE,FALSE,FALSE,TRUE,TRUE,FALSE,FALSE,FALSE,"{""coordinates"": [[-79.55994819085272, 43.64623043090508]], ""type"": ""MultiPoint""}"
13451,2017:7000589620,2017-04-04T00:10:00,MCLEVIN AVE,TAPSCOTT RD,,2,Non-Fatal Injury,At Intersection,Traffic Signal,Pedestrian Collision(internal code),Rain,Dark with Artificial Lighting,Wet,Minor Arterial,FALSE,-79.22665043,43.80510898014628,1,,North,2,19,Major,Use Unknown,,,Crossing with right-of-way (intersection),Normal,,Driver turns left into pedestrian crossing with right-of-way (at intersection),,,,pedestrian,,Scarborough North (23),42 Division,Malvern West,FALSE,TRUE,FALSE,FALSE,FALSE,FALSE,TRUE,FALSE,TRUE,FALSE,"{""coordinates"": [[-79.22665042514394, 43.80510898014628]], ""type"": ""MultiPoint""}"
13452,2017:7000589620,2017-04-04T00:10:00,MCLEVIN AVE,TAPSCOTT RD,,2,Non-Fatal Injury,At Intersection,Traffic Signal,Pedestrian Collision(internal code),Rain,Dark with Artificial Lighting,Wet,Minor Arterial,FALSE,-79.22665043,43.80510898014628,1,Pickup Truck,East,1,40,None,Use Unknown,Improper turn,Inattentive,,,Turning Left,,,,,driver,,Scarborough North (23),42 Division,Malvern West,FALSE,TRUE,FALSE,FALSE,FALSE,FALSE,TRUE,FALSE,TRUE,FALSE,"{""coordinates"": [[-79.22665042514394, 43.80510898014628]], ""type"": ""MultiPoint""}"
13453,2017:7000591252,2017-04-04T08:53:00,DUFFERIN ST,DUNDAS ST W,,2,Non-Fatal Injury,At Intersection,Traffic Signal,Pedestrian Collision(internal code),Rain,Daylight,Wet,Minor Arterial,FALSE,-79.43141597,43.64957625391223,1,,South,2,67,Major,No Equipment Available,,,Crossing with right-of-way (intersection),Normal,,Driver turns left into pedestrian crossing with right-of-way (at intersection),,,,pedestrian,,Davenport (9),14 Division,Little Portugal,TRUE,FALSE,FALSE,FALSE,FALSE,TRUE,TRUE,FALSE,FALSE,FALSE,"{""coordinates"": [[-79.43141597232615, 43.64957625391223]], ""type"": ""MultiPoint""}"
13454,2017:7000591252,2017-04-04T08:53:00,DUFFERIN ST,DUNDAS ST W,,2,Non-Fatal Injury,At Intersection,Traffic Signal,Pedestrian Collision(internal code),Rain,Daylight,Wet,Minor Arterial,FALSE,-79.43141597,43.64957625391223,1,Automobile or Station Wagon,South,1,33,None,Lap Belt Only of Combined Assembly,Failed to yield right-of-way,Normal,,,Turning Left,,,,,driver,,Davenport (9),14 Division,Little Portugal,TRUE,FALSE,FALSE,FALSE,FALSE,TRUE,TRUE,FALSE,FALSE,FALSE,"{""coordinates"": [[-79.43141597232615, 43.64957625391223]], ""type"": ""MultiPoint""}"
13455,2017:7000600536,2017-04-05T14:54:00,4 RIDGEMOUNT RD,CHAPMAN RD,2 m East of,3,Non-Fatal Injury,At/Near Private Drive,No Control,Pedestrian Collision(internal code),Clear,Daylight,Dry,Local,FALSE,-79.52219006,43.68897036234483,1,Automobile or Station Wagon,West,1,36,None,Lap and Shoulder Belt,Other,,,,Reversing,,,,,driver,,Etobicoke Centre (2),23 Division,Humber Heights-Westmount,FALSE,FALSE,FALSE,FALSE,FALSE,TRUE,TRUE,FALSE,FALSE,FALSE,"{""coordinates"": [[-79.52219006248141, 43.68897036234483]], ""type"": ""MultiPoint""}"
13456,2017:7000600536,2017-04-05T14:54:00,4 RIDGEMOUNT RD,CHAPMAN RD,2 m East of,3,Non-Fatal Injury,At/Near Private Drive,No Control,Pedestrian Collision(internal code),Clear,Daylight,Dry,Local,FALSE,-79.52219006,43.68897036234483,1,,North,2,57,Minimal,No Equipment Available,,,Other,Normal,,Driver reversing hits pedestrian,,,,pedestrian,,Etobicoke Centre (2),23 Division,Humber Heights-Westmount,FALSE,FALSE,FALSE,FALSE,FALSE,TRUE,TRUE,FALSE,FALSE,FALSE,"{""coordinates"": [[-79.52219006248141, 43.68897036234483]], ""type"": ""MultiPoint""}"
13457,2017:7000600536,2017-04-05T14:54:00,4 RIDGEMOUNT RD,CHAPMAN RD,2 m East of,3,Non-Fatal Injury,At/Near Private Drive,No Control,Pedestrian Collision(internal code),Clear,Daylight,Dry,Local,FALSE,-79.52219006,43.68897036234483,1,,North,3,86,Major,No Equipment Available,,,Other,Normal,,Driver reversing hits pedestrian,,,,pedestrian,,Etobicoke Centre (2),23 Division,Humber Heights-Westmount,FALSE,FALSE,FALSE,FALSE,FALSE,TRUE,TRUE,FALSE,FALSE,FALSE,"{""coordinates"": [[-79.52219006248141, 43.68897036234483]], ""type"": ""MultiPoint""}"
13458,2017:7000606743,2017-04-06T14:03:00,CLIFFSIDE DR,FOLCROFT AVE,10 m North of,2,Fatal Injury,Intersection-Related,No Control,Other,Rain,Daylight,Wet,Local,FALSE,-79.25123956,43.70121199101796,0,,,1,59,Fatal,,,,,,,,,,,passenger,15,Scarborough Southwest (20),41 Division,Birchcliffe-Cliffside,FALSE,FALSE,FALSE,FALSE,FALSE,FALSE,FALSE,FALSE,FALSE,TRUE,"{""coordinates"": [[-79.25123955922496, 43.70121199101796]], ""type"": ""MultiPoint""}"
13459,2017:7000606743,2017-04-06T14:03:00,CLIFFSIDE DR,FOLCROFT AVE,10 m North of,2,Fatal Injury,Intersection-Related,No Control,Other,Rain,Daylight,Wet,Local,FALSE,-79.25123956,43.70121199101796,0,Truck - Closed,North,2,51,None,,Driving properly,Normal,,,Going Ahead,,,,,driver,,Scarborough Southwest (20),41 Division,Birchcliffe-Cliffside,FALSE,FALSE,FALSE,FALSE,FALSE,FALSE,FALSE,FALSE,FALSE,TRUE,"{""coordinates"": [[-79.25123955922496, 43.70121199101796]], ""type"": ""MultiPoint""}"