_id,collision_id,accdate,stname1,stname2,stname3,per_inv,acclass,accloc,traffictl,impactype,visible,light,rdsfcond,road_class,failtorem,longitude,latitude,veh_no,vehtype,initdir,per_no,invage,injury,safequip,drivact,drivcond,pedact,pedcond,manoeuvre,pedtype,cyclistype,cycact,cyccond,road_user,fatal_no,wardname,division,neighbourhood,aggressive,distracted,cyclist,motorcyclist,other_micromobility,older_adult,pedestrian,red_light,school_child,heavy_truck,geometry
13641,2017:7000981173,2017-06-03T01:56:00,EGLINTON AVE W,MIRANDA AVE,25 m East of,2,Non-Fatal Injury,Intersection-Related,Stop Sign,Pedestrian Collision(internal code),Clear,Dark with Artificial Lighting,Dry,Major Arterial,FALSE,-79.45505894,43.69455127149557,1,,South,1,21,Major,Use Unknown,,,Crossing - no traffic control,Normal,,Driver hits pedestrian at midblock,,,,pedestrian,,Davenport (9),13 Division,Caledonia-Fairbank,TRUE,FALSE,FALSE,FALSE,FALSE,FALSE,TRUE,FALSE,FALSE,FALSE,"{""coordinates"": [[-79.45505894123876, 43.69455127149557]], ""type"": ""MultiPoint""}"
13642,2017:7000983227,2017-06-03T11:34:00,RIDGEMOOR AVE,KINGSTON RD,,2,Fatal Injury,At Intersection,Traffic Signal,Pedestrian Collision(internal code),Clear,Daylight,Dry,Major Arterial,FALSE,-79.25125455,43.70626599,2,Automobile or Station Wagon,North,2,59,None,,Failed to yield right-of-way,Inattentive,,,Turning Left,,,,,driver,,Scarborough Southwest (20),41 Division,Birchcliffe-Cliffside,TRUE,TRUE,FALSE,FALSE,FALSE,TRUE,TRUE,FALSE,FALSE,FALSE,"{""coordinates"": [[-79.25125455333321, 43.7062659914673]], ""type"": ""MultiPoint""}"
13643,2017:7000983227,2017-06-03T11:34:00,RIDGEMOOR AVE,KINGSTON RD,,2,Fatal Injury,At Intersection,Traffic Signal,Pedestrian Collision(internal code),Clear,Daylight,Dry,Major Arterial,FALSE,-79.25125455,43.70626599,0,,Unknown,1,70,Fatal,,,,Crossing with right-of-way (intersection),Normal,,Driver turns left into pedestrian crossing with right-of-way (at intersection),,,,pedestrian,26,Scarborough Southwest (20),41 Division,Birchcliffe-Cliffside,TRUE,TRUE,FALSE,FALSE,FALSE,TRUE,TRUE,FALSE,FALSE,FALSE,"{""coordinates"": [[-79.25125455333321, 43.7062659914673]], ""type"": ""MultiPoint""}"
13644,2017:7001005616,2017-06-03T23:30:00,ST CLAIR AVE W,CALEDONIA RD,,2,Non-Fatal Injury,Intersection-Related,Traffic Signal,Cyclist Collision,Clear,Dark with Artificial Lighting,Dry,Major Arterial,TRUE,-79.45473097,43.67527927852286,1,Automobile or Station Wagon,West,1,,None,Use Unknown,Improper passing,Inattentive,,,Going Ahead,,,,,driver,,Davenport (9),13 Division,Corso Italia-Davenport,TRUE,TRUE,TRUE,FALSE,FALSE,FALSE,FALSE,FALSE,FALSE,FALSE,"{""coordinates"": [[-79.45473097376865, 43.67527927852286]], ""type"": ""MultiPoint""}"
13645,2017:7001005616,2017-06-03T23:30:00,ST CLAIR AVE W,CALEDONIA RD,,2,Non-Fatal Injury,Intersection-Related,Traffic Signal,Cyclist Collision,Clear,Dark with Artificial Lighting,Dry,Major Arterial,TRUE,-79.45473097,43.67527927852286,2,Bicycle,West,2,41,Major,No Equipment Available,,,,,Going Ahead,,Sideswipe with cyclist and driver travelling in same direction,Driving Properly,Normal,cyclist,,Davenport (9),13 Division,Corso Italia-Davenport,TRUE,TRUE,TRUE,FALSE,FALSE,FALSE,FALSE,FALSE,FALSE,FALSE,"{""coordinates"": [[-79.45473097376865, 43.67527927852286]], ""type"": ""MultiPoint""}"
13646,2017:7000998235,2017-06-05T17:32:00,KIPLING AVE,NAMCO RD,,3,Non-Fatal Injury,At Intersection,Stop Sign,Angle,Clear,Daylight,Dry,Major Arterial,FALSE,-79.56505208,43.70815440187811,1,Automobile or Station Wagon,East,1,30,None,Lap and Shoulder Belt,Failed to yield right-of-way,Normal,,,Going Ahead,,,,,driver,,Etobicoke North (1),23 Division,West Humber-Clairville,TRUE,FALSE,FALSE,TRUE,FALSE,FALSE,FALSE,FALSE,FALSE,FALSE,"{""coordinates"": [[-79.56505208150915, 43.70815440187811]], ""type"": ""MultiPoint""}"
13647,2017:7000998235,2017-06-05T17:32:00,KIPLING AVE,NAMCO RD,,3,Non-Fatal Injury,At Intersection,Stop Sign,Angle,Clear,Daylight,Dry,Major Arterial,FALSE,-79.56505208,43.70815440187811,1,,,3,58,None,Lap and Shoulder Belt,,,,,,,,,,passenger,,Etobicoke North (1),23 Division,West Humber-Clairville,TRUE,FALSE,FALSE,TRUE,FALSE,FALSE,FALSE,FALSE,FALSE,FALSE,"{""coordinates"": [[-79.56505208150915, 43.70815440187811]], ""type"": ""MultiPoint""}"
13648,2017:7000998235,2017-06-05T17:32:00,KIPLING AVE,NAMCO RD,,3,Non-Fatal Injury,At Intersection,Stop Sign,Angle,Clear,Daylight,Dry,Major Arterial,FALSE,-79.56505208,43.70815440187811,2,Motorcycle,South,2,60,Major,Helmet,Driving properly,Normal,,,Going Ahead,,,,,motorcyclist,,Etobicoke North (1),23 Division,West Humber-Clairville,TRUE,FALSE,FALSE,TRUE,FALSE,FALSE,FALSE,FALSE,FALSE,FALSE,"{""coordinates"": [[-79.56505208150915, 43.70815440187811]], ""type"": ""MultiPoint""}"
13649,2017:7001001490,2017-06-06T08:25:00,BAYVIEW AVE,POTTERY RD,3 m South of,1,Non-Fatal Injury,Non-Intersection,No Control,SMV Other,Rain,Daylight,Wet,Major Arterial,FALSE,-79.36375078,43.688642146635964,1,Motorcycle,South,1,28,Major,Helmet,Lost control,Normal,,,Slowing or Stopping,,,,,motorcyclist,,Don Valley West (15),53 Division,Leaside-Bennington,FALSE,FALSE,FALSE,TRUE,FALSE,FALSE,FALSE,FALSE,FALSE,FALSE,"{""coordinates"": [[-79.3637507823074, 43.688642146635964]], ""type"": ""MultiPoint""}"
13650,2017:7001003309,2017-06-06T13:20:00,MARKHAM RD,ELLESMERE RD,69 m North of,2,Non-Fatal Injury,Non-Intersection,No Control,Pedestrian Collision(internal code),Rain,Daylight,Wet,Major Arterial,FALSE,-79.23198245,43.77706698009432,1,Automobile or Station Wagon,South,2,41,None,Lap and Shoulder Belt,Lost control,Normal,,,Going Ahead,,,,,driver,,Scarborough-Guildwood (24),43 Division,Woburn North,FALSE,FALSE,FALSE,FALSE,FALSE,FALSE,TRUE,FALSE,FALSE,FALSE,"{""coordinates"": [[-79.23198245373653, 43.77706698009432]], ""type"": ""MultiPoint""}"
13651,2017:7001003309,2017-06-06T13:20:00,MARKHAM RD,ELLESMERE RD,69 m North of,2,Non-Fatal Injury,Non-Intersection,No Control,Pedestrian Collision(internal code),Rain,Daylight,Wet,Major Arterial,FALSE,-79.23198245,43.77706698009432,1,,Unknown,1,22,Major,No Equipment Available,,,On sidewalk or shoulder,Normal,,Driver hits pedestrian on sidewalk or shoulder,,,,pedestrian,,Scarborough-Guildwood (24),43 Division,Woburn North,FALSE,FALSE,FALSE,FALSE,FALSE,FALSE,TRUE,FALSE,FALSE,FALSE,"{""coordinates"": [[-79.23198245373653, 43.77706698009432]], ""type"": ""MultiPoint""}"
13652,2017:7001007745,2017-06-07T07:01:00,COLLEGE ST,DUFFERIN ST,,2,Non-Fatal Injury,Intersection-Related,Traffic Signal,Cyclist Collision,Clear,Daylight,Dry,Major Arterial,FALSE,-79.43252197,43.65256725454648,2,Bicycle,West,2,69,Major,Helmet,,,,,Going Ahead,,Driver turns left into path of cyclist,Driving Properly,Normal,cyclist,,Davenport (9),14 Division,Little Portugal,TRUE,TRUE,TRUE,FALSE,FALSE,TRUE,FALSE,FALSE,FALSE,FALSE,"{""coordinates"": [[-79.43252196952758, 43.65256725454648]], ""type"": ""MultiPoint""}"
13653,2017:7001007745,2017-06-07T07:01:00,COLLEGE ST,DUFFERIN ST,,2,Non-Fatal Injury,Intersection-Related,Traffic Signal,Cyclist Collision,Clear,Daylight,Dry,Major Arterial,FALSE,-79.43252197,43.65256725454648,1,Pickup Truck,East,1,50,None,Lap and Shoulder Belt,Failed to yield right-of-way,Inattentive,,,Turning Left,,,,,driver,,Davenport (9),14 Division,Little Portugal,TRUE,TRUE,TRUE,FALSE,FALSE,TRUE,FALSE,FALSE,FALSE,FALSE,"{""coordinates"": [[-79.43252196952758, 43.65256725454648]], ""type"": ""MultiPoint""}"
13654,2017:7001007889,2017-06-07T07:15:00,DUNDAS ST W,ELIZABETH ST,,2,Non-Fatal Injury,At Intersection,No Control,Cyclist Collision,Clear,Daylight,Dry,Major Arterial,FALSE,-79.38518187,43.65535118401972,1,Automobile or Station Wagon,West,1,55,None,Lap and Shoulder Belt,Failed to yield right-of-way,Inattentive,,,Turning Left,,,,,driver,,Spadina-Fort York (10),52 Division,Yonge-Bay Corridor,TRUE,TRUE,TRUE,FALSE,FALSE,FALSE,FALSE,FALSE,FALSE,FALSE,"{""coordinates"": [[-79.38518187299326, 43.65535118401972]], ""type"": ""MultiPoint""}"
13655,2017:7001007889,2017-06-07T07:15:00,DUNDAS ST W,ELIZABETH ST,,2,Non-Fatal Injury,At Intersection,No Control,Cyclist Collision,Clear,Daylight,Dry,Major Arterial,FALSE,-79.38518187,43.65535118401972,2,Bicycle,East,2,25,Major,No Equipment Available,,,,,Going Ahead,,Driver turns left into path of cyclist,Driving Properly,Normal,cyclist,,Spadina-Fort York (10),52 Division,Yonge-Bay Corridor,TRUE,TRUE,TRUE,FALSE,FALSE,FALSE,FALSE,FALSE,FALSE,FALSE,"{""coordinates"": [[-79.38518187299326, 43.65535118401972]], ""type"": ""MultiPoint""}"
13656,2017:7001016401,2017-06-08T10:30:00,DAVENPORT RD,AVENUE RD,100 m East of,2,Non-Fatal Injury,Non-Intersection,No Control,Cyclist Collision,Clear,Daylight,Dry,Major Arterial,FALSE,-79.39535886,43.67487119409803,1,Truck - Closed,East,1,37,None,Lap and Shoulder Belt,Other,Normal,,,Going Ahead,,,,,driver,,University-Rosedale (11),53 Division,Annex,FALSE,FALSE,TRUE,FALSE,FALSE,FALSE,FALSE,FALSE,FALSE,TRUE,"{""coordinates"": [[-79.39535886231572, 43.67487119409803]], ""type"": ""MultiPoint""}"
13657,2017:7001016401,2017-06-08T10:30:00,DAVENPORT RD,AVENUE RD,100 m East of,2,Non-Fatal Injury,Non-Intersection,No Control,Cyclist Collision,Clear,Daylight,Dry,Major Arterial,FALSE,-79.39535886,43.67487119409803,2,Bicycle,East,2,23,Major,No Equipment Available,,,,,Going Ahead,,Sideswipe with cyclist and driver travelling in same direction,Other,Normal,cyclist,,University-Rosedale (11),53 Division,Annex,FALSE,FALSE,TRUE,FALSE,FALSE,FALSE,FALSE,FALSE,FALSE,TRUE,"{""coordinates"": [[-79.39535886231572, 43.67487119409803]], ""type"": ""MultiPoint""}"
13658,2017:7001021387,2017-06-09T01:35:00,SYMINGTON AVE,DUPONT ST,50 m South of,1,Non-Fatal Injury,Non-Intersection,No Control,SMV Unattended Vehicle,Clear,Dark with Artificial Lighting,Dry,Collector,TRUE,-79.45102298,43.66515527708578,1,Automobile or Station Wagon,South,1,22,Major,Lap and Shoulder Belt,Lost control,Unknown,,,Going Ahead,,,,,driver,,Davenport (9),11 Division,Junction-Wallace Emerson,FALSE,FALSE,FALSE,FALSE,FALSE,FALSE,FALSE,FALSE,FALSE,FALSE,"{""coordinates"": [[-79.45102298407221, 43.66515527708578]], ""type"": ""MultiPoint""}"
13659,2017:7001025478,2017-06-09T15:43:00,DANFORTH AV,COXWELL AV              (542),10 m East of,2,Non-Fatal Injury,Intersection-Related,Traffic Signal,Cyclist Collision,Clear,Daylight,Dry,Major Arterial,FALSE,-79.32348271,43.68339309099371,2,Automobile or Station Wagon,West,2,57,None,Lap and Shoulder Belt,Driving properly,Normal,,,Going Ahead,,,,,driver,,Beaches-East York (19),55 Division,Woodbine Corridor,FALSE,FALSE,TRUE,FALSE,FALSE,FALSE,FALSE,FALSE,FALSE,FALSE,"{""coordinates"": [[-79.32348271490274, 43.68339309099371]], ""type"": ""MultiPoint""}"
13660,2017:7001025478,2017-06-09T15:43:00,DANFORTH AV,COXWELL AV              (542),10 m East of,2,Non-Fatal Injury,Intersection-Related,Traffic Signal,Cyclist Collision,Clear,Daylight,Dry,Major Arterial,FALSE,-79.32348271,43.68339309099371,1,Bicycle,West,1,60,Major,Helmet,,,,,Changing Lanes,,Sideswipe with cyclist and driver travelling in same direction,Improper Lane Change,Normal,cyclist,,Beaches-East York (19),55 Division,Woodbine Corridor,FALSE,FALSE,TRUE,FALSE,FALSE,FALSE,FALSE,FALSE,FALSE,FALSE,"{""coordinates"": [[-79.32348271490274, 43.68339309099371]], ""type"": ""MultiPoint""}"
13661,2017:7001030494,2017-06-10T10:55:00,DANFORTH RD,WETHERBY DR,35 m South of,2,Non-Fatal Injury,Non-Intersection,No Control,Other,Clear,Daylight,Dry,Major Arterial,FALSE,-79.24549451,43.73877898788691,1,Municipal Transit Bus (TTC),North,1,34,None,Lap and Shoulder Belt,Driving properly,Normal,,,Pulling Away from Shoulder or Curb,,,,,driver,,Scarborough Centre (21),43 Division,Eglinton East,FALSE,FALSE,FALSE,FALSE,FALSE,TRUE,FALSE,FALSE,FALSE,TRUE,"{""coordinates"": [[-79.24549450658971, 43.73877898788691]], ""type"": ""MultiPoint""}"
13662,2017:7001030494,2017-06-10T10:55:00,DANFORTH RD,WETHERBY DR,35 m South of,2,Non-Fatal Injury,Non-Intersection,No Control,Other,Clear,Daylight,Dry,Major Arterial,FALSE,-79.24549451,43.73877898788691,1,,,2,81,Major,No Equipment Available,,,,,,,,,,passenger,,Scarborough Centre (21),43 Division,Eglinton East,FALSE,FALSE,FALSE,FALSE,FALSE,TRUE,FALSE,FALSE,FALSE,TRUE,"{""coordinates"": [[-79.24549450658971, 43.73877898788691]], ""type"": ""MultiPoint""}"
13663,2017:7001031526,2017-06-10T14:04:00,FINCH AVE E,PHARMACY AVE,233 m East of,2,Non-Fatal Injury,Non-Intersection,No Control,Pedestrian Collision(internal code),Clear,Daylight,Dry,Major Arterial,TRUE,-79.3231701,43.79488585318099,1,Motorcycle,East,1,28,Minor,Helmet,Exceeding speed limit,Inattentive,,,Going Ahead,,,,,motorcyclist,,Scarborough-Agincourt (22),42 Division,L'Amoreaux West,TRUE,TRUE,FALSE,TRUE,FALSE,FALSE,TRUE,FALSE,FALSE,FALSE,"{""coordinates"": [[-79.32317009783736, 43.79488585318099]], ""type"": ""MultiPoint""}"
13664,2017:7001031526,2017-06-10T14:04:00,FINCH AVE E,PHARMACY AVE,233 m East of,2,Non-Fatal Injury,Non-Intersection,No Control,Pedestrian Collision(internal code),Clear,Daylight,Dry,Major Arterial,TRUE,-79.3231701,43.79488585318099,1,,North,2,64,Major,Use Unknown,,,Crossing - no traffic control,Normal,,Driver hits pedestrian at midblock,,,,pedestrian,,Scarborough-Agincourt (22),42 Division,L'Amoreaux West,TRUE,TRUE,FALSE,TRUE,FALSE,FALSE,TRUE,FALSE,FALSE,FALSE,"{""coordinates"": [[-79.32317009783736, 43.79488585318099]], ""type"": ""MultiPoint""}"
13665,2017:7001036218,2017-06-11T06:35:00,50 TORYORK DR,,3 m East of,1,Non-Fatal Injury,At/Near Private Drive,No Control,SMV Other,Clear,Dark with Artificial Lighting,Dry,Collector,FALSE,-79.54457497,43.75369835422748,1,Automobile or Station Wagon,East,1,47,Major,Use Unknown,Lost control,Inattentive,,,Going Ahead,,,,,driver,,Humber River-Black Creek (7),31 Division,Humber Summit,FALSE,TRUE,FALSE,FALSE,FALSE,FALSE,FALSE,FALSE,FALSE,FALSE,"{""coordinates"": [[-79.54457497266648, 43.75369835422748]], ""type"": ""MultiPoint""}"
13666,2017:7001038789,2017-06-11T16:05:00,5 WAKUNDA PL,O CONNOR DR,,2,Non-Fatal Injury,Intersection-Related,No Control,Cyclist Collision,Clear,Daylight,Dry,Major Arterial,FALSE,-79.30490464,43.71591306359922,2,Automobile or Station Wagon,East,2,42,None,No Equipment Available,Driving properly,Normal,,,Going Ahead,,,,,driver,,Beaches-East York (19),55 Division,Victoria Village,FALSE,FALSE,TRUE,FALSE,FALSE,FALSE,FALSE,FALSE,FALSE,FALSE,"{""coordinates"": [[-79.30490463745006, 43.71591306359922]], ""type"": ""MultiPoint""}"
13667,2017:7001038789,2017-06-11T16:05:00,5 WAKUNDA PL,O CONNOR DR,,2,Non-Fatal Injury,Intersection-Related,No Control,Cyclist Collision,Clear,Daylight,Dry,Major Arterial,FALSE,-79.30490464,43.71591306359922,1,Bicycle,West,1,28,Major,Lap and Shoulder Belt,,,,,Other,,Insufficient information to describe collision,Other,Unknown,cyclist,,Beaches-East York (19),55 Division,Victoria Village,FALSE,FALSE,TRUE,FALSE,FALSE,FALSE,FALSE,FALSE,FALSE,FALSE,"{""coordinates"": [[-79.30490463745006, 43.71591306359922]], ""type"": ""MultiPoint""}"
13668,2017:7001039810,2017-06-11T19:22:00,1755 LAKE SHORE BLVD W,,9 m North of,2,Non-Fatal Injury,Non-Intersection,No Control,Sideswipe,Clear,Daylight,Dry,Major Arterial,FALSE,-79.45741704,43.63788429709355,2,Motorcycle,East,2,22,Major,Helmet,Driving properly,Normal,,,Going Ahead,,,,,motorcyclist,,Parkdale-High Park (4),11 Division,South Parkdale,TRUE,TRUE,FALSE,TRUE,FALSE,FALSE,FALSE,FALSE,FALSE,TRUE,"{""coordinates"": [[-79.45741704339899, 43.63788429709355]], ""type"": ""MultiPoint""}"
13669,2017:7001039810,2017-06-11T19:22:00,1755 LAKE SHORE BLVD W,,9 m North of,2,Non-Fatal Injury,Non-Intersection,No Control,Sideswipe,Clear,Daylight,Dry,Major Arterial,FALSE,-79.45741704,43.63788429709355,1,Truck - Closed,East,1,27,None,Lap and Shoulder Belt,Improper passing,Inattentive,,,Changing Lanes,,,,,driver,,Parkdale-High Park (4),11 Division,South Parkdale,TRUE,TRUE,FALSE,TRUE,FALSE,FALSE,FALSE,FALSE,FALSE,TRUE,"{""coordinates"": [[-79.45741704339899, 43.63788429709355]], ""type"": ""MultiPoint""}"
13670,2017:7001050075,2017-06-13T08:54:00,BATHURST ST,REINER RD,3 m South of,5,Non-Fatal Injury,At Intersection,Stop Sign,Turning Movement,Clear,Daylight,Dry,Major Arterial,FALSE,-79.43768681,43.75230622786608,3,Automobile or Station Wagon,North,3,24,None,Lap and Shoulder Belt,Driving properly,Normal,,,Going Ahead,,,,,driver,,York Centre (6),32 Division,Lansing-Westgate,TRUE,FALSE,FALSE,FALSE,FALSE,TRUE,FALSE,FALSE,TRUE,TRUE,"{""coordinates"": [[-79.43768681390408, 43.75230622786608]], ""type"": ""MultiPoint""}"
13671,2017:7001050075,2017-06-13T08:54:00,BATHURST ST,REINER RD,3 m South of,5,Non-Fatal Injury,At Intersection,Stop Sign,Turning Movement,Clear,Daylight,Dry,Major Arterial,FALSE,-79.43768681,43.75230622786608,1,Automobile or Station Wagon,East,5,68,Major,Use Unknown,Failed to yield right-of-way,Unknown,,,Turning Left,,,,,driver,,York Centre (6),32 Division,Lansing-Westgate,TRUE,FALSE,FALSE,FALSE,FALSE,TRUE,FALSE,FALSE,TRUE,TRUE,"{""coordinates"": [[-79.43768681390408, 43.75230622786608]], ""type"": ""MultiPoint""}"
13672,2017:7001050075,2017-06-13T08:54:00,BATHURST ST,REINER RD,3 m South of,5,Non-Fatal Injury,At Intersection,Stop Sign,Turning Movement,Clear,Daylight,Dry,Major Arterial,FALSE,-79.43768681,43.75230622786608,2,,,1,18,Minimal,Lap and Shoulder Belt,,,,,,,,,,passenger,,York Centre (6),32 Division,Lansing-Westgate,TRUE,FALSE,FALSE,FALSE,FALSE,TRUE,FALSE,FALSE,TRUE,TRUE,"{""coordinates"": [[-79.43768681390408, 43.75230622786608]], ""type"": ""MultiPoint""}"
13673,2017:7001050075,2017-06-13T08:54:00,BATHURST ST,REINER RD,3 m South of,5,Non-Fatal Injury,At Intersection,Stop Sign,Turning Movement,Clear,Daylight,Dry,Major Arterial,FALSE,-79.43768681,43.75230622786608,4,Automobile or Station Wagon,North,2,79,Minimal,Lap and Shoulder Belt,Driving properly,Normal,,,Going Ahead,,,,,driver,,York Centre (6),32 Division,Lansing-Westgate,TRUE,FALSE,FALSE,FALSE,FALSE,TRUE,FALSE,FALSE,TRUE,TRUE,"{""coordinates"": [[-79.43768681390408, 43.75230622786608]], ""type"": ""MultiPoint""}"
13674,2017:7001050075,2017-06-13T08:54:00,BATHURST ST,REINER RD,3 m South of,5,Non-Fatal Injury,At Intersection,Stop Sign,Turning Movement,Clear,Daylight,Dry,Major Arterial,FALSE,-79.43768681,43.75230622786608,2,Delivery Van,North,4,49,Minimal,Lap and Shoulder Belt,Exceeding speed limit,Normal,,,Going Ahead,,,,,driver,,York Centre (6),32 Division,Lansing-Westgate,TRUE,FALSE,FALSE,FALSE,FALSE,TRUE,FALSE,FALSE,TRUE,TRUE,"{""coordinates"": [[-79.43768681390408, 43.75230622786608]], ""type"": ""MultiPoint""}"
13675,2017:7001052622,2017-06-13T15:05:00,BURNHAMTHORPE RD,MARTIN GROVE RD,25 m West of,3,Non-Fatal Injury,Intersection-Related,No Control,Rear End,Clear,Daylight,Dry,Major Arterial,FALSE,-79.54893917,43.64873341600944,2,Automobile or Station Wagon,West,2,61,None,Lap and Shoulder Belt,Driving properly,Normal,,,Stopped,,,,,driver,,Etobicoke Centre (2),22 Division,Islington,FALSE,TRUE,FALSE,TRUE,FALSE,TRUE,FALSE,FALSE,FALSE,FALSE,"{""coordinates"": [[-79.5489391718347, 43.64873341600944]], ""type"": ""MultiPoint""}"
13676,2017:7001052622,2017-06-13T15:05:00,BURNHAMTHORPE RD,MARTIN GROVE RD,25 m West of,3,Non-Fatal Injury,Intersection-Related,No Control,Rear End,Clear,Daylight,Dry,Major Arterial,FALSE,-79.54893917,43.64873341600944,1,Motorcycle,West,1,22,Major,Helmet,Other,Inattentive,,,Going Ahead,,,,,motorcyclist,,Etobicoke Centre (2),22 Division,Islington,FALSE,TRUE,FALSE,TRUE,FALSE,TRUE,FALSE,FALSE,FALSE,FALSE,"{""coordinates"": [[-79.5489391718347, 43.64873341600944]], ""type"": ""MultiPoint""}"
13677,2017:7001052622,2017-06-13T15:05:00,BURNHAMTHORPE RD,MARTIN GROVE RD,25 m West of,3,Non-Fatal Injury,Intersection-Related,No Control,Rear End,Clear,Daylight,Dry,Major Arterial,FALSE,-79.54893917,43.64873341600944,2,,,3,72,None,Lap and Shoulder Belt,,,,,,,,,,passenger,,Etobicoke Centre (2),22 Division,Islington,FALSE,TRUE,FALSE,TRUE,FALSE,TRUE,FALSE,FALSE,FALSE,FALSE,"{""coordinates"": [[-79.5489391718347, 43.64873341600944]], ""type"": ""MultiPoint""}"
13678,2017:7001052989,2017-06-13T16:06:00,5085 SHEPPARD AVE E,,,4,Fatal Injury,Non-Intersection,No Control,Turning Movement,Clear,Daylight,Dry,Major Arterial,FALSE,-79.24007045,43.79350399094688,0,,,3,40,Major,,,,,,,,,,,passenger,,Scarborough North (23),42 Division,Agincourt South-Malvern West,FALSE,FALSE,FALSE,FALSE,FALSE,FALSE,FALSE,FALSE,FALSE,FALSE,"{""coordinates"": [[-79.24007045183497, 43.79350399094688]], ""type"": ""MultiPoint""}"
13679,2017:7001052989,2017-06-13T16:06:00,5085 SHEPPARD AVE E,,,4,Fatal Injury,Non-Intersection,No Control,Turning Movement,Clear,Daylight,Dry,Major Arterial,FALSE,-79.24007045,43.79350399094688,2,Automobile or Station Wagon,East,2,59,Minimal,,Driving properly,Normal,,,Going Ahead,,,,,driver,,Scarborough North (23),42 Division,Agincourt South-Malvern West,FALSE,FALSE,FALSE,FALSE,FALSE,FALSE,FALSE,FALSE,FALSE,FALSE,"{""coordinates"": [[-79.24007045183497, 43.79350399094688]], ""type"": ""MultiPoint""}"
13680,2017:7001052989,2017-06-13T16:06:00,5085 SHEPPARD AVE E,,,4,Fatal Injury,Non-Intersection,No Control,Turning Movement,Clear,Daylight,Dry,Major Arterial,FALSE,-79.24007045,43.79350399094688,1,Automobile or Station Wagon,West,1,29,Minimal,,Improper turn,Normal,,,Turning Left,,,,,driver,,Scarborough North (23),42 Division,Agincourt South-Malvern West,FALSE,FALSE,FALSE,FALSE,FALSE,FALSE,FALSE,FALSE,FALSE,FALSE,"{""coordinates"": [[-79.24007045183497, 43.79350399094688]], ""type"": ""MultiPoint""}"
13681,2017:7001052989,2017-06-13T16:06:00,5085 SHEPPARD AVE E,,,4,Fatal Injury,Non-Intersection,No Control,Turning Movement,Clear,Daylight,Dry,Major Arterial,FALSE,-79.24007045,43.79350399094688,0,,,4,1,Fatal,,,,,,,,,,,passenger,27,Scarborough North (23),42 Division,Agincourt South-Malvern West,FALSE,FALSE,FALSE,FALSE,FALSE,FALSE,FALSE,FALSE,FALSE,FALSE,"{""coordinates"": [[-79.24007045183497, 43.79350399094688]], ""type"": ""MultiPoint""}"
13682,2017:7001053469,2017-06-13T17:19:00,SHEPPARD AVE E,DON MILLS RD,1 m West of,4,Non-Fatal Injury,At Intersection,Traffic Controller,Rear End,Clear,Daylight,Dry,Major Arterial,FALSE,-79.34700364,43.775034114823015,3,Automobile or Station Wagon,East,3,27,None,Lap and Shoulder Belt,Driving properly,Normal,,,Stopped,,,,,driver,,Don Valley North (17),33 Division,Henry Farm,FALSE,FALSE,FALSE,FALSE,FALSE,TRUE,FALSE,FALSE,FALSE,FALSE,"{""coordinates"": [[-79.34700363897792, 43.775034114823015]], ""type"": ""MultiPoint""}"
13683,2017:7001053469,2017-06-13T17:19:00,SHEPPARD AVE E,DON MILLS RD,1 m West of,4,Non-Fatal Injury,At Intersection,Traffic Controller,Rear End,Clear,Daylight,Dry,Major Arterial,FALSE,-79.34700364,43.775034114823015,2,,,4,27,None,Lap and Shoulder Belt,,,,,,,,,,passenger,,Don Valley North (17),33 Division,Henry Farm,FALSE,FALSE,FALSE,FALSE,FALSE,TRUE,FALSE,FALSE,FALSE,FALSE,"{""coordinates"": [[-79.34700363897792, 43.775034114823015]], ""type"": ""MultiPoint""}"
13684,2017:7001053469,2017-06-13T17:19:00,SHEPPARD AVE E,DON MILLS RD,1 m West of,4,Non-Fatal Injury,At Intersection,Traffic Controller,Rear End,Clear,Daylight,Dry,Major Arterial,FALSE,-79.34700364,43.775034114823015,1,Automobile or Station Wagon,East,1,72,Major,Lap and Shoulder Belt,Other,Medical or Physical Disability,,,Going Ahead,,,,,driver,,Don Valley North (17),33 Division,Henry Farm,FALSE,FALSE,FALSE,FALSE,FALSE,TRUE,FALSE,FALSE,FALSE,FALSE,"{""coordinates"": [[-79.34700363897792, 43.775034114823015]], ""type"": ""MultiPoint""}"
13685,2017:7001053469,2017-06-13T17:19:00,SHEPPARD AVE E,DON MILLS RD,1 m West of,4,Non-Fatal Injury,At Intersection,Traffic Controller,Rear End,Clear,Daylight,Dry,Major Arterial,FALSE,-79.34700364,43.775034114823015,2,Automobile or Station Wagon,East,2,25,None,Lap and Shoulder Belt,Driving properly,Normal,,,Stopped,,,,,driver,,Don Valley North (17),33 Division,Henry Farm,FALSE,FALSE,FALSE,FALSE,FALSE,TRUE,FALSE,FALSE,FALSE,FALSE,"{""coordinates"": [[-79.34700363897792, 43.775034114823015]], ""type"": ""MultiPoint""}"
13686,2017:7001054440,2017-06-13T20:01:00,DON VALLEY PARKWAY N,EGLINTON AVE E,80 m North of,3,Non-Fatal Injury,Non-Intersection,No Control,Sideswipe,Clear,Daylight,Dry,,FALSE,-79.33025767,43.725210096380906,2,Automobile or Station Wagon,North,2,22,None,Lap and Shoulder Belt,Driving properly,Normal,,,Going Ahead,,,,,driver,,Don Valley East (16),33 Division,Banbury-Don Mills,FALSE,FALSE,FALSE,TRUE,FALSE,FALSE,FALSE,FALSE,FALSE,FALSE,"{""coordinates"": [[-79.33025766967319, 43.725210096380906]], ""type"": ""MultiPoint""}"