_id,collision_id,accdate,stname1,stname2,stname3,per_inv,acclass,accloc,traffictl,impactype,visible,light,rdsfcond,road_class,failtorem,longitude,latitude,veh_no,vehtype,initdir,per_no,invage,injury,safequip,drivact,drivcond,pedact,pedcond,manoeuvre,pedtype,cyclistype,cycact,cyccond,road_user,fatal_no,wardname,division,neighbourhood,aggressive,distracted,cyclist,motorcyclist,other_micromobility,older_adult,pedestrian,red_light,school_child,heavy_truck,geometry
13826,2017:7001383874,2017-08-01T17:35:00,GRANGE AVE,LARCH ST,3 m West of,2,Non-Fatal Injury,At Intersection,No Control,Cyclist Collision,Clear,Daylight,Dry,Local,FALSE,-79.3965269,43.65200620154258,1,Bicycle,East,1,32,Major,Helmet,,,,,Going Ahead,,Rear end with cyclist and driver travelling in same direction,Failed to Yield Right of Way,Inattentive,cyclist,,Spadina-Fort York (10),52 Division,Kensington-Chinatown,FALSE,TRUE,TRUE,FALSE,FALSE,FALSE,FALSE,FALSE,FALSE,FALSE,"{""coordinates"": [[-79.39652690024684, 43.65200620154258]], ""type"": ""MultiPoint""}"
13827,2017:7001383874,2017-08-01T17:35:00,GRANGE AVE,LARCH ST,3 m West of,2,Non-Fatal Injury,At Intersection,No Control,Cyclist Collision,Clear,Daylight,Dry,Local,FALSE,-79.3965269,43.65200620154258,2,Automobile or Station Wagon,East,2,63,None,Lap and Shoulder Belt,Driving properly,Normal,,,Slowing or Stopping,,,,,driver,,Spadina-Fort York (10),52 Division,Kensington-Chinatown,FALSE,TRUE,TRUE,FALSE,FALSE,FALSE,FALSE,FALSE,FALSE,FALSE,"{""coordinates"": [[-79.39652690024684, 43.65200620154258]], ""type"": ""MultiPoint""}"
13828,2017:7001386186,2017-08-02T01:23:00,BRIMLEY RD,SHEPPARD AVE E,,2,Non-Fatal Injury,At Intersection,Traffic Signal,Turning Movement,Clear,Dark with Artificial Lighting,Dry,Major Arterial,TRUE,-79.2682765,43.787504021314525,1,Automobile or Station Wagon,South,2,59,Major,Lap and Shoulder Belt,Improper turn,Inattentive,,,Turning Left,,,,,driver,,Scarborough North (23),42 Division,Agincourt South-Malvern West,FALSE,TRUE,FALSE,FALSE,FALSE,FALSE,FALSE,FALSE,FALSE,FALSE,"{""coordinates"": [[-79.26827649942005, 43.787504021314525]], ""type"": ""MultiPoint""}"
13829,2017:7001386186,2017-08-02T01:23:00,BRIMLEY RD,SHEPPARD AVE E,,2,Non-Fatal Injury,At Intersection,Traffic Signal,Turning Movement,Clear,Dark with Artificial Lighting,Dry,Major Arterial,TRUE,-79.2682765,43.787504021314525,2,Automobile or Station Wagon,North,1,22,None,Use Unknown,Driving properly,Normal,,,Going Ahead,,,,,driver,,Scarborough North (23),42 Division,Agincourt South-Malvern West,FALSE,TRUE,FALSE,FALSE,FALSE,FALSE,FALSE,FALSE,FALSE,FALSE,"{""coordinates"": [[-79.26827649942005, 43.787504021314525]], ""type"": ""MultiPoint""}"
13830,2017:7001406926,2017-08-05T02:25:00,BAY ST,FRONT ST W,40 m South of,2,Non-Fatal Injury,At/Near Private Drive,No Control,Pedestrian Collision(internal code),Clear,Dark with Artificial Lighting,Dry,Major Arterial,FALSE,-79.37889488,43.64548317686814,1,Automobile or Station Wagon,North,1,53,None,Lap and Shoulder Belt,Driving properly,Inattentive,,,Going Ahead,,,,,driver,,Spadina-Fort York (10),52 Division,St Lawrence-East Bayfront-The Islands,FALSE,TRUE,FALSE,FALSE,FALSE,FALSE,TRUE,FALSE,FALSE,FALSE,"{""coordinates"": [[-79.37889487573587, 43.64548317686814]], ""type"": ""MultiPoint""}"
13831,2017:7001406926,2017-08-05T02:25:00,BAY ST,FRONT ST W,40 m South of,2,Non-Fatal Injury,At/Near Private Drive,No Control,Pedestrian Collision(internal code),Clear,Dark with Artificial Lighting,Dry,Major Arterial,FALSE,-79.37889488,43.64548317686814,1,,East,2,20,Major,Use Unknown,,,Crossing - no traffic control,Had Been Drinking,,Driver hits pedestrian at midblock,,,,pedestrian,,Spadina-Fort York (10),52 Division,St Lawrence-East Bayfront-The Islands,FALSE,TRUE,FALSE,FALSE,FALSE,FALSE,TRUE,FALSE,FALSE,FALSE,"{""coordinates"": [[-79.37889487573587, 43.64548317686814]], ""type"": ""MultiPoint""}"
13832,2017:7001412145,2017-08-05T22:45:00,YORK MILLS RD,YONGE ST,,2,Non-Fatal Injury,At Intersection,Traffic Signal,Pedestrian Collision(internal code),Clear,Dark with Artificial Lighting,Dry,Major Arterial,FALSE,-79.40668077,43.74407719109805,1,Automobile or Station Wagon,West,2,17,None,Lap and Shoulder Belt,Failed to yield right-of-way,Inattentive,,,Turning Right,,,,,driver,,Don Valley West (15),32 Division,St.Andrew-Windfields,TRUE,TRUE,FALSE,FALSE,FALSE,TRUE,TRUE,FALSE,TRUE,FALSE,"{""coordinates"": [[-79.40668077368153, 43.74407719109805]], ""type"": ""MultiPoint""}"
13833,2017:7001412145,2017-08-05T22:45:00,YORK MILLS RD,YONGE ST,,2,Non-Fatal Injury,At Intersection,Traffic Signal,Pedestrian Collision(internal code),Clear,Dark with Artificial Lighting,Dry,Major Arterial,FALSE,-79.40668077,43.74407719109805,1,,South,1,72,Major,Use Unknown,,,Crossing with right-of-way (intersection),Normal,,Driver turns right into pedestrian crossing with right-of-way (at intersection),,,,pedestrian,,Don Valley West (15),32 Division,St.Andrew-Windfields,TRUE,TRUE,FALSE,FALSE,FALSE,TRUE,TRUE,FALSE,TRUE,FALSE,"{""coordinates"": [[-79.40668077368153, 43.74407719109805]], ""type"": ""MultiPoint""}"
13834,2017:7001414660,2017-08-06T11:25:00,KEELE ST,ANNETTE ST,7 m South of,6,Non-Fatal Injury,Intersection-Related,Traffic Signal,Pedestrian Collision(internal code),Clear,Daylight,Dry,Major Arterial,FALSE,-79.46376401,43.66358029616907,2,Automobile or Station Wagon,East,2,50,Minor,Lap and Shoulder Belt,Driving properly,Normal,,,Going Ahead,,,,,driver,,Parkdale-High Park (4),11 Division,Junction Area,TRUE,FALSE,FALSE,FALSE,FALSE,FALSE,TRUE,TRUE,TRUE,FALSE,"{""coordinates"": [[-79.46376401121952, 43.66358029616907]], ""type"": ""MultiPoint""}"
13835,2017:7001414660,2017-08-06T11:25:00,KEELE ST,ANNETTE ST,7 m South of,6,Non-Fatal Injury,Intersection-Related,Traffic Signal,Pedestrian Collision(internal code),Clear,Daylight,Dry,Major Arterial,FALSE,-79.46376401,43.66358029616907,1,Automobile or Station Wagon,North,1,52,None,Lap and Shoulder Belt,Disobeyed traffic control,Normal,,,Going Ahead,,,,,driver,,Parkdale-High Park (4),11 Division,Junction Area,TRUE,FALSE,FALSE,FALSE,FALSE,FALSE,TRUE,TRUE,TRUE,FALSE,"{""coordinates"": [[-79.46376401121952, 43.66358029616907]], ""type"": ""MultiPoint""}"
13836,2017:7001414660,2017-08-06T11:25:00,KEELE ST,ANNETTE ST,7 m South of,6,Non-Fatal Injury,Intersection-Related,Traffic Signal,Pedestrian Collision(internal code),Clear,Daylight,Dry,Major Arterial,FALSE,-79.46376401,43.66358029616907,2,,,3,50,None,Lap and Shoulder Belt,,,,,,,,,,passenger,,Parkdale-High Park (4),11 Division,Junction Area,TRUE,FALSE,FALSE,FALSE,FALSE,FALSE,TRUE,TRUE,TRUE,FALSE,"{""coordinates"": [[-79.46376401121952, 43.66358029616907]], ""type"": ""MultiPoint""}"
13837,2017:7001414660,2017-08-06T11:25:00,KEELE ST,ANNETTE ST,7 m South of,6,Non-Fatal Injury,Intersection-Related,Traffic Signal,Pedestrian Collision(internal code),Clear,Daylight,Dry,Major Arterial,FALSE,-79.46376401,43.66358029616907,2,,,5,11,None,Lap and Shoulder Belt,,,,,,,,,,passenger,,Parkdale-High Park (4),11 Division,Junction Area,TRUE,FALSE,FALSE,FALSE,FALSE,FALSE,TRUE,TRUE,TRUE,FALSE,"{""coordinates"": [[-79.46376401121952, 43.66358029616907]], ""type"": ""MultiPoint""}"
13838,2017:7001414660,2017-08-06T11:25:00,KEELE ST,ANNETTE ST,7 m South of,6,Non-Fatal Injury,Intersection-Related,Traffic Signal,Pedestrian Collision(internal code),Clear,Daylight,Dry,Major Arterial,FALSE,-79.46376401,43.66358029616907,2,,,4,5,None,Lap and Shoulder Belt,,,,,,,,,,passenger,,Parkdale-High Park (4),11 Division,Junction Area,TRUE,FALSE,FALSE,FALSE,FALSE,FALSE,TRUE,TRUE,TRUE,FALSE,"{""coordinates"": [[-79.46376401121952, 43.66358029616907]], ""type"": ""MultiPoint""}"
13839,2017:7001414660,2017-08-06T11:25:00,KEELE ST,ANNETTE ST,7 m South of,6,Non-Fatal Injury,Intersection-Related,Traffic Signal,Pedestrian Collision(internal code),Clear,Daylight,Dry,Major Arterial,FALSE,-79.46376401,43.66358029616907,2,,Unknown,6,62,Major,No Equipment Available,,,Walking on roadway against traffic,Normal,,Driver going straight hits pedestrian crossing with right-of-way (at intersection),,,,pedestrian,,Parkdale-High Park (4),11 Division,Junction Area,TRUE,FALSE,FALSE,FALSE,FALSE,FALSE,TRUE,TRUE,TRUE,FALSE,"{""coordinates"": [[-79.46376401121952, 43.66358029616907]], ""type"": ""MultiPoint""}"
13840,2017:7001415080,2017-08-06T12:55:00,DUFFERIN ST,BRANDON AVE,18 m South of BRANDON AV,2,Non-Fatal Injury,Intersection-Related,No Control,Turning Movement,Clear,Daylight,Dry,Major Arterial,FALSE,-79.43984595,43.670370259066715,1,Automobile or Station Wagon,South,1,55,None,Lap and Shoulder Belt,Failed to yield right-of-way,Normal,,,Turning Left,,,,,driver,,Davenport (9),13 Division,Junction-Wallace Emerson,TRUE,FALSE,FALSE,TRUE,FALSE,FALSE,FALSE,FALSE,FALSE,FALSE,"{""coordinates"": [[-79.43984595390975, 43.670370259066715]], ""type"": ""MultiPoint""}"
13841,2017:7001415080,2017-08-06T12:55:00,DUFFERIN ST,BRANDON AVE,18 m South of BRANDON AV,2,Non-Fatal Injury,Intersection-Related,No Control,Turning Movement,Clear,Daylight,Dry,Major Arterial,FALSE,-79.43984595,43.670370259066715,2,Motorcycle,North,2,44,Major,Helmet,Driving properly,Normal,,,Going Ahead,,,,,motorcyclist,,Davenport (9),13 Division,Junction-Wallace Emerson,TRUE,FALSE,FALSE,TRUE,FALSE,FALSE,FALSE,FALSE,FALSE,FALSE,"{""coordinates"": [[-79.43984595390975, 43.670370259066715]], ""type"": ""MultiPoint""}"
13842,2017:7001424545,2017-08-08T05:55:00,JANE ST,ALLIANCE AVE,,2,Non-Fatal Injury,At Intersection,Traffic Signal,Turning Movement,Clear,Dark,Dry,Major Arterial,FALSE,-79.49567105,43.676130336397165,1,Automobile or Station Wagon,South,2,58,Major,Lap and Shoulder Belt,Failed to yield right-of-way,Inattentive,,,Turning Left,,,,,driver,,York South-Weston (5),12 Division,Rockcliffe-Smythe,TRUE,TRUE,FALSE,FALSE,FALSE,FALSE,FALSE,FALSE,FALSE,FALSE,"{""coordinates"": [[-79.49567104950295, 43.676130336397165]], ""type"": ""MultiPoint""}"
13843,2017:7001424545,2017-08-08T05:55:00,JANE ST,ALLIANCE AVE,,2,Non-Fatal Injury,At Intersection,Traffic Signal,Turning Movement,Clear,Dark,Dry,Major Arterial,FALSE,-79.49567105,43.676130336397165,2,Automobile or Station Wagon,North,1,21,Minimal,Lap and Shoulder Belt,Exceeding speed limit,Normal,,,Going Ahead,,,,,driver,,York South-Weston (5),12 Division,Rockcliffe-Smythe,TRUE,TRUE,FALSE,FALSE,FALSE,FALSE,FALSE,FALSE,FALSE,FALSE,"{""coordinates"": [[-79.49567104950295, 43.676130336397165]], ""type"": ""MultiPoint""}"
13844,2017:7001424903,2017-08-08T08:01:00,MILLIKEN BLVD,FINCH AVE E,,2,Non-Fatal Injury,At Intersection,Traffic Signal,Pedestrian Collision(internal code),Clear,Daylight,Dry,Major Arterial,FALSE,-79.29425453,43.80174005339094,1,Pickup Truck,South,1,54,None,Lap and Shoulder Belt,Failed to yield right-of-way,Normal,,,Turning Left,,,,,driver,,Scarborough-Agincourt (22),42 Division,East L'Amoreaux,TRUE,FALSE,FALSE,FALSE,FALSE,TRUE,TRUE,FALSE,FALSE,FALSE,"{""coordinates"": [[-79.29425452881246, 43.80174005339094]], ""type"": ""MultiPoint""}"
13845,2017:7001424903,2017-08-08T08:01:00,MILLIKEN BLVD,FINCH AVE E,,2,Non-Fatal Injury,At Intersection,Traffic Signal,Pedestrian Collision(internal code),Clear,Daylight,Dry,Major Arterial,FALSE,-79.29425453,43.80174005339094,1,,North,2,79,Major,Use Unknown,,,Crossing with right-of-way (intersection),Normal,,Driver turns left into pedestrian crossing with right-of-way (at intersection),,,,pedestrian,,Scarborough-Agincourt (22),42 Division,East L'Amoreaux,TRUE,FALSE,FALSE,FALSE,FALSE,TRUE,TRUE,FALSE,FALSE,FALSE,"{""coordinates"": [[-79.29425452881246, 43.80174005339094]], ""type"": ""MultiPoint""}"
13846,2017:7001432218,2017-08-09T09:23:00,DON VALLEY PARKWAY S,DUNDAS ST E,100 m South of,3,Non-Fatal Injury,Non-Intersection,No Control,Rear End,Clear,Daylight,Dry,,FALSE,-79.35468681,43.660642138368885,1,Automobile or Station Wagon,South,1,28,Major,Lap and Shoulder Belt,Following too closely,Normal,,,Going Ahead,,,,,driver,,Toronto-Danforth (14),55 Division,South Riverdale,TRUE,FALSE,FALSE,FALSE,FALSE,FALSE,FALSE,FALSE,FALSE,TRUE,"{""coordinates"": [[-79.35468680611409, 43.660642138368885]], ""type"": ""MultiPoint""}"
13847,2017:7001432218,2017-08-09T09:23:00,DON VALLEY PARKWAY S,DUNDAS ST E,100 m South of,3,Non-Fatal Injury,Non-Intersection,No Control,Rear End,Clear,Daylight,Dry,,FALSE,-79.35468681,43.660642138368885,2,Automobile or Station Wagon,South,2,31,None,Lap and Shoulder Belt,Following too closely,Normal,,,Going Ahead,,,,,driver,,Toronto-Danforth (14),55 Division,South Riverdale,TRUE,FALSE,FALSE,FALSE,FALSE,FALSE,FALSE,FALSE,FALSE,TRUE,"{""coordinates"": [[-79.35468680611409, 43.660642138368885]], ""type"": ""MultiPoint""}"
13848,2017:7001442419,2017-08-10T18:10:00,SHEPPARD AVE E,WATER TOWER GT,30  m East of,2,Fatal Injury,At Intersection,Traffic Signal,Rear End,Clear,Daylight,Dry,Major Arterial,FALSE,-79.19484338,43.80300295,1,Municipal Transit Bus (TTC),West,1,47,None,,Driving properly,Normal,,,Stopped,,,,,driver,,Scarborough-Rouge Park (25),42 Division,Morningside Heights,FALSE,FALSE,FALSE,FALSE,FALSE,FALSE,FALSE,FALSE,FALSE,TRUE,"{""coordinates"": [[-79.19484338496311, 43.8030029493063]], ""type"": ""MultiPoint""}"
13849,2017:7001442419,2017-08-10T18:10:00,SHEPPARD AVE E,WATER TOWER GT,30  m East of,2,Fatal Injury,At Intersection,Traffic Signal,Rear End,Clear,Daylight,Dry,Major Arterial,FALSE,-79.19484338,43.80300295,2,Automobile or Station Wagon,West,2,50,Fatal,,Lost control,Unknown,,,Going Ahead,,,,,driver,34,Scarborough-Rouge Park (25),42 Division,Morningside Heights,FALSE,FALSE,FALSE,FALSE,FALSE,FALSE,FALSE,FALSE,FALSE,TRUE,"{""coordinates"": [[-79.19484338496311, 43.8030029493063]], ""type"": ""MultiPoint""}"
13850,2017:7001450084,2017-08-11T21:17:00,STEELES AVE E,MAXOME AVE,,5,Non-Fatal Injury,Non-Intersection,No Control,Rear End,Rain,Dark with Artificial Lighting,Wet,Major Arterial,FALSE,-79.4046667,43.80131718,1,Automobile or Station Wagon,East,5,62,None,Use Unknown,Following too closely,Inattentive,,,Going Ahead,,,,,driver,,Willowdale (18),32 Division,Newtonbrook East,TRUE,TRUE,FALSE,FALSE,FALSE,FALSE,FALSE,FALSE,FALSE,FALSE,"{""coordinates"": [[-79.40466670486379, 43.8013171819259]], ""type"": ""MultiPoint""}"
13851,2017:7001450084,2017-08-11T21:17:00,STEELES AVE E,MAXOME AVE,,5,Non-Fatal Injury,Non-Intersection,No Control,Rear End,Rain,Dark with Artificial Lighting,Wet,Major Arterial,FALSE,-79.4046667,43.80131718,3,Automobile or Station Wagon,East,3,30,Major,Use Unknown,Driving properly,Normal,,,Stopped,,,,,driver,,Willowdale (18),32 Division,Newtonbrook East,TRUE,TRUE,FALSE,FALSE,FALSE,FALSE,FALSE,FALSE,FALSE,FALSE,"{""coordinates"": [[-79.40466670486379, 43.8013171819259]], ""type"": ""MultiPoint""}"
13852,2017:7001450084,2017-08-11T21:17:00,STEELES AVE E,MAXOME AVE,,5,Non-Fatal Injury,Non-Intersection,No Control,Rear End,Rain,Dark with Artificial Lighting,Wet,Major Arterial,FALSE,-79.4046667,43.80131718,2,Automobile or Station Wagon,East,4,30,Minimal,Use Unknown,Driving properly,Normal,,,Going Ahead,,,,,driver,,Willowdale (18),32 Division,Newtonbrook East,TRUE,TRUE,FALSE,FALSE,FALSE,FALSE,FALSE,FALSE,FALSE,FALSE,"{""coordinates"": [[-79.40466670486379, 43.8013171819259]], ""type"": ""MultiPoint""}"
13853,2017:7001450084,2017-08-11T21:17:00,STEELES AVE E,MAXOME AVE,,5,Non-Fatal Injury,Non-Intersection,No Control,Rear End,Rain,Dark with Artificial Lighting,Wet,Major Arterial,FALSE,-79.4046667,43.80131718,3,,,1,29,None,Use Unknown,,,,,,,,,,passenger,,Willowdale (18),32 Division,Newtonbrook East,TRUE,TRUE,FALSE,FALSE,FALSE,FALSE,FALSE,FALSE,FALSE,FALSE,"{""coordinates"": [[-79.40466670486379, 43.8013171819259]], ""type"": ""MultiPoint""}"
13854,2017:7001450084,2017-08-11T21:17:00,STEELES AVE E,MAXOME AVE,,5,Non-Fatal Injury,Non-Intersection,No Control,Rear End,Rain,Dark with Artificial Lighting,Wet,Major Arterial,FALSE,-79.4046667,43.80131718,2,,,2,2,Minimal,Use Unknown,,,,,,,,,,passenger,,Willowdale (18),32 Division,Newtonbrook East,TRUE,TRUE,FALSE,FALSE,FALSE,FALSE,FALSE,FALSE,FALSE,FALSE,"{""coordinates"": [[-79.40466670486379, 43.8013171819259]], ""type"": ""MultiPoint""}"
13855,2017:7001455540,2017-08-12T19:17:00,BLACK CREEK DR,PHOTOGRAPHY DR,,2,Non-Fatal Injury,At Intersection,Traffic Signal,Turning Movement,Clear,Daylight,Dry,Major Arterial,FALSE,-79.48164001,43.68579331209456,2,Automobile or Station Wagon,South,2,37,None,Lap and Shoulder Belt,Driving properly,Normal,,,Turning Left,,,,,driver,,York South-Weston (5),12 Division,Keelesdale-Eglinton West,FALSE,FALSE,FALSE,TRUE,FALSE,FALSE,FALSE,FALSE,FALSE,FALSE,"{""coordinates"": [[-79.48164000573298, 43.68579331209456]], ""type"": ""MultiPoint""}"
13856,2017:7001455540,2017-08-12T19:17:00,BLACK CREEK DR,PHOTOGRAPHY DR,,2,Non-Fatal Injury,At Intersection,Traffic Signal,Turning Movement,Clear,Daylight,Dry,Major Arterial,FALSE,-79.48164001,43.68579331209456,1,Motorcycle,North,1,39,Major,Lap and Shoulder Belt,Lost control,Unknown,,,Going Ahead,,,,,motorcyclist,,York South-Weston (5),12 Division,Keelesdale-Eglinton West,FALSE,FALSE,FALSE,TRUE,FALSE,FALSE,FALSE,FALSE,FALSE,FALSE,"{""coordinates"": [[-79.48164000573298, 43.68579331209456]], ""type"": ""MultiPoint""}"
13857,2017:7001457563,2017-08-13T02:37:00,JANE ST,SHOREHAM DR,,2,Non-Fatal Injury,At Intersection,Traffic Signal,Turning Movement,Clear,Dark with Artificial Lighting,Dry,Major Arterial,FALSE,-79.52035892,43.768755323310124,2,Automobile or Station Wagon,North,1,24,None,Lap and Shoulder Belt,Driving properly,Normal,,,Going Ahead,,,,,driver,,Humber River-Black Creek (7),31 Division,Black Creek,TRUE,FALSE,FALSE,FALSE,FALSE,FALSE,FALSE,FALSE,FALSE,FALSE,"{""coordinates"": [[-79.520358923075, 43.768755323310124]], ""type"": ""MultiPoint""}"
13858,2017:7001457563,2017-08-13T02:37:00,JANE ST,SHOREHAM DR,,2,Non-Fatal Injury,At Intersection,Traffic Signal,Turning Movement,Clear,Dark with Artificial Lighting,Dry,Major Arterial,FALSE,-79.52035892,43.768755323310124,1,Automobile or Station Wagon,South,2,27,Major,Lap and Shoulder Belt,Failed to yield right-of-way,Ability Impaired - Alcohol,,,Turning Left,,,,,driver,,Humber River-Black Creek (7),31 Division,Black Creek,TRUE,FALSE,FALSE,FALSE,FALSE,FALSE,FALSE,FALSE,FALSE,FALSE,"{""coordinates"": [[-79.520358923075, 43.768755323310124]], ""type"": ""MultiPoint""}"
13859,2017:7001464361,2017-08-14T09:00:00,VICTORIA PARK AVE,EDGE PARK AVE,15 m South of,3,Non-Fatal Injury,Intersection-Related,No Control,Rear End,Clear,Daylight,Dry,Major Arterial,FALSE,-79.29975463,43.71778605670147,1,Automobile or Station Wagon,North,1,65,Major,Equipment Not Used But Available,Lost control,Inattentive,,,Going Ahead,,,,,driver,,Scarborough Southwest (20),41 Division,Clairlea-Birchmount,FALSE,TRUE,FALSE,FALSE,FALSE,TRUE,FALSE,FALSE,FALSE,FALSE,"{""coordinates"": [[-79.29975462585271, 43.71778605670147]], ""type"": ""MultiPoint""}"
13860,2017:7001464361,2017-08-14T09:00:00,VICTORIA PARK AVE,EDGE PARK AVE,15 m South of,3,Non-Fatal Injury,Intersection-Related,No Control,Rear End,Clear,Daylight,Dry,Major Arterial,FALSE,-79.29975463,43.71778605670147,2,Automobile or Station Wagon,North,2,28,Minor,Lap and Shoulder Belt,Driving properly,Normal,,,Stopped,,,,,driver,,Scarborough Southwest (20),41 Division,Clairlea-Birchmount,FALSE,TRUE,FALSE,FALSE,FALSE,TRUE,FALSE,FALSE,FALSE,FALSE,"{""coordinates"": [[-79.29975462585271, 43.71778605670147]], ""type"": ""MultiPoint""}"
13861,2017:7001464361,2017-08-14T09:00:00,VICTORIA PARK AVE,EDGE PARK AVE,15 m South of,3,Non-Fatal Injury,Intersection-Related,No Control,Rear End,Clear,Daylight,Dry,Major Arterial,FALSE,-79.29975463,43.71778605670147,2,,,3,30,Minimal,Lap and Shoulder Belt,,,,,,,,,,passenger,,Scarborough Southwest (20),41 Division,Clairlea-Birchmount,FALSE,TRUE,FALSE,FALSE,FALSE,TRUE,FALSE,FALSE,FALSE,FALSE,"{""coordinates"": [[-79.29975462585271, 43.71778605670147]], ""type"": ""MultiPoint""}"
13862,2017:7001470435,2017-08-15T04:07:00,DUNDAS ST E,SHERBOURNE ST,38 m East of,2,Fatal Injury,Non-Intersection,No Control,Pedestrian Collision(internal code),Rain,Dark with Artificial Lighting,Wet,Major Arterial,TRUE,-79.37053284,43.65835016190866,0,,Unknown,2,45,Fatal,,,,Other,Medical or Physical Disability,,Driver hits pedestrian at midblock,,,,pedestrian,35,Toronto Centre (13),51 Division,Moss Park,FALSE,FALSE,FALSE,FALSE,FALSE,FALSE,TRUE,FALSE,FALSE,FALSE,"{""coordinates"": [[-79.37053284007524, 43.65835016190866]], ""type"": ""MultiPoint""}"
13863,2017:7001470435,2017-08-15T04:07:00,DUNDAS ST E,SHERBOURNE ST,38 m East of,2,Fatal Injury,Non-Intersection,No Control,Pedestrian Collision(internal code),Rain,Dark with Artificial Lighting,Wet,Major Arterial,TRUE,-79.37053284,43.65835016190866,1,Automobile or Station Wagon,East,1,,None,,Other,Unknown,,,Going Ahead,,,,,driver,,Toronto Centre (13),51 Division,Moss Park,FALSE,FALSE,FALSE,FALSE,FALSE,FALSE,TRUE,FALSE,FALSE,FALSE,"{""coordinates"": [[-79.37053284007524, 43.65835016190866]], ""type"": ""MultiPoint""}"
13864,2017:7001474297,2017-08-15T17:00:00,FAYWOOD BLVD,WILSON AVE,,6,Non-Fatal Injury,At Intersection,Stop Sign,Turning Movement,Clear,Daylight,Dry,Major Arterial,FALSE,-79.44639986,43.734682244757856,2,Municipal Transit Bus (TTC),West,5,33,None,Lap and Shoulder Belt,Driving properly,Normal,,,Going Ahead,,,,,driver,,York Centre (6),32 Division,Clanton Park,FALSE,FALSE,FALSE,FALSE,FALSE,TRUE,FALSE,FALSE,TRUE,TRUE,"{""coordinates"": [[-79.44639985724868, 43.734682244757856]], ""type"": ""MultiPoint""}"
13865,2017:7001474297,2017-08-15T17:00:00,FAYWOOD BLVD,WILSON AVE,,6,Non-Fatal Injury,At Intersection,Stop Sign,Turning Movement,Clear,Daylight,Dry,Major Arterial,FALSE,-79.44639986,43.734682244757856,2,,,3,6,Minimal,No Equipment Available,,,,,,,,,,passenger,,York Centre (6),32 Division,Clanton Park,FALSE,FALSE,FALSE,FALSE,FALSE,TRUE,FALSE,FALSE,TRUE,TRUE,"{""coordinates"": [[-79.44639985724868, 43.734682244757856]], ""type"": ""MultiPoint""}"
13866,2017:7001474297,2017-08-15T17:00:00,FAYWOOD BLVD,WILSON AVE,,6,Non-Fatal Injury,At Intersection,Stop Sign,Turning Movement,Clear,Daylight,Dry,Major Arterial,FALSE,-79.44639986,43.734682244757856,1,Automobile or Station Wagon,South,6,30,None,Lap and Shoulder Belt,Improper turn,Normal,,,Turning Left,,,,,driver,,York Centre (6),32 Division,Clanton Park,FALSE,FALSE,FALSE,FALSE,FALSE,TRUE,FALSE,FALSE,TRUE,TRUE,"{""coordinates"": [[-79.44639985724868, 43.734682244757856]], ""type"": ""MultiPoint""}"
13867,2017:7001474297,2017-08-15T17:00:00,FAYWOOD BLVD,WILSON AVE,,6,Non-Fatal Injury,At Intersection,Stop Sign,Turning Movement,Clear,Daylight,Dry,Major Arterial,FALSE,-79.44639986,43.734682244757856,2,,,1,65,Minor,No Equipment Available,,,,,,,,,,passenger,,York Centre (6),32 Division,Clanton Park,FALSE,FALSE,FALSE,FALSE,FALSE,TRUE,FALSE,FALSE,TRUE,TRUE,"{""coordinates"": [[-79.44639985724868, 43.734682244757856]], ""type"": ""MultiPoint""}"
13868,2017:7001474297,2017-08-15T17:00:00,FAYWOOD BLVD,WILSON AVE,,6,Non-Fatal Injury,At Intersection,Stop Sign,Turning Movement,Clear,Daylight,Dry,Major Arterial,FALSE,-79.44639986,43.734682244757856,2,,,4,37,Major,No Equipment Available,,,,,,,,,,passenger,,York Centre (6),32 Division,Clanton Park,FALSE,FALSE,FALSE,FALSE,FALSE,TRUE,FALSE,FALSE,TRUE,TRUE,"{""coordinates"": [[-79.44639985724868, 43.734682244757856]], ""type"": ""MultiPoint""}"
13869,2017:7001474297,2017-08-15T17:00:00,FAYWOOD BLVD,WILSON AVE,,6,Non-Fatal Injury,At Intersection,Stop Sign,Turning Movement,Clear,Daylight,Dry,Major Arterial,FALSE,-79.44639986,43.734682244757856,2,,,2,5,Minimal,No Equipment Available,,,,,,,,,,passenger,,York Centre (6),32 Division,Clanton Park,FALSE,FALSE,FALSE,FALSE,FALSE,TRUE,FALSE,FALSE,TRUE,TRUE,"{""coordinates"": [[-79.44639985724868, 43.734682244757856]], ""type"": ""MultiPoint""}"
13870,2017:7001489368,2017-08-17T22:15:00,DUFFERIN ST,CARTWRIGHT AVE,,2,Non-Fatal Injury,At Intersection,No Control,Pedestrian Collision(internal code),Rain,Dark with Artificial Lighting,Wet,Major Arterial,FALSE,-79.45685989,43.72378326248918,1,Automobile or Station Wagon,South,1,42,None,Lap and Shoulder Belt,Driving properly,Normal,,,Going Ahead,,,,,driver,,Eglinton-Lawrence (8),32 Division,Yorkdale-Glen Park,FALSE,TRUE,FALSE,FALSE,FALSE,FALSE,TRUE,FALSE,TRUE,FALSE,"{""coordinates"": [[-79.4568598941226, 43.72378326248918]], ""type"": ""MultiPoint""}"
13871,2017:7001489368,2017-08-17T22:15:00,DUFFERIN ST,CARTWRIGHT AVE,,2,Non-Fatal Injury,At Intersection,No Control,Pedestrian Collision(internal code),Rain,Dark with Artificial Lighting,Wet,Major Arterial,FALSE,-79.45685989,43.72378326248918,1,,West,2,16,Major,Use Unknown,,,Crossing - no traffic control,Inattentive,,Driver going straight hits pedestrian crossing without right-of-way (at intersection),,,,pedestrian,,Eglinton-Lawrence (8),32 Division,Yorkdale-Glen Park,FALSE,TRUE,FALSE,FALSE,FALSE,FALSE,TRUE,FALSE,TRUE,FALSE,"{""coordinates"": [[-79.4568598941226, 43.72378326248918]], ""type"": ""MultiPoint""}"