_id,collision_id,accdate,stname1,stname2,stname3,per_inv,acclass,accloc,traffictl,impactype,visible,light,rdsfcond,road_class,failtorem,longitude,latitude,veh_no,vehtype,initdir,per_no,invage,injury,safequip,drivact,drivcond,pedact,pedcond,manoeuvre,pedtype,cyclistype,cycact,cyccond,road_user,fatal_no,wardname,division,neighbourhood,aggressive,distracted,cyclist,motorcyclist,other_micromobility,older_adult,pedestrian,red_light,school_child,heavy_truck,geometry
14229,2017:7003285352,2017-12-29T15:15:00,ST CLAIR AVE E,KENNEDY RD,2 m East of,3,Non-Fatal Injury,At Intersection,Traffic Signal,Other,Snow,Daylight,Loose Snow,Major Arterial,FALSE,-79.26130256,43.71645100567519,2,Intercity Coach Bus,East,2,48,None,Use Unknown,Driving properly,Normal,,,Going Ahead,,,,,driver,,Scarborough Southwest (20),41 Division,Clairlea-Birchmount,FALSE,FALSE,FALSE,FALSE,FALSE,TRUE,FALSE,FALSE,FALSE,TRUE,"{""coordinates"": [[-79.26130255926051, 43.71645100567519]], ""type"": ""MultiPoint""}"
14230,2017:7003285352,2017-12-29T15:15:00,ST CLAIR AVE E,KENNEDY RD,2 m East of,3,Non-Fatal Injury,At Intersection,Traffic Signal,Other,Snow,Daylight,Loose Snow,Major Arterial,FALSE,-79.26130256,43.71645100567519,2,,,1,65,Major,Use Unknown,,,,,,,,,,passenger,,Scarborough Southwest (20),41 Division,Clairlea-Birchmount,FALSE,FALSE,FALSE,FALSE,FALSE,TRUE,FALSE,FALSE,FALSE,TRUE,"{""coordinates"": [[-79.26130255926051, 43.71645100567519]], ""type"": ""MultiPoint""}"
14231,2017:7003291964,2017-12-30T17:45:00,3825 SHEPPARD AVE E,,140 m East of,3,Non-Fatal Injury,Non-Intersection,No Control,Pedestrian Collision(internal code),Clear,Daylight with Artificial Lighting,Wet,Major Arterial,FALSE,-79.29175154,43.782407048730036,1,,South,2,,Major,Use Unknown,,,Crossing - no traffic control,Normal,,Driver hits pedestrian at midblock,,,,pedestrian,,Scarborough-Agincourt (22),42 Division,Tam O'Shanter-Sullivan,FALSE,FALSE,FALSE,FALSE,FALSE,TRUE,TRUE,FALSE,FALSE,FALSE,"{""coordinates"": [[-79.29175154186588, 43.782407048730036]], ""type"": ""MultiPoint""}"
14232,2017:7003291964,2017-12-30T17:45:00,3825 SHEPPARD AVE E,,140 m East of,3,Non-Fatal Injury,Non-Intersection,No Control,Pedestrian Collision(internal code),Clear,Daylight with Artificial Lighting,Wet,Major Arterial,FALSE,-79.29175154,43.782407048730036,1,Automobile or Station Wagon,East,3,73,None,Lap and Shoulder Belt,Driving properly,Normal,,,Going Ahead,,,,,driver,,Scarborough-Agincourt (22),42 Division,Tam O'Shanter-Sullivan,FALSE,FALSE,FALSE,FALSE,FALSE,TRUE,TRUE,FALSE,FALSE,FALSE,"{""coordinates"": [[-79.29175154186588, 43.782407048730036]], ""type"": ""MultiPoint""}"
14233,2017:7003291964,2017-12-30T17:45:00,3825 SHEPPARD AVE E,,140 m East of,3,Non-Fatal Injury,Non-Intersection,No Control,Pedestrian Collision(internal code),Clear,Daylight with Artificial Lighting,Wet,Major Arterial,FALSE,-79.29175154,43.782407048730036,1,,,1,68,None,Lap and Shoulder Belt,,,,,,,,,,passenger,,Scarborough-Agincourt (22),42 Division,Tam O'Shanter-Sullivan,FALSE,FALSE,FALSE,FALSE,FALSE,TRUE,TRUE,FALSE,FALSE,FALSE,"{""coordinates"": [[-79.29175154186588, 43.782407048730036]], ""type"": ""MultiPoint""}"
14234,2018:8000000539,2018-01-01T01:25:00,BAYVIEW AVE,POTTERY RD,403 m N of,1,Fatal Injury,Non-Intersection,No Control,SMV Other,Clear,Dark with Artificial Lighting,Dry,Major Arterial,FALSE,-79.36198777,43.69200714360021,1,Automobile or Station Wagon,South,1,38,Fatal,,Speed too fast for conditions,Unknown,,,Going Ahead,,,,,driver,1,Don Valley West (15),53 Division,Leaside-Bennington,TRUE,FALSE,FALSE,FALSE,FALSE,FALSE,FALSE,FALSE,FALSE,FALSE,"{""coordinates"": [[-79.36198777409794, 43.69200714360021]], ""type"": ""MultiPoint""}"
14235,2018:8000000595,2018-01-01T01:37:00,NEILSON RD,401 C W NEILSON RAMP RD,,7,Non-Fatal Injury,At Intersection,Traffic Signal,Angle,Clear,Dark with Artificial Lighting,Dry,Minor Arterial,FALSE,-79.21632027,43.795015434333784,2,,,4,75,Minimal,Use Unknown,,,,,,,,,,passenger,,Scarborough-Rouge Park (25),42 Division,Malvern East,TRUE,FALSE,FALSE,FALSE,FALSE,TRUE,FALSE,TRUE,FALSE,FALSE,"{""coordinates"": [[-79.21632026530382, 43.795015434333784]], ""type"": ""MultiPoint""}"
14236,2018:8000000595,2018-01-01T01:37:00,NEILSON RD,401 C W NEILSON RAMP RD,,7,Non-Fatal Injury,At Intersection,Traffic Signal,Angle,Clear,Dark with Artificial Lighting,Dry,Minor Arterial,FALSE,-79.21632027,43.795015434333784,2,,,3,76,Minimal,Use Unknown,,,,,,,,,,passenger,,Scarborough-Rouge Park (25),42 Division,Malvern East,TRUE,FALSE,FALSE,FALSE,FALSE,TRUE,FALSE,TRUE,FALSE,FALSE,"{""coordinates"": [[-79.21632026530382, 43.795015434333784]], ""type"": ""MultiPoint""}"
14237,2018:8000000595,2018-01-01T01:37:00,NEILSON RD,401 C W NEILSON RAMP RD,,7,Non-Fatal Injury,At Intersection,Traffic Signal,Angle,Clear,Dark with Artificial Lighting,Dry,Minor Arterial,FALSE,-79.21632027,43.795015434333784,2,,,2,76,Minimal,Use Unknown,,,,,,,,,,passenger,,Scarborough-Rouge Park (25),42 Division,Malvern East,TRUE,FALSE,FALSE,FALSE,FALSE,TRUE,FALSE,TRUE,FALSE,FALSE,"{""coordinates"": [[-79.21632026530382, 43.795015434333784]], ""type"": ""MultiPoint""}"
14238,2018:8000000595,2018-01-01T01:37:00,NEILSON RD,401 C W NEILSON RAMP RD,,7,Non-Fatal Injury,At Intersection,Traffic Signal,Angle,Clear,Dark with Artificial Lighting,Dry,Minor Arterial,FALSE,-79.21632027,43.795015434333784,2,Automobile or Station Wagon,North,6,78,Minimal,Use Unknown,Driving properly,Normal,,,Going Ahead,,,,,driver,,Scarborough-Rouge Park (25),42 Division,Malvern East,TRUE,FALSE,FALSE,FALSE,FALSE,TRUE,FALSE,TRUE,FALSE,FALSE,"{""coordinates"": [[-79.21632026530382, 43.795015434333784]], ""type"": ""MultiPoint""}"
14239,2018:8000000595,2018-01-01T01:37:00,NEILSON RD,401 C W NEILSON RAMP RD,,7,Non-Fatal Injury,At Intersection,Traffic Signal,Angle,Clear,Dark with Artificial Lighting,Dry,Minor Arterial,FALSE,-79.21632027,43.795015434333784,1,,,5,33,Major,Use Unknown,,,,,,,,,,passenger,,Scarborough-Rouge Park (25),42 Division,Malvern East,TRUE,FALSE,FALSE,FALSE,FALSE,TRUE,FALSE,TRUE,FALSE,FALSE,"{""coordinates"": [[-79.21632026530382, 43.795015434333784]], ""type"": ""MultiPoint""}"
14240,2018:8000000595,2018-01-01T01:37:00,NEILSON RD,401 C W NEILSON RAMP RD,,7,Non-Fatal Injury,At Intersection,Traffic Signal,Angle,Clear,Dark with Artificial Lighting,Dry,Minor Arterial,FALSE,-79.21632027,43.795015434333784,1,,,1,24,Major,Use Unknown,,,,,,,,,,passenger,,Scarborough-Rouge Park (25),42 Division,Malvern East,TRUE,FALSE,FALSE,FALSE,FALSE,TRUE,FALSE,TRUE,FALSE,FALSE,"{""coordinates"": [[-79.21632026530382, 43.795015434333784]], ""type"": ""MultiPoint""}"
14241,2018:8000000595,2018-01-01T01:37:00,NEILSON RD,401 C W NEILSON RAMP RD,,7,Non-Fatal Injury,At Intersection,Traffic Signal,Angle,Clear,Dark with Artificial Lighting,Dry,Minor Arterial,FALSE,-79.21632027,43.795015434333784,1,Automobile or Station Wagon,West,7,23,Major,Use Unknown,Disobeyed traffic control,Had Been Drinking,,,Going Ahead,,,,,driver,,Scarborough-Rouge Park (25),42 Division,Malvern East,TRUE,FALSE,FALSE,FALSE,FALSE,TRUE,FALSE,TRUE,FALSE,FALSE,"{""coordinates"": [[-79.21632026530382, 43.795015434333784]], ""type"": ""MultiPoint""}"
14242,2018:8000009665,2018-01-02T17:18:00,BRIMLEY RD,HEATHER RD,,2,Fatal Injury,Intersection-Related,No Control,Pedestrian Collision(internal code),Clear,Dusk with Artificial Lighting,Dry,Major Arterial,FALSE,-79.2699235,43.790506023650956,1,Automobile or Station Wagon,South,1,64,None,,Driving properly,Normal,,,Going Ahead,,,,,driver,,Scarborough North (23),42 Division,Agincourt North,FALSE,TRUE,FALSE,FALSE,FALSE,TRUE,TRUE,FALSE,FALSE,FALSE,"{""coordinates"": [[-79.26992349955998, 43.790506023650956]], ""type"": ""MultiPoint""}"
14243,2018:8000009665,2018-01-02T17:18:00,BRIMLEY RD,HEATHER RD,,2,Fatal Injury,Intersection-Related,No Control,Pedestrian Collision(internal code),Clear,Dusk with Artificial Lighting,Dry,Major Arterial,FALSE,-79.2699235,43.790506023650956,0,,West,2,71,Fatal,,,,Crossing - no traffic control,Inattentive,,Driver hits pedestrian at midblock,,,,pedestrian,2,Scarborough North (23),42 Division,Agincourt North,FALSE,TRUE,FALSE,FALSE,FALSE,TRUE,TRUE,FALSE,FALSE,FALSE,"{""coordinates"": [[-79.26992349955998, 43.790506023650956]], ""type"": ""MultiPoint""}"
14244,2018:8000010377,2018-01-02T19:00:00,FINCH AVE E,TRUDY RD,70 m East of,6,Non-Fatal Injury,Non-Intersection,No Control,Approaching Head On,Clear,Dark with Artificial Lighting,Dry,Major Arterial,FALSE,-79.36217926,43.79094531683029,3,,,6,17,None,Air Bag Deployed,,,,,,,,,,passenger,,Don Valley North (17),33 Division,Don Valley Village,FALSE,TRUE,FALSE,FALSE,FALSE,FALSE,FALSE,FALSE,TRUE,FALSE,"{""coordinates"": [[-79.36217925856077, 43.79094531683029]], ""type"": ""MultiPoint""}"
14245,2018:8000010377,2018-01-02T19:00:00,FINCH AVE E,TRUDY RD,70 m East of,6,Non-Fatal Injury,Non-Intersection,No Control,Approaching Head On,Clear,Dark with Artificial Lighting,Dry,Major Arterial,FALSE,-79.36217926,43.79094531683029,2,,,4,50,Major,Air Bag Deployed,,,,,,,,,,passenger,,Don Valley North (17),33 Division,Don Valley Village,FALSE,TRUE,FALSE,FALSE,FALSE,FALSE,FALSE,FALSE,TRUE,FALSE,"{""coordinates"": [[-79.36217925856077, 43.79094531683029]], ""type"": ""MultiPoint""}"
14246,2018:8000010377,2018-01-02T19:00:00,FINCH AVE E,TRUDY RD,70 m East of,6,Non-Fatal Injury,Non-Intersection,No Control,Approaching Head On,Clear,Dark with Artificial Lighting,Dry,Major Arterial,FALSE,-79.36217926,43.79094531683029,2,Automobile or Station Wagon,East,2,52,Minor,Air Bag Deployed,Driving properly,Normal,,,Going Ahead,,,,,driver,,Don Valley North (17),33 Division,Don Valley Village,FALSE,TRUE,FALSE,FALSE,FALSE,FALSE,FALSE,FALSE,TRUE,FALSE,"{""coordinates"": [[-79.36217925856077, 43.79094531683029]], ""type"": ""MultiPoint""}"
14247,2018:8000010377,2018-01-02T19:00:00,FINCH AVE E,TRUDY RD,70 m East of,6,Non-Fatal Injury,Non-Intersection,No Control,Approaching Head On,Clear,Dark with Artificial Lighting,Dry,Major Arterial,FALSE,-79.36217926,43.79094531683029,1,Passenger Van,West,1,32,None,Air Bag Deployed,Lost control,Inattentive,,,Going Ahead,,,,,driver,,Don Valley North (17),33 Division,Don Valley Village,FALSE,TRUE,FALSE,FALSE,FALSE,FALSE,FALSE,FALSE,TRUE,FALSE,"{""coordinates"": [[-79.36217925856077, 43.79094531683029]], ""type"": ""MultiPoint""}"
14248,2018:8000010377,2018-01-02T19:00:00,FINCH AVE E,TRUDY RD,70 m East of,6,Non-Fatal Injury,Non-Intersection,No Control,Approaching Head On,Clear,Dark with Artificial Lighting,Dry,Major Arterial,FALSE,-79.36217926,43.79094531683029,3,,,5,45,None,Air Bag Deployed,,,,,,,,,,passenger,,Don Valley North (17),33 Division,Don Valley Village,FALSE,TRUE,FALSE,FALSE,FALSE,FALSE,FALSE,FALSE,TRUE,FALSE,"{""coordinates"": [[-79.36217925856077, 43.79094531683029]], ""type"": ""MultiPoint""}"
14249,2018:8000010377,2018-01-02T19:00:00,FINCH AVE E,TRUDY RD,70 m East of,6,Non-Fatal Injury,Non-Intersection,No Control,Approaching Head On,Clear,Dark with Artificial Lighting,Dry,Major Arterial,FALSE,-79.36217926,43.79094531683029,3,Passenger Van,East,3,47,None,Air Bag Deployed,Driving properly,Normal,,,Going Ahead,,,,,driver,,Don Valley North (17),33 Division,Don Valley Village,FALSE,TRUE,FALSE,FALSE,FALSE,FALSE,FALSE,FALSE,TRUE,FALSE,"{""coordinates"": [[-79.36217925856077, 43.79094531683029]], ""type"": ""MultiPoint""}"
14250,2018:8000026643,2018-01-05T11:45:00,SHEPPARD ST,ADELAIDE ST W,,2,Fatal Injury,At Intersection,Traffic Signal,Pedestrian Collision(internal code),Other,Daylight,Other,Major Arterial,FALSE,-79.38209188,43.64954118075131,0,Delivery Van,South,2,54,None,,Failed to yield right-of-way,Unknown,,,Turning Left,,,,,driver,,Spadina-Fort York (10),52 Division,Yonge-Bay Corridor,TRUE,FALSE,FALSE,FALSE,FALSE,TRUE,TRUE,FALSE,FALSE,TRUE,"{""coordinates"": [[-79.38209187584555, 43.64954118075131]], ""type"": ""MultiPoint""}"
14251,2018:8000026643,2018-01-05T11:45:00,SHEPPARD ST,ADELAIDE ST W,,2,Fatal Injury,At Intersection,Traffic Signal,Pedestrian Collision(internal code),Other,Daylight,Other,Major Arterial,FALSE,-79.38209188,43.64954118075131,0,,North,1,85,Fatal,,,,Crossing with right-of-way (intersection),Unknown,,Driver turns left into pedestrian crossing with right-of-way (at intersection),,,,pedestrian,6,Spadina-Fort York (10),52 Division,Yonge-Bay Corridor,TRUE,FALSE,FALSE,FALSE,FALSE,TRUE,TRUE,FALSE,FALSE,TRUE,"{""coordinates"": [[-79.38209187584555, 43.64954118075131]], ""type"": ""MultiPoint""}"
14252,2018:8000027630,2018-01-05T14:12:00,AVENUE RD,DUNBLAINE AVE,,3,Non-Fatal Injury,At Intersection,Traffic Controller,Pedestrian Collision(internal code),Clear,Daylight,Dry,Major Arterial,FALSE,-79.42006364,43.735849722040946,1,,East,2,30,Major,Use Unknown,,,Crossing with right-of-way (intersection),Normal,,Driver turns left into pedestrian crossing with right-of-way (at intersection),,,,pedestrian,,Eglinton-Lawrence (8),32 Division,Bedford Park-Nortown,TRUE,FALSE,FALSE,FALSE,FALSE,FALSE,TRUE,FALSE,FALSE,FALSE,"{""coordinates"": [[-79.42006363694372, 43.735849722040946]], ""type"": ""MultiPoint""}"
14253,2018:8000027630,2018-01-05T14:12:00,AVENUE RD,DUNBLAINE AVE,,3,Non-Fatal Injury,At Intersection,Traffic Controller,Pedestrian Collision(internal code),Clear,Daylight,Dry,Major Arterial,FALSE,-79.42006364,43.735849722040946,1,Automobile or Station Wagon,West,1,29,None,Lap and Shoulder Belt,Failed to yield right-of-way,Unknown,,,Turning Left,,,,,driver,,Eglinton-Lawrence (8),32 Division,Bedford Park-Nortown,TRUE,FALSE,FALSE,FALSE,FALSE,FALSE,TRUE,FALSE,FALSE,FALSE,"{""coordinates"": [[-79.42006363694372, 43.735849722040946]], ""type"": ""MultiPoint""}"
14254,2018:8000027630,2018-01-05T14:12:00,AVENUE RD,DUNBLAINE AVE,,3,Non-Fatal Injury,At Intersection,Traffic Controller,Pedestrian Collision(internal code),Clear,Daylight,Dry,Major Arterial,FALSE,-79.42006364,43.735849722040946,1,,East,3,28,Minimal,Use Unknown,,,Crossing with right-of-way (intersection),Normal,,Driver turns left into pedestrian crossing with right-of-way (at intersection),,,,pedestrian,,Eglinton-Lawrence (8),32 Division,Bedford Park-Nortown,TRUE,FALSE,FALSE,FALSE,FALSE,FALSE,TRUE,FALSE,FALSE,FALSE,"{""coordinates"": [[-79.42006363694372, 43.735849722040946]], ""type"": ""MultiPoint""}"
14255,2018:8000027863,2018-01-05T14:55:00,SUNRISE AVE,BERMONDSEY RD,408 m East of,2,Non-Fatal Injury,At/Near Private Drive,No Control,Turning Movement,Clear,Daylight,Dry,Collector,FALSE,-79.30830047,43.71800442571323,1,Automobile or Station Wagon,East,2,53,None,Lap and Shoulder Belt,Failed to yield right-of-way,Normal,,,Turning Left,,,,,driver,,Beaches-East York (19),55 Division,Victoria Village,TRUE,FALSE,FALSE,FALSE,FALSE,FALSE,FALSE,FALSE,FALSE,FALSE,"{""coordinates"": [[-79.30830046741883, 43.71800442571323]], ""type"": ""MultiPoint""}"
14256,2018:8000027863,2018-01-05T14:55:00,SUNRISE AVE,BERMONDSEY RD,408 m East of,2,Non-Fatal Injury,At/Near Private Drive,No Control,Turning Movement,Clear,Daylight,Dry,Collector,FALSE,-79.30830047,43.71800442571323,2,Automobile or Station Wagon,West,1,23,Major,Lap and Shoulder Belt,Driving properly,Normal,,,Going Ahead,,,,,driver,,Beaches-East York (19),55 Division,Victoria Village,TRUE,FALSE,FALSE,FALSE,FALSE,FALSE,FALSE,FALSE,FALSE,FALSE,"{""coordinates"": [[-79.30830046741883, 43.71800442571323]], ""type"": ""MultiPoint""}"
14257,2018:8000040229,2018-01-07T18:16:00,EGLINTON AVE W,ROYAL YORK RD,,2,Fatal Injury,Non-Intersection,Traffic Signal,Approaching Head On,Other,Daylight,Other,Major Arterial,FALSE,-79.52972109,43.68161937509589,2,Automobile or Station Wagon,West,2,87,Fatal,,Driving properly,Unknown,,,Going Ahead,,,,,driver,3,Etobicoke Centre (2),22 Division,Edenbridge-Humber Valley,TRUE,FALSE,FALSE,FALSE,FALSE,TRUE,FALSE,FALSE,FALSE,FALSE,"{""coordinates"": [[-79.52972108578044, 43.68161937509589]], ""type"": ""MultiPoint""}"
14258,2018:8000040229,2018-01-07T18:16:00,EGLINTON AVE W,ROYAL YORK RD,,2,Fatal Injury,Non-Intersection,Traffic Signal,Approaching Head On,Other,Daylight,Other,Major Arterial,FALSE,-79.52972109,43.68161937509589,1,Automobile or Station Wagon,East,1,28,None,,Failed to yield right-of-way,Ability Impaired - Alcohol Over .08,,,Going Ahead,,,,,driver,,Etobicoke Centre (2),22 Division,Edenbridge-Humber Valley,TRUE,FALSE,FALSE,FALSE,FALSE,TRUE,FALSE,FALSE,FALSE,FALSE,"{""coordinates"": [[-79.52972108578044, 43.68161937509589]], ""type"": ""MultiPoint""}"
14259,2018:8000041197,2018-01-07T21:51:00,STEELES AVE E,EASTVALE DR,E of,2,Fatal Injury,Intersection-Related,No Control,Pedestrian Collision(internal code),Other,Dark,Other,Major Arterial,FALSE,-79.24515142,43.83793400325928,1,Automobile or Station Wagon,West,1,62,None,,Driving properly,Unknown,,,Going Ahead,,,,,driver,,Scarborough North (23),42 Division,Morningside Heights,FALSE,FALSE,FALSE,FALSE,FALSE,FALSE,TRUE,FALSE,FALSE,FALSE,"{""coordinates"": [[-79.2451514232969, 43.83793400325928]], ""type"": ""MultiPoint""}"
14260,2018:8000041197,2018-01-07T21:51:00,STEELES AVE E,EASTVALE DR,E of,2,Fatal Injury,Intersection-Related,No Control,Pedestrian Collision(internal code),Other,Dark,Other,Major Arterial,FALSE,-79.24515142,43.83793400325928,0,,North,2,21,Fatal,,,,Crossing - no traffic control,Unknown,,Driver hits pedestrian at midblock,,,,pedestrian,4,Scarborough North (23),42 Division,Morningside Heights,FALSE,FALSE,FALSE,FALSE,FALSE,FALSE,TRUE,FALSE,FALSE,FALSE,"{""coordinates"": [[-79.2451514232969, 43.83793400325928]], ""type"": ""MultiPoint""}"
14261,2018:8000053420,2018-01-09T18:17:00,EGLINTON AVE E,ROSEMOUNT DR,W of,2,Fatal Injury,Non-Intersection,No Control,Pedestrian Collision(internal code),Clear,Dark,Wet,Major Arterial,FALSE,-79.27509657,43.730474024406234,0,,North,2,74,Fatal,,,,Crossing - no traffic control,Normal,,Driver hits pedestrian at midblock,,,,pedestrian,5,Scarborough Southwest (20),41 Division,Ionview,FALSE,FALSE,FALSE,FALSE,FALSE,TRUE,TRUE,FALSE,FALSE,TRUE,"{""coordinates"": [[-79.27509656644916, 43.730474024406234]], ""type"": ""MultiPoint""}"
14262,2018:8000053420,2018-01-09T18:17:00,EGLINTON AVE E,ROSEMOUNT DR,W of,2,Fatal Injury,Non-Intersection,No Control,Pedestrian Collision(internal code),Clear,Dark,Wet,Major Arterial,FALSE,-79.27509657,43.730474024406234,1,Delivery Van,West,1,45,None,,Driving properly,Normal,,,Going Ahead,,,,,driver,,Scarborough Southwest (20),41 Division,Ionview,FALSE,FALSE,FALSE,FALSE,FALSE,TRUE,TRUE,FALSE,FALSE,TRUE,"{""coordinates"": [[-79.27509656644916, 43.730474024406234]], ""type"": ""MultiPoint""}"
14263,2018:8000510129,2018-03-21T03:31:00,F G GARDINER XY W,ROYAL YORK RD,,4,Fatal Injury,Non-Intersection,No Control,Rear End,Clear,Dark with Artificial Lighting,Dry,,FALSE,-79.49995816,43.62310637,1,,,2,28,Fatal,,,,,,,,,,,passenger,16,Etobicoke-Lakeshore (3),22 Division,Mimico-Queensway,TRUE,TRUE,FALSE,FALSE,FALSE,FALSE,FALSE,FALSE,FALSE,FALSE,"{""coordinates"": [[-79.49995815520353, 43.6231063686452]], ""type"": ""MultiPoint""}"
14264,2018:8000063695,2018-01-11T09:23:00,YONGE ST,RANLEIGH AVE,,2,Non-Fatal Injury,At Intersection,Traffic Signal,Pedestrian Collision(internal code),Clear,Daylight,Wet,Major Arterial,FALSE,-79.40290511,43.727762543992924,1,,East,1,72,Major,Use Unknown,,,Crossing with right-of-way (intersection),Inattentive,,Driver turns left into pedestrian crossing with right-of-way (at intersection),,,,pedestrian,,Don Valley West (15),32 Division,Lawrence Park North,FALSE,TRUE,FALSE,FALSE,FALSE,TRUE,TRUE,FALSE,FALSE,FALSE,"{""coordinates"": [[-79.4029051118236, 43.727762543992924]], ""type"": ""MultiPoint""}"
14265,2018:8000063695,2018-01-11T09:23:00,YONGE ST,RANLEIGH AVE,,2,Non-Fatal Injury,At Intersection,Traffic Signal,Pedestrian Collision(internal code),Clear,Daylight,Wet,Major Arterial,FALSE,-79.40290511,43.727762543992924,1,Pickup Truck,West,2,52,None,Use Unknown,Improper turn,Fatigue/Fell Asleep,,,Turning Left,,,,,driver,,Don Valley West (15),32 Division,Lawrence Park North,FALSE,TRUE,FALSE,FALSE,FALSE,TRUE,TRUE,FALSE,FALSE,FALSE,"{""coordinates"": [[-79.4029051118236, 43.727762543992924]], ""type"": ""MultiPoint""}"
14266,2018:8000066808,2018-01-11T17:27:00,YONGE ST,EGLINTON AVE E,,2,Non-Fatal Injury,At Intersection,Traffic Signal,Pedestrian Collision(internal code),Rain,Dark with Artificial Lighting,Wet,Major Arterial,FALSE,-79.3983275,43.706659638157696,1,Municipal Transit Bus (TTC),West,2,48,None,Lap and Shoulder Belt,Driving properly,Normal,,,Going Ahead,,,,,driver,,Toronto-St. Paul's (12),53 Division,South Eglinton-Davisville,FALSE,TRUE,FALSE,FALSE,FALSE,FALSE,TRUE,FALSE,FALSE,TRUE,"{""coordinates"": [[-79.39832750020247, 43.706659638157696]], ""type"": ""MultiPoint""}"
14267,2018:8000066808,2018-01-11T17:27:00,YONGE ST,EGLINTON AVE E,,2,Non-Fatal Injury,At Intersection,Traffic Signal,Pedestrian Collision(internal code),Rain,Dark with Artificial Lighting,Wet,Major Arterial,FALSE,-79.3983275,43.706659638157696,1,,North,1,62,Major,Use Unknown,,,Crossing without right-of-way (intersection),Inattentive,,Transit vehicle driver hits pedestrian anywhere along roadway,,,,pedestrian,,Toronto-St. Paul's (12),53 Division,South Eglinton-Davisville,FALSE,TRUE,FALSE,FALSE,FALSE,FALSE,TRUE,FALSE,FALSE,TRUE,"{""coordinates"": [[-79.39832750020247, 43.706659638157696]], ""type"": ""MultiPoint""}"
14268,2018:8000066887,2018-01-11T17:40:00,BRIDLETOWNE CRCL,FINCH AVE E,,2,Non-Fatal Injury,At Intersection,Traffic Signal,Pedestrian Collision(internal code),Clear,Dark with Artificial Lighting,Dry,Major Arterial,TRUE,-79.31927147,43.795778487739135,1,,North,1,72,Major,Use Unknown,,,Crossing with right-of-way (intersection),Normal,,Driver turns right into pedestrian crossing with right-of-way (at intersection),,,,pedestrian,,Scarborough-Agincourt (22),42 Division,L'Amoreaux West,TRUE,FALSE,FALSE,FALSE,FALSE,TRUE,TRUE,FALSE,FALSE,FALSE,"{""coordinates"": [[-79.31927147015534, 43.795778487739135]], ""type"": ""MultiPoint""}"
14269,2018:8000066887,2018-01-11T17:40:00,BRIDLETOWNE CRCL,FINCH AVE E,,2,Non-Fatal Injury,At Intersection,Traffic Signal,Pedestrian Collision(internal code),Clear,Dark with Artificial Lighting,Dry,Major Arterial,TRUE,-79.31927147,43.795778487739135,1,Automobile or Station Wagon,South,2,,None,Use Unknown,Failed to yield right-of-way,Unknown,,,Turning Right,,,,,driver,,Scarborough-Agincourt (22),42 Division,L'Amoreaux West,TRUE,FALSE,FALSE,FALSE,FALSE,TRUE,TRUE,FALSE,FALSE,FALSE,"{""coordinates"": [[-79.31927147015534, 43.795778487739135]], ""type"": ""MultiPoint""}"
14270,2018:8000074113,2018-01-12T19:01:00,MCCOWAN RD,ELLESMERE RD,,3,Non-Fatal Injury,At Intersection,Traffic Signal,SMV Other,Freezing Rain or Hail,Dark with Artificial Lighting,Ice,Major Arterial,FALSE,-79.25146132,43.77207006091481,1,,,1,51,Minor,Equipment Not Used But Available,,,,,,,,,,passenger,,Scarborough-Guildwood (24),43 Division,Woburn North,FALSE,TRUE,FALSE,FALSE,FALSE,FALSE,FALSE,FALSE,TRUE,FALSE,"{""coordinates"": [[-79.25146132207348, 43.77207006091481]], ""type"": ""MultiPoint""}"
14271,2018:8000074113,2018-01-12T19:01:00,MCCOWAN RD,ELLESMERE RD,,3,Non-Fatal Injury,At Intersection,Traffic Signal,SMV Other,Freezing Rain or Hail,Dark with Artificial Lighting,Ice,Major Arterial,FALSE,-79.25146132,43.77207006091481,1,,,2,19,Minor,Equipment Not Used But Available,,,,,,,,,,passenger,,Scarborough-Guildwood (24),43 Division,Woburn North,FALSE,TRUE,FALSE,FALSE,FALSE,FALSE,FALSE,FALSE,TRUE,FALSE,"{""coordinates"": [[-79.25146132207348, 43.77207006091481]], ""type"": ""MultiPoint""}"
14272,2018:8000074113,2018-01-12T19:01:00,MCCOWAN RD,ELLESMERE RD,,3,Non-Fatal Injury,At Intersection,Traffic Signal,SMV Other,Freezing Rain or Hail,Dark with Artificial Lighting,Ice,Major Arterial,FALSE,-79.25146132,43.77207006091481,1,Passenger Van,North,3,43,Major,Equipment Not Used But Available,Lost control,Inattentive,,,Going Ahead,,,,,driver,,Scarborough-Guildwood (24),43 Division,Woburn North,FALSE,TRUE,FALSE,FALSE,FALSE,FALSE,FALSE,FALSE,TRUE,FALSE,"{""coordinates"": [[-79.25146132207348, 43.77207006091481]], ""type"": ""MultiPoint""}"
14273,2018:8000083490,2018-01-14T10:59:00,THE QUEENSWAY,ALDGATE AVE,100 m West of,4,Non-Fatal Injury,Non-Intersection,No Control,Approaching Head On,Clear,Daylight,Dry,Major Arterial,FALSE,-79.48757646,43.62956094811824,1,Automobile or Station Wagon,East,1,29,None,Lap and Shoulder Belt,Failed to yield right-of-way,Normal,,,Going Ahead,,,,,driver,,Etobicoke-Lakeshore (3),22 Division,Stonegate-Queensway,TRUE,FALSE,FALSE,FALSE,FALSE,FALSE,FALSE,FALSE,TRUE,FALSE,"{""coordinates"": [[-79.48757645782052, 43.62956094811824]], ""type"": ""MultiPoint""}"