_id,collision_id,accdate,stname1,stname2,stname3,per_inv,acclass,accloc,traffictl,impactype,visible,light,rdsfcond,road_class,failtorem,longitude,latitude,veh_no,vehtype,initdir,per_no,invage,injury,safequip,drivact,drivcond,pedact,pedcond,manoeuvre,pedtype,cyclistype,cycact,cyccond,road_user,fatal_no,wardname,division,neighbourhood,aggressive,distracted,cyclist,motorcyclist,other_micromobility,older_adult,pedestrian,red_light,school_child,heavy_truck,geometry
14274,2018:8000083490,2018-01-14T10:59:00,THE QUEENSWAY,ALDGATE AVE,100 m West of,4,Non-Fatal Injury,Non-Intersection,No Control,Approaching Head On,Clear,Daylight,Dry,Major Arterial,FALSE,-79.48757646,43.62956094811824,2,Automobile or Station Wagon,West,2,,Major,Lap and Shoulder Belt,Driving properly,Normal,,,Going Ahead,,,,,driver,,Etobicoke-Lakeshore (3),22 Division,Stonegate-Queensway,TRUE,FALSE,FALSE,FALSE,FALSE,FALSE,FALSE,FALSE,TRUE,FALSE,"{""coordinates"": [[-79.48757645782052, 43.62956094811824]], ""type"": ""MultiPoint""}"
14275,2018:8000083490,2018-01-14T10:59:00,THE QUEENSWAY,ALDGATE AVE,100 m West of,4,Non-Fatal Injury,Non-Intersection,No Control,Approaching Head On,Clear,Daylight,Dry,Major Arterial,FALSE,-79.48757646,43.62956094811824,2,,,3,39,None,Lap and Shoulder Belt,,,,,,,,,,passenger,,Etobicoke-Lakeshore (3),22 Division,Stonegate-Queensway,TRUE,FALSE,FALSE,FALSE,FALSE,FALSE,FALSE,FALSE,TRUE,FALSE,"{""coordinates"": [[-79.48757645782052, 43.62956094811824]], ""type"": ""MultiPoint""}"
14276,2018:8000083490,2018-01-14T10:59:00,THE QUEENSWAY,ALDGATE AVE,100 m West of,4,Non-Fatal Injury,Non-Intersection,No Control,Approaching Head On,Clear,Daylight,Dry,Major Arterial,FALSE,-79.48757646,43.62956094811824,2,,,4,5,Minimal,Lap and Shoulder Belt,,,,,,,,,,passenger,,Etobicoke-Lakeshore (3),22 Division,Stonegate-Queensway,TRUE,FALSE,FALSE,FALSE,FALSE,FALSE,FALSE,FALSE,TRUE,FALSE,"{""coordinates"": [[-79.48757645782052, 43.62956094811824]], ""type"": ""MultiPoint""}"
14277,2018:8000090859,2018-01-15T15:20:00,23 IANHALL RD,,,3,Fatal Injury,Non-Intersection,No Control,Pedestrian Collision(internal code),Snow,Daylight,Loose Snow,Local,FALSE,-79.48822394,43.72790330168567,0,Automobile or Station Wagon,East,3,,None,,,,,,Going Ahead,,,,,other,,York Centre (6),31 Division,Downsview,FALSE,FALSE,FALSE,FALSE,FALSE,FALSE,TRUE,FALSE,TRUE,FALSE,"{""coordinates"": [[-79.48822394178308, 43.72790330168567]], ""type"": ""MultiPoint""}"
14278,2018:8000090859,2018-01-15T15:20:00,23 IANHALL RD,,,3,Fatal Injury,Non-Intersection,No Control,Pedestrian Collision(internal code),Snow,Daylight,Loose Snow,Local,FALSE,-79.48822394,43.72790330168567,0,,Unknown,1,5,Fatal,,,,Person getting on/off vehicle,Normal,,Driver hits pedestrian at midblock,,,,pedestrian,7,York Centre (6),31 Division,Downsview,FALSE,FALSE,FALSE,FALSE,FALSE,FALSE,TRUE,FALSE,TRUE,FALSE,"{""coordinates"": [[-79.48822394178308, 43.72790330168567]], ""type"": ""MultiPoint""}"
14279,2018:8000090859,2018-01-15T15:20:00,23 IANHALL RD,,,3,Fatal Injury,Non-Intersection,No Control,Pedestrian Collision(internal code),Snow,Daylight,Loose Snow,Local,FALSE,-79.48822394,43.72790330168567,0,,Unknown,2,42,Minimal,,,,Person getting on/off vehicle,Normal,,Driver hits pedestrian at midblock,,,,pedestrian,,York Centre (6),31 Division,Downsview,FALSE,FALSE,FALSE,FALSE,FALSE,FALSE,TRUE,FALSE,TRUE,FALSE,"{""coordinates"": [[-79.48822394178308, 43.72790330168567]], ""type"": ""MultiPoint""}"
14280,2018:8000091274,2018-01-15T16:23:00,YONGE ST,MELINDA ST,17 m North of,2,Non-Fatal Injury,Intersection-Related,No Control,Pedestrian Collision(internal code),Snow,Daylight,Loose Snow,Major Arterial,FALSE,-79.37760612,43.64845115672429,1,,East,1,45,Major,Use Unknown,,,Crossing - no traffic control,Normal,,Driver hits pedestrian at midblock,,,,pedestrian,,Toronto Centre (13),51 Division,Downtown Yonge East,TRUE,TRUE,FALSE,FALSE,FALSE,FALSE,TRUE,FALSE,FALSE,TRUE,"{""coordinates"": [[-79.37760611531338, 43.64845115672429]], ""type"": ""MultiPoint""}"
14281,2018:8000091274,2018-01-15T16:23:00,YONGE ST,MELINDA ST,17 m North of,2,Non-Fatal Injury,Intersection-Related,No Control,Pedestrian Collision(internal code),Snow,Daylight,Loose Snow,Major Arterial,FALSE,-79.37760612,43.64845115672429,1,Delivery Van,North,2,46,None,Lap and Shoulder Belt,Failed to yield right-of-way,Inattentive,,,Going Ahead,,,,,driver,,Toronto Centre (13),51 Division,Downtown Yonge East,TRUE,TRUE,FALSE,FALSE,FALSE,FALSE,TRUE,FALSE,FALSE,TRUE,"{""coordinates"": [[-79.37760611531338, 43.64845115672429]], ""type"": ""MultiPoint""}"
14282,2018:8000118334,2018-01-19T18:00:00,FINCH AVE E,DUDLEY AVE,,6,Non-Fatal Injury,At Intersection,Stop Sign,Angle,Clear,Dark with Artificial Lighting,Dry,Major Arterial,FALSE,-79.40967996,43.78098519942152,3,Automobile or Station Wagon,South,4,44,None,Lap and Shoulder Belt,Driving properly,Normal,,,Stopped,,,,,driver,,Willowdale (18),32 Division,East Willowdale,TRUE,FALSE,FALSE,FALSE,FALSE,TRUE,FALSE,FALSE,FALSE,FALSE,"{""coordinates"": [[-79.40967995641957, 43.78098519942152]], ""type"": ""MultiPoint""}"
14283,2018:8000118334,2018-01-19T18:00:00,FINCH AVE E,DUDLEY AVE,,6,Non-Fatal Injury,At Intersection,Stop Sign,Angle,Clear,Dark with Artificial Lighting,Dry,Major Arterial,FALSE,-79.40967996,43.78098519942152,1,Automobile or Station Wagon,North,2,89,None,Lap and Shoulder Belt,Failed to yield right-of-way,Normal,,,Going Ahead,,,,,driver,,Willowdale (18),32 Division,East Willowdale,TRUE,FALSE,FALSE,FALSE,FALSE,TRUE,FALSE,FALSE,FALSE,FALSE,"{""coordinates"": [[-79.40967995641957, 43.78098519942152]], ""type"": ""MultiPoint""}"
14284,2018:8000118334,2018-01-19T18:00:00,FINCH AVE E,DUDLEY AVE,,6,Non-Fatal Injury,At Intersection,Stop Sign,Angle,Clear,Dark with Artificial Lighting,Dry,Major Arterial,FALSE,-79.40967996,43.78098519942152,1,,,1,76,None,Lap and Shoulder Belt,,,,,,,,,,passenger,,Willowdale (18),32 Division,East Willowdale,TRUE,FALSE,FALSE,FALSE,FALSE,TRUE,FALSE,FALSE,FALSE,FALSE,"{""coordinates"": [[-79.40967995641957, 43.78098519942152]], ""type"": ""MultiPoint""}"
14285,2018:8000118334,2018-01-19T18:00:00,FINCH AVE E,DUDLEY AVE,,6,Non-Fatal Injury,At Intersection,Stop Sign,Angle,Clear,Dark with Artificial Lighting,Dry,Major Arterial,FALSE,-79.40967996,43.78098519942152,1,,,6,90,Major,Lap and Shoulder Belt,,,,,,,,,,passenger,,Willowdale (18),32 Division,East Willowdale,TRUE,FALSE,FALSE,FALSE,FALSE,TRUE,FALSE,FALSE,FALSE,FALSE,"{""coordinates"": [[-79.40967995641957, 43.78098519942152]], ""type"": ""MultiPoint""}"
14286,2018:8000118334,2018-01-19T18:00:00,FINCH AVE E,DUDLEY AVE,,6,Non-Fatal Injury,At Intersection,Stop Sign,Angle,Clear,Dark with Artificial Lighting,Dry,Major Arterial,FALSE,-79.40967996,43.78098519942152,2,Automobile or Station Wagon,West,3,27,Minor,Lap and Shoulder Belt,Driving properly,Normal,,,Going Ahead,,,,,driver,,Willowdale (18),32 Division,East Willowdale,TRUE,FALSE,FALSE,FALSE,FALSE,TRUE,FALSE,FALSE,FALSE,FALSE,"{""coordinates"": [[-79.40967995641957, 43.78098519942152]], ""type"": ""MultiPoint""}"
14287,2018:8000118334,2018-01-19T18:00:00,FINCH AVE E,DUDLEY AVE,,6,Non-Fatal Injury,At Intersection,Stop Sign,Angle,Clear,Dark with Artificial Lighting,Dry,Major Arterial,FALSE,-79.40967996,43.78098519942152,3,,,5,48,None,Lap and Shoulder Belt,,,,,,,,,,passenger,,Willowdale (18),32 Division,East Willowdale,TRUE,FALSE,FALSE,FALSE,FALSE,TRUE,FALSE,FALSE,FALSE,FALSE,"{""coordinates"": [[-79.40967995641957, 43.78098519942152]], ""type"": ""MultiPoint""}"
14288,2018:8000125710,2018-01-20T21:05:00,MORNINGSIDE AVE,CINEMART DR,35 m South of,2,Non-Fatal Injury,Non-Intersection,No Control,Pedestrian Collision(internal code),Clear,Dark with Artificial Lighting,Dry,Major Arterial,TRUE,-79.19743749,43.79730042018879,1,Automobile or Station Wagon,South,2,,None,Use Unknown,Driving properly,Unknown,,,Going Ahead,,,,,driver,,Scarborough-Rouge Park (25),42 Division,Malvern East,FALSE,TRUE,FALSE,FALSE,FALSE,FALSE,TRUE,FALSE,FALSE,FALSE,"{""coordinates"": [[-79.19743748710701, 43.79730042018879]], ""type"": ""MultiPoint""}"
14289,2018:8000125710,2018-01-20T21:05:00,MORNINGSIDE AVE,CINEMART DR,35 m South of,2,Non-Fatal Injury,Non-Intersection,No Control,Pedestrian Collision(internal code),Clear,Dark with Artificial Lighting,Dry,Major Arterial,TRUE,-79.19743749,43.79730042018879,1,,West,1,47,Major,No Equipment Available,,,Crossing - no traffic control,Inattentive,,Driver hits pedestrian at midblock,,,,pedestrian,,Scarborough-Rouge Park (25),42 Division,Malvern East,FALSE,TRUE,FALSE,FALSE,FALSE,FALSE,TRUE,FALSE,FALSE,FALSE,"{""coordinates"": [[-79.19743748710701, 43.79730042018879]], ""type"": ""MultiPoint""}"
14290,2018:8000134975,2018-01-22T11:30:00,THURMAN RD,STEELES AVE W,,2,Non-Fatal Injury,At Intersection,Traffic Signal,Cyclist Collision,Rain,Daylight,Wet,Major Arterial,FALSE,-79.45299209,43.79073943048548,2,Bicycle,North,1,67,Major,No Equipment Available,,,,,Going Ahead,,Driver turns left into path of cyclist,Driving Properly,Normal,cyclist,,York Centre (6),32 Division,Westminster-Branson,TRUE,TRUE,TRUE,FALSE,FALSE,TRUE,FALSE,FALSE,FALSE,FALSE,"{""coordinates"": [[-79.45299208815027, 43.79073943048548]], ""type"": ""MultiPoint""}"
14291,2018:8000134975,2018-01-22T11:30:00,THURMAN RD,STEELES AVE W,,2,Non-Fatal Injury,At Intersection,Traffic Signal,Cyclist Collision,Rain,Daylight,Wet,Major Arterial,FALSE,-79.45299209,43.79073943048548,1,Automobile or Station Wagon,South,2,80,None,Lap and Shoulder Belt,Failed to yield right-of-way,Inattentive,,,Turning Left,,,,,driver,,York Centre (6),32 Division,Westminster-Branson,TRUE,TRUE,TRUE,FALSE,FALSE,TRUE,FALSE,FALSE,FALSE,FALSE,"{""coordinates"": [[-79.45299208815027, 43.79073943048548]], ""type"": ""MultiPoint""}"
14292,2018:8000136344,2018-01-22T15:25:00,HANNA RD,SUTHERLAND DR,,2,Non-Fatal Injury,At Intersection,Stop Sign,Cyclist Collision,Rain,Daylight,Wet,Local,FALSE,-79.36556683,43.70148686534209,1,Automobile or Station Wagon,East,1,41,None,Lap and Shoulder Belt,Other,Normal,,,Going Ahead,,,,,driver,,Don Valley West (15),53 Division,Leaside-Bennington,FALSE,FALSE,TRUE,FALSE,FALSE,FALSE,FALSE,FALSE,TRUE,FALSE,"{""coordinates"": [[-79.36556682867281, 43.70148686534209]], ""type"": ""MultiPoint""}"
14293,2018:8000136344,2018-01-22T15:25:00,HANNA RD,SUTHERLAND DR,,2,Non-Fatal Injury,At Intersection,Stop Sign,Cyclist Collision,Rain,Daylight,Wet,Local,FALSE,-79.36556683,43.70148686534209,2,Bicycle,South,2,16,Major,No Equipment Available,,,,,Going Ahead,,Insufficient information to describe collision,Driving Properly,Other Condition,cyclist,,Don Valley West (15),53 Division,Leaside-Bennington,FALSE,FALSE,TRUE,FALSE,FALSE,FALSE,FALSE,FALSE,TRUE,FALSE,"{""coordinates"": [[-79.36556682867281, 43.70148686534209]], ""type"": ""MultiPoint""}"
14294,2018:8000139002,2018-01-22T23:16:00,483 DUNDAS ST W,,,2,Non-Fatal Injury,Non-Intersection,No Control,Pedestrian Collision(internal code),Rain,Dark with Artificial Lighting,Wet,Major Arterial,FALSE,-79.39741206,43.65299830419779,1,Automobile or Station Wagon,West,2,42,None,Lap and Shoulder Belt,Driving properly,Normal,,,Going Ahead,,,,,driver,,Spadina-Fort York (10),52 Division,Kensington-Chinatown,FALSE,FALSE,FALSE,FALSE,FALSE,FALSE,TRUE,FALSE,FALSE,FALSE,"{""coordinates"": [[-79.39741205522097, 43.65299830419779]], ""type"": ""MultiPoint""}"
14295,2018:8000139002,2018-01-22T23:16:00,483 DUNDAS ST W,,,2,Non-Fatal Injury,Non-Intersection,No Control,Pedestrian Collision(internal code),Rain,Dark with Artificial Lighting,Wet,Major Arterial,FALSE,-79.39741206,43.65299830419779,1,,North,1,32,Major,Use Unknown,,,Crossing - no traffic control,Had Been Drinking,,Driver hits pedestrian at midblock,,,,pedestrian,,Spadina-Fort York (10),52 Division,Kensington-Chinatown,FALSE,FALSE,FALSE,FALSE,FALSE,FALSE,TRUE,FALSE,FALSE,FALSE,"{""coordinates"": [[-79.39741205522097, 43.65299830419779]], ""type"": ""MultiPoint""}"
14296,2018:8000147254,2018-01-24T07:25:00,QUEEN ST W,NIAGARA ST,6 m West of,2,Non-Fatal Injury,At Intersection,Traffic Signal,Pedestrian Collision(internal code),Clear,Daylight,Dry,Major Arterial,FALSE,-79.40990904,43.64592206114579,1,,North,1,25,Major,Lap and Shoulder Belt,,,Crossing without right-of-way (intersection),Inattentive,,Driver going straight hits pedestrian crossing without right-of-way (at intersection),,,,pedestrian,,Spadina-Fort York (10),14 Division,West Queen West,FALSE,TRUE,FALSE,FALSE,FALSE,FALSE,TRUE,FALSE,FALSE,FALSE,"{""coordinates"": [[-79.4099090390752, 43.64592206114579]], ""type"": ""MultiPoint""}"
14297,2018:8000147254,2018-01-24T07:25:00,QUEEN ST W,NIAGARA ST,6 m West of,2,Non-Fatal Injury,At Intersection,Traffic Signal,Pedestrian Collision(internal code),Clear,Daylight,Dry,Major Arterial,FALSE,-79.40990904,43.64592206114579,1,Automobile or Station Wagon,East,2,46,None,Lap and Shoulder Belt,Driving properly,Normal,,,Going Ahead,,,,,driver,,Spadina-Fort York (10),14 Division,West Queen West,FALSE,TRUE,FALSE,FALSE,FALSE,FALSE,TRUE,FALSE,FALSE,FALSE,"{""coordinates"": [[-79.4099090390752, 43.64592206114579]], ""type"": ""MultiPoint""}"
14298,2018:8000148881,2018-01-24T11:50:00,WARDEN AVE,BAMBURGH CRCL,195 m South,2,Fatal Injury,Non-Intersection,Traffic Signal,Pedestrian Collision(internal code),Clear,Daylight,Dry,Major Arterial,FALSE,-79.32454257,43.81427908908748,0,,West,1,63,Fatal,,,,Crossing with right-of-way (intersection),Normal,,Driver going straight hits pedestrian crossing with right-of-way (at intersection),,,,pedestrian,8,Scarborough-Agincourt (22),42 Division,Steeles,TRUE,FALSE,FALSE,FALSE,FALSE,FALSE,TRUE,TRUE,FALSE,FALSE,"{""coordinates"": [[-79.3245425651663, 43.81427908908748]], ""type"": ""MultiPoint""}"
14299,2018:8000148881,2018-01-24T11:50:00,WARDEN AVE,BAMBURGH CRCL,195 m South,2,Fatal Injury,Non-Intersection,Traffic Signal,Pedestrian Collision(internal code),Clear,Daylight,Dry,Major Arterial,FALSE,-79.32454257,43.81427908908748,1,Automobile or Station Wagon,South,2,55,None,,Disobeyed traffic control,Normal,,,Going Ahead,,,,,driver,,Scarborough-Agincourt (22),42 Division,Steeles,TRUE,FALSE,FALSE,FALSE,FALSE,FALSE,TRUE,TRUE,FALSE,FALSE,"{""coordinates"": [[-79.3245425651663, 43.81427908908748]], ""type"": ""MultiPoint""}"
14300,2018:8000162835,2018-01-26T14:30:00,QUEENS QUAY W,YORK ST,60 m West of,2,Non-Fatal Injury,Non-Intersection,No Control,Pedestrian Collision(internal code),Clear,Daylight,Dry,Minor Arterial,FALSE,-79.38109277,43.63970024830399,1,,South,2,24,Major,No Equipment Available,,,Crossing - no traffic control,Inattentive,,Transit vehicle driver hits pedestrian anywhere along roadway,,,,pedestrian,,Spadina-Fort York (10),52 Division,Harbourfront-CityPlace,FALSE,TRUE,FALSE,FALSE,FALSE,FALSE,TRUE,FALSE,FALSE,TRUE,"{""coordinates"": [[-79.38109276875662, 43.63970024830399]], ""type"": ""MultiPoint""}"
14301,2018:8000162835,2018-01-26T14:30:00,QUEENS QUAY W,YORK ST,60 m West of,2,Non-Fatal Injury,Non-Intersection,No Control,Pedestrian Collision(internal code),Clear,Daylight,Dry,Minor Arterial,FALSE,-79.38109277,43.63970024830399,1,Streetcar,East,1,44,None,Lap and Shoulder Belt,Driving properly,Normal,,,Going Ahead,,,,,driver,,Spadina-Fort York (10),52 Division,Harbourfront-CityPlace,FALSE,TRUE,FALSE,FALSE,FALSE,FALSE,TRUE,FALSE,FALSE,TRUE,"{""coordinates"": [[-79.38109276875662, 43.63970024830399]], ""type"": ""MultiPoint""}"
14302,2018:8000165108,2018-01-26T20:55:00,TAPSCOTT RD,MCLEVIN AVE,65 m East of,3,Non-Fatal Injury,Non-Intersection,No Control,Approaching Head On,Clear,Dark with Artificial Lighting,Dry,Minor Arterial,FALSE,-79.22578072,43.80467807,1,Automobile or Station Wagon,West,1,37,Major,Lap and Shoulder Belt,Lost control,Ability Impaired - Alcohol,,,Going Ahead,,,,,driver,,Scarborough North (23),42 Division,Malvern West,FALSE,FALSE,FALSE,FALSE,FALSE,FALSE,FALSE,FALSE,FALSE,FALSE,"{""coordinates"": [[-79.22578071973197, 43.8046780734339]], ""type"": ""MultiPoint""}"
14303,2018:8000165108,2018-01-26T20:55:00,TAPSCOTT RD,MCLEVIN AVE,65 m East of,3,Non-Fatal Injury,Non-Intersection,No Control,Approaching Head On,Clear,Dark with Artificial Lighting,Dry,Minor Arterial,FALSE,-79.22578072,43.80467807,2,Automobile or Station Wagon,East,2,37,Minor,Equipment Not Used But Available,Driving properly,Normal,,,Going Ahead,,,,,driver,,Scarborough North (23),42 Division,Malvern West,FALSE,FALSE,FALSE,FALSE,FALSE,FALSE,FALSE,FALSE,FALSE,FALSE,"{""coordinates"": [[-79.22578071973197, 43.8046780734339]], ""type"": ""MultiPoint""}"
14304,2018:8000165108,2018-01-26T20:55:00,TAPSCOTT RD,MCLEVIN AVE,65 m East of,3,Non-Fatal Injury,Non-Intersection,No Control,Approaching Head On,Clear,Dark with Artificial Lighting,Dry,Minor Arterial,FALSE,-79.22578072,43.80467807,2,,,3,55,Minimal,Lap and Shoulder Belt,,,,,,,,,,passenger,,Scarborough North (23),42 Division,Malvern West,FALSE,FALSE,FALSE,FALSE,FALSE,FALSE,FALSE,FALSE,FALSE,FALSE,"{""coordinates"": [[-79.22578071973197, 43.8046780734339]], ""type"": ""MultiPoint""}"
14305,2018:8000166254,2018-01-27T01:16:00,EGLINTON AVE E,VICTORIA PARK AVE,,2,Non-Fatal Injury,At Intersection,Traffic Signal,Turning Movement,Clear,Dark with Artificial Lighting,Dry,Major Arterial,FALSE,-79.30260892,43.724649620546224,1,Truck - Dump,East,1,45,None,Lap and Shoulder Belt,Failed to yield right-of-way,Normal,,,Turning Left,,,,,driver,,Scarborough Southwest (20),41 Division,Clairlea-Birchmount,TRUE,FALSE,FALSE,FALSE,FALSE,FALSE,FALSE,FALSE,FALSE,TRUE,"{""coordinates"": [[-79.30260892022697, 43.724649620546224]], ""type"": ""MultiPoint""}"
14306,2018:8000166254,2018-01-27T01:16:00,EGLINTON AVE E,VICTORIA PARK AVE,,2,Non-Fatal Injury,At Intersection,Traffic Signal,Turning Movement,Clear,Dark with Artificial Lighting,Dry,Major Arterial,FALSE,-79.30260892,43.724649620546224,2,Automobile or Station Wagon,West,2,51,Major,Lap and Shoulder Belt,Driving properly,Normal,,,Going Ahead,,,,,driver,,Scarborough Southwest (20),41 Division,Clairlea-Birchmount,TRUE,FALSE,FALSE,FALSE,FALSE,FALSE,FALSE,FALSE,FALSE,TRUE,"{""coordinates"": [[-79.30260892022697, 43.724649620546224]], ""type"": ""MultiPoint""}"
14307,2018:8000172626,2018-01-28T01:40:00,BATHURST ST,RIDGE HILL DR,,2,Non-Fatal Injury,At Intersection,Traffic Signal,Pedestrian Collision(internal code),Clear,Dark with Artificial Lighting,Dry,Major Arterial,FALSE,-79.42586967,43.70326459584983,1,Automobile or Station Wagon,South,2,40,None,Lap and Shoulder Belt,Driving properly,Normal,,,Going Ahead,,,,,driver,,Eglinton-Lawrence (8),53 Division,Forest Hill North,FALSE,FALSE,FALSE,FALSE,FALSE,FALSE,TRUE,FALSE,FALSE,FALSE,"{""coordinates"": [[-79.42586966974463, 43.70326459584983]], ""type"": ""MultiPoint""}"
14308,2018:8000172626,2018-01-28T01:40:00,BATHURST ST,RIDGE HILL DR,,2,Non-Fatal Injury,At Intersection,Traffic Signal,Pedestrian Collision(internal code),Clear,Dark with Artificial Lighting,Dry,Major Arterial,FALSE,-79.42586967,43.70326459584983,1,,East,1,54,Major,Use Unknown,,,Crossing without right-of-way (intersection),Ability Impaired - Alcohol,,Driver going straight hits pedestrian crossing without right-of-way (at intersection),,,,pedestrian,,Eglinton-Lawrence (8),53 Division,Forest Hill North,FALSE,FALSE,FALSE,FALSE,FALSE,FALSE,TRUE,FALSE,FALSE,FALSE,"{""coordinates"": [[-79.42586966974463, 43.70326459584983]], ""type"": ""MultiPoint""}"
14309,2018:8000206699,2018-02-02T09:43:00,FINCH AVE W,ARDWICK BLVD,,2,Fatal Injury,At Intersection,Traffic Signal,Pedestrian Collision(internal code),Clear,Daylight,Dry,Major Arterial,FALSE,-79.562268,43.747713376246146,1,Delivery Van,South,2,54,None,,Failed to yield right-of-way,Normal,,,Turning Left,,,,,driver,,Humber River-Black Creek (7),31 Division,Humbermede,TRUE,FALSE,FALSE,FALSE,FALSE,TRUE,TRUE,FALSE,FALSE,TRUE,"{""coordinates"": [[-79.56226800391778, 43.747713376246146]], ""type"": ""MultiPoint""}"
14310,2018:8000206699,2018-02-02T09:43:00,FINCH AVE W,ARDWICK BLVD,,2,Fatal Injury,At Intersection,Traffic Signal,Pedestrian Collision(internal code),Clear,Daylight,Dry,Major Arterial,FALSE,-79.562268,43.747713376246146,0,,North,1,74,Fatal,,,,Crossing with right-of-way (intersection),Normal,,Driver turns left into pedestrian crossing with right-of-way (at intersection),,,,pedestrian,9,Humber River-Black Creek (7),31 Division,Humbermede,TRUE,FALSE,FALSE,FALSE,FALSE,TRUE,TRUE,FALSE,FALSE,TRUE,"{""coordinates"": [[-79.56226800391778, 43.747713376246146]], ""type"": ""MultiPoint""}"
14311,2018:8000212340,2018-02-03T04:03:00,PARLIAMENT ST,CARLTON ST,20 m North of,2,Non-Fatal Injury,At Intersection,Traffic Signal,Pedestrian Collision(internal code),Clear,Dark with Artificial Lighting,Dry,Minor Arterial,TRUE,-79.36795489,43.66422491264199,1,,East,1,60,Major,Use Unknown,,,Crossing with right-of-way (intersection),Had Been Drinking,,Driver going straight hits pedestrian crossing with right-of-way (at intersection),,,,pedestrian,,Toronto Centre (13),51 Division,Cabbagetown-South St.James Town,FALSE,FALSE,FALSE,FALSE,FALSE,FALSE,TRUE,FALSE,FALSE,TRUE,"{""coordinates"": [[-79.36795488886402, 43.66422491264199]], ""type"": ""MultiPoint""}"
14312,2018:8000212340,2018-02-03T04:03:00,PARLIAMENT ST,CARLTON ST,20 m North of,2,Non-Fatal Injury,At Intersection,Traffic Signal,Pedestrian Collision(internal code),Clear,Dark with Artificial Lighting,Dry,Minor Arterial,TRUE,-79.36795489,43.66422491264199,1,Delivery Van,North,2,,None,Use Unknown,Other,Unknown,,,Going Ahead,,,,,driver,,Toronto Centre (13),51 Division,Cabbagetown-South St.James Town,FALSE,FALSE,FALSE,FALSE,FALSE,FALSE,TRUE,FALSE,FALSE,TRUE,"{""coordinates"": [[-79.36795488886402, 43.66422491264199]], ""type"": ""MultiPoint""}"
14313,2018:8000214982,2018-02-03T15:25:00,8 HERTFORD AVE,,30 m North of,2,Non-Fatal Injury,Non-Intersection,No Control,Cyclist Collision,Clear,Daylight with Artificial Lighting,Dry,Local,FALSE,-79.47733006,43.68870015808304,1,Bicycle,West,1,19,Major,Use Unknown,,,,,Going Ahead,,Cyclist hits parked vehicle,Lost control,Normal,cyclist,,York South-Weston (5),12 Division,Keelesdale-Eglinton West,FALSE,FALSE,TRUE,FALSE,FALSE,FALSE,FALSE,FALSE,TRUE,FALSE,"{""coordinates"": [[-79.47733005504391, 43.68870015808304]], ""type"": ""MultiPoint""}"
14314,2018:8000214982,2018-02-03T15:25:00,8 HERTFORD AVE,,30 m North of,2,Non-Fatal Injury,Non-Intersection,No Control,Cyclist Collision,Clear,Daylight with Artificial Lighting,Dry,Local,FALSE,-79.47733006,43.68870015808304,1,,West,2,,None,Use Unknown,,,,,Parked,,,,,other,,York South-Weston (5),12 Division,Keelesdale-Eglinton West,FALSE,FALSE,TRUE,FALSE,FALSE,FALSE,FALSE,FALSE,TRUE,FALSE,"{""coordinates"": [[-79.47733005504391, 43.68870015808304]], ""type"": ""MultiPoint""}"
14315,2018:8000231465,2018-02-06T09:13:00,CARL HALL RD,CHESSWOOD DR,300 m South of,2,Non-Fatal Injury,Non-Intersection,No Control,Approaching Head On,Clear,Daylight,Wet,Local,FALSE,-79.4688079,43.74849931535111,1,Automobile or Station Wagon,North,2,38,Major,Air Bag Deployed,Lost control,Inattentive,,,Going Ahead,,,,,driver,,York Centre (6),32 Division,Downsview,FALSE,TRUE,FALSE,FALSE,FALSE,FALSE,FALSE,FALSE,FALSE,FALSE,"{""coordinates"": [[-79.46880790049006, 43.74849931535111]], ""type"": ""MultiPoint""}"
14316,2018:8000231465,2018-02-06T09:13:00,CARL HALL RD,CHESSWOOD DR,300 m South of,2,Non-Fatal Injury,Non-Intersection,No Control,Approaching Head On,Clear,Daylight,Wet,Local,FALSE,-79.4688079,43.74849931535111,2,Automobile or Station Wagon,South,1,39,Minor,Air Bag Deployed,Driving properly,Normal,,,Going Ahead,,,,,driver,,York Centre (6),32 Division,Downsview,FALSE,TRUE,FALSE,FALSE,FALSE,FALSE,FALSE,FALSE,FALSE,FALSE,"{""coordinates"": [[-79.46880790049006, 43.74849931535111]], ""type"": ""MultiPoint""}"
14317,2018:8000243481,2018-02-08T03:13:00,SPADINA AVE,QUEEN ST W,,5,Non-Fatal Injury,At Intersection,Traffic Signal,Pedestrian Collision(internal code),Clear,Dark with Artificial Lighting,Slush,Major Arterial,TRUE,-79.39634394,43.648691510408796,1,,East,2,20,Major,No Equipment Available,,,Crossing with right-of-way (intersection),Normal,,Driver going straight hits pedestrian crossing with right-of-way (at intersection),,,,pedestrian,,Spadina-Fort York (10),52 Division,Wellington Place,TRUE,FALSE,FALSE,FALSE,FALSE,FALSE,TRUE,TRUE,TRUE,FALSE,"{""coordinates"": [[-79.39634394466727, 43.648691510408796]], ""type"": ""MultiPoint""}"