_id,collision_id,accdate,stname1,stname2,stname3,per_inv,acclass,accloc,traffictl,impactype,visible,light,rdsfcond,road_class,failtorem,longitude,latitude,veh_no,vehtype,initdir,per_no,invage,injury,safequip,drivact,drivcond,pedact,pedcond,manoeuvre,pedtype,cyclistype,cycact,cyccond,road_user,fatal_no,wardname,division,neighbourhood,aggressive,distracted,cyclist,motorcyclist,other_micromobility,older_adult,pedestrian,red_light,school_child,heavy_truck,geometry
14318,2018:8000243481,2018-02-08T03:13:00,SPADINA AVE,QUEEN ST W,,5,Non-Fatal Injury,At Intersection,Traffic Signal,Pedestrian Collision(internal code),Clear,Dark with Artificial Lighting,Slush,Major Arterial,TRUE,-79.39634394,43.648691510408796,1,,East,1,18,Minor,No Equipment Available,,,Crossing with right-of-way (intersection),Normal,,Driver going straight hits pedestrian crossing with right-of-way (at intersection),,,,pedestrian,,Spadina-Fort York (10),52 Division,Wellington Place,TRUE,FALSE,FALSE,FALSE,FALSE,FALSE,TRUE,TRUE,TRUE,FALSE,"{""coordinates"": [[-79.39634394466727, 43.648691510408796]], ""type"": ""MultiPoint""}"
14319,2018:8000243481,2018-02-08T03:13:00,SPADINA AVE,QUEEN ST W,,5,Non-Fatal Injury,At Intersection,Traffic Signal,Pedestrian Collision(internal code),Clear,Dark with Artificial Lighting,Slush,Major Arterial,TRUE,-79.39634394,43.648691510408796,1,,,4,26,None,Use Unknown,,,,,,,,,,passenger,,Spadina-Fort York (10),52 Division,Wellington Place,TRUE,FALSE,FALSE,FALSE,FALSE,FALSE,TRUE,TRUE,TRUE,FALSE,"{""coordinates"": [[-79.39634394466727, 43.648691510408796]], ""type"": ""MultiPoint""}"
14320,2018:8000243481,2018-02-08T03:13:00,SPADINA AVE,QUEEN ST W,,5,Non-Fatal Injury,At Intersection,Traffic Signal,Pedestrian Collision(internal code),Clear,Dark with Artificial Lighting,Slush,Major Arterial,TRUE,-79.39634394,43.648691510408796,1,Automobile or Station Wagon,North,5,40,None,Use Unknown,Disobeyed traffic control,Unknown,,,Going Ahead,,,,,driver,,Spadina-Fort York (10),52 Division,Wellington Place,TRUE,FALSE,FALSE,FALSE,FALSE,FALSE,TRUE,TRUE,TRUE,FALSE,"{""coordinates"": [[-79.39634394466727, 43.648691510408796]], ""type"": ""MultiPoint""}"
14321,2018:8000243481,2018-02-08T03:13:00,SPADINA AVE,QUEEN ST W,,5,Non-Fatal Injury,At Intersection,Traffic Signal,Pedestrian Collision(internal code),Clear,Dark with Artificial Lighting,Slush,Major Arterial,TRUE,-79.39634394,43.648691510408796,1,,,3,37,None,Use Unknown,,,,,,,,,,passenger,,Spadina-Fort York (10),52 Division,Wellington Place,TRUE,FALSE,FALSE,FALSE,FALSE,FALSE,TRUE,TRUE,TRUE,FALSE,"{""coordinates"": [[-79.39634394466727, 43.648691510408796]], ""type"": ""MultiPoint""}"
14322,2018:8000244860,2018-02-08T09:43:00,HALLAM ST,OSSINGTON AVE,,2,Non-Fatal Injury,At Intersection,Traffic Signal,Pedestrian Collision(internal code),Clear,Daylight,Wet,Minor Arterial,FALSE,-79.42811277,43.667879478641105,1,,West,1,28,Major,Use Unknown,,,Crossing with right-of-way (intersection),Normal,,Driver turns left into pedestrian crossing with right-of-way (at intersection),,,,pedestrian,,University-Rosedale (11),14 Division,Dovercourt Village,TRUE,TRUE,FALSE,FALSE,FALSE,FALSE,TRUE,FALSE,FALSE,FALSE,"{""coordinates"": [[-79.42811277410696, 43.667879478641105]], ""type"": ""MultiPoint""}"
14323,2018:8000244860,2018-02-08T09:43:00,HALLAM ST,OSSINGTON AVE,,2,Non-Fatal Injury,At Intersection,Traffic Signal,Pedestrian Collision(internal code),Clear,Daylight,Wet,Minor Arterial,FALSE,-79.42811277,43.667879478641105,1,Automobile or Station Wagon,East,2,63,None,Lap and Shoulder Belt,Failed to yield right-of-way,Inattentive,,,Turning Left,,,,,driver,,University-Rosedale (11),14 Division,Dovercourt Village,TRUE,TRUE,FALSE,FALSE,FALSE,FALSE,TRUE,FALSE,FALSE,FALSE,"{""coordinates"": [[-79.42811277410696, 43.667879478641105]], ""type"": ""MultiPoint""}"
14324,2018:8000252171,2018-02-09T11:25:00,LOWER JARVIS ST,FRONT ST E,74 m South of,2,Non-Fatal Injury,Non-Intersection,No Control,Pedestrian Collision(internal code),Snow,Daylight,Loose Snow,Major Arterial,FALSE,-79.37112112,43.64865714074741,1,Automobile or Station Wagon,North,2,27,None,Lap and Shoulder Belt,Other,Inattentive,,,Reversing,,,,,driver,,Toronto Centre (13),51 Division,St Lawrence-East Bayfront-The Islands,FALSE,TRUE,FALSE,FALSE,FALSE,TRUE,TRUE,FALSE,FALSE,FALSE,"{""coordinates"": [[-79.37112111689396, 43.64865714074741]], ""type"": ""MultiPoint""}"
14325,2018:8000252171,2018-02-09T11:25:00,LOWER JARVIS ST,FRONT ST E,74 m South of,2,Non-Fatal Injury,Non-Intersection,No Control,Pedestrian Collision(internal code),Snow,Daylight,Loose Snow,Major Arterial,FALSE,-79.37112112,43.64865714074741,1,,East,1,77,Major,Use Unknown,,,Other,Inattentive,,Driver reversing hits pedestrian,,,,pedestrian,,Toronto Centre (13),51 Division,St Lawrence-East Bayfront-The Islands,FALSE,TRUE,FALSE,FALSE,FALSE,TRUE,TRUE,FALSE,FALSE,FALSE,"{""coordinates"": [[-79.37112111689396, 43.64865714074741]], ""type"": ""MultiPoint""}"
14326,2018:8000256570,2018-02-10T00:34:00,BATHURST ST,DUNDAS ST W,25 m South of,2,Non-Fatal Injury,Intersection-Related,No Control,Pedestrian Collision(internal code),Drifting Snow,Dark with Artificial Lighting,Wet,Major Arterial,FALSE,-79.40597988,43.65223919224796,1,,West,1,42,Major,No Equipment Available,,,Crossing - no traffic control,Inattentive,,Driver hits pedestrian at midblock,,,,pedestrian,,Spadina-Fort York (10),14 Division,Kensington-Chinatown,TRUE,TRUE,FALSE,FALSE,FALSE,FALSE,TRUE,FALSE,FALSE,FALSE,"{""coordinates"": [[-79.40597988311579, 43.65223919224796]], ""type"": ""MultiPoint""}"
14327,2018:8000256570,2018-02-10T00:34:00,BATHURST ST,DUNDAS ST W,25 m South of,2,Non-Fatal Injury,Intersection-Related,No Control,Pedestrian Collision(internal code),Drifting Snow,Dark with Artificial Lighting,Wet,Major Arterial,FALSE,-79.40597988,43.65223919224796,1,Automobile or Station Wagon,South,2,34,None,Lap and Shoulder Belt,Speed too fast for conditions,Ability Impaired - Alcohol Over .08,,,Going Ahead,,,,,driver,,Spadina-Fort York (10),14 Division,Kensington-Chinatown,TRUE,TRUE,FALSE,FALSE,FALSE,FALSE,TRUE,FALSE,FALSE,FALSE,"{""coordinates"": [[-79.40597988311579, 43.65223919224796]], ""type"": ""MultiPoint""}"
14328,2018:8000264811,2018-02-11T12:25:00,JANE ST,JOHN ST,,2,Non-Fatal Injury,At Intersection,Traffic Signal,Other,Rain,Daylight,Wet,Major Arterial,FALSE,-79.50478826,43.70657585777076,1,Municipal Transit Bus (TTC),North,1,55,None,Lap Belt Only,Other,Normal,,,Slowing or Stopping,,,,,driver,,York South-Weston (5),12 Division,Rustic,FALSE,FALSE,FALSE,FALSE,FALSE,FALSE,FALSE,FALSE,FALSE,TRUE,"{""coordinates"": [[-79.50478826111134, 43.70657585777076]], ""type"": ""MultiPoint""}"
14329,2018:8000264811,2018-02-11T12:25:00,JANE ST,JOHN ST,,2,Non-Fatal Injury,At Intersection,Traffic Signal,Other,Rain,Daylight,Wet,Major Arterial,FALSE,-79.50478826,43.70657585777076,1,,,2,55,Major,No Equipment Available,,,,,,,,,,passenger,,York South-Weston (5),12 Division,Rustic,FALSE,FALSE,FALSE,FALSE,FALSE,FALSE,FALSE,FALSE,FALSE,TRUE,"{""coordinates"": [[-79.50478826111134, 43.70657585777076]], ""type"": ""MultiPoint""}"
14330,2018:8000265152,2018-02-11T13:30:00,YONGE ST,MCGLASHAN RD,16 m North of,5,Non-Fatal Injury,At Intersection,No Control,SMV Other,Freezing Rain or Hail,Daylight,Slush,Major Arterial,FALSE,-79.40620862,43.74178537153234,1,,,4,9,Major,Lap Belt Only,,,,,,,,,,passenger,,Don Valley West (15),32 Division,Bridle Path-Sunnybrook-York Mills,FALSE,FALSE,FALSE,FALSE,FALSE,FALSE,FALSE,FALSE,TRUE,FALSE,"{""coordinates"": [[-79.40620862321818, 43.74178537153234]], ""type"": ""MultiPoint""}"
14331,2018:8000265152,2018-02-11T13:30:00,YONGE ST,MCGLASHAN RD,16 m North of,5,Non-Fatal Injury,At Intersection,No Control,SMV Other,Freezing Rain or Hail,Daylight,Slush,Major Arterial,FALSE,-79.40620862,43.74178537153234,1,,,3,11,Minimal,Air Bag Deployed,,,,,,,,,,passenger,,Don Valley West (15),32 Division,Bridle Path-Sunnybrook-York Mills,FALSE,FALSE,FALSE,FALSE,FALSE,FALSE,FALSE,FALSE,TRUE,FALSE,"{""coordinates"": [[-79.40620862321818, 43.74178537153234]], ""type"": ""MultiPoint""}"
14332,2018:8000265152,2018-02-11T13:30:00,YONGE ST,MCGLASHAN RD,16 m North of,5,Non-Fatal Injury,At Intersection,No Control,SMV Other,Freezing Rain or Hail,Daylight,Slush,Major Arterial,FALSE,-79.40620862,43.74178537153234,1,Automobile or Station Wagon,North,1,43,Minor,Air Bag Deployed,Lost control,Medical or Physical Disability,,,Going Ahead,,,,,driver,,Don Valley West (15),32 Division,Bridle Path-Sunnybrook-York Mills,FALSE,FALSE,FALSE,FALSE,FALSE,FALSE,FALSE,FALSE,TRUE,FALSE,"{""coordinates"": [[-79.40620862321818, 43.74178537153234]], ""type"": ""MultiPoint""}"
14333,2018:8000265152,2018-02-11T13:30:00,YONGE ST,MCGLASHAN RD,16 m North of,5,Non-Fatal Injury,At Intersection,No Control,SMV Other,Freezing Rain or Hail,Daylight,Slush,Major Arterial,FALSE,-79.40620862,43.74178537153234,1,,,5,4,Major,Child Safety Seat Used Incorrectly,,,,,,,,,,passenger,,Don Valley West (15),32 Division,Bridle Path-Sunnybrook-York Mills,FALSE,FALSE,FALSE,FALSE,FALSE,FALSE,FALSE,FALSE,TRUE,FALSE,"{""coordinates"": [[-79.40620862321818, 43.74178537153234]], ""type"": ""MultiPoint""}"
14334,2018:8000275432,2018-02-13T02:47:00,DUFFERIN ST,BANK ST,16 m South of,3,Non-Fatal Injury,Intersection-Related,No Control,SMV Unattended Vehicle,Clear,Dark with Artificial Lighting,Dry,Minor Arterial,FALSE,-79.43067629,43.647638705358595,3,Automobile or Station Wagon,North,2,52,None,Lap and Shoulder Belt,Driving properly,Normal,,,Making U-Turn,,,,,driver,,Davenport (9),14 Division,Little Portugal,TRUE,FALSE,FALSE,FALSE,FALSE,FALSE,FALSE,FALSE,FALSE,FALSE,"{""coordinates"": [[-79.43067628898396, 43.647638705358595]], ""type"": ""MultiPoint""}"
14335,2018:8000275432,2018-02-13T02:47:00,DUFFERIN ST,BANK ST,16 m South of,3,Non-Fatal Injury,Intersection-Related,No Control,SMV Unattended Vehicle,Clear,Dark with Artificial Lighting,Dry,Minor Arterial,FALSE,-79.43067629,43.647638705358595,1,Automobile or Station Wagon,North,3,21,Major,Use Unknown,Exceeding speed limit,Unknown,,,Going Ahead,,,,,driver,,Davenport (9),14 Division,Little Portugal,TRUE,FALSE,FALSE,FALSE,FALSE,FALSE,FALSE,FALSE,FALSE,FALSE,"{""coordinates"": [[-79.43067628898396, 43.647638705358595]], ""type"": ""MultiPoint""}"
14336,2018:8000275432,2018-02-13T02:47:00,DUFFERIN ST,BANK ST,16 m South of,3,Non-Fatal Injury,Intersection-Related,No Control,SMV Unattended Vehicle,Clear,Dark with Artificial Lighting,Dry,Minor Arterial,FALSE,-79.43067629,43.647638705358595,3,,North,1,,None,Lap and Shoulder Belt,,,,,Parked,,,,,other,,Davenport (9),14 Division,Little Portugal,TRUE,FALSE,FALSE,FALSE,FALSE,FALSE,FALSE,FALSE,FALSE,FALSE,"{""coordinates"": [[-79.43067628898396, 43.647638705358595]], ""type"": ""MultiPoint""}"
14337,2018:8000286363,2018-02-14T15:45:00,KIPLING AVE,MOUNT OLIVE DR,,2,Non-Fatal Injury,At Intersection,Traffic Signal,Pedestrian Collision(internal code),Clear,Daylight,Dry,Major Arterial,FALSE,-79.58376015,43.74674469,1,Pickup Truck,West,2,79,None,Lap and Shoulder Belt,Failed to yield right-of-way,Inattentive,,,Turning Left,,,,,driver,,Etobicoke North (1),23 Division,Mount Olive-Silverstone-Jamestown,TRUE,TRUE,FALSE,FALSE,FALSE,TRUE,TRUE,FALSE,FALSE,FALSE,"{""coordinates"": [[-79.58376014887847, 43.7467446875382]], ""type"": ""MultiPoint""}"
14338,2018:8000286363,2018-02-14T15:45:00,KIPLING AVE,MOUNT OLIVE DR,,2,Non-Fatal Injury,At Intersection,Traffic Signal,Pedestrian Collision(internal code),Clear,Daylight,Dry,Major Arterial,FALSE,-79.58376015,43.74674469,1,,West,1,86,Major,No Equipment Available,,,Crossing with right-of-way (intersection),Normal,,Driver turns left into pedestrian crossing with right-of-way (at intersection),,,,pedestrian,,Etobicoke North (1),23 Division,Mount Olive-Silverstone-Jamestown,TRUE,TRUE,FALSE,FALSE,FALSE,TRUE,TRUE,FALSE,FALSE,FALSE,"{""coordinates"": [[-79.58376014887847, 43.7467446875382]], ""type"": ""MultiPoint""}"
14339,2018:8000300733,2018-02-16T18:00:00,DON MILLS RD,BARBER GREENE RD,,4,Non-Fatal Injury,At Intersection,Traffic Signal,Turning Movement,Clear,Dark with Artificial Lighting,Dry,Major Arterial,FALSE,-79.34082462,43.727583172405765,1,,,1,39,Minor,Lap and Shoulder Belt,,,,,,,,,,passenger,,Don Valley East (16),33 Division,Banbury-Don Mills,TRUE,TRUE,FALSE,FALSE,FALSE,FALSE,FALSE,TRUE,FALSE,FALSE,"{""coordinates"": [[-79.34082462034988, 43.727583172405765]], ""type"": ""MultiPoint""}"
14340,2018:8000300733,2018-02-16T18:00:00,DON MILLS RD,BARBER GREENE RD,,4,Non-Fatal Injury,At Intersection,Traffic Signal,Turning Movement,Clear,Dark with Artificial Lighting,Dry,Major Arterial,FALSE,-79.34082462,43.727583172405765,2,,,4,37,Major,Lap and Shoulder Belt,,,,,,,,,,passenger,,Don Valley East (16),33 Division,Banbury-Don Mills,TRUE,TRUE,FALSE,FALSE,FALSE,FALSE,FALSE,TRUE,FALSE,FALSE,"{""coordinates"": [[-79.34082462034988, 43.727583172405765]], ""type"": ""MultiPoint""}"
14341,2018:8000300733,2018-02-16T18:00:00,DON MILLS RD,BARBER GREENE RD,,4,Non-Fatal Injury,At Intersection,Traffic Signal,Turning Movement,Clear,Dark with Artificial Lighting,Dry,Major Arterial,FALSE,-79.34082462,43.727583172405765,1,Automobile or Station Wagon,North,3,51,Minor,Lap and Shoulder Belt,Improper turn,Inattentive,,,Turning Left,,,,,driver,,Don Valley East (16),33 Division,Banbury-Don Mills,TRUE,TRUE,FALSE,FALSE,FALSE,FALSE,FALSE,TRUE,FALSE,FALSE,"{""coordinates"": [[-79.34082462034988, 43.727583172405765]], ""type"": ""MultiPoint""}"
14342,2018:8000300733,2018-02-16T18:00:00,DON MILLS RD,BARBER GREENE RD,,4,Non-Fatal Injury,At Intersection,Traffic Signal,Turning Movement,Clear,Dark with Artificial Lighting,Dry,Major Arterial,FALSE,-79.34082462,43.727583172405765,2,Automobile or Station Wagon,South,2,36,Minor,Lap and Shoulder Belt,Disobeyed traffic control,Inattentive,,,Going Ahead,,,,,driver,,Don Valley East (16),33 Division,Banbury-Don Mills,TRUE,TRUE,FALSE,FALSE,FALSE,FALSE,FALSE,TRUE,FALSE,FALSE,"{""coordinates"": [[-79.34082462034988, 43.727583172405765]], ""type"": ""MultiPoint""}"
14343,2018:8000301907,2018-02-16T21:30:00,LAKE SHORE BLVD W,ROYAL YORK RD,150 m West of,2,Non-Fatal Injury,Non-Intersection,No Control,SMV Other,Clear,Dark with Artificial Lighting,Dry,Major Arterial,FALSE,-79.49312309,43.603579065906565,1,Automobile or Station Wagon,East,1,51,None,Air Bag Deployed,Lost control,Ability Impaired - Alcohol Over .08,,,Going Ahead,,,,,driver,,Etobicoke-Lakeshore (3),22 Division,Mimico-Queensway,FALSE,FALSE,FALSE,FALSE,FALSE,FALSE,FALSE,FALSE,FALSE,FALSE,"{""coordinates"": [[-79.49312308612919, 43.603579065906565]], ""type"": ""MultiPoint""}"
14344,2018:8000301907,2018-02-16T21:30:00,LAKE SHORE BLVD W,ROYAL YORK RD,150 m West of,2,Non-Fatal Injury,Non-Intersection,No Control,SMV Other,Clear,Dark with Artificial Lighting,Dry,Major Arterial,FALSE,-79.49312309,43.603579065906565,1,,,2,50,Major,Lap and Shoulder Belt,,,,,,,,,,passenger,,Etobicoke-Lakeshore (3),22 Division,Mimico-Queensway,FALSE,FALSE,FALSE,FALSE,FALSE,FALSE,FALSE,FALSE,FALSE,FALSE,"{""coordinates"": [[-79.49312308612919, 43.603579065906565]], ""type"": ""MultiPoint""}"
14345,2018:8000303628,2018-02-17T23:19:00,3230 BAYVIEW AVE,,,1,Fatal Injury,Non-Intersection,No Control,SMV Other,,Dark,,Major Arterial,FALSE,-79.3927727,43.78828616909151,1,Automobile or Station Wagon,West,1,45,Fatal,,Exceeding speed limit,Unknown,,,Going Ahead,,,,,driver,10,Don Valley North (17),33 Division,Bayview Woods-Steeles,TRUE,FALSE,FALSE,FALSE,FALSE,FALSE,FALSE,FALSE,FALSE,FALSE,"{""coordinates"": [[-79.39277269987205, 43.78828616909151]], ""type"": ""MultiPoint""}"
14346,2018:8000311536,2018-02-18T14:42:00,401 C E WESTON RD RAMP,WESTON RD,,5,Non-Fatal Injury,At Intersection,Traffic Signal,Turning Movement,Clear,Daylight,Dry,Major Arterial,FALSE,-79.53542031,43.71179439621062,4,Automobile or Station Wagon,North,4,85,None,Lap and Shoulder Belt,Driving properly,Normal,,,Slowing or Stopping,,,,,driver,,York South-Weston (5),12 Division,Pelmo Park-Humberlea,TRUE,TRUE,FALSE,FALSE,FALSE,TRUE,FALSE,TRUE,FALSE,FALSE,"{""coordinates"": [[-79.53542030952661, 43.71179439621062]], ""type"": ""MultiPoint""}"
14347,2018:8000311536,2018-02-18T14:42:00,401 C E WESTON RD RAMP,WESTON RD,,5,Non-Fatal Injury,At Intersection,Traffic Signal,Turning Movement,Clear,Daylight,Dry,Major Arterial,FALSE,-79.53542031,43.71179439621062,4,,,5,82,None,Lap and Shoulder Belt,,,,,,,,,,passenger,,York South-Weston (5),12 Division,Pelmo Park-Humberlea,TRUE,TRUE,FALSE,FALSE,FALSE,TRUE,FALSE,TRUE,FALSE,FALSE,"{""coordinates"": [[-79.53542030952661, 43.71179439621062]], ""type"": ""MultiPoint""}"
14348,2018:8000311536,2018-02-18T14:42:00,401 C E WESTON RD RAMP,WESTON RD,,5,Non-Fatal Injury,At Intersection,Traffic Signal,Turning Movement,Clear,Daylight,Dry,Major Arterial,FALSE,-79.53542031,43.71179439621062,3,Automobile or Station Wagon,North,3,35,Major,Lap and Shoulder Belt,Driving properly,Normal,,,Changing Lanes,,,,,driver,,York South-Weston (5),12 Division,Pelmo Park-Humberlea,TRUE,TRUE,FALSE,FALSE,FALSE,TRUE,FALSE,TRUE,FALSE,FALSE,"{""coordinates"": [[-79.53542030952661, 43.71179439621062]], ""type"": ""MultiPoint""}"
14349,2018:8000311536,2018-02-18T14:42:00,401 C E WESTON RD RAMP,WESTON RD,,5,Non-Fatal Injury,At Intersection,Traffic Signal,Turning Movement,Clear,Daylight,Dry,Major Arterial,FALSE,-79.53542031,43.71179439621062,2,Automobile or Station Wagon,South,2,24,Minor,Lap and Shoulder Belt,Driving properly,Normal,,,Going Ahead,,,,,driver,,York South-Weston (5),12 Division,Pelmo Park-Humberlea,TRUE,TRUE,FALSE,FALSE,FALSE,TRUE,FALSE,TRUE,FALSE,FALSE,"{""coordinates"": [[-79.53542030952661, 43.71179439621062]], ""type"": ""MultiPoint""}"
14350,2018:8000311536,2018-02-18T14:42:00,401 C E WESTON RD RAMP,WESTON RD,,5,Non-Fatal Injury,At Intersection,Traffic Signal,Turning Movement,Clear,Daylight,Dry,Major Arterial,FALSE,-79.53542031,43.71179439621062,1,Automobile or Station Wagon,East,1,37,None,Lap and Shoulder Belt,Disobeyed traffic control,Inattentive,,,Turning Right,,,,,driver,,York South-Weston (5),12 Division,Pelmo Park-Humberlea,TRUE,TRUE,FALSE,FALSE,FALSE,TRUE,FALSE,TRUE,FALSE,FALSE,"{""coordinates"": [[-79.53542030952661, 43.71179439621062]], ""type"": ""MultiPoint""}"
14351,2018:8000312731,2018-02-18T18:27:00,YONGE ST,ROSELAWN AVE,11 m South of,2,Non-Fatal Injury,Intersection-Related,No Control,Pedestrian Collision(internal code),Clear,Dusk with Artificial Lighting,Dry,Major Arterial,FALSE,-79.39925065,43.71084054652118,1,Automobile or Station Wagon,North,1,40,None,Lap and Shoulder Belt,Driving properly,Normal,,,Going Ahead,,,,,driver,,Don Valley West (15),53 Division,North Toronto,FALSE,TRUE,FALSE,FALSE,FALSE,FALSE,TRUE,FALSE,FALSE,FALSE,"{""coordinates"": [[-79.39925065210427, 43.71084054652118]], ""type"": ""MultiPoint""}"
14352,2018:8000312731,2018-02-18T18:27:00,YONGE ST,ROSELAWN AVE,11 m South of,2,Non-Fatal Injury,Intersection-Related,No Control,Pedestrian Collision(internal code),Clear,Dusk with Artificial Lighting,Dry,Major Arterial,FALSE,-79.39925065,43.71084054652118,1,,West,2,46,Major,Use Unknown,,,Crossing - no traffic control,Inattentive,,Driver hits pedestrian at midblock,,,,pedestrian,,Don Valley West (15),53 Division,North Toronto,FALSE,TRUE,FALSE,FALSE,FALSE,FALSE,TRUE,FALSE,FALSE,FALSE,"{""coordinates"": [[-79.39925065210427, 43.71084054652118]], ""type"": ""MultiPoint""}"
14353,2018:8000315155,2018-02-19T06:02:00,704 BRIMORTON DR,,99 m West of,1,Non-Fatal Injury,Non-Intersection,No Control,SMV Other,Clear,Dark with Artificial Lighting,Dry,Collector,FALSE,-79.22775676,43.77490817230105,1,Automobile or Station Wagon,East,1,29,Major,Air Bag Deployed,Lost control,Ability Impaired - Alcohol Over .08,,,Going Ahead,,,,,driver,,Scarborough-Guildwood (24),43 Division,Golfdale-Cedarbrae-Woburn,FALSE,FALSE,FALSE,FALSE,FALSE,FALSE,FALSE,FALSE,FALSE,FALSE,"{""coordinates"": [[-79.2277567582332, 43.77490817230105]], ""type"": ""MultiPoint""}"
14354,2018:8000315190,2018-02-19T06:17:00,537 FINCH AVE W,,11 m East of,3,Non-Fatal Injury,Non-Intersection,No Control,Approaching Head On,Clear,Dark with Artificial Lighting,Dry,Major Arterial,FALSE,-79.44759812,43.77291334682772,1,Passenger Van,East,2,26,Minor,Lap and Shoulder Belt,Lost control,Had Been Drinking,,,Going Ahead,,,,,driver,,York Centre (6),32 Division,Westminster-Branson,FALSE,FALSE,FALSE,FALSE,FALSE,FALSE,FALSE,FALSE,FALSE,FALSE,"{""coordinates"": [[-79.4475981184414, 43.77291334682772]], ""type"": ""MultiPoint""}"
14355,2018:8000315190,2018-02-19T06:17:00,537 FINCH AVE W,,11 m East of,3,Non-Fatal Injury,Non-Intersection,No Control,Approaching Head On,Clear,Dark with Artificial Lighting,Dry,Major Arterial,FALSE,-79.44759812,43.77291334682772,2,Automobile or Station Wagon,West,1,45,Major,Lap and Shoulder Belt,Driving properly,Normal,,,Stopped,,,,,driver,,York Centre (6),32 Division,Westminster-Branson,FALSE,FALSE,FALSE,FALSE,FALSE,FALSE,FALSE,FALSE,FALSE,FALSE,"{""coordinates"": [[-79.4475981184414, 43.77291334682772]], ""type"": ""MultiPoint""}"
14356,2018:8000315190,2018-02-19T06:17:00,537 FINCH AVE W,,11 m East of,3,Non-Fatal Injury,Non-Intersection,No Control,Approaching Head On,Clear,Dark with Artificial Lighting,Dry,Major Arterial,FALSE,-79.44759812,43.77291334682772,3,Automobile or Station Wagon,West,3,62,Minor,Lap and Shoulder Belt,Driving properly,Normal,,,Slowing or Stopping,,,,,driver,,York Centre (6),32 Division,Westminster-Branson,FALSE,FALSE,FALSE,FALSE,FALSE,FALSE,FALSE,FALSE,FALSE,FALSE,"{""coordinates"": [[-79.4475981184414, 43.77291334682772]], ""type"": ""MultiPoint""}"
14357,2018:8000324261,2018-02-20T16:40:00,QUEEN ST E,ONTARIO ST,,2,Non-Fatal Injury,At Intersection,Pedestrian Crossover,Pedestrian Collision(internal code),Clear,Dusk with Artificial Lighting,Wet,Major Arterial,FALSE,-79.36716907,43.65494375481608,1,,North,2,26,Major,Use Unknown,,,Crossing - pedestrian crossover,Normal,,Driver hits pedestrian at PXO/pedestrian midblock signal,,,,pedestrian,,Toronto Centre (13),51 Division,Moss Park,TRUE,TRUE,FALSE,FALSE,FALSE,TRUE,TRUE,FALSE,FALSE,FALSE,"{""coordinates"": [[-79.36716907352427, 43.65494375481608]], ""type"": ""MultiPoint""}"
14358,2018:8000324261,2018-02-20T16:40:00,QUEEN ST E,ONTARIO ST,,2,Non-Fatal Injury,At Intersection,Pedestrian Crossover,Pedestrian Collision(internal code),Clear,Dusk with Artificial Lighting,Wet,Major Arterial,FALSE,-79.36716907,43.65494375481608,1,Pickup Truck,East,1,68,None,Lap and Shoulder Belt,Failed to yield right-of-way,Inattentive,,,Going Ahead,,,,,driver,,Toronto Centre (13),51 Division,Moss Park,TRUE,TRUE,FALSE,FALSE,FALSE,TRUE,TRUE,FALSE,FALSE,FALSE,"{""coordinates"": [[-79.36716907352427, 43.65494375481608]], ""type"": ""MultiPoint""}"
14359,2018:8000324266,2018-02-20T16:45:00,BATHURST ST,ELLERSLIE AVE,,2,Fatal Injury,At Intersection,Traffic Signal,Pedestrian Collision(internal code),Rain,Daylight,Wet,Major Arterial,FALSE,-79.4408918,43.765390229790746,0,,West,2,67,Fatal,,,,Crossing with right-of-way (intersection),Normal,,Driver turns left into pedestrian crossing with right-of-way (at intersection),,,,pedestrian,11,Willowdale (18),32 Division,Willowdale West,TRUE,FALSE,FALSE,FALSE,FALSE,TRUE,TRUE,FALSE,FALSE,TRUE,"{""coordinates"": [[-79.44089180413415, 43.765390229790746]], ""type"": ""MultiPoint""}"
14360,2018:8000324266,2018-02-20T16:45:00,BATHURST ST,ELLERSLIE AVE,,2,Fatal Injury,At Intersection,Traffic Signal,Pedestrian Collision(internal code),Rain,Daylight,Wet,Major Arterial,FALSE,-79.4408918,43.765390229790746,1,Truck - Closed,East,1,22,None,,Failed to yield right-of-way,Normal,,,Turning Left,,,,,driver,,Willowdale (18),32 Division,Willowdale West,TRUE,FALSE,FALSE,FALSE,FALSE,TRUE,TRUE,FALSE,FALSE,TRUE,"{""coordinates"": [[-79.44089180413415, 43.765390229790746]], ""type"": ""MultiPoint""}"
14361,2018:8000332004,2018-02-21T18:38:00,37 WILLIAM KITCHEN RD,,,2,Fatal Injury,Non-Intersection,No Control,Pedestrian Collision(internal code),Clear,Dark with Artificial Lighting,Dry,Collector,FALSE,-79.28274154,43.77332103699625,1,,North,1,40,Fatal,,,,Crossing - no traffic control,Inattentive,,Driver hits pedestrian at midblock,,,,pedestrian,12,Scarborough Centre (21),41 Division,Dorset Park,FALSE,TRUE,FALSE,FALSE,FALSE,FALSE,TRUE,FALSE,FALSE,TRUE,"{""coordinates"": [[-79.28274153506584, 43.77332103699625]], ""type"": ""MultiPoint""}"
14362,2018:8000332004,2018-02-21T18:38:00,37 WILLIAM KITCHEN RD,,,2,Fatal Injury,Non-Intersection,No Control,Pedestrian Collision(internal code),Clear,Dark with Artificial Lighting,Dry,Collector,FALSE,-79.28274154,43.77332103699625,0,Truck - Tractor,East,2,33,None,,Driving properly,Normal,,,Going Ahead,,,,,driver,,Scarborough Centre (21),41 Division,Dorset Park,FALSE,TRUE,FALSE,FALSE,FALSE,FALSE,TRUE,FALSE,FALSE,TRUE,"{""coordinates"": [[-79.28274153506584, 43.77332103699625]], ""type"": ""MultiPoint""}"