_id,collision_id,accdate,stname1,stname2,stname3,per_inv,acclass,accloc,traffictl,impactype,visible,light,rdsfcond,road_class,failtorem,longitude,latitude,veh_no,vehtype,initdir,per_no,invage,injury,safequip,drivact,drivcond,pedact,pedcond,manoeuvre,pedtype,cyclistype,cycact,cyccond,road_user,fatal_no,wardname,division,neighbourhood,aggressive,distracted,cyclist,motorcyclist,other_micromobility,older_adult,pedestrian,red_light,school_child,heavy_truck,geometry
14634,2018:8001067265,2018-06-12T19:45:00,LAWRENCE AVE E,GALLOWAY RD,87 m East of,2,Non-Fatal Injury,Non-Intersection,No Control,Pedestrian Collision(internal code),Clear,Daylight,Dry,Major Arterial,FALSE,-79.19559119,43.76626021965754,1,,North,2,31,Minor,Use Unknown,,,Crossing - no traffic control,Normal,,Driver hits pedestrian at midblock,,,,pedestrian,,Scarborough-Guildwood (24),43 Division,West Hill,FALSE,FALSE,FALSE,FALSE,FALSE,TRUE,TRUE,FALSE,FALSE,FALSE,"{""coordinates"": [[-79.19559119312807, 43.76626021965754]], ""type"": ""MultiPoint""}"
14635,2018:8001071783,2018-06-13T12:41:00,CRESCENT RD,MOUNT PLEASANT RD,2 m East of,2,Non-Fatal Injury,Overpass or Bridge,No Control,Other,Clear,Daylight,Dry,Major Arterial,FALSE,-79.38055083,43.67821717228043,1,Municipal Transit Bus (TTC),East,1,46,None,Use Unknown,Driving properly,Normal,,,Going Ahead,,,,,driver,,University-Rosedale (11),53 Division,Rosedale-Moore Park,FALSE,FALSE,FALSE,FALSE,FALSE,TRUE,FALSE,FALSE,FALSE,TRUE,"{""coordinates"": [[-79.38055082925933, 43.67821717228043]], ""type"": ""MultiPoint""}"
14636,2018:8001071783,2018-06-13T12:41:00,CRESCENT RD,MOUNT PLEASANT RD,2 m East of,2,Non-Fatal Injury,Overpass or Bridge,No Control,Other,Clear,Daylight,Dry,Major Arterial,FALSE,-79.38055083,43.67821717228043,1,,,2,88,Major,Use Unknown,,,,,,,,,,passenger,,University-Rosedale (11),53 Division,Rosedale-Moore Park,FALSE,FALSE,FALSE,FALSE,FALSE,TRUE,FALSE,FALSE,FALSE,TRUE,"{""coordinates"": [[-79.38055082925933, 43.67821717228043]], ""type"": ""MultiPoint""}"
14637,2018:8001076637,2018-06-14T01:54:00,430 ROYAL YORK RD,,25 m South of,2,Non-Fatal Injury,Intersection-Related,No Control,Pedestrian Collision(internal code),Clear,Dark with Artificial Lighting,Dry,Minor Arterial,FALSE,-79.50023367,43.62065746831224,1,Municipal Transit Bus (TTC),South,1,56,None,Lap and Shoulder Belt,Driving properly,Normal,,,Going Ahead,,,,,driver,,Etobicoke-Lakeshore (3),22 Division,Mimico-Queensway,FALSE,FALSE,FALSE,FALSE,FALSE,FALSE,TRUE,FALSE,FALSE,TRUE,"{""coordinates"": [[-79.50023366500542, 43.62065746831224]], ""type"": ""MultiPoint""}"
14638,2018:8001076637,2018-06-14T01:54:00,430 ROYAL YORK RD,,25 m South of,2,Non-Fatal Injury,Intersection-Related,No Control,Pedestrian Collision(internal code),Clear,Dark with Artificial Lighting,Dry,Minor Arterial,FALSE,-79.50023367,43.62065746831224,1,,Unknown,2,24,Major,No Equipment Available,,,Other,Had Been Drinking,,Transit vehicle driver hits pedestrian anywhere along roadway,,,,pedestrian,,Etobicoke-Lakeshore (3),22 Division,Mimico-Queensway,FALSE,FALSE,FALSE,FALSE,FALSE,FALSE,TRUE,FALSE,FALSE,TRUE,"{""coordinates"": [[-79.50023366500542, 43.62065746831224]], ""type"": ""MultiPoint""}"
14639,2018:8001077165,2018-06-14T05:58:00,ST CLAIR AVE E,DANFORTH RD,,2,Fatal Injury,At Intersection,Traffic Signal,Turning Movement,Clear,Daylight,Dry,Major Arterial,TRUE,-79.25988356,43.71677200381159,0,Automobile or Station Wagon,East,2,,None,,Failed to yield right-of-way,Unknown,,,Turning Left,,,,,driver,,Scarborough Southwest (20),41 Division,Clairlea-Birchmount,TRUE,FALSE,FALSE,TRUE,FALSE,FALSE,FALSE,FALSE,FALSE,FALSE,"{""coordinates"": [[-79.25988355635552, 43.71677200381159]], ""type"": ""MultiPoint""}"
14640,2018:8001077165,2018-06-14T05:58:00,ST CLAIR AVE E,DANFORTH RD,,2,Fatal Injury,At Intersection,Traffic Signal,Turning Movement,Clear,Daylight,Dry,Major Arterial,TRUE,-79.25988356,43.71677200381159,0,Motorcycle,West,1,55,Fatal,,Driving properly,Unknown,,,Going Ahead,,,,,motorcyclist,33,Scarborough Southwest (20),41 Division,Clairlea-Birchmount,TRUE,FALSE,FALSE,TRUE,FALSE,FALSE,FALSE,FALSE,FALSE,FALSE,"{""coordinates"": [[-79.25988355635552, 43.71677200381159]], ""type"": ""MultiPoint""}"
14641,2018:8001078053,2018-06-14T09:05:00,CAMERON AVE,YONGE ST,,2,Non-Fatal Injury,At Intersection,Stop Sign,Pedestrian Collision(internal code),Clear,Daylight,Dry,Major Arterial,FALSE,-79.4098402,43.75726541453729,1,Automobile or Station Wagon,East,2,53,None,Lap and Shoulder Belt,Failed to yield right-of-way,Normal,,,Turning Right,,,,,driver,,Willowdale (18),32 Division,Avondale,TRUE,FALSE,FALSE,FALSE,FALSE,FALSE,TRUE,FALSE,FALSE,FALSE,"{""coordinates"": [[-79.4098402000958, 43.75726541453729]], ""type"": ""MultiPoint""}"
14642,2018:8001078053,2018-06-14T09:05:00,CAMERON AVE,YONGE ST,,2,Non-Fatal Injury,At Intersection,Stop Sign,Pedestrian Collision(internal code),Clear,Daylight,Dry,Major Arterial,FALSE,-79.4098402,43.75726541453729,1,,Unknown,1,46,Major,Use Unknown,,,Crossing with right-of-way (intersection),Normal,,Driver turns right into pedestrian crossing with right-of-way (at intersection),,,,pedestrian,,Willowdale (18),32 Division,Avondale,TRUE,FALSE,FALSE,FALSE,FALSE,FALSE,TRUE,FALSE,FALSE,FALSE,"{""coordinates"": [[-79.4098402000958, 43.75726541453729]], ""type"": ""MultiPoint""}"
14643,2018:8001081100,2018-06-14T16:45:00,EGLINTON AVE W,JANE ST,,2,Non-Fatal Injury,At Intersection,Traffic Signal,Turning Movement,Clear,Daylight,Dry,Major Arterial,FALSE,-79.49878396,43.684404840964135,2,Automobile or Station Wagon,North,2,53,None,Lap and Shoulder Belt,Driving properly,Normal,,,Turning Left,,,,,driver,,York South-Weston (5),12 Division,Mount Dennis,TRUE,FALSE,FALSE,TRUE,FALSE,FALSE,FALSE,TRUE,FALSE,FALSE,"{""coordinates"": [[-79.49878396006555, 43.684404840964135]], ""type"": ""MultiPoint""}"
14644,2018:8001081100,2018-06-14T16:45:00,EGLINTON AVE W,JANE ST,,2,Non-Fatal Injury,At Intersection,Traffic Signal,Turning Movement,Clear,Daylight,Dry,Major Arterial,FALSE,-79.49878396,43.684404840964135,1,Motorcycle,South,1,28,Major,Helmet,Disobeyed traffic control,Normal,,,Going Ahead,,,,,motorcyclist,,York South-Weston (5),12 Division,Mount Dennis,TRUE,FALSE,FALSE,TRUE,FALSE,FALSE,FALSE,TRUE,FALSE,FALSE,"{""coordinates"": [[-79.49878396006555, 43.684404840964135]], ""type"": ""MultiPoint""}"
14645,2018:8001089353,2018-06-15T19:28:00,5951 STEELES AVE E,,3 m West of,2,Non-Fatal Injury,At Intersection,Traffic Signal,Pedestrian Collision(internal code),Clear,Daylight,Dry,Major Arterial,FALSE,-79.25706126,43.83518042866374,1,,South,2,41,Major,Use Unknown,,,Crossing with right-of-way (intersection),Normal,,Driver turns left into pedestrian crossing with right-of-way (at intersection),,,,pedestrian,,Scarborough North (23),42 Division,Milliken,TRUE,TRUE,FALSE,FALSE,FALSE,FALSE,TRUE,FALSE,FALSE,FALSE,"{""coordinates"": [[-79.25706125536014, 43.83518042866374]], ""type"": ""MultiPoint""}"
14646,2018:8001089353,2018-06-15T19:28:00,5951 STEELES AVE E,,3 m West of,2,Non-Fatal Injury,At Intersection,Traffic Signal,Pedestrian Collision(internal code),Clear,Daylight,Dry,Major Arterial,FALSE,-79.25706126,43.83518042866374,1,Automobile or Station Wagon,North,1,24,None,Lap and Shoulder Belt,Failed to yield right-of-way,Inattentive,,,Turning Left,,,,,driver,,Scarborough North (23),42 Division,Milliken,TRUE,TRUE,FALSE,FALSE,FALSE,FALSE,TRUE,FALSE,FALSE,FALSE,"{""coordinates"": [[-79.25706125536014, 43.83518042866374]], ""type"": ""MultiPoint""}"
14647,2018:8001095116,2018-06-16T15:50:00,LEA AVE,LAIRD DR,30 m West of,2,Non-Fatal Injury,Intersection-Related,No Control,Cyclist Collision,Clear,Daylight,Dry,Major Arterial,FALSE,-79.36178264,43.70604542260083,1,Bicycle,North,1,20,Major,No Equipment Available,,,,,Going Ahead,,"Cyclist without right-of-way rides into path of driver (at intersection, laneway, or driveway)",Failed to Yield Right of Way,Inattentive,cyclist,,Don Valley West (15),53 Division,Thorncliffe Park,FALSE,TRUE,TRUE,FALSE,FALSE,FALSE,FALSE,FALSE,FALSE,FALSE,"{""coordinates"": [[-79.3617826353999, 43.70604542260083]], ""type"": ""MultiPoint""}"
14648,2018:8001095116,2018-06-16T15:50:00,LEA AVE,LAIRD DR,30 m West of,2,Non-Fatal Injury,Intersection-Related,No Control,Cyclist Collision,Clear,Daylight,Dry,Major Arterial,FALSE,-79.36178264,43.70604542260083,2,Automobile or Station Wagon,West,2,24,None,Lap and Shoulder Belt,Driving properly,Normal,,,Going Ahead,,,,,driver,,Don Valley West (15),53 Division,Thorncliffe Park,FALSE,TRUE,TRUE,FALSE,FALSE,FALSE,FALSE,FALSE,FALSE,FALSE,"{""coordinates"": [[-79.3617826353999, 43.70604542260083]], ""type"": ""MultiPoint""}"
14649,2018:8001102397,2018-06-17T18:10:00,285 OAKWOOD AVE,,50 m North of,5,Non-Fatal Injury,Non-Intersection,No Control,Turning Movement,Clear,Daylight,Dry,Minor Arterial,FALSE,-79.43765714,43.68448104910913,1,,,4,48,None,Lap and Shoulder Belt,,,,,,,,,,passenger,,Davenport (9),13 Division,Oakwood Village,FALSE,TRUE,FALSE,TRUE,FALSE,FALSE,FALSE,FALSE,TRUE,FALSE,"{""coordinates"": [[-79.4376571370384, 43.68448104910913]], ""type"": ""MultiPoint""}"
14650,2018:8001102397,2018-06-17T18:10:00,285 OAKWOOD AVE,,50 m North of,5,Non-Fatal Injury,Non-Intersection,No Control,Turning Movement,Clear,Daylight,Dry,Minor Arterial,FALSE,-79.43765714,43.68448104910913,1,Automobile or Station Wagon,North,1,45,None,Lap and Shoulder Belt,Improper turn,Inattentive,,,Making U-Turn,,,,,driver,,Davenport (9),13 Division,Oakwood Village,FALSE,TRUE,FALSE,TRUE,FALSE,FALSE,FALSE,FALSE,TRUE,FALSE,"{""coordinates"": [[-79.4376571370384, 43.68448104910913]], ""type"": ""MultiPoint""}"
14651,2018:8001102397,2018-06-17T18:10:00,285 OAKWOOD AVE,,50 m North of,5,Non-Fatal Injury,Non-Intersection,No Control,Turning Movement,Clear,Daylight,Dry,Minor Arterial,FALSE,-79.43765714,43.68448104910913,1,,,3,12,None,Lap and Shoulder Belt,,,,,,,,,,passenger,,Davenport (9),13 Division,Oakwood Village,FALSE,TRUE,FALSE,TRUE,FALSE,FALSE,FALSE,FALSE,TRUE,FALSE,"{""coordinates"": [[-79.4376571370384, 43.68448104910913]], ""type"": ""MultiPoint""}"
14652,2018:8001102397,2018-06-17T18:10:00,285 OAKWOOD AVE,,50 m North of,5,Non-Fatal Injury,Non-Intersection,No Control,Turning Movement,Clear,Daylight,Dry,Minor Arterial,FALSE,-79.43765714,43.68448104910913,1,,,5,28,None,Lap and Shoulder Belt,,,,,,,,,,passenger,,Davenport (9),13 Division,Oakwood Village,FALSE,TRUE,FALSE,TRUE,FALSE,FALSE,FALSE,FALSE,TRUE,FALSE,"{""coordinates"": [[-79.4376571370384, 43.68448104910913]], ""type"": ""MultiPoint""}"
14653,2018:8001102397,2018-06-17T18:10:00,285 OAKWOOD AVE,,50 m North of,5,Non-Fatal Injury,Non-Intersection,No Control,Turning Movement,Clear,Daylight,Dry,Minor Arterial,FALSE,-79.43765714,43.68448104910913,2,Motorcycle,South,2,38,Major,Helmet,Driving properly,Normal,,,Going Ahead,,,,,motorcyclist,,Davenport (9),13 Division,Oakwood Village,FALSE,TRUE,FALSE,TRUE,FALSE,FALSE,FALSE,FALSE,TRUE,FALSE,"{""coordinates"": [[-79.4376571370384, 43.68448104910913]], ""type"": ""MultiPoint""}"
14654,2018:8001105642,2018-06-18T08:44:00,KIPLING AVE,BLOOR ST W,50 m North of,2,Non-Fatal Injury,Non-Intersection,No Control,Approaching Head On,Clear,Daylight,Dry,Major Arterial,FALSE,-79.53555014,43.64225250247884,2,Pickup Truck,North,2,30,None,Use Unknown,Driving properly,Normal,,,Going Ahead,,,,,driver,,Etobicoke-Lakeshore (3),22 Division,Islington,FALSE,FALSE,FALSE,FALSE,FALSE,TRUE,FALSE,FALSE,FALSE,FALSE,"{""coordinates"": [[-79.53555013864546, 43.64225250247884]], ""type"": ""MultiPoint""}"
14655,2018:8001105642,2018-06-18T08:44:00,KIPLING AVE,BLOOR ST W,50 m North of,2,Non-Fatal Injury,Non-Intersection,No Control,Approaching Head On,Clear,Daylight,Dry,Major Arterial,FALSE,-79.53555014,43.64225250247884,1,Pickup Truck,South,1,69,Major,Use Unknown,Lost control,Medical or Physical Disability,,,Stopped,,,,,driver,,Etobicoke-Lakeshore (3),22 Division,Islington,FALSE,FALSE,FALSE,FALSE,FALSE,TRUE,FALSE,FALSE,FALSE,FALSE,"{""coordinates"": [[-79.53555013864546, 43.64225250247884]], ""type"": ""MultiPoint""}"
14656,2018:8001108986,2018-06-18T17:20:00,26 HOMEWOOD AVE,,8 m North of,1,Non-Fatal Injury,At/Near Private Drive,No Control,SMV Other,Clear,Daylight,Dry,Local,FALSE,-79.4198652,43.79076227952345,1,Automobile or Station Wagon,North,1,26,Major,Use Unknown,Lost control,Unknown,,,Going Ahead,,,,,driver,,Willowdale (18),32 Division,Newtonbrook West,FALSE,FALSE,FALSE,FALSE,FALSE,FALSE,FALSE,FALSE,FALSE,FALSE,"{""coordinates"": [[-79.41986520376398, 43.79076227952345]], ""type"": ""MultiPoint""}"
14657,2018:8001113536,2018-06-19T11:05:00,STEELES AVE W,HIGHWAY 400 S,,3,Non-Fatal Injury,Non-Intersection,No Control,Rear End,Clear,Daylight,Dry,Major Arterial,FALSE,-79.53836516,43.77186059552912,2,Pickup Truck,West,2,74,None,Lap and Shoulder Belt,Following too closely,Normal,,,Going Ahead,,,,,driver,,Humber River-Black Creek (7),31 Division,Humber Summit,TRUE,FALSE,FALSE,TRUE,FALSE,TRUE,FALSE,FALSE,FALSE,FALSE,"{""coordinates"": [[-79.53836516014145, 43.77186059552912]], ""type"": ""MultiPoint""}"
14658,2018:8001113536,2018-06-19T11:05:00,STEELES AVE W,HIGHWAY 400 S,,3,Non-Fatal Injury,Non-Intersection,No Control,Rear End,Clear,Daylight,Dry,Major Arterial,FALSE,-79.53836516,43.77186059552912,1,Motorcycle,West,1,55,Major,Helmet,Lost control,Normal,,,Going Ahead,,,,,motorcyclist,,Humber River-Black Creek (7),31 Division,Humber Summit,TRUE,FALSE,FALSE,TRUE,FALSE,TRUE,FALSE,FALSE,FALSE,FALSE,"{""coordinates"": [[-79.53836516014145, 43.77186059552912]], ""type"": ""MultiPoint""}"
14659,2018:8001113536,2018-06-19T11:05:00,STEELES AVE W,HIGHWAY 400 S,,3,Non-Fatal Injury,Non-Intersection,No Control,Rear End,Clear,Daylight,Dry,Major Arterial,FALSE,-79.53836516,43.77186059552912,3,Automobile or Station Wagon,West,3,87,None,Lap and Shoulder Belt,Driving properly,Normal,,,Stopped,,,,,driver,,Humber River-Black Creek (7),31 Division,Humber Summit,TRUE,FALSE,FALSE,TRUE,FALSE,TRUE,FALSE,FALSE,FALSE,FALSE,"{""coordinates"": [[-79.53836516014145, 43.77186059552912]], ""type"": ""MultiPoint""}"
14660,2018:8001115863,2018-06-19T17:00:00,MADAWASKA AVE,WILLOWDALE AVE,,3,Non-Fatal Injury,At Intersection,Stop Sign,Angle,Clear,Daylight,Dry,Minor Arterial,FALSE,-79.41270882,43.795069063785355,2,Pickup Truck,South,2,30,Minor,Lap and Shoulder Belt,Driving properly,Normal,,,Going Ahead,,,,,driver,,Willowdale (18),32 Division,Newtonbrook East,TRUE,TRUE,FALSE,FALSE,FALSE,FALSE,FALSE,FALSE,FALSE,FALSE,"{""coordinates"": [[-79.41270881537207, 43.795069063785355]], ""type"": ""MultiPoint""}"
14661,2018:8001115863,2018-06-19T17:00:00,MADAWASKA AVE,WILLOWDALE AVE,,3,Non-Fatal Injury,At Intersection,Stop Sign,Angle,Clear,Daylight,Dry,Minor Arterial,FALSE,-79.41270882,43.795069063785355,3,Automobile or Station Wagon,North,3,53,Major,Lap and Shoulder Belt,Driving properly,Normal,,,Going Ahead,,,,,driver,,Willowdale (18),32 Division,Newtonbrook East,TRUE,TRUE,FALSE,FALSE,FALSE,FALSE,FALSE,FALSE,FALSE,FALSE,"{""coordinates"": [[-79.41270881537207, 43.795069063785355]], ""type"": ""MultiPoint""}"
14662,2018:8001115863,2018-06-19T17:00:00,MADAWASKA AVE,WILLOWDALE AVE,,3,Non-Fatal Injury,At Intersection,Stop Sign,Angle,Clear,Daylight,Dry,Minor Arterial,FALSE,-79.41270882,43.795069063785355,1,Automobile or Station Wagon,East,1,46,Major,Lap and Shoulder Belt,Failed to yield right-of-way,Inattentive,,,Going Ahead,,,,,driver,,Willowdale (18),32 Division,Newtonbrook East,TRUE,TRUE,FALSE,FALSE,FALSE,FALSE,FALSE,FALSE,FALSE,FALSE,"{""coordinates"": [[-79.41270881537207, 43.795069063785355]], ""type"": ""MultiPoint""}"
14663,2018:8001115979,2018-06-19T17:17:00,ANNETTE ST,QUEBEC AVE,,3,Non-Fatal Injury,At Intersection,Stop Sign,Angle,Clear,Daylight,Dry,Minor Arterial,FALSE,-79.47078407,43.6624703,1,Automobile or Station Wagon,East,1,55,Minimal,Use Unknown,Speed too fast for conditions,Normal,,,Going Ahead,,,,,driver,,Parkdale-High Park (4),11 Division,Junction Area,TRUE,FALSE,FALSE,FALSE,FALSE,FALSE,FALSE,FALSE,FALSE,FALSE,"{""coordinates"": [[-79.47078406865025, 43.6624703017265]], ""type"": ""MultiPoint""}"
14664,2018:8001115979,2018-06-19T17:17:00,ANNETTE ST,QUEBEC AVE,,3,Non-Fatal Injury,At Intersection,Stop Sign,Angle,Clear,Daylight,Dry,Minor Arterial,FALSE,-79.47078407,43.6624703,2,Automobile or Station Wagon,South,2,51,Major,Use Unknown,Driving properly,Normal,,,Going Ahead,,,,,driver,,Parkdale-High Park (4),11 Division,Junction Area,TRUE,FALSE,FALSE,FALSE,FALSE,FALSE,FALSE,FALSE,FALSE,FALSE,"{""coordinates"": [[-79.47078406865025, 43.6624703017265]], ""type"": ""MultiPoint""}"
14665,2018:8001115979,2018-06-19T17:17:00,ANNETTE ST,QUEBEC AVE,,3,Non-Fatal Injury,At Intersection,Stop Sign,Angle,Clear,Daylight,Dry,Minor Arterial,FALSE,-79.47078407,43.6624703,3,Automobile or Station Wagon,West,3,52,Minimal,Use Unknown,Driving properly,Normal,,,Going Ahead,,,,,driver,,Parkdale-High Park (4),11 Division,Junction Area,TRUE,FALSE,FALSE,FALSE,FALSE,FALSE,FALSE,FALSE,FALSE,FALSE,"{""coordinates"": [[-79.47078406865025, 43.6624703017265]], ""type"": ""MultiPoint""}"
14666,2018:8001118177,2018-06-20T00:12:00,HIGHWAY 27 N,ALBION RD,158 m South of,4,Non-Fatal Injury,Non-Intersection,No Control,Pedestrian Collision(internal code),Clear,Dark with Artificial Lighting,Dry,Major Arterial,FALSE,-79.60696117,43.74291094,1,,,2,26,None,Lap and Shoulder Belt,,,,,,,,,,passenger,,Etobicoke North (1),23 Division,West Humber-Clairville,FALSE,FALSE,FALSE,FALSE,FALSE,FALSE,TRUE,FALSE,FALSE,FALSE,"{""coordinates"": [[-79.60696117402921, 43.7429109448514]], ""type"": ""MultiPoint""}"
14667,2018:8001118177,2018-06-20T00:12:00,HIGHWAY 27 N,ALBION RD,158 m South of,4,Non-Fatal Injury,Non-Intersection,No Control,Pedestrian Collision(internal code),Clear,Dark with Artificial Lighting,Dry,Major Arterial,FALSE,-79.60696117,43.74291094,1,Automobile or Station Wagon,North,1,20,None,Lap and Shoulder Belt,Driving properly,Normal,,,Going Ahead,,,,,driver,,Etobicoke North (1),23 Division,West Humber-Clairville,FALSE,FALSE,FALSE,FALSE,FALSE,FALSE,TRUE,FALSE,FALSE,FALSE,"{""coordinates"": [[-79.60696117402921, 43.7429109448514]], ""type"": ""MultiPoint""}"
14668,2018:8001118177,2018-06-20T00:12:00,HIGHWAY 27 N,ALBION RD,158 m South of,4,Non-Fatal Injury,Non-Intersection,No Control,Pedestrian Collision(internal code),Clear,Dark with Artificial Lighting,Dry,Major Arterial,FALSE,-79.60696117,43.74291094,1,,,3,26,None,Lap and Shoulder Belt,,,,,,,,,,passenger,,Etobicoke North (1),23 Division,West Humber-Clairville,FALSE,FALSE,FALSE,FALSE,FALSE,FALSE,TRUE,FALSE,FALSE,FALSE,"{""coordinates"": [[-79.60696117402921, 43.7429109448514]], ""type"": ""MultiPoint""}"
14669,2018:8001118177,2018-06-20T00:12:00,HIGHWAY 27 N,ALBION RD,158 m South of,4,Non-Fatal Injury,Non-Intersection,No Control,Pedestrian Collision(internal code),Clear,Dark with Artificial Lighting,Dry,Major Arterial,FALSE,-79.60696117,43.74291094,1,,East,4,32,Major,No Equipment Available,,,Crossing - no traffic control,Had Been Drinking,,Driver hits pedestrian at midblock,,,,pedestrian,,Etobicoke North (1),23 Division,West Humber-Clairville,FALSE,FALSE,FALSE,FALSE,FALSE,FALSE,TRUE,FALSE,FALSE,FALSE,"{""coordinates"": [[-79.60696117402921, 43.7429109448514]], ""type"": ""MultiPoint""}"
14670,2018:8001122394,2018-06-20T15:35:00,3930 LAWRENCE AVE E,,3 m South of,4,Non-Fatal Injury,At/Near Private Drive,No Control,Pedestrian Collision(internal code),Clear,Daylight,Dry,Major Arterial,FALSE,-79.20560097,43.76397904021661,2,,Unknown,2,60,Major,Use Unknown,,,On sidewalk or shoulder,Normal,,Driver hits pedestrian on sidewalk or shoulder,,,,pedestrian,,Scarborough-Guildwood (24),43 Division,Golfdale-Cedarbrae-Woburn,TRUE,TRUE,FALSE,FALSE,FALSE,TRUE,TRUE,FALSE,FALSE,FALSE,"{""coordinates"": [[-79.20560097419441, 43.76397904021661]], ""type"": ""MultiPoint""}"
14671,2018:8001122394,2018-06-20T15:35:00,3930 LAWRENCE AVE E,,3 m South of,4,Non-Fatal Injury,At/Near Private Drive,No Control,Pedestrian Collision(internal code),Clear,Daylight,Dry,Major Arterial,FALSE,-79.20560097,43.76397904021661,1,Automobile or Station Wagon,South,3,20,None,Lap and Shoulder Belt,Failed to yield right-of-way,Inattentive,,,Going Ahead,,,,,driver,,Scarborough-Guildwood (24),43 Division,Golfdale-Cedarbrae-Woburn,TRUE,TRUE,FALSE,FALSE,FALSE,TRUE,TRUE,FALSE,FALSE,FALSE,"{""coordinates"": [[-79.20560097419441, 43.76397904021661]], ""type"": ""MultiPoint""}"
14672,2018:8001122394,2018-06-20T15:35:00,3930 LAWRENCE AVE E,,3 m South of,4,Non-Fatal Injury,At/Near Private Drive,No Control,Pedestrian Collision(internal code),Clear,Daylight,Dry,Major Arterial,FALSE,-79.20560097,43.76397904021661,1,,,1,20,None,Lap and Shoulder Belt,,,,,,,,,,passenger,,Scarborough-Guildwood (24),43 Division,Golfdale-Cedarbrae-Woburn,TRUE,TRUE,FALSE,FALSE,FALSE,TRUE,TRUE,FALSE,FALSE,FALSE,"{""coordinates"": [[-79.20560097419441, 43.76397904021661]], ""type"": ""MultiPoint""}"
14673,2018:8001122394,2018-06-20T15:35:00,3930 LAWRENCE AVE E,,3 m South of,4,Non-Fatal Injury,At/Near Private Drive,No Control,Pedestrian Collision(internal code),Clear,Daylight,Dry,Major Arterial,FALSE,-79.20560097,43.76397904021661,2,Automobile or Station Wagon,West,4,65,None,Lap and Shoulder Belt,Driving properly,Normal,,,Going Ahead,,,,,driver,,Scarborough-Guildwood (24),43 Division,Golfdale-Cedarbrae-Woburn,TRUE,TRUE,FALSE,FALSE,FALSE,TRUE,TRUE,FALSE,FALSE,FALSE,"{""coordinates"": [[-79.20560097419441, 43.76397904021661]], ""type"": ""MultiPoint""}"
14674,2018:8001135358,2018-06-22T12:40:00,1196 WILSON AVE,,1 m West of,2,Non-Fatal Injury,At/Near Private Drive,No Control,Turning Movement,Clear,Daylight,Dry,Major Arterial,FALSE,-79.48861388,43.725080924610786,2,Automobile or Station Wagon,South,2,58,None,Lap and Shoulder Belt,Driving properly,Normal,,,Turning Left,,,,,driver,,York Centre (6),31 Division,Oakdale-Beverley Heights,TRUE,TRUE,FALSE,TRUE,FALSE,FALSE,FALSE,FALSE,FALSE,FALSE,"{""coordinates"": [[-79.48861388457372, 43.725080924610786]], ""type"": ""MultiPoint""}"
14675,2018:8001135358,2018-06-22T12:40:00,1196 WILSON AVE,,1 m West of,2,Non-Fatal Injury,At/Near Private Drive,No Control,Turning Movement,Clear,Daylight,Dry,Major Arterial,FALSE,-79.48861388,43.725080924610786,1,Motorcycle,West,1,62,Major,Helmet,Improper passing,Inattentive,,,Overtaking,,,,,motorcyclist,,York Centre (6),31 Division,Oakdale-Beverley Heights,TRUE,TRUE,FALSE,TRUE,FALSE,FALSE,FALSE,FALSE,FALSE,FALSE,"{""coordinates"": [[-79.48861388457372, 43.725080924610786]], ""type"": ""MultiPoint""}"
14676,2018:8001139262,2018-06-22T23:14:00,RICHMOND ST E,PARLIAMENT ST,,2,Non-Fatal Injury,At Intersection,Traffic Signal,Angle,Rain,Dark with Artificial Lighting,Wet,Major Arterial,FALSE,-79.36398761,43.654485986517415,2,Automobile or Station Wagon,West,2,40,None,Lap and Shoulder Belt,Other,Normal,,,Going Ahead,,,,,driver,,Toronto Centre (13),51 Division,Moss Park,FALSE,FALSE,FALSE,FALSE,FALSE,FALSE,FALSE,FALSE,FALSE,FALSE,"{""coordinates"": [[-79.3639876104188, 43.654485986517415]], ""type"": ""MultiPoint""}"
14677,2018:8001139262,2018-06-22T23:14:00,RICHMOND ST E,PARLIAMENT ST,,2,Non-Fatal Injury,At Intersection,Traffic Signal,Angle,Rain,Dark with Artificial Lighting,Wet,Major Arterial,FALSE,-79.36398761,43.654485986517415,1,Automobile or Station Wagon,South,1,26,Major,Lap and Shoulder Belt,Other,Normal,,,Going Ahead,,,,,driver,,Toronto Centre (13),51 Division,Moss Park,FALSE,FALSE,FALSE,FALSE,FALSE,FALSE,FALSE,FALSE,FALSE,FALSE,"{""coordinates"": [[-79.3639876104188, 43.654485986517415]], ""type"": ""MultiPoint""}"
14678,2018:8001139580,2018-06-23T00:15:00,MORNINGSIDE AVE,MILNER AVE,,6,Non-Fatal Injury,At Intersection,Traffic Signal,Turning Movement,Clear,Dark,Wet,Major Arterial,FALSE,-79.19904729,43.800207221697896,1,Automobile or Station Wagon,North,1,39,Major,Lap and Shoulder Belt,Failed to yield right-of-way,Inattentive,,,Turning Left,,,,,driver,,Scarborough-Rouge Park (25),42 Division,Morningside Heights,TRUE,TRUE,FALSE,FALSE,FALSE,FALSE,FALSE,FALSE,TRUE,FALSE,"{""coordinates"": [[-79.19904728947252, 43.800207221697896]], ""type"": ""MultiPoint""}"
14679,2018:8001139580,2018-06-23T00:15:00,MORNINGSIDE AVE,MILNER AVE,,6,Non-Fatal Injury,At Intersection,Traffic Signal,Turning Movement,Clear,Dark,Wet,Major Arterial,FALSE,-79.19904729,43.800207221697896,3,,,5,18,None,Lap and Shoulder Belt,,,,,,,,,,passenger,,Scarborough-Rouge Park (25),42 Division,Morningside Heights,TRUE,TRUE,FALSE,FALSE,FALSE,FALSE,FALSE,FALSE,TRUE,FALSE,"{""coordinates"": [[-79.19904728947252, 43.800207221697896]], ""type"": ""MultiPoint""}"
14680,2018:8001139580,2018-06-23T00:15:00,MORNINGSIDE AVE,MILNER AVE,,6,Non-Fatal Injury,At Intersection,Traffic Signal,Turning Movement,Clear,Dark,Wet,Major Arterial,FALSE,-79.19904729,43.800207221697896,2,Automobile or Station Wagon,South,2,51,Minimal,Lap and Shoulder Belt,Driving properly,Normal,,,Going Ahead,,,,,driver,,Scarborough-Rouge Park (25),42 Division,Morningside Heights,TRUE,TRUE,FALSE,FALSE,FALSE,FALSE,FALSE,FALSE,TRUE,FALSE,"{""coordinates"": [[-79.19904728947252, 43.800207221697896]], ""type"": ""MultiPoint""}"