_id,collision_id,accdate,stname1,stname2,stname3,per_inv,acclass,accloc,traffictl,impactype,visible,light,rdsfcond,road_class,failtorem,longitude,latitude,veh_no,vehtype,initdir,per_no,invage,injury,safequip,drivact,drivcond,pedact,pedcond,manoeuvre,pedtype,cyclistype,cycact,cyccond,road_user,fatal_no,wardname,division,neighbourhood,aggressive,distracted,cyclist,motorcyclist,other_micromobility,older_adult,pedestrian,red_light,school_child,heavy_truck,geometry
14725,2018:8001252382,2018-07-09T21:48:00,LN W HURON N BERNARD,BERNARD AVE,620 HURON ST,4,Non-Fatal Injury,Laneway,No Control,Pedestrian Collision(internal code),Clear,Dark with Artificial Lighting,Dry,Laneway,TRUE,-79.40453026,43.67317042832548,2,,,4,22,Major,Use Unknown,,,,,,,,,,passenger,,University-Rosedale (11),53 Division,Annex,FALSE,FALSE,FALSE,FALSE,FALSE,FALSE,TRUE,FALSE,FALSE,FALSE,"{""coordinates"": [[-79.40453026223454, 43.67317042832548]], ""type"": ""MultiPoint""}"
14726,2018:8001252382,2018-07-09T21:48:00,LN W HURON N BERNARD,BERNARD AVE,620 HURON ST,4,Non-Fatal Injury,Laneway,No Control,Pedestrian Collision(internal code),Clear,Dark with Artificial Lighting,Dry,Laneway,TRUE,-79.40453026,43.67317042832548,1,,South,3,25,Minor,No Equipment Available,,,Walking on roadway with traffic,Had Been Drinking,,Driver hits pedestrian at midblock,,,,pedestrian,,University-Rosedale (11),53 Division,Annex,FALSE,FALSE,FALSE,FALSE,FALSE,FALSE,TRUE,FALSE,FALSE,FALSE,"{""coordinates"": [[-79.40453026223454, 43.67317042832548]], ""type"": ""MultiPoint""}"
14727,2018:8001252382,2018-07-09T21:48:00,LN W HURON N BERNARD,BERNARD AVE,620 HURON ST,4,Non-Fatal Injury,Laneway,No Control,Pedestrian Collision(internal code),Clear,Dark with Artificial Lighting,Dry,Laneway,TRUE,-79.40453026,43.67317042832548,2,Automobile or Station Wagon,North,2,21,None,Use Unknown,Other,Unknown,,,Reversing,,,,,driver,,University-Rosedale (11),53 Division,Annex,FALSE,FALSE,FALSE,FALSE,FALSE,FALSE,TRUE,FALSE,FALSE,FALSE,"{""coordinates"": [[-79.40453026223454, 43.67317042832548]], ""type"": ""MultiPoint""}"
14728,2018:8001252744,2018-07-09T23:02:00,LAWRENCE AVE E,KENNEDY RD,,2,Non-Fatal Injury,At Intersection,Traffic Signal,Pedestrian Collision(internal code),Clear,Dark with Artificial Lighting,Dry,Major Arterial,FALSE,-79.27489888,43.749426043716916,1,,South,2,27,Major,No Equipment Available,,,Crossing without right-of-way (intersection),Ability Impaired - Drugs,,Driver going straight hits pedestrian crossing without right-of-way (at intersection),,,,pedestrian,,Scarborough Centre (21),41 Division,Dorset Park,FALSE,FALSE,FALSE,FALSE,FALSE,FALSE,TRUE,FALSE,FALSE,FALSE,"{""coordinates"": [[-79.27489888010273, 43.749426043716916]], ""type"": ""MultiPoint""}"
14729,2018:8001252744,2018-07-09T23:02:00,LAWRENCE AVE E,KENNEDY RD,,2,Non-Fatal Injury,At Intersection,Traffic Signal,Pedestrian Collision(internal code),Clear,Dark with Artificial Lighting,Dry,Major Arterial,FALSE,-79.27489888,43.749426043716916,1,Automobile or Station Wagon,East,1,53,None,Lap and Shoulder Belt,Driving properly,Normal,,,Going Ahead,,,,,driver,,Scarborough Centre (21),41 Division,Dorset Park,FALSE,FALSE,FALSE,FALSE,FALSE,FALSE,TRUE,FALSE,FALSE,FALSE,"{""coordinates"": [[-79.27489888010273, 43.749426043716916]], ""type"": ""MultiPoint""}"
14730,2018:8001264786,2018-07-11T17:20:00,RATHBURN RD,RENFORTH DR,,2,Non-Fatal Injury,At Intersection,Traffic Signal,Turning Movement,Clear,Daylight,Dry,Minor Arterial,FALSE,-79.57945734,43.65133534546172,1,Automobile or Station Wagon,West,1,47,None,Lap and Shoulder Belt,Failed to yield right-of-way,Normal,,,Turning Left,,,,,driver,,Etobicoke Centre (2),22 Division,Etobicoke West Mall,TRUE,FALSE,FALSE,TRUE,FALSE,FALSE,FALSE,FALSE,FALSE,FALSE,"{""coordinates"": [[-79.57945734438245, 43.65133534546172]], ""type"": ""MultiPoint""}"
14731,2018:8001264786,2018-07-11T17:20:00,RATHBURN RD,RENFORTH DR,,2,Non-Fatal Injury,At Intersection,Traffic Signal,Turning Movement,Clear,Daylight,Dry,Minor Arterial,FALSE,-79.57945734,43.65133534546172,2,Motorcycle,East,2,43,Major,Helmet,Driving properly,Normal,,,Going Ahead,,,,,motorcyclist,,Etobicoke Centre (2),22 Division,Etobicoke West Mall,TRUE,FALSE,FALSE,TRUE,FALSE,FALSE,FALSE,FALSE,FALSE,FALSE,"{""coordinates"": [[-79.57945734438245, 43.65133534546172]], ""type"": ""MultiPoint""}"
14732,2018:8001265172,2018-07-11T18:20:00,WILSON AVE,AVENUE RD,,2,Non-Fatal Injury,At Intersection,Traffic Signal,Pedestrian Collision(internal code),Clear,Daylight,Dry,Major Arterial,FALSE,-79.42160477,43.73979793438975,1,Motorcycle,North,1,57,None,Lap and Shoulder Belt,Driving properly,Normal,,,Going Ahead,,,,,motorcyclist,,Eglinton-Lawrence (8),32 Division,Bedford Park-Nortown,FALSE,TRUE,FALSE,TRUE,FALSE,FALSE,TRUE,FALSE,FALSE,FALSE,"{""coordinates"": [[-79.42160477086638, 43.73979793438975]], ""type"": ""MultiPoint""}"
14733,2018:8001265172,2018-07-11T18:20:00,WILSON AVE,AVENUE RD,,2,Non-Fatal Injury,At Intersection,Traffic Signal,Pedestrian Collision(internal code),Clear,Daylight,Dry,Major Arterial,FALSE,-79.42160477,43.73979793438975,1,,North,2,58,Major,Use Unknown,,,Crossing without right-of-way (intersection),Inattentive,,Driver going straight hits pedestrian crossing without right-of-way (at intersection),,,,pedestrian,,Eglinton-Lawrence (8),32 Division,Bedford Park-Nortown,FALSE,TRUE,FALSE,TRUE,FALSE,FALSE,TRUE,FALSE,FALSE,FALSE,"{""coordinates"": [[-79.42160477086638, 43.73979793438975]], ""type"": ""MultiPoint""}"
14734,2018:8001275127,2018-07-13T07:40:00,FRITH RD,ROSEGLEN CRES,31.8 m East of,2,Non-Fatal Injury,Non-Intersection,No Control,Pedestrian Collision(internal code),Clear,Daylight,Dry,Local,FALSE,-79.51570587,43.74619911061883,1,Automobile or Station Wagon,East,1,77,None,Lap and Shoulder Belt,Driving properly,Normal,,,Going Ahead,,,,,driver,,Humber River-Black Creek (7),31 Division,Glenfield-Jane Heights,FALSE,FALSE,FALSE,FALSE,FALSE,TRUE,TRUE,FALSE,FALSE,FALSE,"{""coordinates"": [[-79.51570586535874, 43.74619911061883]], ""type"": ""MultiPoint""}"
14735,2018:8001275127,2018-07-13T07:40:00,FRITH RD,ROSEGLEN CRES,31.8 m East of,2,Non-Fatal Injury,Non-Intersection,No Control,Pedestrian Collision(internal code),Clear,Daylight,Dry,Local,FALSE,-79.51570587,43.74619911061883,1,,North,2,21,Major,No Equipment Available,,,Running onto roadway,Normal,,Driver hits pedestrian at midblock,,,,pedestrian,,Humber River-Black Creek (7),31 Division,Glenfield-Jane Heights,FALSE,FALSE,FALSE,FALSE,FALSE,TRUE,TRUE,FALSE,FALSE,FALSE,"{""coordinates"": [[-79.51570586535874, 43.74619911061883]], ""type"": ""MultiPoint""}"
14736,2018:8001280273,2018-07-13T21:21:00,TRETHEWEY DR,YORKTOWN DR,,4,Non-Fatal Injury,At Intersection,Stop Sign,Angle,Clear,Dark with Artificial Lighting,Dry,Minor Arterial,FALSE,-79.47725375,43.69232412,2,,,3,11,None,Lap and Shoulder Belt,,,,,,,,,,passenger,,York South-Weston (5),12 Division,Beechborough-Greenbrook,FALSE,FALSE,FALSE,TRUE,FALSE,FALSE,FALSE,FALSE,TRUE,FALSE,"{""coordinates"": [[-79.47725375455255, 43.6923241187806]], ""type"": ""MultiPoint""}"
14737,2018:8001280273,2018-07-13T21:21:00,TRETHEWEY DR,YORKTOWN DR,,4,Non-Fatal Injury,At Intersection,Stop Sign,Angle,Clear,Dark with Artificial Lighting,Dry,Minor Arterial,FALSE,-79.47725375,43.69232412,2,,,4,13,Minor,Lap and Shoulder Belt,,,,,,,,,,passenger,,York South-Weston (5),12 Division,Beechborough-Greenbrook,FALSE,FALSE,FALSE,TRUE,FALSE,FALSE,FALSE,FALSE,TRUE,FALSE,"{""coordinates"": [[-79.47725375455255, 43.6923241187806]], ""type"": ""MultiPoint""}"
14738,2018:8001280273,2018-07-13T21:21:00,TRETHEWEY DR,YORKTOWN DR,,4,Non-Fatal Injury,At Intersection,Stop Sign,Angle,Clear,Dark with Artificial Lighting,Dry,Minor Arterial,FALSE,-79.47725375,43.69232412,2,Automobile or Station Wagon,West,2,54,None,Lap and Shoulder Belt,Driving properly,Normal,,,Going Ahead,,,,,driver,,York South-Weston (5),12 Division,Beechborough-Greenbrook,FALSE,FALSE,FALSE,TRUE,FALSE,FALSE,FALSE,FALSE,TRUE,FALSE,"{""coordinates"": [[-79.47725375455255, 43.6923241187806]], ""type"": ""MultiPoint""}"
14739,2018:8001280273,2018-07-13T21:21:00,TRETHEWEY DR,YORKTOWN DR,,4,Non-Fatal Injury,At Intersection,Stop Sign,Angle,Clear,Dark with Artificial Lighting,Dry,Minor Arterial,FALSE,-79.47725375,43.69232412,1,Motorcycle,South,1,31,Major,Helmet,Other,Normal,,,Going Ahead,,,,,motorcyclist,,York South-Weston (5),12 Division,Beechborough-Greenbrook,FALSE,FALSE,FALSE,TRUE,FALSE,FALSE,FALSE,FALSE,TRUE,FALSE,"{""coordinates"": [[-79.47725375455255, 43.6923241187806]], ""type"": ""MultiPoint""}"
14740,2018:8001284576,2018-07-14T14:57:00,LAWRENCE AVE W,BENTON RD,,2,Non-Fatal Injury,At Intersection,Traffic Signal,Pedestrian Collision(internal code),Clear,Daylight,Dry,Major Arterial,FALSE,-79.47186736,43.710230292562805,1,,South,2,52,Major,Use Unknown,,,Crossing with right-of-way (intersection),Normal,,Driver turns left into pedestrian crossing with right-of-way (at intersection),,,,pedestrian,,York South-Weston (5),12 Division,Brookhaven-Amesbury,FALSE,FALSE,FALSE,FALSE,FALSE,FALSE,TRUE,FALSE,FALSE,FALSE,"{""coordinates"": [[-79.47186736042036, 43.710230292562805]], ""type"": ""MultiPoint""}"
14741,2018:8001284576,2018-07-14T14:57:00,LAWRENCE AVE W,BENTON RD,,2,Non-Fatal Injury,At Intersection,Traffic Signal,Pedestrian Collision(internal code),Clear,Daylight,Dry,Major Arterial,FALSE,-79.47186736,43.710230292562805,1,Pickup Truck,North,1,27,None,Lap and Shoulder Belt,Improper turn,Normal,,,Turning Left,,,,,driver,,York South-Weston (5),12 Division,Brookhaven-Amesbury,FALSE,FALSE,FALSE,FALSE,FALSE,FALSE,TRUE,FALSE,FALSE,FALSE,"{""coordinates"": [[-79.47186736042036, 43.710230292562805]], ""type"": ""MultiPoint""}"
14742,2018:8001299322,2018-07-16T19:28:00,DUNDAS ST E,PARLIAMENT ST,,2,Non-Fatal Injury,At Intersection,Traffic Signal,Cyclist Collision,Clear,Daylight,Dry,Major Arterial,FALSE,-79.36597888,43.65936880106088,1,Bicycle,South,1,37,Major,Use Unknown,,,,,Going Ahead,,"Cyclist without right-of-way rides into path of driver (at intersection, laneway, or driveway)",Disobeyed Traffic Control,Unknown,cyclist,,Toronto Centre (13),51 Division,Regent Park,FALSE,FALSE,TRUE,FALSE,FALSE,FALSE,FALSE,FALSE,FALSE,FALSE,"{""coordinates"": [[-79.3659788790624, 43.65936880106088]], ""type"": ""MultiPoint""}"
14743,2018:8001299322,2018-07-16T19:28:00,DUNDAS ST E,PARLIAMENT ST,,2,Non-Fatal Injury,At Intersection,Traffic Signal,Cyclist Collision,Clear,Daylight,Dry,Major Arterial,FALSE,-79.36597888,43.65936880106088,2,Automobile or Station Wagon,West,2,56,None,Use Unknown,Driving properly,Normal,,,Going Ahead,,,,,driver,,Toronto Centre (13),51 Division,Regent Park,FALSE,FALSE,TRUE,FALSE,FALSE,FALSE,FALSE,FALSE,FALSE,FALSE,"{""coordinates"": [[-79.3659788790624, 43.65936880106088]], ""type"": ""MultiPoint""}"
14744,2018:8001304642,2018-07-17T15:06:00,WARDEN AVE,CIVIC RD,1 m West of,2,Non-Fatal Injury,At Intersection,Stop Sign,Cyclist Collision,Clear,Daylight,Dry,Major Arterial,FALSE,-79.28724329,43.726865939536516,2,Automobile or Station Wagon,North,2,33,None,Use Unknown,Driving properly,Normal,,,Going Ahead,,,,,driver,,Scarborough Southwest (20),41 Division,Clairlea-Birchmount,FALSE,FALSE,TRUE,FALSE,FALSE,FALSE,FALSE,FALSE,FALSE,FALSE,"{""coordinates"": [[-79.28724328995074, 43.726865939536516]], ""type"": ""MultiPoint""}"
14745,2018:8001304642,2018-07-17T15:06:00,WARDEN AVE,CIVIC RD,1 m West of,2,Non-Fatal Injury,At Intersection,Stop Sign,Cyclist Collision,Clear,Daylight,Dry,Major Arterial,FALSE,-79.28724329,43.726865939536516,1,Bicycle,West,1,60,Major,Helmet,,,,,Turning Left,,Cyclist turns left into path of driver,Improper Turn,Normal,cyclist,,Scarborough Southwest (20),41 Division,Clairlea-Birchmount,FALSE,FALSE,TRUE,FALSE,FALSE,FALSE,FALSE,FALSE,FALSE,FALSE,"{""coordinates"": [[-79.28724328995074, 43.726865939536516]], ""type"": ""MultiPoint""}"
14746,2018:8001315456,2018-07-18T02:59:00,JOHN ST,STEPHANIE ST,10 m South of,2,Non-Fatal Injury,Intersection-Related,No Control,Pedestrian Collision(internal code),Clear,Dark with Artificial Lighting,Dry,Local,FALSE,-79.39161371,43.65112146499554,1,Automobile or Station Wagon,South,1,,None,Use Unknown,Other,Unknown,,,Going Ahead,,,,,driver,,Spadina-Fort York (10),52 Division,Kensington-Chinatown,FALSE,FALSE,FALSE,FALSE,FALSE,FALSE,TRUE,FALSE,FALSE,FALSE,"{""coordinates"": [[-79.39161370693381, 43.65112146499554]], ""type"": ""MultiPoint""}"
14747,2018:8001315456,2018-07-18T02:59:00,JOHN ST,STEPHANIE ST,10 m South of,2,Non-Fatal Injury,Intersection-Related,No Control,Pedestrian Collision(internal code),Clear,Dark with Artificial Lighting,Dry,Local,FALSE,-79.39161371,43.65112146499554,1,,Unknown,2,39,Major,Use Unknown,,,Other,Normal,,Other,,,,pedestrian,,Spadina-Fort York (10),52 Division,Kensington-Chinatown,FALSE,FALSE,FALSE,FALSE,FALSE,FALSE,TRUE,FALSE,FALSE,FALSE,"{""coordinates"": [[-79.39161370693381, 43.65112146499554]], ""type"": ""MultiPoint""}"
14748,2018:8001315928,2018-07-19T07:11:00,BROADVIEW AVE,TORRENS AVE,,2,Non-Fatal Injury,At Intersection,Pedestrian Crossover,Pedestrian Collision(internal code),Clear,Daylight,Dry,Minor Arterial,FALSE,-79.35512218,43.69020297837524,1,Automobile or Station Wagon,North,1,47,None,Lap and Shoulder Belt,Disobeyed traffic control,Inattentive,,,Overtaking,,,,,driver,,Toronto-Danforth (14),55 Division,Broadview North,TRUE,TRUE,FALSE,FALSE,FALSE,FALSE,TRUE,FALSE,FALSE,FALSE,"{""coordinates"": [[-79.35512218496332, 43.69020297837524]], ""type"": ""MultiPoint""}"
14749,2018:8001315928,2018-07-19T07:11:00,BROADVIEW AVE,TORRENS AVE,,2,Non-Fatal Injury,At Intersection,Pedestrian Crossover,Pedestrian Collision(internal code),Clear,Daylight,Dry,Minor Arterial,FALSE,-79.35512218,43.69020297837524,1,,West,2,43,Major,Use Unknown,,,Crossing - pedestrian crossover,Normal,,Driver hits pedestrian at PXO/pedestrian midblock signal,,,,pedestrian,,Toronto-Danforth (14),55 Division,Broadview North,TRUE,TRUE,FALSE,FALSE,FALSE,FALSE,TRUE,FALSE,FALSE,FALSE,"{""coordinates"": [[-79.35512218496332, 43.69020297837524]], ""type"": ""MultiPoint""}"
14750,2018:8001330497,2018-07-21T05:29:00,DUPONT ST,OSLER ST,23 m West of,1,Non-Fatal Injury,Intersection-Related,No Control,SMV Other,Clear,Dawn with Artificial Lighting,Dry,Major Arterial,FALSE,-79.45655522,43.664495884450794,1,Automobile or Station Wagon,West,1,66,Major,Equipment Not Used But Available,Lost control,Medical or Physical Disability,,,Going Ahead,,,,,driver,,Davenport (9),11 Division,Junction-Wallace Emerson,FALSE,FALSE,FALSE,FALSE,FALSE,TRUE,FALSE,FALSE,FALSE,FALSE,"{""coordinates"": [[-79.45655521700427, 43.664495884450794]], ""type"": ""MultiPoint""}"
14751,2018:8001333226,2018-07-21T15:48:00,DON MILLS RD,THE DONWAY W,20 m South of,6,Non-Fatal Injury,At Intersection,Traffic Signal,Turning Movement,Clear,Daylight,Dry,Major Arterial,FALSE,-79.34207584,43.73214936605852,2,,,4,11,Minor,Lap and Shoulder Belt,,,,,,,,,,passenger,,Don Valley East (16),33 Division,Banbury-Don Mills,FALSE,FALSE,FALSE,FALSE,FALSE,TRUE,FALSE,FALSE,TRUE,FALSE,"{""coordinates"": [[-79.34207583687116, 43.73214936605852]], ""type"": ""MultiPoint""}"
14752,2018:8001333226,2018-07-21T15:48:00,DON MILLS RD,THE DONWAY W,20 m South of,6,Non-Fatal Injury,At Intersection,Traffic Signal,Turning Movement,Clear,Daylight,Dry,Major Arterial,FALSE,-79.34207584,43.73214936605852,2,Automobile or Station Wagon,South,6,27,Minor,Lap and Shoulder Belt,Driving properly,Normal,,,Going Ahead,,,,,driver,,Don Valley East (16),33 Division,Banbury-Don Mills,FALSE,FALSE,FALSE,FALSE,FALSE,TRUE,FALSE,FALSE,TRUE,FALSE,"{""coordinates"": [[-79.34207583687116, 43.73214936605852]], ""type"": ""MultiPoint""}"
14753,2018:8001333226,2018-07-21T15:48:00,DON MILLS RD,THE DONWAY W,20 m South of,6,Non-Fatal Injury,At Intersection,Traffic Signal,Turning Movement,Clear,Daylight,Dry,Major Arterial,FALSE,-79.34207584,43.73214936605852,2,,,3,48,Minor,Lap and Shoulder Belt,,,,,,,,,,passenger,,Don Valley East (16),33 Division,Banbury-Don Mills,FALSE,FALSE,FALSE,FALSE,FALSE,TRUE,FALSE,FALSE,TRUE,FALSE,"{""coordinates"": [[-79.34207583687116, 43.73214936605852]], ""type"": ""MultiPoint""}"
14754,2018:8001333226,2018-07-21T15:48:00,DON MILLS RD,THE DONWAY W,20 m South of,6,Non-Fatal Injury,At Intersection,Traffic Signal,Turning Movement,Clear,Daylight,Dry,Major Arterial,FALSE,-79.34207584,43.73214936605852,1,,,2,63,Major,Lap and Shoulder Belt,,,,,,,,,,passenger,,Don Valley East (16),33 Division,Banbury-Don Mills,FALSE,FALSE,FALSE,FALSE,FALSE,TRUE,FALSE,FALSE,TRUE,FALSE,"{""coordinates"": [[-79.34207583687116, 43.73214936605852]], ""type"": ""MultiPoint""}"
14755,2018:8001333226,2018-07-21T15:48:00,DON MILLS RD,THE DONWAY W,20 m South of,6,Non-Fatal Injury,At Intersection,Traffic Signal,Turning Movement,Clear,Daylight,Dry,Major Arterial,FALSE,-79.34207584,43.73214936605852,1,,,1,70,Minor,Lap and Shoulder Belt,,,,,,,,,,passenger,,Don Valley East (16),33 Division,Banbury-Don Mills,FALSE,FALSE,FALSE,FALSE,FALSE,TRUE,FALSE,FALSE,TRUE,FALSE,"{""coordinates"": [[-79.34207583687116, 43.73214936605852]], ""type"": ""MultiPoint""}"
14756,2018:8001333226,2018-07-21T15:48:00,DON MILLS RD,THE DONWAY W,20 m South of,6,Non-Fatal Injury,At Intersection,Traffic Signal,Turning Movement,Clear,Daylight,Dry,Major Arterial,FALSE,-79.34207584,43.73214936605852,1,Automobile or Station Wagon,North,5,40,None,Lap and Shoulder Belt,Improper turn,Normal,,,Turning Left,,,,,driver,,Don Valley East (16),33 Division,Banbury-Don Mills,FALSE,FALSE,FALSE,FALSE,FALSE,TRUE,FALSE,FALSE,TRUE,FALSE,"{""coordinates"": [[-79.34207583687116, 43.73214936605852]], ""type"": ""MultiPoint""}"
14757,2018:8001340896,2018-07-22T20:46:00,ELLESMERE RD,SCARBOROUGH GOLF CLUB RD,20 m West of,1,Non-Fatal Injury,Non-Intersection,No Control,SMV Other,Clear,Dark with Artificial Lighting,Dry,Major Arterial,FALSE,-79.22217966,43.77848253876162,1,Motorcycle,West,1,22,Major,Helmet,Lost control,Normal,,,Going Ahead,,,,,motorcyclist,,Scarborough-Guildwood (24),43 Division,Morningside,FALSE,FALSE,FALSE,TRUE,FALSE,FALSE,FALSE,FALSE,FALSE,FALSE,"{""coordinates"": [[-79.22217966053137, 43.77848253876162]], ""type"": ""MultiPoint""}"
14758,2018:8001352624,2018-07-24T15:05:00,ELIZABETH ST,GERRARD ST W,,2,Non-Fatal Injury,At Intersection,Traffic Signal,Pedestrian Collision(internal code),Clear,Daylight,Dry,Minor Arterial,FALSE,-79.38637992,43.65810235165022,1,,South,2,28,Major,Use Unknown,,,Crossing with right-of-way (intersection),Normal,,Driver turns left into pedestrian crossing with right-of-way (at intersection),,,,pedestrian,,University-Rosedale (11),52 Division,Yonge-Bay Corridor,TRUE,FALSE,FALSE,FALSE,FALSE,FALSE,TRUE,FALSE,FALSE,FALSE,"{""coordinates"": [[-79.38637992139608, 43.65810235165022]], ""type"": ""MultiPoint""}"
14759,2018:8001352624,2018-07-24T15:05:00,ELIZABETH ST,GERRARD ST W,,2,Non-Fatal Injury,At Intersection,Traffic Signal,Pedestrian Collision(internal code),Clear,Daylight,Dry,Minor Arterial,FALSE,-79.38637992,43.65810235165022,1,Automobile or Station Wagon,North,1,60,None,Lap and Shoulder Belt,Failed to yield right-of-way,Normal,,,Turning Left,,,,,driver,,University-Rosedale (11),52 Division,Yonge-Bay Corridor,TRUE,FALSE,FALSE,FALSE,FALSE,FALSE,TRUE,FALSE,FALSE,FALSE,"{""coordinates"": [[-79.38637992139608, 43.65810235165022]], ""type"": ""MultiPoint""}"
14760,2018:8001355778,2018-07-25T00:45:00,DORIS AVE,HOLMES AVE,42 m South,1,Fatal Injury,Non-Intersection,No Control,SMV Other,Clear,Dark with Artificial Lighting,Wet,Minor Arterial,FALSE,-79.41309774,43.777662194388846,0,Automobile or Station Wagon,North,1,23,Fatal,,Exceeding speed limit,Unknown,,,Going Ahead,,,,,driver,36,Willowdale (18),32 Division,Yonge-Doris,TRUE,FALSE,FALSE,FALSE,FALSE,FALSE,FALSE,FALSE,FALSE,FALSE,"{""coordinates"": [[-79.41309774446576, 43.777662194388846]], ""type"": ""MultiPoint""}"
14761,2018:8001362922,2018-07-26T00:58:00,EGLINTON AVE W,MARLEE AVE,,2,Fatal Injury,At Intersection,Traffic Signal,Pedestrian Collision(internal code),Clear,Dark,Dry,Major Arterial,TRUE,-79.43934991,43.69796925,0,,South,1,55,Fatal,,,,Crossing with right-of-way (intersection),Unknown,,Driver going straight hits pedestrian crossing with right-of-way (at intersection),,,,pedestrian,37,Toronto-St. Paul's (12),13 Division,Oakwood Village,TRUE,FALSE,FALSE,FALSE,FALSE,FALSE,TRUE,FALSE,FALSE,TRUE,"{""coordinates"": [[-79.43934990666236, 43.6979692486303]], ""type"": ""MultiPoint""}"
14762,2018:8001362922,2018-07-26T00:58:00,EGLINTON AVE W,MARLEE AVE,,2,Fatal Injury,At Intersection,Traffic Signal,Pedestrian Collision(internal code),Clear,Dark,Dry,Major Arterial,TRUE,-79.43934991,43.69796925,1,Truck - Dump,West,2,36,None,,Failed to yield right-of-way,Unknown,,,Going Ahead,,,,,driver,,Toronto-St. Paul's (12),13 Division,Oakwood Village,TRUE,FALSE,FALSE,FALSE,FALSE,FALSE,TRUE,FALSE,FALSE,TRUE,"{""coordinates"": [[-79.43934990666236, 43.6979692486303]], ""type"": ""MultiPoint""}"
14763,2018:8001367293,2018-07-26T15:15:00,OSSINGTON AVE,GEARY AVE,,2,Non-Fatal Injury,At Intersection,No Control,Cyclist Collision,Rain,Daylight with Artificial Lighting,Wet,Minor Arterial,FALSE,-79.42955473,43.671362298170905,2,Bicycle,South,2,43,Major,Helmet,,,,,Going Ahead,,Driver turns left into path of cyclist,Driving Properly,Normal,cyclist,,Toronto-St. Paul's (12),13 Division,Wychwood,TRUE,FALSE,TRUE,FALSE,FALSE,FALSE,FALSE,FALSE,FALSE,FALSE,"{""coordinates"": [[-79.42955472660654, 43.671362298170905]], ""type"": ""MultiPoint""}"
14764,2018:8001367293,2018-07-26T15:15:00,OSSINGTON AVE,GEARY AVE,,2,Non-Fatal Injury,At Intersection,No Control,Cyclist Collision,Rain,Daylight with Artificial Lighting,Wet,Minor Arterial,FALSE,-79.42955473,43.671362298170905,1,Automobile or Station Wagon,North,1,46,None,Lap and Shoulder Belt,Failed to yield right-of-way,Normal,,,Turning Left,,,,,driver,,Toronto-St. Paul's (12),13 Division,Wychwood,TRUE,FALSE,TRUE,FALSE,FALSE,FALSE,FALSE,FALSE,FALSE,FALSE,"{""coordinates"": [[-79.42955472660654, 43.671362298170905]], ""type"": ""MultiPoint""}"
14765,2018:8001384948,2018-07-29T03:30:00,KEELE ST,FINCH AVE W,,2,Non-Fatal Injury,At Intersection,Traffic Signal,Pedestrian Collision(internal code),Clear,Daylight,Dry,Major Arterial,FALSE,-79.49100946,43.76343006432585,1,,West,2,18,Major,Use Unknown,,,Crossing with right-of-way (intersection),Normal,,Driver turns left into pedestrian crossing with right-of-way (at intersection),,,,pedestrian,,York Centre (6),31 Division,York University Heights,TRUE,FALSE,FALSE,FALSE,FALSE,FALSE,TRUE,FALSE,TRUE,FALSE,"{""coordinates"": [[-79.49100945658382, 43.76343006432585]], ""type"": ""MultiPoint""}"
14766,2018:8001384948,2018-07-29T03:30:00,KEELE ST,FINCH AVE W,,2,Non-Fatal Injury,At Intersection,Traffic Signal,Pedestrian Collision(internal code),Clear,Daylight,Dry,Major Arterial,FALSE,-79.49100946,43.76343006432585,1,Automobile or Station Wagon,West,1,,None,Use Unknown,Failed to yield right-of-way,Unknown,,,Turning Left,,,,,driver,,York Centre (6),31 Division,York University Heights,TRUE,FALSE,FALSE,FALSE,FALSE,FALSE,TRUE,FALSE,TRUE,FALSE,"{""coordinates"": [[-79.49100945658382, 43.76343006432585]], ""type"": ""MultiPoint""}"
14767,2018:8001386062,2018-07-29T10:29:00,144 NORSEMAN ST,,,1,Fatal Injury,Non-Intersection,No Control,SMV Other,Clear,Daylight,Dry,Collector,FALSE,-79.52004716,43.63388638829688,0,Motorcycle,East,1,47,Fatal,,Lost control,Unknown,,,Going Ahead,,,,,motorcyclist,38,Etobicoke-Lakeshore (3),22 Division,Etobicoke City Centre,FALSE,FALSE,FALSE,TRUE,FALSE,FALSE,FALSE,FALSE,FALSE,FALSE,"{""coordinates"": [[-79.5200471616939, 43.63388638829688]], ""type"": ""MultiPoint""}"
14768,2018:8001389602,2018-07-29T21:22:00,LAKE SHORE BLVD E,WINNERS CRCL,60 m East of,3,Non-Fatal Injury,Non-Intersection,No Control,Pedestrian Collision(internal code),Clear,Dark,Dry,Major Arterial,FALSE,-79.30776648,43.663755617728256,1,,North,3,45,Major,Use Unknown,,,Crossing - no traffic control,Normal,,Driver hits pedestrian at midblock,,,,pedestrian,,Beaches-East York (19),55 Division,South Riverdale,FALSE,FALSE,FALSE,FALSE,FALSE,FALSE,TRUE,FALSE,FALSE,FALSE,"{""coordinates"": [[-79.30776648056275, 43.663755617728256]], ""type"": ""MultiPoint""}"
14769,2018:8001389602,2018-07-29T21:22:00,LAKE SHORE BLVD E,WINNERS CRCL,60 m East of,3,Non-Fatal Injury,Non-Intersection,No Control,Pedestrian Collision(internal code),Clear,Dark,Dry,Major Arterial,FALSE,-79.30776648,43.663755617728256,1,,,2,50,None,Use Unknown,,,,,,,,,,passenger,,Beaches-East York (19),55 Division,South Riverdale,FALSE,FALSE,FALSE,FALSE,FALSE,FALSE,TRUE,FALSE,FALSE,FALSE,"{""coordinates"": [[-79.30776648056275, 43.663755617728256]], ""type"": ""MultiPoint""}"