_id,collision_id,accdate,stname1,stname2,stname3,per_inv,acclass,accloc,traffictl,impactype,visible,light,rdsfcond,road_class,failtorem,longitude,latitude,veh_no,vehtype,initdir,per_no,invage,injury,safequip,drivact,drivcond,pedact,pedcond,manoeuvre,pedtype,cyclistype,cycact,cyccond,road_user,fatal_no,wardname,division,neighbourhood,aggressive,distracted,cyclist,motorcyclist,other_micromobility,older_adult,pedestrian,red_light,school_child,heavy_truck,geometry
14953,2018:8001693998,2018-09-12T23:00:00,MCCOWAN RD,TOWN CENTRE CRT,,2,Non-Fatal Injury,At Intersection,Traffic Signal,Pedestrian Collision(internal code),Clear,Dark with Artificial Lighting,Dry,Major Arterial,FALSE,-79.25220137,43.77450002439253,1,,East,2,54,Major,Use Unknown,,,Crossing without right-of-way (intersection),Inattentive,,Driver going straight hits pedestrian crossing without right-of-way (at intersection),,,,pedestrian,,Scarborough-Guildwood (24),43 Division,Woburn North,FALSE,TRUE,FALSE,FALSE,FALSE,FALSE,TRUE,FALSE,FALSE,FALSE,"{""coordinates"": [[-79.25220137262926, 43.77450002439253]], ""type"": ""MultiPoint""}"
14954,2018:8001693998,2018-09-12T23:00:00,MCCOWAN RD,TOWN CENTRE CRT,,2,Non-Fatal Injury,At Intersection,Traffic Signal,Pedestrian Collision(internal code),Clear,Dark with Artificial Lighting,Dry,Major Arterial,FALSE,-79.25220137,43.77450002439253,1,Automobile or Station Wagon,North,1,32,None,Lap and Shoulder Belt,Driving properly,Normal,,,Going Ahead,,,,,driver,,Scarborough-Guildwood (24),43 Division,Woburn North,FALSE,TRUE,FALSE,FALSE,FALSE,FALSE,TRUE,FALSE,FALSE,FALSE,"{""coordinates"": [[-79.25220137262926, 43.77450002439253]], ""type"": ""MultiPoint""}"
14955,2018:8001708273,2018-09-15T00:50:00,DUFFERIN ST,LAPPIN AVE,8 m East of,3,Non-Fatal Injury,Intersection-Related,No Control,Cyclist Collision,Clear,Dark with Artificial Lighting,Dry,Major Arterial,FALSE,-79.43822174,43.666342170744564,1,Automobile or Station Wagon,North,1,45,None,Lap and Shoulder Belt,Improper turn,Normal,,,Making U-Turn,,,,,driver,,Davenport (9),11 Division,Junction-Wallace Emerson,FALSE,FALSE,TRUE,FALSE,FALSE,FALSE,FALSE,FALSE,FALSE,FALSE,"{""coordinates"": [[-79.43822174366782, 43.666342170744564]], ""type"": ""MultiPoint""}"
14956,2018:8001708273,2018-09-15T00:50:00,DUFFERIN ST,LAPPIN AVE,8 m East of,3,Non-Fatal Injury,Intersection-Related,No Control,Cyclist Collision,Clear,Dark with Artificial Lighting,Dry,Major Arterial,FALSE,-79.43822174,43.666342170744564,3,Bicycle,North,3,34,Minor,Helmet,,,,,Going Ahead,,Driver makes U-turn in front of cyclist,Driving Properly,Normal,cyclist,,Davenport (9),11 Division,Junction-Wallace Emerson,FALSE,FALSE,TRUE,FALSE,FALSE,FALSE,FALSE,FALSE,FALSE,FALSE,"{""coordinates"": [[-79.43822174366782, 43.666342170744564]], ""type"": ""MultiPoint""}"
14957,2018:8001752003,2018-09-21T17:23:00,WOODBINE TRACK ACCESS,REXDALE BLVD,150 m South of,6,Non-Fatal Injury,Non-Intersection,No Control,Turning Movement,Rain,Daylight,Wet,Local,FALSE,-79.60344407,43.71765384587094,2,,,6,31,Minimal,Lap and Shoulder Belt,,,,,,,,,,passenger,,Etobicoke North (1),23 Division,West Humber-Clairville,FALSE,FALSE,FALSE,FALSE,FALSE,TRUE,FALSE,FALSE,FALSE,TRUE,"{""coordinates"": [[-79.60344406650272, 43.71765384587094]], ""type"": ""MultiPoint""}"
14958,2018:8001708273,2018-09-15T00:50:00,DUFFERIN ST,LAPPIN AVE,8 m East of,3,Non-Fatal Injury,Intersection-Related,No Control,Cyclist Collision,Clear,Dark with Artificial Lighting,Dry,Major Arterial,FALSE,-79.43822174,43.666342170744564,2,Bicycle,North,2,49,Major,Helmet,,,,,Going Ahead,,Driver makes U-turn in front of cyclist,Driving Properly,Normal,cyclist,,Davenport (9),11 Division,Junction-Wallace Emerson,FALSE,FALSE,TRUE,FALSE,FALSE,FALSE,FALSE,FALSE,FALSE,FALSE,"{""coordinates"": [[-79.43822174366782, 43.666342170744564]], ""type"": ""MultiPoint""}"
14959,2018:8001708692,2018-09-15T02:40:00,PARKSIDE DR,INDIAN VALLEY CRES,34 meters south,3,Fatal Injury,Non-Intersection,No Control,Approaching Head On,Clear,Dark,Dry,Major Arterial,FALSE,-79.45827102,43.65042629,2,,,3,,Major,,,,,,,,,,,passenger,,Parkdale-High Park (4),11 Division,High Park-Swansea,FALSE,FALSE,FALSE,TRUE,FALSE,FALSE,FALSE,FALSE,FALSE,FALSE,"{""coordinates"": [[-79.4582710234157, 43.6504262934128]], ""type"": ""MultiPoint""}"
14960,2018:8001708692,2018-09-15T02:40:00,PARKSIDE DR,INDIAN VALLEY CRES,34 meters south,3,Fatal Injury,Non-Intersection,No Control,Approaching Head On,Clear,Dark,Dry,Major Arterial,FALSE,-79.45827102,43.65042629,0,Motorcycle,North,2,45,Fatal,,Driving properly,Unknown,,,Going Ahead,,,,,motorcyclist,46,Parkdale-High Park (4),11 Division,High Park-Swansea,FALSE,FALSE,FALSE,TRUE,FALSE,FALSE,FALSE,FALSE,FALSE,FALSE,"{""coordinates"": [[-79.4582710234157, 43.6504262934128]], ""type"": ""MultiPoint""}"
14961,2018:8001708692,2018-09-15T02:40:00,PARKSIDE DR,INDIAN VALLEY CRES,34 meters south,3,Fatal Injury,Non-Intersection,No Control,Approaching Head On,Clear,Dark,Dry,Major Arterial,FALSE,-79.45827102,43.65042629,1,Automobile or Station Wagon,South,1,27,None,,Lost control,Had Been Drinking,,,Going Ahead,,,,,driver,,Parkdale-High Park (4),11 Division,High Park-Swansea,FALSE,FALSE,FALSE,TRUE,FALSE,FALSE,FALSE,FALSE,FALSE,FALSE,"{""coordinates"": [[-79.4582710234157, 43.6504262934128]], ""type"": ""MultiPoint""}"
14962,2018:8001903113,2018-09-15T09:40:00,555 ST CLAIR AVE W,,2 m South of,2,Non-Fatal Injury,Non-Intersection,No Control,Pedestrian Collision(internal code),Rain,Daylight,Wet,Major Arterial,FALSE,-79.42100214,43.68252408666006,1,,Unknown,2,76,Major,Use Unknown,,,Other,Normal,,Driver reversing hits pedestrian,,,,pedestrian,,Toronto-St. Paul's (12),13 Division,Wychwood,FALSE,FALSE,FALSE,FALSE,FALSE,TRUE,TRUE,FALSE,FALSE,FALSE,"{""coordinates"": [[-79.42100214099463, 43.68252408666006]], ""type"": ""MultiPoint""}"
14963,2018:8001903113,2018-09-15T09:40:00,555 ST CLAIR AVE W,,2 m South of,2,Non-Fatal Injury,Non-Intersection,No Control,Pedestrian Collision(internal code),Rain,Daylight,Wet,Major Arterial,FALSE,-79.42100214,43.68252408666006,1,Automobile or Station Wagon,East,1,76,None,Lap and Shoulder Belt,Other,Normal,,,Reversing,,,,,driver,,Toronto-St. Paul's (12),13 Division,Wychwood,FALSE,FALSE,FALSE,FALSE,FALSE,TRUE,TRUE,FALSE,FALSE,FALSE,"{""coordinates"": [[-79.42100214099463, 43.68252408666006]], ""type"": ""MultiPoint""}"
14964,2018:8001711357,2018-09-15T14:00:00,ST CLAIR AVE W,NORTHCLIFFE BLVD,,2,Non-Fatal Injury,At Intersection,Traffic Signal,Pedestrian Collision(internal code),Clear,Daylight,Dry,Major Arterial,FALSE,-79.44081572,43.678362281315195,1,Automobile or Station Wagon,South,1,36,None,Lap and Shoulder Belt,Other,Normal,,,Turning Left,,,,,driver,,Davenport (9),13 Division,Corso Italia-Davenport,FALSE,FALSE,FALSE,FALSE,FALSE,TRUE,TRUE,FALSE,FALSE,FALSE,"{""coordinates"": [[-79.44081572261321, 43.678362281315195]], ""type"": ""MultiPoint""}"
14965,2018:8001711357,2018-09-15T14:00:00,ST CLAIR AVE W,NORTHCLIFFE BLVD,,2,Non-Fatal Injury,At Intersection,Traffic Signal,Pedestrian Collision(internal code),Clear,Daylight,Dry,Major Arterial,FALSE,-79.44081572,43.678362281315195,1,,North,2,69,Major,Lap and Shoulder Belt,,,Other,Normal,,Driver turns left into pedestrian crossing with right-of-way (at intersection),,,,pedestrian,,Davenport (9),13 Division,Corso Italia-Davenport,FALSE,FALSE,FALSE,FALSE,FALSE,TRUE,TRUE,FALSE,FALSE,FALSE,"{""coordinates"": [[-79.44081572261321, 43.678362281315195]], ""type"": ""MultiPoint""}"
14966,2018:8001712147,2018-09-15T16:25:00,DIXON RD,KIPLING AVE,200 m East of,2,Non-Fatal Injury,At/Near Private Drive,No Control,Turning Movement,Clear,Daylight,Dry,Major Arterial,FALSE,-79.55676741,43.69459396040707,1,Automobile or Station Wagon,West,1,52,None,Lap and Shoulder Belt,Failed to yield right-of-way,Normal,,,Turning Left,,,,,driver,,Etobicoke Centre (2),23 Division,Kingsview Village-The Westway,TRUE,FALSE,FALSE,TRUE,FALSE,FALSE,FALSE,FALSE,FALSE,FALSE,"{""coordinates"": [[-79.55676741470988, 43.69459396040707]], ""type"": ""MultiPoint""}"
14967,2018:8001712147,2018-09-15T16:25:00,DIXON RD,KIPLING AVE,200 m East of,2,Non-Fatal Injury,At/Near Private Drive,No Control,Turning Movement,Clear,Daylight,Dry,Major Arterial,FALSE,-79.55676741,43.69459396040707,2,Motorcycle,East,2,62,Major,Helmet,Driving properly,Normal,,,Going Ahead,,,,,motorcyclist,,Etobicoke Centre (2),23 Division,Kingsview Village-The Westway,TRUE,FALSE,FALSE,TRUE,FALSE,FALSE,FALSE,FALSE,FALSE,FALSE,"{""coordinates"": [[-79.55676741470988, 43.69459396040707]], ""type"": ""MultiPoint""}"
14968,2018:8001713771,2018-09-15T21:30:00,JARVIS ST,QUEEN ST E,100 m North of,2,Non-Fatal Injury,Non-Intersection,No Control,Turning Movement,Clear,Dark with Artificial Lighting,Dry,Major Arterial,FALSE,-79.3736083,43.654619515052545,1,Automobile or Station Wagon,North,1,58,None,Lap and Shoulder Belt,Improper turn,Normal,,,Making U-Turn,,,,,driver,,Toronto Centre (13),51 Division,Moss Park,FALSE,FALSE,FALSE,TRUE,FALSE,FALSE,FALSE,FALSE,FALSE,FALSE,"{""coordinates"": [[-79.37360829542018, 43.654619515052545]], ""type"": ""MultiPoint""}"
14969,2018:8001713771,2018-09-15T21:30:00,JARVIS ST,QUEEN ST E,100 m North of,2,Non-Fatal Injury,Non-Intersection,No Control,Turning Movement,Clear,Dark with Artificial Lighting,Dry,Major Arterial,FALSE,-79.3736083,43.654619515052545,2,Motorcycle,South,2,48,Major,Helmet,Driving properly,Normal,,,Going Ahead,,,,,motorcyclist,,Toronto Centre (13),51 Division,Moss Park,FALSE,FALSE,FALSE,TRUE,FALSE,FALSE,FALSE,FALSE,FALSE,FALSE,"{""coordinates"": [[-79.37360829542018, 43.654619515052545]], ""type"": ""MultiPoint""}"
14970,2018:8001715339,2018-09-16T04:08:00,LAWSON RD,ST MAGNUS DR,60 m West of,3,Non-Fatal Injury,Non-Intersection,No Control,SMV Other,Clear,Dark with Artificial Lighting,Dry,Collector,TRUE,-79.15002074,43.78755000544027,1,Automobile or Station Wagon,East,1,,None,Use Unknown,Lost control,Unknown,,,Going Ahead,,,,,driver,,Scarborough-Rouge Park (25),43 Division,Centennial Scarborough,FALSE,FALSE,FALSE,FALSE,FALSE,FALSE,FALSE,FALSE,FALSE,FALSE,"{""coordinates"": [[-79.15002074338729, 43.78755000544027]], ""type"": ""MultiPoint""}"
14971,2018:8001715339,2018-09-16T04:08:00,LAWSON RD,ST MAGNUS DR,60 m West of,3,Non-Fatal Injury,Non-Intersection,No Control,SMV Other,Clear,Dark with Artificial Lighting,Dry,Collector,TRUE,-79.15002074,43.78755000544027,1,,,3,26,Minimal,Use Unknown,,,,,,,,,,passenger,,Scarborough-Rouge Park (25),43 Division,Centennial Scarborough,FALSE,FALSE,FALSE,FALSE,FALSE,FALSE,FALSE,FALSE,FALSE,FALSE,"{""coordinates"": [[-79.15002074338729, 43.78755000544027]], ""type"": ""MultiPoint""}"
14972,2018:8001715339,2018-09-16T04:08:00,LAWSON RD,ST MAGNUS DR,60 m West of,3,Non-Fatal Injury,Non-Intersection,No Control,SMV Other,Clear,Dark with Artificial Lighting,Dry,Collector,TRUE,-79.15002074,43.78755000544027,1,,,2,27,Major,Use Unknown,,,,,,,,,,passenger,,Scarborough-Rouge Park (25),43 Division,Centennial Scarborough,FALSE,FALSE,FALSE,FALSE,FALSE,FALSE,FALSE,FALSE,FALSE,FALSE,"{""coordinates"": [[-79.15002074338729, 43.78755000544027]], ""type"": ""MultiPoint""}"
14973,2018:8001716162,2018-09-16T09:36:00,WILLOWDALE AVE,BISHOP AVE,10 m North of,4,Non-Fatal Injury,At Intersection,Traffic Signal,Angle,Clear,Daylight,Dry,Minor Arterial,FALSE,-79.40783364,43.78336938276329,2,,,4,11,Minimal,Lap and Shoulder Belt,,,,,,,,,,passenger,,Willowdale (18),32 Division,Newtonbrook East,TRUE,FALSE,FALSE,FALSE,FALSE,FALSE,FALSE,TRUE,TRUE,FALSE,"{""coordinates"": [[-79.40783363729592, 43.78336938276329]], ""type"": ""MultiPoint""}"
14974,2018:8001716162,2018-09-16T09:36:00,WILLOWDALE AVE,BISHOP AVE,10 m North of,4,Non-Fatal Injury,At Intersection,Traffic Signal,Angle,Clear,Daylight,Dry,Minor Arterial,FALSE,-79.40783364,43.78336938276329,2,Automobile or Station Wagon,North,2,58,None,Lap and Shoulder Belt,Driving properly,Normal,,,Going Ahead,,,,,driver,,Willowdale (18),32 Division,Newtonbrook East,TRUE,FALSE,FALSE,FALSE,FALSE,FALSE,FALSE,TRUE,TRUE,FALSE,"{""coordinates"": [[-79.40783363729592, 43.78336938276329]], ""type"": ""MultiPoint""}"
14975,2018:8001716162,2018-09-16T09:36:00,WILLOWDALE AVE,BISHOP AVE,10 m North of,4,Non-Fatal Injury,At Intersection,Traffic Signal,Angle,Clear,Daylight,Dry,Minor Arterial,FALSE,-79.40783364,43.78336938276329,1,Automobile or Station Wagon,East,1,53,None,Lap and Shoulder Belt,Disobeyed traffic control,Normal,,,Going Ahead,,,,,driver,,Willowdale (18),32 Division,Newtonbrook East,TRUE,FALSE,FALSE,FALSE,FALSE,FALSE,FALSE,TRUE,TRUE,FALSE,"{""coordinates"": [[-79.40783363729592, 43.78336938276329]], ""type"": ""MultiPoint""}"
14976,2018:8001717185,2018-09-16T13:29:00,DUNDAS ST W,ST JOHNS PL,52 m West of,2,Non-Fatal Injury,Non-Intersection,No Control,Pedestrian Collision(internal code),Clear,Daylight,Dry,Major Arterial,TRUE,-79.47663582,43.665461031518774,1,,East,1,,None,Use Unknown,Other,Unknown,,,Going Ahead,,,,,driver,,Parkdale-High Park (4),11 Division,Junction Area,FALSE,TRUE,FALSE,FALSE,FALSE,FALSE,TRUE,FALSE,TRUE,FALSE,"{""coordinates"": [[-79.47663582018167, 43.665461031518774]], ""type"": ""MultiPoint""}"
14977,2018:8001717185,2018-09-16T13:29:00,DUNDAS ST W,ST JOHNS PL,52 m West of,2,Non-Fatal Injury,Non-Intersection,No Control,Pedestrian Collision(internal code),Clear,Daylight,Dry,Major Arterial,TRUE,-79.47663582,43.665461031518774,1,,North,2,5,Major,No Equipment Available,,,Crossing - no traffic control,Inattentive,,Driver hits pedestrian at midblock,,,,pedestrian,,Parkdale-High Park (4),11 Division,Junction Area,FALSE,TRUE,FALSE,FALSE,FALSE,FALSE,TRUE,FALSE,TRUE,FALSE,"{""coordinates"": [[-79.47663582018167, 43.665461031518774]], ""type"": ""MultiPoint""}"
14978,2018:8001722145,2018-09-17T10:01:00,STEELES AVE W,KEELE ST,,2,Non-Fatal Injury,At Intersection,Traffic Signal,Cyclist Collision,Clear,Daylight,Dry,Major Arterial,FALSE,-79.49446556,43.781507914395426,1,Truck - Tractor,West,1,55,None,Lap and Shoulder Belt,Driving properly,Normal,,,Turning Right,,,,,driver,,York Centre (6),31 Division,York University Heights,FALSE,TRUE,TRUE,FALSE,FALSE,FALSE,FALSE,FALSE,TRUE,TRUE,"{""coordinates"": [[-79.49446555527426, 43.781507914395426]], ""type"": ""MultiPoint""}"
14979,2018:8001722145,2018-09-17T10:01:00,STEELES AVE W,KEELE ST,,2,Non-Fatal Injury,At Intersection,Traffic Signal,Cyclist Collision,Clear,Daylight,Dry,Major Arterial,FALSE,-79.49446556,43.781507914395426,2,Bicycle,West,2,19,Major,Helmet,,,,,Going Ahead,,"Cyclist without right-of-way rides into path of driver (at intersection, laneway, or driveway)",Other,Inattentive,cyclist,,York Centre (6),31 Division,York University Heights,FALSE,TRUE,TRUE,FALSE,FALSE,FALSE,FALSE,FALSE,TRUE,TRUE,"{""coordinates"": [[-79.49446555527426, 43.781507914395426]], ""type"": ""MultiPoint""}"
14980,2018:8001722956,2018-09-17T12:04:00,BAY ST,WELLINGTON ST W,,2,Non-Fatal Injury,At Intersection,Traffic Signal,Cyclist Collision,Clear,Daylight,Dry,Major Arterial,FALSE,-79.37968895,43.64726097457377,1,Bus - Other,West,1,55,None,Lap and Shoulder Belt,Failed to yield right-of-way,Normal,,,Turning Right,,,,,driver,,Toronto Centre (13),52 Division,Yonge-Bay Corridor,TRUE,FALSE,TRUE,FALSE,FALSE,FALSE,FALSE,FALSE,FALSE,TRUE,"{""coordinates"": [[-79.37968894590168, 43.64726097457377]], ""type"": ""MultiPoint""}"
14981,2018:8001722956,2018-09-17T12:04:00,BAY ST,WELLINGTON ST W,,2,Non-Fatal Injury,At Intersection,Traffic Signal,Cyclist Collision,Clear,Daylight,Dry,Major Arterial,FALSE,-79.37968895,43.64726097457377,2,Bicycle,West,2,31,Major,Lap and Shoulder Belt,,,,,Going Ahead,,Driver turns right on green or amber at signalized intersection and hits cyclist,Driving Properly,Normal,cyclist,,Toronto Centre (13),52 Division,Yonge-Bay Corridor,TRUE,FALSE,TRUE,FALSE,FALSE,FALSE,FALSE,FALSE,FALSE,TRUE,"{""coordinates"": [[-79.37968894590168, 43.64726097457377]], ""type"": ""MultiPoint""}"
14982,2018:8001732179,2018-09-18T18:50:00,KEELE ST,AILEEN AVE,,2,Fatal Injury,At Intersection,No Control,Turning Movement,Clear,Daylight,Dry,Major Arterial,FALSE,-79.47202699,43.68316829976794,0,Automobile or Station Wagon,South,2,50,None,,Failed to yield right-of-way,Inattentive,,,Turning Left,,,,,driver,,York South-Weston (5),12 Division,Keelesdale-Eglinton West,TRUE,TRUE,FALSE,TRUE,FALSE,FALSE,FALSE,FALSE,FALSE,FALSE,"{""coordinates"": [[-79.47202699249185, 43.68316829976794]], ""type"": ""MultiPoint""}"
14983,2018:8001732179,2018-09-18T18:50:00,KEELE ST,AILEEN AVE,,2,Fatal Injury,At Intersection,No Control,Turning Movement,Clear,Daylight,Dry,Major Arterial,FALSE,-79.47202699,43.68316829976794,0,Motorcycle,North,1,40,Fatal,,Lost control,Normal,,,Going Ahead,,,,,motorcyclist,47,York South-Weston (5),12 Division,Keelesdale-Eglinton West,TRUE,TRUE,FALSE,TRUE,FALSE,FALSE,FALSE,FALSE,FALSE,FALSE,"{""coordinates"": [[-79.47202699249185, 43.68316829976794]], ""type"": ""MultiPoint""}"
14984,2018:8001736723,2018-09-19T12:42:00,F G GARDINER XY E,LOWER JARVIS ST,338 m West of,1,Non-Fatal Injury,Non-Intersection,No Control,SMV Other,Clear,Daylight,Dry,Expressway,FALSE,-79.37170096,43.64525061757343,1,Motorcycle,East,1,28,Major,Helmet,Improper passing,Ability Impaired - Alcohol Over .08,,,Overtaking,,,,,motorcyclist,,Spadina-Fort York (10),51 Division,St Lawrence-East Bayfront-The Islands,TRUE,FALSE,FALSE,TRUE,FALSE,FALSE,FALSE,FALSE,FALSE,FALSE,"{""coordinates"": [[-79.37170095712487, 43.64525061757343]], ""type"": ""MultiPoint""}"
14985,2018:8001744519,2018-09-20T16:00:00,DUFFERIN ST,CASTLEFIELD AVE,,2,Fatal Injury,At Intersection,Traffic Signal,Pedestrian Collision(internal code),Clear,Daylight,Dry,Major Arterial,FALSE,-79.45172492,43.70068526456058,1,Automobile or Station Wagon,East,1,58,None,Lap and Shoulder Belt,Driving properly,Normal,,,Going Ahead,,,,,driver,,Eglinton-Lawrence (8),13 Division,Briar Hill-Belgravia,FALSE,TRUE,FALSE,FALSE,FALSE,TRUE,TRUE,FALSE,FALSE,FALSE,"{""coordinates"": [[-79.4517249246217, 43.70068526456058]], ""type"": ""MultiPoint""}"
14986,2018:8001744519,2018-09-20T16:00:00,DUFFERIN ST,CASTLEFIELD AVE,,2,Fatal Injury,At Intersection,Traffic Signal,Pedestrian Collision(internal code),Clear,Daylight,Dry,Major Arterial,FALSE,-79.45172492,43.70068526456058,1,,North,2,90,Fatal,,,,Crossing without right-of-way (intersection),Inattentive,,Driver going straight hits pedestrian crossing without right-of-way (at intersection),,,,pedestrian,55,Eglinton-Lawrence (8),13 Division,Briar Hill-Belgravia,FALSE,TRUE,FALSE,FALSE,FALSE,TRUE,TRUE,FALSE,FALSE,FALSE,"{""coordinates"": [[-79.4517249246217, 43.70068526456058]], ""type"": ""MultiPoint""}"
14987,2018:8001751421,2018-09-21T16:00:00,NUTHATCH LANE,DOCTOR O LANE,,2,Fatal Injury,Intersection-Related,No Control,Pedestrian Collision(internal code),Clear,Daylight,Dry,Laneway,TRUE,-79.36969383,43.66332415973391,0,,Unknown,2,57,Fatal,,,,Other,Ability Impaired - Alcohol,,Unknown,,,,pedestrian,48,Toronto Centre (13),51 Division,Moss Park,FALSE,FALSE,FALSE,FALSE,FALSE,FALSE,TRUE,FALSE,FALSE,FALSE,"{""coordinates"": [[-79.369693831041, 43.66332415973391]], ""type"": ""MultiPoint""}"
14988,2018:8001751421,2018-09-21T16:00:00,NUTHATCH LANE,DOCTOR O LANE,,2,Fatal Injury,Intersection-Related,No Control,Pedestrian Collision(internal code),Clear,Daylight,Dry,Laneway,TRUE,-79.36969383,43.66332415973391,0,Automobile or Station Wagon,South,1,35,None,,Other,Unknown,,,Going Ahead,,,,,driver,,Toronto Centre (13),51 Division,Moss Park,FALSE,FALSE,FALSE,FALSE,FALSE,FALSE,TRUE,FALSE,FALSE,FALSE,"{""coordinates"": [[-79.369693831041, 43.66332415973391]], ""type"": ""MultiPoint""}"
14989,2018:8001752003,2018-09-21T17:23:00,WOODBINE TRACK ACCESS,REXDALE BLVD,150 m South of,6,Non-Fatal Injury,Non-Intersection,No Control,Turning Movement,Rain,Daylight,Wet,Local,FALSE,-79.60344407,43.71765384587094,1,,,4,66,Major,Equipment Not Used But Available,,,,,,,,,,passenger,,Etobicoke North (1),23 Division,West Humber-Clairville,FALSE,FALSE,FALSE,FALSE,FALSE,TRUE,FALSE,FALSE,FALSE,TRUE,"{""coordinates"": [[-79.60344406650272, 43.71765384587094]], ""type"": ""MultiPoint""}"
14990,2018:8001752003,2018-09-21T17:23:00,WOODBINE TRACK ACCESS,REXDALE BLVD,150 m South of,6,Non-Fatal Injury,Non-Intersection,No Control,Turning Movement,Rain,Daylight,Wet,Local,FALSE,-79.60344407,43.71765384587094,2,Truck - Dump,South,2,50,Minimal,Lap and Shoulder Belt,Driving properly,Normal,,,Going Ahead,,,,,driver,,Etobicoke North (1),23 Division,West Humber-Clairville,FALSE,FALSE,FALSE,FALSE,FALSE,TRUE,FALSE,FALSE,FALSE,TRUE,"{""coordinates"": [[-79.60344406650272, 43.71765384587094]], ""type"": ""MultiPoint""}"
14991,2018:8001752003,2018-09-21T17:23:00,WOODBINE TRACK ACCESS,REXDALE BLVD,150 m South of,6,Non-Fatal Injury,Non-Intersection,No Control,Turning Movement,Rain,Daylight,Wet,Local,FALSE,-79.60344407,43.71765384587094,1,Automobile or Station Wagon,South,1,42,None,Lap and Shoulder Belt,Improper turn,Normal,,,Making U-Turn,,,,,driver,,Etobicoke North (1),23 Division,West Humber-Clairville,FALSE,FALSE,FALSE,FALSE,FALSE,TRUE,FALSE,FALSE,FALSE,TRUE,"{""coordinates"": [[-79.60344406650272, 43.71765384587094]], ""type"": ""MultiPoint""}"
14992,2018:8001752003,2018-09-21T17:23:00,WOODBINE TRACK ACCESS,REXDALE BLVD,150 m South of,6,Non-Fatal Injury,Non-Intersection,No Control,Turning Movement,Rain,Daylight,Wet,Local,FALSE,-79.60344407,43.71765384587094,1,,,5,32,Minor,Lap and Shoulder Belt,,,,,,,,,,passenger,,Etobicoke North (1),23 Division,West Humber-Clairville,FALSE,FALSE,FALSE,FALSE,FALSE,TRUE,FALSE,FALSE,FALSE,TRUE,"{""coordinates"": [[-79.60344406650272, 43.71765384587094]], ""type"": ""MultiPoint""}"
14993,2018:8001752003,2018-09-21T17:23:00,WOODBINE TRACK ACCESS,REXDALE BLVD,150 m South of,6,Non-Fatal Injury,Non-Intersection,No Control,Turning Movement,Rain,Daylight,Wet,Local,FALSE,-79.60344407,43.71765384587094,1,,,3,40,None,Lap and Shoulder Belt,,,,,,,,,,passenger,,Etobicoke North (1),23 Division,West Humber-Clairville,FALSE,FALSE,FALSE,FALSE,FALSE,TRUE,FALSE,FALSE,FALSE,TRUE,"{""coordinates"": [[-79.60344406650272, 43.71765384587094]], ""type"": ""MultiPoint""}"
14994,2018:8001753831,2018-09-21T22:27:00,2265 MIDLAND AVE,,3 m West of,2,Non-Fatal Injury,Non-Intersection,No Control,Pedestrian Collision(internal code),Clear,Dark,Dry,Major Arterial,TRUE,-79.27407488,43.77559487,1,Automobile or Station Wagon,South,1,,None,Lap and Shoulder Belt,Failed to yield right-of-way,Unknown,,,Going Ahead,,,,,driver,,Scarborough Centre (21),41 Division,Bendale-Glen Andrew,TRUE,FALSE,FALSE,FALSE,FALSE,FALSE,TRUE,FALSE,FALSE,FALSE,"{""coordinates"": [[-79.27407488169592, 43.7755948690724]], ""type"": ""MultiPoint""}"
14995,2018:8001753831,2018-09-21T22:27:00,2265 MIDLAND AVE,,3 m West of,2,Non-Fatal Injury,Non-Intersection,No Control,Pedestrian Collision(internal code),Clear,Dark,Dry,Major Arterial,TRUE,-79.27407488,43.77559487,1,,West,2,22,Major,Use Unknown,,,Crossing - no traffic control,Normal,,Driver hits pedestrian at midblock,,,,pedestrian,,Scarborough Centre (21),41 Division,Bendale-Glen Andrew,TRUE,FALSE,FALSE,FALSE,FALSE,FALSE,TRUE,FALSE,FALSE,FALSE,"{""coordinates"": [[-79.27407488169592, 43.7755948690724]], ""type"": ""MultiPoint""}"
14996,2018:8001758272,2018-09-22T16:35:00,EGLINTON AVE E,MARKHAM RD,100 m East of,2,Non-Fatal Injury,At/Near Private Drive,Stop Sign,Turning Movement,Clear,Daylight,Dry,Major Arterial,FALSE,-79.21725109,43.743478864953325,2,Motorcycle,East,2,18,Major,Helmet,Driving properly,Normal,,,Going Ahead,,,,,motorcyclist,,Scarborough-Guildwood (24),43 Division,Scarborough Village,TRUE,TRUE,FALSE,TRUE,FALSE,FALSE,FALSE,FALSE,TRUE,FALSE,"{""coordinates"": [[-79.21725109306456, 43.743478864953325]], ""type"": ""MultiPoint""}"
14997,2018:8001758272,2018-09-22T16:35:00,EGLINTON AVE E,MARKHAM RD,100 m East of,2,Non-Fatal Injury,At/Near Private Drive,Stop Sign,Turning Movement,Clear,Daylight,Dry,Major Arterial,FALSE,-79.21725109,43.743478864953325,1,Automobile or Station Wagon,North,1,44,None,Lap and Shoulder Belt,Failed to yield right-of-way,Inattentive,,,Turning Left,,,,,driver,,Scarborough-Guildwood (24),43 Division,Scarborough Village,TRUE,TRUE,FALSE,TRUE,FALSE,FALSE,FALSE,FALSE,TRUE,FALSE,"{""coordinates"": [[-79.21725109306456, 43.743478864953325]], ""type"": ""MultiPoint""}"
14998,2018:8001758367,2018-09-22T16:55:00,EGLINTON AVE W,ROYAL YORK RD,400 m East of,2,Non-Fatal Injury,Non-Intersection,Stop Sign,Turning Movement,Clear,Daylight,Dry,Major Arterial,FALSE,-79.52064221,43.68328716,1,Automobile or Station Wagon,North,2,48,None,Lap and Shoulder Belt,Failed to yield right-of-way,Normal,,,Turning Right,,,,,driver,,Etobicoke Centre (2),22 Division,Edenbridge-Humber Valley,TRUE,FALSE,FALSE,TRUE,FALSE,FALSE,FALSE,FALSE,FALSE,FALSE,"{""coordinates"": [[-79.52064220631783, 43.6832871613642]], ""type"": ""MultiPoint""}"