_id,collision_id,accdate,stname1,stname2,stname3,per_inv,acclass,accloc,traffictl,impactype,visible,light,rdsfcond,road_class,failtorem,longitude,latitude,veh_no,vehtype,initdir,per_no,invage,injury,safequip,drivact,drivcond,pedact,pedcond,manoeuvre,pedtype,cyclistype,cycact,cyccond,road_user,fatal_no,wardname,division,neighbourhood,aggressive,distracted,cyclist,motorcyclist,other_micromobility,older_adult,pedestrian,red_light,school_child,heavy_truck,geometry
15220,2018:8002198438,2018-11-29T22:32:00,HIGH PARK BLVD,RONCESVALLES AVE,,2,Non-Fatal Injury,At Intersection,Traffic Signal,Pedestrian Collision(internal code),Clear,Dark,Dry,Minor Arterial,FALSE,-79.44901739,43.64626544216358,1,,Unknown,2,84,Major,No Equipment Available,,,Crossing with right-of-way (intersection),Normal,,Driver turns left into pedestrian crossing with right-of-way (at intersection),,,,pedestrian,,Parkdale-High Park (4),11 Division,Roncesvalles,FALSE,TRUE,FALSE,FALSE,FALSE,TRUE,TRUE,FALSE,FALSE,FALSE,"{""coordinates"": [[-79.44901739181549, 43.64626544216358]], ""type"": ""MultiPoint""}"
15221,2018:8002202544,2018-11-30T14:40:00,KEELE ST,ROTHERHAM AVE,,2,Non-Fatal Injury,At Intersection,Stop Sign,Angle,Clear,Daylight,Dry,Major Arterial,FALSE,-79.47317203,43.68575902,1,Automobile or Station Wagon,East,1,55,None,Use Unknown,Failed to yield right-of-way,Inattentive,,,Going Ahead,,,,,driver,,York South-Weston (5),12 Division,Keelesdale-Eglinton West,TRUE,TRUE,FALSE,FALSE,FALSE,FALSE,FALSE,FALSE,FALSE,FALSE,"{""coordinates"": [[-79.47317203254664, 43.6857590219606]], ""type"": ""MultiPoint""}"
15222,2018:8002202544,2018-11-30T14:40:00,KEELE ST,ROTHERHAM AVE,,2,Non-Fatal Injury,At Intersection,Stop Sign,Angle,Clear,Daylight,Dry,Major Arterial,FALSE,-79.47317203,43.68575902,2,Automobile or Station Wagon,South,2,30,Major,Use Unknown,Driving properly,Normal,,,Going Ahead,,,,,driver,,York South-Weston (5),12 Division,Keelesdale-Eglinton West,TRUE,TRUE,FALSE,FALSE,FALSE,FALSE,FALSE,FALSE,FALSE,FALSE,"{""coordinates"": [[-79.47317203254664, 43.6857590219606]], ""type"": ""MultiPoint""}"
15223,2018:8002203656,2018-11-30T17:20:00,EGLINTON AVE W,JANE ST,,5,Non-Fatal Injury,At Intersection,Traffic Signal,Turning Movement,Clear,Dusk,Dry,Major Arterial,FALSE,-79.49878396,43.684404840964135,1,,,3,42,None,Lap and Shoulder Belt,,,,,,,,,,passenger,,York South-Weston (5),12 Division,Mount Dennis,TRUE,TRUE,FALSE,FALSE,FALSE,TRUE,FALSE,FALSE,FALSE,FALSE,"{""coordinates"": [[-79.49878396006555, 43.684404840964135]], ""type"": ""MultiPoint""}"
15224,2018:8002203656,2018-11-30T17:20:00,EGLINTON AVE W,JANE ST,,5,Non-Fatal Injury,At Intersection,Traffic Signal,Turning Movement,Clear,Dusk,Dry,Major Arterial,FALSE,-79.49878396,43.684404840964135,2,,,5,79,Major,Lap and Shoulder Belt,,,,,,,,,,passenger,,York South-Weston (5),12 Division,Mount Dennis,TRUE,TRUE,FALSE,FALSE,FALSE,TRUE,FALSE,FALSE,FALSE,FALSE,"{""coordinates"": [[-79.49878396006555, 43.684404840964135]], ""type"": ""MultiPoint""}"
15225,2018:8002203656,2018-11-30T17:20:00,EGLINTON AVE W,JANE ST,,5,Non-Fatal Injury,At Intersection,Traffic Signal,Turning Movement,Clear,Dusk,Dry,Major Arterial,FALSE,-79.49878396,43.684404840964135,1,Automobile or Station Wagon,West,1,36,None,Lap and Shoulder Belt,Failed to yield right-of-way,Inattentive,,,Turning Left,,,,,driver,,York South-Weston (5),12 Division,Mount Dennis,TRUE,TRUE,FALSE,FALSE,FALSE,TRUE,FALSE,FALSE,FALSE,FALSE,"{""coordinates"": [[-79.49878396006555, 43.684404840964135]], ""type"": ""MultiPoint""}"
15226,2018:8002203656,2018-11-30T17:20:00,EGLINTON AVE W,JANE ST,,5,Non-Fatal Injury,At Intersection,Traffic Signal,Turning Movement,Clear,Dusk,Dry,Major Arterial,FALSE,-79.49878396,43.684404840964135,2,Automobile or Station Wagon,East,2,81,Minor,Lap and Shoulder Belt,Driving properly,Normal,,,Going Ahead,,,,,driver,,York South-Weston (5),12 Division,Mount Dennis,TRUE,TRUE,FALSE,FALSE,FALSE,TRUE,FALSE,FALSE,FALSE,FALSE,"{""coordinates"": [[-79.49878396006555, 43.684404840964135]], ""type"": ""MultiPoint""}"
15227,2018:8002203656,2018-11-30T17:20:00,EGLINTON AVE W,JANE ST,,5,Non-Fatal Injury,At Intersection,Traffic Signal,Turning Movement,Clear,Dusk,Dry,Major Arterial,FALSE,-79.49878396,43.684404840964135,1,,,4,2,None,Child Safety Seat Used Correctly,,,,,,,,,,passenger,,York South-Weston (5),12 Division,Mount Dennis,TRUE,TRUE,FALSE,FALSE,FALSE,TRUE,FALSE,FALSE,FALSE,FALSE,"{""coordinates"": [[-79.49878396006555, 43.684404840964135]], ""type"": ""MultiPoint""}"
15228,2018:8002203899,2018-11-30T17:50:00,KIPLING AVE,BELFIELD RD,,2,Non-Fatal Injury,At Intersection,Traffic Signal,Pedestrian Collision(internal code),Clear,Dark,Dry,Major Arterial,FALSE,-79.56344312,43.70476013074815,1,,North,2,66,Major,Use Unknown,,,Crossing with right-of-way (intersection),Normal,,Driver turns left into pedestrian crossing with right-of-way (at intersection),,,,pedestrian,,Etobicoke North (1),23 Division,West Humber-Clairville,TRUE,TRUE,FALSE,FALSE,FALSE,TRUE,TRUE,FALSE,FALSE,FALSE,"{""coordinates"": [[-79.5634431244166, 43.70476013074815]], ""type"": ""MultiPoint""}"
15229,2018:8002203899,2018-11-30T17:50:00,KIPLING AVE,BELFIELD RD,,2,Non-Fatal Injury,At Intersection,Traffic Signal,Pedestrian Collision(internal code),Clear,Dark,Dry,Major Arterial,FALSE,-79.56344312,43.70476013074815,1,Automobile or Station Wagon,North,1,48,None,Lap and Shoulder Belt,Failed to yield right-of-way,Inattentive,,,Turning Left,,,,,driver,,Etobicoke North (1),23 Division,West Humber-Clairville,TRUE,TRUE,FALSE,FALSE,FALSE,TRUE,TRUE,FALSE,FALSE,FALSE,"{""coordinates"": [[-79.5634431244166, 43.70476013074815]], ""type"": ""MultiPoint""}"
15230,2018:8002209662,2018-12-01T15:55:00,BIRCHMOUNT RD,FOXRIDGE DR,,5,Non-Fatal Injury,At Intersection,Traffic Signal,Turning Movement,Clear,Daylight,Dry,Minor Arterial,FALSE,-79.27447167,43.721754228427336,1,,,4,15,Minor,Use Unknown,,,,,,,,,,passenger,,Scarborough Southwest (20),41 Division,Kennedy Park,TRUE,FALSE,FALSE,FALSE,FALSE,TRUE,FALSE,FALSE,TRUE,FALSE,"{""coordinates"": [[-79.27447166741979, 43.721754228427336]], ""type"": ""MultiPoint""}"
15231,2018:8002209662,2018-12-01T15:55:00,BIRCHMOUNT RD,FOXRIDGE DR,,5,Non-Fatal Injury,At Intersection,Traffic Signal,Turning Movement,Clear,Daylight,Dry,Minor Arterial,FALSE,-79.27447167,43.721754228427336,2,,,5,58,Major,Use Unknown,,,,,,,,,,passenger,,Scarborough Southwest (20),41 Division,Kennedy Park,TRUE,FALSE,FALSE,FALSE,FALSE,TRUE,FALSE,FALSE,TRUE,FALSE,"{""coordinates"": [[-79.27447166741979, 43.721754228427336]], ""type"": ""MultiPoint""}"
15232,2018:8002209662,2018-12-01T15:55:00,BIRCHMOUNT RD,FOXRIDGE DR,,5,Non-Fatal Injury,At Intersection,Traffic Signal,Turning Movement,Clear,Daylight,Dry,Minor Arterial,FALSE,-79.27447167,43.721754228427336,2,Automobile or Station Wagon,South,2,73,Minimal,Use Unknown,Improper turn,Normal,,,Turning Left,,,,,driver,,Scarborough Southwest (20),41 Division,Kennedy Park,TRUE,FALSE,FALSE,FALSE,FALSE,TRUE,FALSE,FALSE,TRUE,FALSE,"{""coordinates"": [[-79.27447166741979, 43.721754228427336]], ""type"": ""MultiPoint""}"
15233,2018:8002209662,2018-12-01T15:55:00,BIRCHMOUNT RD,FOXRIDGE DR,,5,Non-Fatal Injury,At Intersection,Traffic Signal,Turning Movement,Clear,Daylight,Dry,Minor Arterial,FALSE,-79.27447167,43.721754228427336,1,,,3,16,Major,Use Unknown,,,,,,,,,,passenger,,Scarborough Southwest (20),41 Division,Kennedy Park,TRUE,FALSE,FALSE,FALSE,FALSE,TRUE,FALSE,FALSE,TRUE,FALSE,"{""coordinates"": [[-79.27447166741979, 43.721754228427336]], ""type"": ""MultiPoint""}"
15234,2018:8002209662,2018-12-01T15:55:00,BIRCHMOUNT RD,FOXRIDGE DR,,5,Non-Fatal Injury,At Intersection,Traffic Signal,Turning Movement,Clear,Daylight,Dry,Minor Arterial,FALSE,-79.27447167,43.721754228427336,1,Automobile or Station Wagon,North,1,15,Major,Use Unknown,Exceeding speed limit,Unknown,,,Going Ahead,,,,,driver,,Scarborough Southwest (20),41 Division,Kennedy Park,TRUE,FALSE,FALSE,FALSE,FALSE,TRUE,FALSE,FALSE,TRUE,FALSE,"{""coordinates"": [[-79.27447166741979, 43.721754228427336]], ""type"": ""MultiPoint""}"
15235,2018:8002229899,2018-12-04T19:32:00,MIDLAND AVE,DORCOT AVE,,2,Fatal Injury,Non-Intersection,No Control,Pedestrian Collision(internal code),Clear,Dark,Dry,Major Arterial,FALSE,-79.26761252,43.758382016721335,0,,East,1,57,Fatal,,,,Crossing - no traffic control,Normal,,Driver hits pedestrian at midblock,,,,pedestrian,63,Scarborough Centre (21),41 Division,Bendale-Glen Andrew,FALSE,FALSE,FALSE,FALSE,FALSE,FALSE,TRUE,FALSE,FALSE,FALSE,"{""coordinates"": [[-79.26761252269628, 43.758382016721335]], ""type"": ""MultiPoint""}"
15236,2018:8002229899,2018-12-04T19:32:00,MIDLAND AVE,DORCOT AVE,,2,Fatal Injury,Non-Intersection,No Control,Pedestrian Collision(internal code),Clear,Dark,Dry,Major Arterial,FALSE,-79.26761252,43.758382016721335,1,Automobile or Station Wagon,South,2,52,None,,Driving properly,Normal,,,Going Ahead,,,,,driver,,Scarborough Centre (21),41 Division,Bendale-Glen Andrew,FALSE,FALSE,FALSE,FALSE,FALSE,FALSE,TRUE,FALSE,FALSE,FALSE,"{""coordinates"": [[-79.26761252269628, 43.758382016721335]], ""type"": ""MultiPoint""}"
15237,2018:8002244914,2018-12-07T00:27:00,BAYVIEW AVE,HOLMES AVE,,3,Non-Fatal Injury,At Intersection,No Control,Approaching Head On,Snow,Dark with Artificial Lighting,Wet,Major Arterial,FALSE,-79.39166692,43.78284293529414,3,Automobile or Station Wagon,North,3,27,None,Lap and Shoulder Belt,Driving properly,Normal,,,Going Ahead,,,,,driver,,Don Valley North (17),33 Division,Bayview Village,FALSE,FALSE,FALSE,FALSE,FALSE,FALSE,FALSE,FALSE,FALSE,FALSE,"{""coordinates"": [[-79.39166692459455, 43.78284293529414]], ""type"": ""MultiPoint""}"
15238,2018:8002244914,2018-12-07T00:27:00,BAYVIEW AVE,HOLMES AVE,,3,Non-Fatal Injury,At Intersection,No Control,Approaching Head On,Snow,Dark with Artificial Lighting,Wet,Major Arterial,FALSE,-79.39166692,43.78284293529414,2,Automobile or Station Wagon,North,2,22,Minor,Lap and Shoulder Belt,Driving properly,Normal,,,Going Ahead,,,,,driver,,Don Valley North (17),33 Division,Bayview Village,FALSE,FALSE,FALSE,FALSE,FALSE,FALSE,FALSE,FALSE,FALSE,FALSE,"{""coordinates"": [[-79.39166692459455, 43.78284293529414]], ""type"": ""MultiPoint""}"
15239,2018:8002244914,2018-12-07T00:27:00,BAYVIEW AVE,HOLMES AVE,,3,Non-Fatal Injury,At Intersection,No Control,Approaching Head On,Snow,Dark with Artificial Lighting,Wet,Major Arterial,FALSE,-79.39166692,43.78284293529414,1,Automobile or Station Wagon,South,1,36,Major,Equipment Not Used But Available,Lost control,Ability Impaired - Drugs,,,Going Ahead,,,,,driver,,Don Valley North (17),33 Division,Bayview Village,FALSE,FALSE,FALSE,FALSE,FALSE,FALSE,FALSE,FALSE,FALSE,FALSE,"{""coordinates"": [[-79.39166692459455, 43.78284293529414]], ""type"": ""MultiPoint""}"
15240,2018:8002245364,2018-12-07T03:00:00,758 QUEEN ST E,,,2,Non-Fatal Injury,Non-Intersection,No Control,Cyclist Collision,Drifting Snow,Dark with Artificial Lighting,Loose Snow,Minor Arterial,TRUE,-79.34789718,43.65923907496774,2,Bicycle,South,2,41,Major,No Equipment Available,,,,,Going Ahead,,Sideswipe with cyclist and driver travelling in same direction,Driving Properly,Normal,cyclist,,Toronto-Danforth (14),55 Division,South Riverdale,FALSE,FALSE,TRUE,FALSE,FALSE,FALSE,FALSE,FALSE,FALSE,FALSE,"{""coordinates"": [[-79.34789717933661, 43.65923907496774]], ""type"": ""MultiPoint""}"
15241,2018:8002245364,2018-12-07T03:00:00,758 QUEEN ST E,,,2,Non-Fatal Injury,Non-Intersection,No Control,Cyclist Collision,Drifting Snow,Dark with Artificial Lighting,Loose Snow,Minor Arterial,TRUE,-79.34789718,43.65923907496774,1,Automobile or Station Wagon,South,1,,None,Use Unknown,Other,Unknown,,,Going Ahead,,,,,driver,,Toronto-Danforth (14),55 Division,South Riverdale,FALSE,FALSE,TRUE,FALSE,FALSE,FALSE,FALSE,FALSE,FALSE,FALSE,"{""coordinates"": [[-79.34789717933661, 43.65923907496774]], ""type"": ""MultiPoint""}"
15242,2018:8002245661,2018-12-07T06:00:00,MARTIN GROV RD,REXDALE BLVD,250 m South of,2,Non-Fatal Injury,Non-Intersection,No Control,Pedestrian Collision(internal code),Clear,Dark with Artificial Lighting,Dry,Major Arterial,FALSE,-79.58013609,43.71174441718782,1,Automobile or Station Wagon,North,1,68,None,Lap and Shoulder Belt,Driving properly,Normal,,,Going Ahead,,,,,driver,,Etobicoke North (1),23 Division,West Humber-Clairville,FALSE,TRUE,FALSE,FALSE,FALSE,TRUE,TRUE,FALSE,FALSE,FALSE,"{""coordinates"": [[-79.58013609395753, 43.71174441718782]], ""type"": ""MultiPoint""}"
15243,2018:8002245661,2018-12-07T06:00:00,MARTIN GROV RD,REXDALE BLVD,250 m South of,2,Non-Fatal Injury,Non-Intersection,No Control,Pedestrian Collision(internal code),Clear,Dark with Artificial Lighting,Dry,Major Arterial,FALSE,-79.58013609,43.71174441718782,1,,East,2,28,Major,Use Unknown,,,Crossing - no traffic control,Inattentive,,Driver hits pedestrian at midblock,,,,pedestrian,,Etobicoke North (1),23 Division,West Humber-Clairville,FALSE,TRUE,FALSE,FALSE,FALSE,TRUE,TRUE,FALSE,FALSE,FALSE,"{""coordinates"": [[-79.58013609395753, 43.71174441718782]], ""type"": ""MultiPoint""}"
15244,2018:8002248508,2018-12-07T15:20:00,1750 MIDLAND AVE,,,6,Non-Fatal Injury,Non-Intersection,No Control,Rear End,Clear,Daylight,Dry,Major Arterial,FALSE,-79.26870379,43.761186749131504,3,Automobile or Station Wagon,North,3,34,Minimal,Lap and Shoulder Belt,Driving properly,Normal,,,Stopped,,,,,driver,,Scarborough Centre (21),41 Division,Bendale-Glen Andrew,FALSE,TRUE,FALSE,FALSE,FALSE,FALSE,FALSE,FALSE,TRUE,FALSE,"{""coordinates"": [[-79.26870379116903, 43.761186749131504]], ""type"": ""MultiPoint""}"
15245,2018:8002248508,2018-12-07T15:20:00,1750 MIDLAND AVE,,,6,Non-Fatal Injury,Non-Intersection,No Control,Rear End,Clear,Daylight,Dry,Major Arterial,FALSE,-79.26870379,43.761186749131504,1,Automobile or Station Wagon,North,1,46,Major,Lap and Shoulder Belt,Other,Inattentive,,,Going Ahead,,,,,driver,,Scarborough Centre (21),41 Division,Bendale-Glen Andrew,FALSE,TRUE,FALSE,FALSE,FALSE,FALSE,FALSE,FALSE,TRUE,FALSE,"{""coordinates"": [[-79.26870379116903, 43.761186749131504]], ""type"": ""MultiPoint""}"
15246,2018:8002248508,2018-12-07T15:20:00,1750 MIDLAND AVE,,,6,Non-Fatal Injury,Non-Intersection,No Control,Rear End,Clear,Daylight,Dry,Major Arterial,FALSE,-79.26870379,43.761186749131504,3,,,5,10,None,Lap and Shoulder Belt,,,,,,,,,,passenger,,Scarborough Centre (21),41 Division,Bendale-Glen Andrew,FALSE,TRUE,FALSE,FALSE,FALSE,FALSE,FALSE,FALSE,TRUE,FALSE,"{""coordinates"": [[-79.26870379116903, 43.761186749131504]], ""type"": ""MultiPoint""}"
15247,2018:8002248508,2018-12-07T15:20:00,1750 MIDLAND AVE,,,6,Non-Fatal Injury,Non-Intersection,No Control,Rear End,Clear,Daylight,Dry,Major Arterial,FALSE,-79.26870379,43.761186749131504,3,,,6,11,None,Lap and Shoulder Belt,,,,,,,,,,passenger,,Scarborough Centre (21),41 Division,Bendale-Glen Andrew,FALSE,TRUE,FALSE,FALSE,FALSE,FALSE,FALSE,FALSE,TRUE,FALSE,"{""coordinates"": [[-79.26870379116903, 43.761186749131504]], ""type"": ""MultiPoint""}"
15248,2018:8002248508,2018-12-07T15:20:00,1750 MIDLAND AVE,,,6,Non-Fatal Injury,Non-Intersection,No Control,Rear End,Clear,Daylight,Dry,Major Arterial,FALSE,-79.26870379,43.761186749131504,2,Automobile or Station Wagon,North,2,44,None,Lap and Shoulder Belt,Driving properly,Normal,,,Slowing or Stopping,,,,,driver,,Scarborough Centre (21),41 Division,Bendale-Glen Andrew,FALSE,TRUE,FALSE,FALSE,FALSE,FALSE,FALSE,FALSE,TRUE,FALSE,"{""coordinates"": [[-79.26870379116903, 43.761186749131504]], ""type"": ""MultiPoint""}"
15249,2018:8002248508,2018-12-07T15:20:00,1750 MIDLAND AVE,,,6,Non-Fatal Injury,Non-Intersection,No Control,Rear End,Clear,Daylight,Dry,Major Arterial,FALSE,-79.26870379,43.761186749131504,3,,,4,44,Minimal,Lap and Shoulder Belt,,,,,,,,,,passenger,,Scarborough Centre (21),41 Division,Bendale-Glen Andrew,FALSE,TRUE,FALSE,FALSE,FALSE,FALSE,FALSE,FALSE,TRUE,FALSE,"{""coordinates"": [[-79.26870379116903, 43.761186749131504]], ""type"": ""MultiPoint""}"
15250,2018:8002249590,2018-12-07T18:30:00,FINCH AVE E,WAYSIDE AVE,,2,Fatal Injury,Intersection-Related,No Control,Pedestrian Collision(internal code),Clear,Dark,Dry,Major Arterial,FALSE,-79.29956471,43.80044002507011,0,,North,1,83,Fatal,,,,Crossing - no traffic control,Normal,,Driver hits pedestrian at midblock,,,,pedestrian,64,Scarborough-Agincourt (22),42 Division,East L'Amoreaux,FALSE,FALSE,FALSE,FALSE,FALSE,TRUE,TRUE,FALSE,FALSE,FALSE,"{""coordinates"": [[-79.29956470832165, 43.80044002507011]], ""type"": ""MultiPoint""}"
15251,2018:8002249590,2018-12-07T18:30:00,FINCH AVE E,WAYSIDE AVE,,2,Fatal Injury,Intersection-Related,No Control,Pedestrian Collision(internal code),Clear,Dark,Dry,Major Arterial,FALSE,-79.29956471,43.80044002507011,0,Passenger Van,West,2,63,None,,Driving properly,Normal,,,Going Ahead,,,,,driver,,Scarborough-Agincourt (22),42 Division,East L'Amoreaux,FALSE,FALSE,FALSE,FALSE,FALSE,TRUE,TRUE,FALSE,FALSE,FALSE,"{""coordinates"": [[-79.29956470832165, 43.80044002507011]], ""type"": ""MultiPoint""}"
15252,2018:8002254764,2018-12-08T16:01:00,STEELES AVE W,MARTIN GROVE RD,50 m East of,2,Non-Fatal Injury,Non-Intersection,No Control,Other,Clear,Daylight,Dry,Major Arterial,FALSE,-79.60258104,43.75795141642299,1,Municipal Transit Bus (TTC),West,1,52,None,Lap and Shoulder Belt,Driving properly,Normal,,,Slowing or Stopping,,,,,driver,,Etobicoke North (1),23 Division,Mount Olive-Silverstone-Jamestown,FALSE,FALSE,FALSE,FALSE,FALSE,FALSE,FALSE,FALSE,FALSE,TRUE,"{""coordinates"": [[-79.60258103942036, 43.75795141642299]], ""type"": ""MultiPoint""}"
15253,2018:8002254764,2018-12-08T16:01:00,STEELES AVE W,MARTIN GROVE RD,50 m East of,2,Non-Fatal Injury,Non-Intersection,No Control,Other,Clear,Daylight,Dry,Major Arterial,FALSE,-79.60258104,43.75795141642299,1,,,2,54,Major,Lap and Shoulder Belt,,,,,,,,,,passenger,,Etobicoke North (1),23 Division,Mount Olive-Silverstone-Jamestown,FALSE,FALSE,FALSE,FALSE,FALSE,FALSE,FALSE,FALSE,FALSE,TRUE,"{""coordinates"": [[-79.60258103942036, 43.75795141642299]], ""type"": ""MultiPoint""}"
15254,2018:8002257421,2018-12-09T00:49:00,CENTENNIAL PARK RD,RATHBURN RD,25 m North of,1,Non-Fatal Injury,At Intersection,No Control,SMV Other,Clear,Dark with Artificial Lighting,Dry,Local,FALSE,-79.58118159,43.65089284292894,1,Automobile or Station Wagon,South,1,25,Major,Air Bag Deployed,Lost control,Had Been Drinking,,,Going Ahead,,,,,driver,,Etobicoke Centre (2),22 Division,Eringate-Centennial-West Deane,FALSE,FALSE,FALSE,FALSE,FALSE,FALSE,FALSE,FALSE,FALSE,FALSE,"{""coordinates"": [[-79.58118159065792, 43.65089284292894]], ""type"": ""MultiPoint""}"
15255,2018:8002260892,2018-12-09T16:50:00,176 LAWRENCE AVE E,,50 m East of,2,Non-Fatal Injury,Non-Intersection,No Control,SMV Unattended Vehicle,Clear,Daylight,Dry,Major Arterial,FALSE,-79.39294874,43.72698814762219,1,,West,1,,None,Use Unknown,,,,,Parked,,,,,other,,Don Valley West (15),53 Division,Lawrence Park South,FALSE,FALSE,FALSE,FALSE,FALSE,TRUE,FALSE,FALSE,FALSE,FALSE,"{""coordinates"": [[-79.39294873583673, 43.72698814762219]], ""type"": ""MultiPoint""}"
15256,2018:8002260892,2018-12-09T16:50:00,176 LAWRENCE AVE E,,50 m East of,2,Non-Fatal Injury,Non-Intersection,No Control,SMV Unattended Vehicle,Clear,Daylight,Dry,Major Arterial,FALSE,-79.39294874,43.72698814762219,1,Automobile or Station Wagon,West,2,68,Major,Use Unknown,Lost control,Unknown,,,Going Ahead,,,,,driver,,Don Valley West (15),53 Division,Lawrence Park South,FALSE,FALSE,FALSE,FALSE,FALSE,TRUE,FALSE,FALSE,FALSE,FALSE,"{""coordinates"": [[-79.39294873583673, 43.72698814762219]], ""type"": ""MultiPoint""}"
15257,2018:8002266856,2018-12-10T16:17:00,SHEPPARD AVE E,KENNEDY RD,100 m East of,2,Non-Fatal Injury,Non-Intersection,No Control,Pedestrian Collision(internal code),Clear,Daylight,Dry,Major Arterial,FALSE,-79.28728901,43.78339975639006,1,Automobile or Station Wagon,South,2,20,Major,No Equipment Available,,,Crossing - no traffic control,Normal,,Driver hits pedestrian at midblock,,,,pedestrian,,Scarborough-Agincourt (22),42 Division,Agincourt South-Malvern West,FALSE,FALSE,FALSE,FALSE,FALSE,FALSE,TRUE,FALSE,FALSE,FALSE,"{""coordinates"": [[-79.28728900784199, 43.78339975639006]], ""type"": ""MultiPoint""}"
15258,2018:8002266856,2018-12-10T16:17:00,SHEPPARD AVE E,KENNEDY RD,100 m East of,2,Non-Fatal Injury,Non-Intersection,No Control,Pedestrian Collision(internal code),Clear,Daylight,Dry,Major Arterial,FALSE,-79.28728901,43.78339975639006,1,Automobile or Station Wagon,East,1,54,None,Lap and Shoulder Belt,Driving properly,Normal,,,Going Ahead,,,,,driver,,Scarborough-Agincourt (22),42 Division,Agincourt South-Malvern West,FALSE,FALSE,FALSE,FALSE,FALSE,FALSE,TRUE,FALSE,FALSE,FALSE,"{""coordinates"": [[-79.28728900784199, 43.78339975639006]], ""type"": ""MultiPoint""}"
15259,2018:8002273924,2018-12-11T18:11:00,MARLEE AVE,ROMAR CRES,,4,Non-Fatal Injury,At Intersection,No Control,Pedestrian Collision(internal code),Clear,Dark with Artificial Lighting,Wet,Minor Arterial,FALSE,-79.44270014,43.70625534033913,1,Pickup Truck,South,1,31,None,Use Unknown,Failed to yield right-of-way,Normal,,,Turning Left,,,,,driver,,Eglinton-Lawrence (8),13 Division,Yorkdale-Glen Park,TRUE,FALSE,FALSE,FALSE,FALSE,FALSE,TRUE,FALSE,FALSE,FALSE,"{""coordinates"": [[-79.44270013950576, 43.70625534033913]], ""type"": ""MultiPoint""}"
15260,2018:8002273924,2018-12-11T18:11:00,MARLEE AVE,ROMAR CRES,,4,Non-Fatal Injury,At Intersection,No Control,Pedestrian Collision(internal code),Clear,Dark with Artificial Lighting,Wet,Minor Arterial,FALSE,-79.44270014,43.70625534033913,1,,,2,32,None,Use Unknown,,,,,,,,,,passenger,,Eglinton-Lawrence (8),13 Division,Yorkdale-Glen Park,TRUE,FALSE,FALSE,FALSE,FALSE,FALSE,TRUE,FALSE,FALSE,FALSE,"{""coordinates"": [[-79.44270013950576, 43.70625534033913]], ""type"": ""MultiPoint""}"
15261,2018:8002273924,2018-12-11T18:11:00,MARLEE AVE,ROMAR CRES,,4,Non-Fatal Injury,At Intersection,No Control,Pedestrian Collision(internal code),Clear,Dark with Artificial Lighting,Wet,Minor Arterial,FALSE,-79.44270014,43.70625534033913,1,,South,4,53,Major,Use Unknown,,,Crossing with right-of-way (intersection),Normal,,Driver turns left into pedestrian crossing with right-of-way (at intersection),,,,pedestrian,,Eglinton-Lawrence (8),13 Division,Yorkdale-Glen Park,TRUE,FALSE,FALSE,FALSE,FALSE,FALSE,TRUE,FALSE,FALSE,FALSE,"{""coordinates"": [[-79.44270013950576, 43.70625534033913]], ""type"": ""MultiPoint""}"
15262,2018:8002273924,2018-12-11T18:11:00,MARLEE AVE,ROMAR CRES,,4,Non-Fatal Injury,At Intersection,No Control,Pedestrian Collision(internal code),Clear,Dark with Artificial Lighting,Wet,Minor Arterial,FALSE,-79.44270014,43.70625534033913,1,,,3,31,None,Use Unknown,,,,,,,,,,passenger,,Eglinton-Lawrence (8),13 Division,Yorkdale-Glen Park,TRUE,FALSE,FALSE,FALSE,FALSE,FALSE,TRUE,FALSE,FALSE,FALSE,"{""coordinates"": [[-79.44270013950576, 43.70625534033913]], ""type"": ""MultiPoint""}"
15263,2018:8002279692,2018-12-12T15:38:00,PROGRESS AVE,SHEPPARD AVE E,,2,Non-Fatal Injury,At Intersection,Traffic Signal,Pedestrian Collision(internal code),Clear,Daylight,Dry,Major Arterial,FALSE,-79.23489787,43.79458820612781,1,Municipal Transit Bus (TTC),West,1,64,None,Use Unknown,Failed to yield right-of-way,Normal,,,Turning Left,,,,,driver,,Scarborough North (23),42 Division,Malvern East,TRUE,FALSE,FALSE,FALSE,FALSE,FALSE,TRUE,FALSE,FALSE,TRUE,"{""coordinates"": [[-79.23489786600946, 43.79458820612781]], ""type"": ""MultiPoint""}"
15264,2018:8002279692,2018-12-12T15:38:00,PROGRESS AVE,SHEPPARD AVE E,,2,Non-Fatal Injury,At Intersection,Traffic Signal,Pedestrian Collision(internal code),Clear,Daylight,Dry,Major Arterial,FALSE,-79.23489787,43.79458820612781,1,,West,2,64,Major,Use Unknown,,,Crossing with right-of-way (intersection),Normal,,Transit vehicle driver hits pedestrian anywhere along roadway,,,,pedestrian,,Scarborough North (23),42 Division,Malvern East,TRUE,FALSE,FALSE,FALSE,FALSE,FALSE,TRUE,FALSE,FALSE,TRUE,"{""coordinates"": [[-79.23489786600946, 43.79458820612781]], ""type"": ""MultiPoint""}"
15265,2018:8002279854,2018-12-12T16:02:00,GOSFORD BLVD,SHOREHAM DR,5 m South of,2,Non-Fatal Injury,At Intersection,Stop Sign,Pedestrian Collision(internal code),Clear,Dark with Artificial Lighting,Wet,Collector,FALSE,-79.52292325,43.768190841144545,1,Automobile or Station Wagon,East,1,54,None,Lap and Shoulder Belt,Failed to yield right-of-way,Inattentive,,,Turning Right,,,,,driver,,Humber River-Black Creek (7),31 Division,Black Creek,TRUE,TRUE,FALSE,FALSE,FALSE,TRUE,TRUE,FALSE,FALSE,FALSE,"{""coordinates"": [[-79.52292325117614, 43.768190841144545]], ""type"": ""MultiPoint""}"