_id,collision_id,accdate,stname1,stname2,stname3,per_inv,acclass,accloc,traffictl,impactype,visible,light,rdsfcond,road_class,failtorem,longitude,latitude,veh_no,vehtype,initdir,per_no,invage,injury,safequip,drivact,drivcond,pedact,pedcond,manoeuvre,pedtype,cyclistype,cycact,cyccond,road_user,fatal_no,wardname,division,neighbourhood,aggressive,distracted,cyclist,motorcyclist,other_micromobility,older_adult,pedestrian,red_light,school_child,heavy_truck,geometry
15312,2019:9000001415,2019-01-01T04:38:00,ST CLAIR AVE W,DUFFERIN ST,5 m East of,2,Non-Fatal Injury,Intersection-Related,Traffic Signal,Pedestrian Collision(internal code),Clear,Dark with Artificial Lighting,Wet,Major Arterial,TRUE,-79.44304351,43.67788926214161,1,,West,2,34,Major,No Equipment Available,,,Other,Normal,,Unknown,,,,pedestrian,,Davenport (9),13 Division,Corso Italia-Davenport,FALSE,FALSE,FALSE,FALSE,FALSE,FALSE,TRUE,FALSE,FALSE,FALSE,"{""coordinates"": [[-79.44304351079889, 43.67788926214161]], ""type"": ""MultiPoint""}"
15313,2019:9000008532,2019-01-02T14:05:00,LEXINGTON AVE,SILVERSTONE DR,W of,2,Fatal Injury,Non-Intersection,No Control,SMV Other,Clear,Daylight,Dry,Local,TRUE,-79.60171906,43.74417642213629,1,Automobile or Station Wagon,West,1,,None,,Lost control,Unknown,,,Going Ahead,,,,,driver,,Etobicoke North (1),23 Division,West Humber-Clairville,FALSE,FALSE,FALSE,FALSE,FALSE,FALSE,FALSE,FALSE,FALSE,FALSE,"{""coordinates"": [[-79.60171906005321, 43.74417642213629]], ""type"": ""MultiPoint""}"
15314,2019:9000008532,2019-01-02T14:05:00,LEXINGTON AVE,SILVERSTONE DR,W of,2,Fatal Injury,Non-Intersection,No Control,SMV Other,Clear,Daylight,Dry,Local,TRUE,-79.60171906,43.74417642213629,1,,,2,52,Fatal,,,,,,,,,,,passenger,9,Etobicoke North (1),23 Division,West Humber-Clairville,FALSE,FALSE,FALSE,FALSE,FALSE,FALSE,FALSE,FALSE,FALSE,FALSE,"{""coordinates"": [[-79.60171906005321, 43.74417642213629]], ""type"": ""MultiPoint""}"
15315,2019:9000021101,2019-01-04T13:25:00,BATHURST ST,BAINBRIDGE AVE,,2,Non-Fatal Injury,At Intersection,Traffic Signal,Pedestrian Collision(internal code),Clear,Daylight,Dry,Major Arterial,FALSE,-79.43729844,43.750692726127625,1,Automobile or Station Wagon,West,1,36,None,Lap and Shoulder Belt,Failed to yield right-of-way,Normal,,,Turning Left,,,,,driver,,York Centre (6),32 Division,Lansing-Westgate,TRUE,FALSE,FALSE,FALSE,FALSE,FALSE,TRUE,FALSE,FALSE,FALSE,"{""coordinates"": [[-79.43729844450965, 43.750692726127625]], ""type"": ""MultiPoint""}"
15316,2019:9000021101,2019-01-04T13:25:00,BATHURST ST,BAINBRIDGE AVE,,2,Non-Fatal Injury,At Intersection,Traffic Signal,Pedestrian Collision(internal code),Clear,Daylight,Dry,Major Arterial,FALSE,-79.43729844,43.750692726127625,1,,East,2,32,Major,No Equipment Available,,,Crossing with right-of-way (intersection),Normal,,Driver turns left into pedestrian crossing with right-of-way (at intersection),,,,pedestrian,,York Centre (6),32 Division,Lansing-Westgate,TRUE,FALSE,FALSE,FALSE,FALSE,FALSE,TRUE,FALSE,FALSE,FALSE,"{""coordinates"": [[-79.43729844450965, 43.750692726127625]], ""type"": ""MultiPoint""}"
15317,2019:9000023080,2019-01-04T19:20:00,COLLEGE ST,ELIZABETH ST,,2,Non-Fatal Injury,At Intersection,Traffic Signal,Pedestrian Collision(internal code),Clear,Dark with Artificial Lighting,Dry,Major Arterial,FALSE,-79.387387,43.66044076198269,1,Automobile or Station Wagon,West,1,48,None,Lap and Shoulder Belt,Failed to yield right-of-way,Inattentive,,,Turning Left,,,,,driver,,University-Rosedale (11),52 Division,Yonge-Bay Corridor,TRUE,TRUE,FALSE,FALSE,FALSE,FALSE,TRUE,FALSE,FALSE,FALSE,"{""coordinates"": [[-79.38738699984793, 43.66044076198269]], ""type"": ""MultiPoint""}"
15318,2019:9000023080,2019-01-04T19:20:00,COLLEGE ST,ELIZABETH ST,,2,Non-Fatal Injury,At Intersection,Traffic Signal,Pedestrian Collision(internal code),Clear,Dark with Artificial Lighting,Dry,Major Arterial,FALSE,-79.387387,43.66044076198269,1,,East,2,63,Major,Use Unknown,,,Crossing with right-of-way (intersection),Normal,,Driver turns left into pedestrian crossing with right-of-way (at intersection),,,,pedestrian,,University-Rosedale (11),52 Division,Yonge-Bay Corridor,TRUE,TRUE,FALSE,FALSE,FALSE,FALSE,TRUE,FALSE,FALSE,FALSE,"{""coordinates"": [[-79.38738699984793, 43.66044076198269]], ""type"": ""MultiPoint""}"
15319,2019:9000040914,2019-01-07T20:12:00,CLOSE AVE,QUEEN ST W,119 m south,2,Fatal Injury,Non-Intersection,No Control,Pedestrian Collision(internal code),Rain,Dark with Artificial Lighting,Wet,Local,FALSE,-79.435505,43.63956626341555,1,Automobile or Station Wagon,South,1,65,None,,Following too closely,Normal,,,Going Ahead,,,,,driver,,Parkdale-High Park (4),14 Division,South Parkdale,TRUE,FALSE,FALSE,FALSE,FALSE,TRUE,TRUE,FALSE,FALSE,FALSE,"{""coordinates"": [[-79.43550499701959, 43.63956626341555]], ""type"": ""MultiPoint""}"
15320,2019:9000040914,2019-01-07T20:12:00,CLOSE AVE,QUEEN ST W,119 m south,2,Fatal Injury,Non-Intersection,No Control,Pedestrian Collision(internal code),Rain,Dark with Artificial Lighting,Wet,Local,FALSE,-79.435505,43.63956626341555,0,,South,2,60,Fatal,,,,Other,Normal,,Driver hits pedestrian at midblock,,,,pedestrian,1,Parkdale-High Park (4),14 Division,South Parkdale,TRUE,FALSE,FALSE,FALSE,FALSE,TRUE,TRUE,FALSE,FALSE,FALSE,"{""coordinates"": [[-79.43550499701959, 43.63956626341555]], ""type"": ""MultiPoint""}"
15321,2019:9000047172,2019-01-08T18:38:00,O CONNOR DR,ST CLAIR AVE E,190 metre north of,2,Fatal Injury,Non-Intersection,No Control,Pedestrian Collision(internal code),Rain,Dark with Artificial Lighting,Wet,Major Arterial,FALSE,-79.31177166,43.706739073239014,1,,West,2,69,Fatal,,,,Crossing - no traffic control,Inattentive,,Driver hits pedestrian at midblock,,,,pedestrian,4,Beaches-East York (19),55 Division,O'Connor-Parkview,FALSE,TRUE,FALSE,FALSE,FALSE,TRUE,TRUE,FALSE,FALSE,TRUE,"{""coordinates"": [[-79.31177166190231, 43.706739073239014]], ""type"": ""MultiPoint""}"
15322,2019:9000047172,2019-01-08T18:38:00,O CONNOR DR,ST CLAIR AVE E,190 metre north of,2,Fatal Injury,Non-Intersection,No Control,Pedestrian Collision(internal code),Rain,Dark with Artificial Lighting,Wet,Major Arterial,FALSE,-79.31177166,43.706739073239014,1,Delivery Van,South,1,58,None,,Driving properly,Normal,,,Going Ahead,,,,,driver,,Beaches-East York (19),55 Division,O'Connor-Parkview,FALSE,TRUE,FALSE,FALSE,FALSE,TRUE,TRUE,FALSE,FALSE,TRUE,"{""coordinates"": [[-79.31177166190231, 43.706739073239014]], ""type"": ""MultiPoint""}"
15323,2019:9000093036,2019-01-08T21:10:00,HALFWAY AVE,MORNINGSIDE AVE,,2,Non-Fatal Injury,At Intersection,No Control,Pedestrian Collision(internal code),Rain,Dark with Artificial Lighting,Wet,Minor Arterial,FALSE,-79.2136881,43.81784639961281,1,Automobile or Station Wagon,East,1,72,None,Use Unknown,Driving properly,Normal,,,Turning Right,,,,,driver,,Scarborough-Rouge Park (25),42 Division,Malvern East,FALSE,FALSE,FALSE,FALSE,FALSE,TRUE,TRUE,FALSE,FALSE,FALSE,"{""coordinates"": [[-79.21368810387402, 43.81784639961281]], ""type"": ""MultiPoint""}"
15324,2019:9000093036,2019-01-08T21:10:00,HALFWAY AVE,MORNINGSIDE AVE,,2,Non-Fatal Injury,At Intersection,No Control,Pedestrian Collision(internal code),Rain,Dark with Artificial Lighting,Wet,Minor Arterial,FALSE,-79.2136881,43.81784639961281,1,,West,2,48,Major,Use Unknown,,,Crossing without right-of-way (intersection),Normal,,Driver turns right into pedestrian crossing without right-of-way (at intersection),,,,pedestrian,,Scarborough-Rouge Park (25),42 Division,Malvern East,FALSE,FALSE,FALSE,FALSE,FALSE,TRUE,TRUE,FALSE,FALSE,FALSE,"{""coordinates"": [[-79.21368810387402, 43.81784639961281]], ""type"": ""MultiPoint""}"
15325,2019:9000054230,2019-01-09T18:53:00,3825 SHEPPARD AVE E,,99 m East of,2,Non-Fatal Injury,Non-Intersection,No Control,Pedestrian Collision(internal code),Clear,Dark with Artificial Lighting,Dry,Major Arterial,TRUE,-79.29224812,43.782297314714114,1,Automobile or Station Wagon,East,1,,None,Use Unknown,Other,Unknown,,,Going Ahead,,,,,driver,,Scarborough-Agincourt (22),42 Division,Tam O'Shanter-Sullivan,FALSE,FALSE,FALSE,FALSE,FALSE,TRUE,TRUE,FALSE,FALSE,FALSE,"{""coordinates"": [[-79.29224812337027, 43.782297314714114]], ""type"": ""MultiPoint""}"
15326,2019:9000054230,2019-01-09T18:53:00,3825 SHEPPARD AVE E,,99 m East of,2,Non-Fatal Injury,Non-Intersection,No Control,Pedestrian Collision(internal code),Clear,Dark with Artificial Lighting,Dry,Major Arterial,TRUE,-79.29224812,43.782297314714114,1,,South,2,85,Major,Use Unknown,,,Crossing - no traffic control,Normal,,Driver hits pedestrian at midblock,,,,pedestrian,,Scarborough-Agincourt (22),42 Division,Tam O'Shanter-Sullivan,FALSE,FALSE,FALSE,FALSE,FALSE,TRUE,TRUE,FALSE,FALSE,FALSE,"{""coordinates"": [[-79.29224812337027, 43.782297314714114]], ""type"": ""MultiPoint""}"
15327,2019:9000067447,2019-01-11T18:36:00,ELLESMERE RD,MILITARY TRL,,2,Non-Fatal Injury,At Intersection,Traffic Signal,Pedestrian Collision(internal code),Clear,Dark with Artificial Lighting,Dry,Major Arterial,FALSE,-79.18828221,43.786504815570616,1,Automobile or Station Wagon,East,1,50,None,Lap and Shoulder Belt,Driving properly,Normal,,,Going Ahead,,,,,driver,,Scarborough-Rouge Park (25),43 Division,Highland Creek,FALSE,TRUE,FALSE,FALSE,FALSE,FALSE,TRUE,FALSE,FALSE,FALSE,"{""coordinates"": [[-79.18828220904659, 43.786504815570616]], ""type"": ""MultiPoint""}"
15328,2019:9000067447,2019-01-11T18:36:00,ELLESMERE RD,MILITARY TRL,,2,Non-Fatal Injury,At Intersection,Traffic Signal,Pedestrian Collision(internal code),Clear,Dark with Artificial Lighting,Dry,Major Arterial,FALSE,-79.18828221,43.786504815570616,1,,North,2,20,Major,Use Unknown,,,Crossing without right-of-way (intersection),Inattentive,,Driver going straight hits pedestrian crossing without right-of-way (at intersection),,,,pedestrian,,Scarborough-Rouge Park (25),43 Division,Highland Creek,FALSE,TRUE,FALSE,FALSE,FALSE,FALSE,TRUE,FALSE,FALSE,FALSE,"{""coordinates"": [[-79.18828220904659, 43.786504815570616]], ""type"": ""MultiPoint""}"
15329,2019:9000074527,2019-01-12T22:13:00,MCCOWAN RD,BRIMORTON DR,100 m south,2,Fatal Injury,Non-Intersection,No Control,Sideswipe,Clear,Dark with Artificial Lighting,Dry,Major Arterial,FALSE,-79.24856149,43.76441299446842,2,Automobile or Station Wagon,South,2,32,None,,Lost control,Inattentive,,,Going Ahead,,,,,driver,,Scarborough Centre (21),43 Division,Bendale-Glen Andrew,FALSE,TRUE,FALSE,FALSE,FALSE,FALSE,FALSE,FALSE,FALSE,FALSE,"{""coordinates"": [[-79.24856148642947, 43.76441299446842]], ""type"": ""MultiPoint""}"
15330,2019:9000074527,2019-01-12T22:13:00,MCCOWAN RD,BRIMORTON DR,100 m south,2,Fatal Injury,Non-Intersection,No Control,Sideswipe,Clear,Dark with Artificial Lighting,Dry,Major Arterial,FALSE,-79.24856149,43.76441299446842,1,Automobile or Station Wagon,South,1,44,Fatal,,Lost control,Inattentive,,,Changing Lanes,,,,,driver,2,Scarborough Centre (21),43 Division,Bendale-Glen Andrew,FALSE,TRUE,FALSE,FALSE,FALSE,FALSE,FALSE,FALSE,FALSE,FALSE,"{""coordinates"": [[-79.24856148642947, 43.76441299446842]], ""type"": ""MultiPoint""}"
15331,2019:9000085978,2019-01-14T19:00:00,MURISON BLVD,MILNER AVE,2 m East of,4,Non-Fatal Injury,At Intersection,Traffic Signal,Pedestrian Collision(internal code),Clear,Dark with Artificial Lighting,Dry,Minor Arterial,FALSE,-79.2022669,43.79892930100735,1,,,4,21,None,Lap and Shoulder Belt,,,,,,,,,,passenger,,Scarborough-Rouge Park (25),42 Division,Malvern East,TRUE,TRUE,FALSE,FALSE,FALSE,FALSE,TRUE,FALSE,FALSE,FALSE,"{""coordinates"": [[-79.20226689913402, 43.79892930100735]], ""type"": ""MultiPoint""}"
15332,2019:9000085978,2019-01-14T19:00:00,MURISON BLVD,MILNER AVE,2 m East of,4,Non-Fatal Injury,At Intersection,Traffic Signal,Pedestrian Collision(internal code),Clear,Dark with Artificial Lighting,Dry,Minor Arterial,FALSE,-79.2022669,43.79892930100735,1,,North,3,3,None,No Equipment Available,,,Crossing with right-of-way (intersection),Normal,,Driver turns left into pedestrian crossing with right-of-way (at intersection),,,,pedestrian,,Scarborough-Rouge Park (25),42 Division,Malvern East,TRUE,TRUE,FALSE,FALSE,FALSE,FALSE,TRUE,FALSE,FALSE,FALSE,"{""coordinates"": [[-79.20226689913402, 43.79892930100735]], ""type"": ""MultiPoint""}"
15333,2019:9000085978,2019-01-14T19:00:00,MURISON BLVD,MILNER AVE,2 m East of,4,Non-Fatal Injury,At Intersection,Traffic Signal,Pedestrian Collision(internal code),Clear,Dark with Artificial Lighting,Dry,Minor Arterial,FALSE,-79.2022669,43.79892930100735,1,Automobile or Station Wagon,South,1,20,None,Lap and Shoulder Belt,Failed to yield right-of-way,Inattentive,,,Turning Left,,,,,driver,,Scarborough-Rouge Park (25),42 Division,Malvern East,TRUE,TRUE,FALSE,FALSE,FALSE,FALSE,TRUE,FALSE,FALSE,FALSE,"{""coordinates"": [[-79.20226689913402, 43.79892930100735]], ""type"": ""MultiPoint""}"
15334,2019:9000085978,2019-01-14T19:00:00,MURISON BLVD,MILNER AVE,2 m East of,4,Non-Fatal Injury,At Intersection,Traffic Signal,Pedestrian Collision(internal code),Clear,Dark with Artificial Lighting,Dry,Minor Arterial,FALSE,-79.2022669,43.79892930100735,1,,North,2,29,Major,No Equipment Available,,,Crossing with right-of-way (intersection),Normal,,Driver turns left into pedestrian crossing with right-of-way (at intersection),,,,pedestrian,,Scarborough-Rouge Park (25),42 Division,Malvern East,TRUE,TRUE,FALSE,FALSE,FALSE,FALSE,TRUE,FALSE,FALSE,FALSE,"{""coordinates"": [[-79.20226689913402, 43.79892930100735]], ""type"": ""MultiPoint""}"
15335,2019:9000088115,2019-01-15T05:55:00,155 UNIVERSITY AVE,,,2,Fatal Injury,Laneway,No Control,Pedestrian Collision(internal code),Clear,Dark with Artificial Lighting,Dry,Major Arterial,FALSE,-79.38531088,43.648466185770474,1,Truck - Closed,West,1,28,None,,Other,Normal,,,Reversing,,,,,driver,,Spadina-Fort York (10),52 Division,Yonge-Bay Corridor,FALSE,FALSE,FALSE,FALSE,FALSE,FALSE,TRUE,FALSE,FALSE,TRUE,"{""coordinates"": [[-79.38531088379301, 43.648466185770474]], ""type"": ""MultiPoint""}"
15336,2019:9000088115,2019-01-15T05:55:00,155 UNIVERSITY AVE,,,2,Fatal Injury,Laneway,No Control,Pedestrian Collision(internal code),Clear,Dark with Artificial Lighting,Dry,Major Arterial,FALSE,-79.38531088,43.648466185770474,0,,Unknown,2,58,Fatal,,,,Other,Normal,,Driver reversing hits pedestrian,,,,pedestrian,3,Spadina-Fort York (10),52 Division,Yonge-Bay Corridor,FALSE,FALSE,FALSE,FALSE,FALSE,FALSE,TRUE,FALSE,FALSE,TRUE,"{""coordinates"": [[-79.38531088379301, 43.648466185770474]], ""type"": ""MultiPoint""}"
15337,2019:9000097480,2019-01-16T13:03:00,ALLEN X S LAWRENCE E RAMP,LAWRENCE AVE W,,2,Fatal Injury,At Intersection,Traffic Signal,Pedestrian Collision(internal code),Clear,Daylight,Dry,Major Arterial,TRUE,-79.44494289,43.71586824975851,1,Truck - Dump,South,1,,None,,Improper turn,Unknown,,,Turning Right,,,,,driver,,Eglinton-Lawrence (8),13 Division,Yorkdale-Glen Park,FALSE,FALSE,FALSE,FALSE,FALSE,FALSE,TRUE,FALSE,FALSE,TRUE,"{""coordinates"": [[-79.44494288657982, 43.71586824975851]], ""type"": ""MultiPoint""}"
15338,2019:9000097480,2019-01-16T13:03:00,ALLEN X S LAWRENCE E RAMP,LAWRENCE AVE W,,2,Fatal Injury,At Intersection,Traffic Signal,Pedestrian Collision(internal code),Clear,Daylight,Dry,Major Arterial,TRUE,-79.44494289,43.71586824975851,1,,Unknown,2,40,Fatal,,,,Crossing with right-of-way (intersection),Normal,,Driver turns right into pedestrian crossing with right-of-way (at intersection),,,,pedestrian,5,Eglinton-Lawrence (8),13 Division,Yorkdale-Glen Park,FALSE,FALSE,FALSE,FALSE,FALSE,FALSE,TRUE,FALSE,FALSE,TRUE,"{""coordinates"": [[-79.44494288657982, 43.71586824975851]], ""type"": ""MultiPoint""}"
15339,2019:9000097665,2019-01-16T13:32:00,2350 DUFFERIN ST,,,2,Fatal Injury,Non-Intersection,No Control,Pedestrian Collision(internal code),Clear,Daylight,Dry,Major Arterial,FALSE,-79.45008493,43.69524926437363,0,,East,2,75,Fatal,,,,Crossing - no traffic control,Had Been Drinking,,Driver hits pedestrian at midblock,,,,pedestrian,8,Toronto-St. Paul's (12),13 Division,Oakwood Village,FALSE,FALSE,FALSE,FALSE,FALSE,TRUE,TRUE,FALSE,FALSE,TRUE,"{""coordinates"": [[-79.45008493091521, 43.69524926437363]], ""type"": ""MultiPoint""}"
15340,2019:9000097665,2019-01-16T13:32:00,2350 DUFFERIN ST,,,2,Fatal Injury,Non-Intersection,No Control,Pedestrian Collision(internal code),Clear,Daylight,Dry,Major Arterial,FALSE,-79.45008493,43.69524926437363,1,Truck - Other,South,1,27,None,,Driving properly,Normal,,,Going Ahead,,,,,driver,,Toronto-St. Paul's (12),13 Division,Oakwood Village,FALSE,FALSE,FALSE,FALSE,FALSE,TRUE,TRUE,FALSE,FALSE,TRUE,"{""coordinates"": [[-79.45008493091521, 43.69524926437363]], ""type"": ""MultiPoint""}"
15341,2019:9000106457,2019-01-17T19:00:00,DANFORTH RD,PATTERSON AVE,,2,Non-Fatal Injury,At Intersection,No Control,Pedestrian Collision(internal code),Clear,Dark with Artificial Lighting,Dry,Minor Arterial,TRUE,-79.27637142,43.69468895,1,,South,2,67,Major,Use Unknown,,,Crossing with right-of-way (intersection),Normal,,Driver turns left into pedestrian crossing with right-of-way (at intersection),,,,pedestrian,,Scarborough Southwest (20),41 Division,Oakridge,TRUE,FALSE,FALSE,FALSE,FALSE,TRUE,TRUE,FALSE,FALSE,FALSE,"{""coordinates"": [[-79.27637142349705, 43.69468895311]], ""type"": ""MultiPoint""}"
15342,2019:9000106457,2019-01-17T19:00:00,DANFORTH RD,PATTERSON AVE,,2,Non-Fatal Injury,At Intersection,No Control,Pedestrian Collision(internal code),Clear,Dark with Artificial Lighting,Dry,Minor Arterial,TRUE,-79.27637142,43.69468895,1,Automobile or Station Wagon,North,1,,None,Use Unknown,Failed to yield right-of-way,Unknown,,,Turning Left,,,,,driver,,Scarborough Southwest (20),41 Division,Oakridge,TRUE,FALSE,FALSE,FALSE,FALSE,TRUE,TRUE,FALSE,FALSE,FALSE,"{""coordinates"": [[-79.27637142349705, 43.69468895311]], ""type"": ""MultiPoint""}"
15343,2019:9000107139,2019-01-17T21:22:00,LENNOX ST,BATHURST ST,,2,Fatal Injury,At Intersection,Traffic Signal,Pedestrian Collision(internal code),Clear,Dark with Artificial Lighting,Dry,Major Arterial,FALSE,-79.41067891,43.663755219099315,1,Truck - Closed,East,1,57,None,,Failed to yield right-of-way,Unknown,,,Turning Right,,,,,driver,,University-Rosedale (11),14 Division,University,TRUE,FALSE,FALSE,FALSE,FALSE,TRUE,TRUE,FALSE,FALSE,TRUE,"{""coordinates"": [[-79.41067890904694, 43.663755219099315]], ""type"": ""MultiPoint""}"
15344,2019:9000107139,2019-01-17T21:22:00,LENNOX ST,BATHURST ST,,2,Fatal Injury,At Intersection,Traffic Signal,Pedestrian Collision(internal code),Clear,Dark with Artificial Lighting,Dry,Major Arterial,FALSE,-79.41067891,43.663755219099315,0,,North,2,67,Fatal,,,,Other,Had Been Drinking,,Driver turns right into pedestrian crossing with right-of-way (at intersection),,,,pedestrian,6,University-Rosedale (11),14 Division,University,TRUE,FALSE,FALSE,FALSE,FALSE,TRUE,TRUE,FALSE,FALSE,TRUE,"{""coordinates"": [[-79.41067890904694, 43.663755219099315]], ""type"": ""MultiPoint""}"
15345,2019:9000115545,2019-01-19T05:30:00,MILLWOOD RD,LAIRD DR,,2,Fatal Injury,Non-Intersection,No Control,SMV Other,Clear,Dark with Artificial Lighting,Dry,Major Arterial,FALSE,-79.35936375,43.70220313826957,1,Automobile or Station Wagon,South,2,20,Fatal,,Speed too fast for conditions,Unknown,,,Going Ahead,,,,,driver,7,Don Valley West (15),53 Division,Leaside-Bennington,TRUE,FALSE,FALSE,FALSE,FALSE,FALSE,FALSE,FALSE,FALSE,FALSE,"{""coordinates"": [[-79.35936375435237, 43.70220313826957]], ""type"": ""MultiPoint""}"
15346,2019:9000119525,2019-01-19T21:15:00,BATHURST ST,NIAGARA ST,,2,Non-Fatal Injury,At Intersection,Traffic Signal,Pedestrian Collision(internal code),Snow,Dark with Artificial Lighting,Packed Snow,Major Arterial,FALSE,-79.40185239,43.64184032420835,1,,Unknown,2,41,Major,No Equipment Available,,,Crossing without right-of-way (intersection),Inattentive,,Driver going straight hits pedestrian crossing without right-of-way (at intersection),,,,pedestrian,,Spadina-Fort York (10),14 Division,Wellington Place,FALSE,TRUE,FALSE,FALSE,FALSE,FALSE,TRUE,FALSE,FALSE,FALSE,"{""coordinates"": [[-79.40185238906386, 43.64184032420835]], ""type"": ""MultiPoint""}"
15347,2019:9000119525,2019-01-19T21:15:00,BATHURST ST,NIAGARA ST,,2,Non-Fatal Injury,At Intersection,Traffic Signal,Pedestrian Collision(internal code),Snow,Dark with Artificial Lighting,Packed Snow,Major Arterial,FALSE,-79.40185239,43.64184032420835,1,Automobile or Station Wagon,South,1,26,None,Lap and Shoulder Belt,Driving properly,Normal,,,Going Ahead,,,,,driver,,Spadina-Fort York (10),14 Division,Wellington Place,FALSE,TRUE,FALSE,FALSE,FALSE,FALSE,TRUE,FALSE,FALSE,FALSE,"{""coordinates"": [[-79.40185238906386, 43.64184032420835]], ""type"": ""MultiPoint""}"
15348,2019:9000121241,2019-01-20T05:15:00,FINCH AVE W,ISLINGTON AVE,300 m East of,3,Non-Fatal Injury,Non-Intersection,No Control,Approaching Head On,Snow,Dark with Artificial Lighting,Loose Snow,Major Arterial,FALSE,-79.57200324,43.74535231,2,Automobile or Station Wagon,East,2,56,Minor,Lap and Shoulder Belt,Driving properly,Normal,,,Going Ahead,,,,,driver,,Etobicoke North (1),23 Division,Thistletown-Beaumond Heights,FALSE,FALSE,FALSE,FALSE,FALSE,FALSE,FALSE,FALSE,FALSE,FALSE,"{""coordinates"": [[-79.57200323975029, 43.7453523108002]], ""type"": ""MultiPoint""}"
15349,2019:9000121241,2019-01-20T05:15:00,FINCH AVE W,ISLINGTON AVE,300 m East of,3,Non-Fatal Injury,Non-Intersection,No Control,Approaching Head On,Snow,Dark with Artificial Lighting,Loose Snow,Major Arterial,FALSE,-79.57200324,43.74535231,1,Pickup Truck,West,1,39,None,Lap and Shoulder Belt,Lost control,Normal,,,Going Ahead,,,,,driver,,Etobicoke North (1),23 Division,Thistletown-Beaumond Heights,FALSE,FALSE,FALSE,FALSE,FALSE,FALSE,FALSE,FALSE,FALSE,FALSE,"{""coordinates"": [[-79.57200323975029, 43.7453523108002]], ""type"": ""MultiPoint""}"
15350,2019:9000121241,2019-01-20T05:15:00,FINCH AVE W,ISLINGTON AVE,300 m East of,3,Non-Fatal Injury,Non-Intersection,No Control,Approaching Head On,Snow,Dark with Artificial Lighting,Loose Snow,Major Arterial,FALSE,-79.57200324,43.74535231,2,,,3,43,Major,Lap and Shoulder Belt,,,,,,,,,,passenger,,Etobicoke North (1),23 Division,Thistletown-Beaumond Heights,FALSE,FALSE,FALSE,FALSE,FALSE,FALSE,FALSE,FALSE,FALSE,FALSE,"{""coordinates"": [[-79.57200323975029, 43.7453523108002]], ""type"": ""MultiPoint""}"
15351,2019:9000128132,2019-01-21T11:25:00,BAY ST,WELLINGTON ST W,5 m North of,2,Non-Fatal Injury,At Intersection,Traffic Signal,Pedestrian Collision(internal code),Clear,Daylight,Dry,Major Arterial,FALSE,-79.37968895,43.64726097457377,1,Automobile or Station Wagon,North,1,54,None,Lap and Shoulder Belt,Disobeyed traffic control,Normal,,,Going Ahead,,,,,driver,,Toronto Centre (13),52 Division,Yonge-Bay Corridor,TRUE,FALSE,FALSE,FALSE,FALSE,TRUE,TRUE,TRUE,FALSE,FALSE,"{""coordinates"": [[-79.37968894590168, 43.64726097457377]], ""type"": ""MultiPoint""}"
15352,2019:9000128132,2019-01-21T11:25:00,BAY ST,WELLINGTON ST W,5 m North of,2,Non-Fatal Injury,At Intersection,Traffic Signal,Pedestrian Collision(internal code),Clear,Daylight,Dry,Major Arterial,FALSE,-79.37968895,43.64726097457377,1,,West,2,66,Major,No Equipment Available,,,Crossing with right-of-way (intersection),Normal,,Driver going straight hits pedestrian crossing with right-of-way (at intersection),,,,pedestrian,,Toronto Centre (13),52 Division,Yonge-Bay Corridor,TRUE,FALSE,FALSE,FALSE,FALSE,TRUE,TRUE,TRUE,FALSE,FALSE,"{""coordinates"": [[-79.37968894590168, 43.64726097457377]], ""type"": ""MultiPoint""}"
15353,2019:9000146770,2019-01-24T06:39:00,284 OAKWOOD AVE,,2 m South of,2,Non-Fatal Injury,Non-Intersection,No Control,Pedestrian Collision(internal code),Freezing Rain or Hail,Dark with Artificial Lighting,Ice,Minor Arterial,FALSE,-79.43753507,43.68420639083358,1,,Unknown,2,53,Major,Use Unknown,,,Person getting on/off vehicle,Normal,,Driver hits pedestrian walking or running out from between parked vehicles (at midblock),,,,pedestrian,,Davenport (9),13 Division,Oakwood Village,FALSE,FALSE,FALSE,FALSE,FALSE,FALSE,TRUE,FALSE,FALSE,FALSE,"{""coordinates"": [[-79.43753506697045, 43.68420639083358]], ""type"": ""MultiPoint""}"
15354,2019:9000146770,2019-01-24T06:39:00,284 OAKWOOD AVE,,2 m South of,2,Non-Fatal Injury,Non-Intersection,No Control,Pedestrian Collision(internal code),Freezing Rain or Hail,Dark with Artificial Lighting,Ice,Minor Arterial,FALSE,-79.43753507,43.68420639083358,1,Pickup Truck,South,1,27,None,Lap and Shoulder Belt,Lost control,Normal,,,Going Ahead,,,,,driver,,Davenport (9),13 Division,Oakwood Village,FALSE,FALSE,FALSE,FALSE,FALSE,FALSE,TRUE,FALSE,FALSE,FALSE,"{""coordinates"": [[-79.43753506697045, 43.68420639083358]], ""type"": ""MultiPoint""}"