_id,collision_id,accdate,stname1,stname2,stname3,per_inv,acclass,accloc,traffictl,impactype,visible,light,rdsfcond,road_class,failtorem,longitude,latitude,veh_no,vehtype,initdir,per_no,invage,injury,safequip,drivact,drivcond,pedact,pedcond,manoeuvre,pedtype,cyclistype,cycact,cyccond,road_user,fatal_no,wardname,division,neighbourhood,aggressive,distracted,cyclist,motorcyclist,other_micromobility,older_adult,pedestrian,red_light,school_child,heavy_truck,geometry
15491,2019:9000568934,2019-03-29T20:22:00,BAYVIEW AVE,ROSEDALE VALLEY RD,,2,Non-Fatal Injury,At Intersection,Traffic Signal,Turning Movement,Clear,Daylight,Dry,Major Arterial,FALSE,-79.36011185,43.67012623698208,2,Motorcycle,South,2,26,Major,Helmet,Driving properly,Normal,,,Going Ahead,,,,,motorcyclist,,Toronto Centre (13),51 Division,Cabbagetown-South St.James Town,TRUE,TRUE,FALSE,TRUE,FALSE,FALSE,FALSE,FALSE,FALSE,FALSE,"{""coordinates"": [[-79.360111847582, 43.67012623698208]], ""type"": ""MultiPoint""}"
15492,2019:9000570843,2019-03-30T03:52:00,2747 ST CLAIR AVE E,,50 m West of,1,Non-Fatal Injury,Non-Intersection,No Control,SMV Other,Clear,Dark with Artificial Lighting,Dry,Major Arterial,FALSE,-79.30868195,43.70623227099083,1,Automobile or Station Wagon,West,1,33,Major,Lap and Shoulder Belt,Lost control,Unknown,,,Going Ahead,,,,,driver,,Beaches-East York (19),55 Division,O'Connor-Parkview,FALSE,FALSE,FALSE,FALSE,FALSE,FALSE,FALSE,FALSE,FALSE,FALSE,"{""coordinates"": [[-79.30868195340295, 43.70623227099083]], ""type"": ""MultiPoint""}"
15493,2019:9000583629,2019-04-01T08:48:00,QUEEN ST E,CARROLL ST,13 m East of,3,Non-Fatal Injury,At Intersection,Pedestrian Crossover,Pedestrian Collision(internal code),Clear,Daylight,Dry,Major Arterial,FALSE,-79.35220017,43.65825870420109,2,,South,3,31,Major,No Equipment Available,,,Crossing with right-of-way (intersection),Normal,,Driver hits pedestrian at PXO/pedestrian midblock signal,,,,pedestrian,,Toronto-Danforth (14),55 Division,South Riverdale,TRUE,FALSE,FALSE,FALSE,FALSE,FALSE,TRUE,FALSE,FALSE,TRUE,"{""coordinates"": [[-79.3522001675609, 43.65825870420109]], ""type"": ""MultiPoint""}"
15494,2019:9000583629,2019-04-01T08:48:00,QUEEN ST E,CARROLL ST,13 m East of,3,Non-Fatal Injury,At Intersection,Pedestrian Crossover,Pedestrian Collision(internal code),Clear,Daylight,Dry,Major Arterial,FALSE,-79.35220017,43.65825870420109,2,Automobile or Station Wagon,East,2,41,Minimal,Lap and Shoulder Belt,Driving properly,Normal,,,Stopped,,,,,driver,,Toronto-Danforth (14),55 Division,South Riverdale,TRUE,FALSE,FALSE,FALSE,FALSE,FALSE,TRUE,FALSE,FALSE,TRUE,"{""coordinates"": [[-79.3522001675609, 43.65825870420109]], ""type"": ""MultiPoint""}"
15495,2019:9000583629,2019-04-01T08:48:00,QUEEN ST E,CARROLL ST,13 m East of,3,Non-Fatal Injury,At Intersection,Pedestrian Crossover,Pedestrian Collision(internal code),Clear,Daylight,Dry,Major Arterial,FALSE,-79.35220017,43.65825870420109,1,Streetcar,East,1,34,None,Lap Belt Only,Following too closely,Normal,,,Going Ahead,,,,,driver,,Toronto-Danforth (14),55 Division,South Riverdale,TRUE,FALSE,FALSE,FALSE,FALSE,FALSE,TRUE,FALSE,FALSE,TRUE,"{""coordinates"": [[-79.3522001675609, 43.65825870420109]], ""type"": ""MultiPoint""}"
15496,2019:9000588881,2019-04-01T23:43:00,MCCOWAN RD,ELLESMERE RD,,2,Non-Fatal Injury,At Intersection,Traffic Signal,Pedestrian Collision(internal code),Clear,Dark with Artificial Lighting,Dry,Major Arterial,TRUE,-79.25146132,43.77207006091481,1,Automobile or Station Wagon,North,1,24,None,Lap and Shoulder Belt,Exceeding speed limit,Unknown,,,Going Ahead,,,,,driver,,Scarborough-Guildwood (24),43 Division,Woburn North,TRUE,FALSE,FALSE,FALSE,FALSE,FALSE,TRUE,FALSE,FALSE,FALSE,"{""coordinates"": [[-79.25146132207348, 43.77207006091481]], ""type"": ""MultiPoint""}"
15497,2019:9000588881,2019-04-01T23:43:00,MCCOWAN RD,ELLESMERE RD,,2,Non-Fatal Injury,At Intersection,Traffic Signal,Pedestrian Collision(internal code),Clear,Dark with Artificial Lighting,Dry,Major Arterial,TRUE,-79.25146132,43.77207006091481,1,,East,2,23,Major,No Equipment Available,,,Crossing with right-of-way (intersection),Normal,,Driver going straight hits pedestrian crossing with right-of-way (at intersection),,,,pedestrian,,Scarborough-Guildwood (24),43 Division,Woburn North,TRUE,FALSE,FALSE,FALSE,FALSE,FALSE,TRUE,FALSE,FALSE,FALSE,"{""coordinates"": [[-79.25146132207348, 43.77207006091481]], ""type"": ""MultiPoint""}"
15498,2019:9000589078,2019-04-02T00:55:00,STEELES AVE E,ASPENWOOD DR,65 m East of,2,Non-Fatal Injury,Non-Intersection,No Control,Pedestrian Collision(internal code),Clear,Dark,Dry,Major Arterial,FALSE,-79.36666533,43.809755593683896,1,Automobile or Station Wagon,East,1,23,None,Lap and Shoulder Belt,Driving properly,Normal,,,Going Ahead,,,,,driver,,Don Valley North (17),33 Division,Hillcrest Village,FALSE,FALSE,FALSE,FALSE,FALSE,TRUE,TRUE,FALSE,FALSE,FALSE,"{""coordinates"": [[-79.36666533058768, 43.809755593683896]], ""type"": ""MultiPoint""}"
15499,2019:9000589078,2019-04-02T00:55:00,STEELES AVE E,ASPENWOOD DR,65 m East of,2,Non-Fatal Injury,Non-Intersection,No Control,Pedestrian Collision(internal code),Clear,Dark,Dry,Major Arterial,FALSE,-79.36666533,43.809755593683896,1,,North,2,67,Major,Use Unknown,,,Crossing - no traffic control,Normal,,Driver hits pedestrian at midblock,,,,pedestrian,,Don Valley North (17),33 Division,Hillcrest Village,FALSE,FALSE,FALSE,FALSE,FALSE,TRUE,TRUE,FALSE,FALSE,FALSE,"{""coordinates"": [[-79.36666533058768, 43.809755593683896]], ""type"": ""MultiPoint""}"
15500,2019:9000618194,2019-04-06T09:07:00,SCOTTFIELD DR,FINCH AVE E,,2,Fatal Injury,At Intersection,Traffic Signal,Pedestrian Collision(internal code),Clear,Daylight,Dry,Major Arterial,FALSE,-79.25287946,43.810781006643346,0,,North,1,88,Fatal,,,,Crossing with right-of-way (intersection),Normal,,Driver turns left into pedestrian crossing with right-of-way (at intersection),,,,pedestrian,16,Scarborough North (23),42 Division,Agincourt North,TRUE,FALSE,FALSE,FALSE,FALSE,TRUE,TRUE,FALSE,FALSE,FALSE,"{""coordinates"": [[-79.25287945570184, 43.810781006643346]], ""type"": ""MultiPoint""}"
15501,2019:9000618194,2019-04-06T09:07:00,SCOTTFIELD DR,FINCH AVE E,,2,Fatal Injury,At Intersection,Traffic Signal,Pedestrian Collision(internal code),Clear,Daylight,Dry,Major Arterial,FALSE,-79.25287946,43.810781006643346,1,Pickup Truck,South,2,51,None,,Failed to yield right-of-way,Normal,,,Turning Left,,,,,driver,,Scarborough North (23),42 Division,Agincourt North,TRUE,FALSE,FALSE,FALSE,FALSE,TRUE,TRUE,FALSE,FALSE,FALSE,"{""coordinates"": [[-79.25287945570184, 43.810781006643346]], ""type"": ""MultiPoint""}"
15502,2019:9000618680,2019-04-06T10:41:00,VICTORIA PARK AVE,FINCH AVE E,20 metres north,3,Fatal Injury,Intersection-Related,Traffic Signal,Approaching Head On,Clear,Daylight,Dry,Major Arterial,FALSE,-79.3313716,43.793035096374155,0,Automobile or Station Wagon,South,3,66,Minimal,,Driving properly,Unknown,,,Slowing or Stopping,,,,,driver,,Scarborough-Agincourt (22),42 Division,L'Amoreaux West,FALSE,FALSE,FALSE,FALSE,FALSE,TRUE,FALSE,FALSE,FALSE,FALSE,"{""coordinates"": [[-79.33137159615221, 43.793035096374155]], ""type"": ""MultiPoint""}"
15503,2019:9000618680,2019-04-06T10:41:00,VICTORIA PARK AVE,FINCH AVE E,20 metres north,3,Fatal Injury,Intersection-Related,Traffic Signal,Approaching Head On,Clear,Daylight,Dry,Major Arterial,FALSE,-79.3313716,43.793035096374155,0,Automobile or Station Wagon,North,2,59,Minor,,Lost control,Unknown,,,Going Ahead,,,,,driver,,Scarborough-Agincourt (22),42 Division,L'Amoreaux West,FALSE,FALSE,FALSE,FALSE,FALSE,TRUE,FALSE,FALSE,FALSE,FALSE,"{""coordinates"": [[-79.33137159615221, 43.793035096374155]], ""type"": ""MultiPoint""}"
15504,2019:9000625223,2019-04-07T11:13:00,THE WEST MALL,CIVIC CENTRE CRT,8 m North of,1,Non-Fatal Injury,At Intersection,Traffic Signal,SMV Other,Clear,Daylight,Dry,Minor Arterial,FALSE,-79.56596095,43.64217624600237,1,Automobile or Station Wagon,South,1,29,Major,Equipment Not Used But Available,Lost control,Unknown,,,Going Ahead,,,,,driver,,Etobicoke Centre (2),22 Division,Etobicoke West Mall,FALSE,FALSE,FALSE,FALSE,FALSE,FALSE,FALSE,FALSE,FALSE,FALSE,"{""coordinates"": [[-79.56596094508595, 43.64217624600237]], ""type"": ""MultiPoint""}"
15505,2019:9000625948,2019-04-07T13:30:00,PORT UNION RD,CONFERENCE BLVD,4 m  of,2,Non-Fatal Injury,At Intersection,Traffic Signal,Pedestrian Collision(internal code),Clear,Daylight,Dry,Minor Arterial,FALSE,-79.13937772,43.78606226269129,1,Pickup Truck,East,1,65,None,Lap and Shoulder Belt,Failed to yield right-of-way,Normal,,,Turning Left,,,,,driver,,Scarborough-Rouge Park (25),43 Division,Centennial Scarborough,TRUE,FALSE,FALSE,FALSE,FALSE,TRUE,TRUE,FALSE,FALSE,FALSE,"{""coordinates"": [[-79.13937772460311, 43.78606226269129]], ""type"": ""MultiPoint""}"
15506,2019:9000625948,2019-04-07T13:30:00,PORT UNION RD,CONFERENCE BLVD,4 m  of,2,Non-Fatal Injury,At Intersection,Traffic Signal,Pedestrian Collision(internal code),Clear,Daylight,Dry,Minor Arterial,FALSE,-79.13937772,43.78606226269129,1,,West,2,46,Major,No Equipment Available,,,Crossing with right-of-way (intersection),Normal,,Driver turns left into pedestrian crossing with right-of-way (at intersection),,,,pedestrian,,Scarborough-Rouge Park (25),43 Division,Centennial Scarborough,TRUE,FALSE,FALSE,FALSE,FALSE,TRUE,TRUE,FALSE,FALSE,FALSE,"{""coordinates"": [[-79.13937772460311, 43.78606226269129]], ""type"": ""MultiPoint""}"
15507,2019:9000637791,2019-04-09T08:53:00,JANE ST,EGLINTON AVE W,68 m North of,2,Non-Fatal Injury,Non-Intersection,No Control,Pedestrian Collision(internal code),Clear,Daylight,Dry,Major Arterial,FALSE,-79.49926461,43.68587731401434,1,Automobile or Station Wagon,North,1,24,None,Lap and Shoulder Belt,Driving properly,Normal,,,Going Ahead,,,,,driver,,York South-Weston (5),12 Division,Mount Dennis,FALSE,FALSE,FALSE,FALSE,FALSE,FALSE,TRUE,FALSE,TRUE,FALSE,"{""coordinates"": [[-79.4992646101531, 43.68587731401434]], ""type"": ""MultiPoint""}"
15508,2019:9000637791,2019-04-09T08:53:00,JANE ST,EGLINTON AVE W,68 m North of,2,Non-Fatal Injury,Non-Intersection,No Control,Pedestrian Collision(internal code),Clear,Daylight,Dry,Major Arterial,FALSE,-79.49926461,43.68587731401434,1,,Unknown,2,13,Major,Lap and Shoulder Belt,,,Crossing - no traffic control,Normal,,Driver hits pedestrian at midblock,,,,pedestrian,,York South-Weston (5),12 Division,Mount Dennis,FALSE,FALSE,FALSE,FALSE,FALSE,FALSE,TRUE,FALSE,TRUE,FALSE,"{""coordinates"": [[-79.4992646101531, 43.68587731401434]], ""type"": ""MultiPoint""}"
15509,2019:9000638923,2019-04-09T11:32:00,ST CLAIR AVE W,YONGE ST,,2,Non-Fatal Injury,At Intersection,Traffic Signal,Pedestrian Collision(internal code),Clear,Daylight,Dry,Major Arterial,TRUE,-79.39410084,43.68800958215836,1,Automobile or Station Wagon,East,1,22,None,Use Unknown,Failed to yield right-of-way,Unknown,,,Going Ahead,,,,,driver,,Toronto-St. Paul's (12),53 Division,Rosedale-Moore Park,TRUE,FALSE,FALSE,FALSE,FALSE,FALSE,TRUE,FALSE,FALSE,FALSE,"{""coordinates"": [[-79.39410083709748, 43.68800958215836]], ""type"": ""MultiPoint""}"
15510,2019:9000638923,2019-04-09T11:32:00,ST CLAIR AVE W,YONGE ST,,2,Non-Fatal Injury,At Intersection,Traffic Signal,Pedestrian Collision(internal code),Clear,Daylight,Dry,Major Arterial,TRUE,-79.39410084,43.68800958215836,1,,South,2,46,Major,Use Unknown,,,Crossing without right-of-way (intersection),Medical or Physical Disability,,Driver going straight hits pedestrian crossing without right-of-way (at intersection),,,,pedestrian,,Toronto-St. Paul's (12),53 Division,Rosedale-Moore Park,TRUE,FALSE,FALSE,FALSE,FALSE,FALSE,TRUE,FALSE,FALSE,FALSE,"{""coordinates"": [[-79.39410083709748, 43.68800958215836]], ""type"": ""MultiPoint""}"
15511,2019:9000663260,2019-04-10T15:15:00,QUEEN ST W,SHAW ST,30 m West of,2,Non-Fatal Injury,At Intersection,Traffic Signal,Cyclist Collision,Clear,Daylight,Dry,Major Arterial,FALSE,-79.41626434,43.64465178,1,Automobile or Station Wagon,East,1,39,None,Lap and Shoulder Belt,Improper passing,Unknown,,,Changing Lanes,,,,,driver,,Spadina-Fort York (10),14 Division,West Queen West,TRUE,FALSE,TRUE,FALSE,FALSE,FALSE,FALSE,FALSE,FALSE,FALSE,"{""coordinates"": [[-79.4162643393282, 43.6446517768068]], ""type"": ""MultiPoint""}"
15512,2019:9000663260,2019-04-10T15:15:00,QUEEN ST W,SHAW ST,30 m West of,2,Non-Fatal Injury,At Intersection,Traffic Signal,Cyclist Collision,Clear,Daylight,Dry,Major Arterial,FALSE,-79.41626434,43.64465178,2,Bicycle,East,2,,Major,Helmet,,,,,Going Ahead,,Sideswipe with cyclist and driver travelling in same direction,Driving Properly,Normal,cyclist,,Spadina-Fort York (10),14 Division,West Queen West,TRUE,FALSE,TRUE,FALSE,FALSE,FALSE,FALSE,FALSE,FALSE,FALSE,"{""coordinates"": [[-79.4162643393282, 43.6446517768068]], ""type"": ""MultiPoint""}"
15513,2019:9000650063,2019-04-10T21:38:00,DANFORTH RD,TRUDELLE ST,50 m North of,4,Non-Fatal Injury,At/Near Private Drive,No Control,Turning Movement,Clear,Dark with Artificial Lighting,Dry,Major Arterial,FALSE,-79.24551041,43.74046909796974,2,,,1,28,Major,Use Unknown,,,,,,,,,,passenger,,Scarborough Centre (21),43 Division,Eglinton East,TRUE,FALSE,FALSE,FALSE,FALSE,FALSE,FALSE,FALSE,TRUE,FALSE,"{""coordinates"": [[-79.24551041436293, 43.74046909796974]], ""type"": ""MultiPoint""}"
15514,2019:9000650063,2019-04-10T21:38:00,DANFORTH RD,TRUDELLE ST,50 m North of,4,Non-Fatal Injury,At/Near Private Drive,No Control,Turning Movement,Clear,Dark with Artificial Lighting,Dry,Major Arterial,FALSE,-79.24551041,43.74046909796974,1,,,4,19,None,Use Unknown,,,,,,,,,,passenger,,Scarborough Centre (21),43 Division,Eglinton East,TRUE,FALSE,FALSE,FALSE,FALSE,FALSE,FALSE,FALSE,TRUE,FALSE,"{""coordinates"": [[-79.24551041436293, 43.74046909796974]], ""type"": ""MultiPoint""}"
15515,2019:9000650063,2019-04-10T21:38:00,DANFORTH RD,TRUDELLE ST,50 m North of,4,Non-Fatal Injury,At/Near Private Drive,No Control,Turning Movement,Clear,Dark with Artificial Lighting,Dry,Major Arterial,FALSE,-79.24551041,43.74046909796974,1,Automobile or Station Wagon,South,2,21,None,Use Unknown,Exceeding speed limit,Normal,,,Going Ahead,,,,,driver,,Scarborough Centre (21),43 Division,Eglinton East,TRUE,FALSE,FALSE,FALSE,FALSE,FALSE,FALSE,FALSE,TRUE,FALSE,"{""coordinates"": [[-79.24551041436293, 43.74046909796974]], ""type"": ""MultiPoint""}"
15516,2019:9000650063,2019-04-10T21:38:00,DANFORTH RD,TRUDELLE ST,50 m North of,4,Non-Fatal Injury,At/Near Private Drive,No Control,Turning Movement,Clear,Dark with Artificial Lighting,Dry,Major Arterial,FALSE,-79.24551041,43.74046909796974,2,Automobile or Station Wagon,North,3,52,Minor,Use Unknown,Driving properly,Normal,,,Turning Left,,,,,driver,,Scarborough Centre (21),43 Division,Eglinton East,TRUE,FALSE,FALSE,FALSE,FALSE,FALSE,FALSE,FALSE,TRUE,FALSE,"{""coordinates"": [[-79.24551041436293, 43.74046909796974]], ""type"": ""MultiPoint""}"
15517,2019:9000657461,2019-04-11T23:55:00,ROYAL YORK RD,MEADOWVALE DR,,4,Non-Fatal Injury,At Intersection,No Control,Approaching Head On,Clear,Dark with Artificial Lighting,Dry,Minor Arterial,TRUE,-79.51059435,43.64553310966255,1,Automobile or Station Wagon,North,1,,None,Use Unknown,Speed too fast for conditions,Inattentive,,,Going Ahead,,,,,driver,,Etobicoke-Lakeshore (3),22 Division,Stonegate-Queensway,TRUE,TRUE,FALSE,FALSE,FALSE,TRUE,FALSE,FALSE,FALSE,FALSE,"{""coordinates"": [[-79.51059435051164, 43.64553310966255]], ""type"": ""MultiPoint""}"
15518,2019:9000657461,2019-04-11T23:55:00,ROYAL YORK RD,MEADOWVALE DR,,4,Non-Fatal Injury,At Intersection,No Control,Approaching Head On,Clear,Dark with Artificial Lighting,Dry,Minor Arterial,TRUE,-79.51059435,43.64553310966255,2,Automobile or Station Wagon,South,2,74,None,Use Unknown,Driving properly,Normal,,,Going Ahead,,,,,driver,,Etobicoke-Lakeshore (3),22 Division,Stonegate-Queensway,TRUE,TRUE,FALSE,FALSE,FALSE,TRUE,FALSE,FALSE,FALSE,FALSE,"{""coordinates"": [[-79.51059435051164, 43.64553310966255]], ""type"": ""MultiPoint""}"
15519,2019:9000657461,2019-04-11T23:55:00,ROYAL YORK RD,MEADOWVALE DR,,4,Non-Fatal Injury,At Intersection,No Control,Approaching Head On,Clear,Dark with Artificial Lighting,Dry,Minor Arterial,TRUE,-79.51059435,43.64553310966255,2,,,4,73,None,Use Unknown,,,,,,,,,,passenger,,Etobicoke-Lakeshore (3),22 Division,Stonegate-Queensway,TRUE,TRUE,FALSE,FALSE,FALSE,TRUE,FALSE,FALSE,FALSE,FALSE,"{""coordinates"": [[-79.51059435051164, 43.64553310966255]], ""type"": ""MultiPoint""}"
15520,2019:9000657461,2019-04-11T23:55:00,ROYAL YORK RD,MEADOWVALE DR,,4,Non-Fatal Injury,At Intersection,No Control,Approaching Head On,Clear,Dark with Artificial Lighting,Dry,Minor Arterial,TRUE,-79.51059435,43.64553310966255,3,Automobile or Station Wagon,South,3,34,Major,Use Unknown,Driving properly,Normal,,,Going Ahead,,,,,driver,,Etobicoke-Lakeshore (3),22 Division,Stonegate-Queensway,TRUE,TRUE,FALSE,FALSE,FALSE,TRUE,FALSE,FALSE,FALSE,FALSE,"{""coordinates"": [[-79.51059435051164, 43.64553310966255]], ""type"": ""MultiPoint""}"
15521,2019:9000660367,2019-04-12T12:28:00,15 AUSTREY CRT,,1 m South of,1,Non-Fatal Injury,Non-Intersection,No Control,SMV Other,Clear,Daylight,Dry,Local,FALSE,-79.5076645,43.731943585154035,1,Delivery Van,South,1,51,Major,Use Unknown,Lost control,Medical or Physical Disability,,,Going Ahead,,,,,driver,,York Centre (6),31 Division,Oakdale-Beverley Heights,FALSE,FALSE,FALSE,FALSE,FALSE,FALSE,FALSE,FALSE,FALSE,TRUE,"{""coordinates"": [[-79.50766449977398, 43.731943585154035]], ""type"": ""MultiPoint""}"
15522,2019:9000671452,2019-04-14T01:51:00,COLLEGE ST,SPADINA AVE,20 m East of,2,Non-Fatal Injury,Non-Intersection,No Control,Pedestrian Collision(internal code),Clear,Dark with Artificial Lighting,Dry,Major Arterial,TRUE,-79.4000976,43.65787348998727,1,Automobile or Station Wagon,West,1,26,None,Use Unknown,Lost control,Unknown,,,Going Ahead,,,,,driver,,University-Rosedale (11),14 Division,Kensington-Chinatown,FALSE,FALSE,FALSE,FALSE,FALSE,FALSE,TRUE,FALSE,FALSE,FALSE,"{""coordinates"": [[-79.40009759968824, 43.65787348998727]], ""type"": ""MultiPoint""}"
15523,2026:6001050956,2026-05-21T21:59:00,11053 SHEPPARD AVE E,,,4,Fatal Injury,Non-Intersection,,Approaching Head On,,,,,FALSE,-79.15531033,43.80284891142957,1,Automobile or Station Wagon,North,3,42,Fatal,,,,,,,,,,,passenger,17,Scarborough-Rouge Park (25),42 Division,West Rouge,FALSE,TRUE,FALSE,FALSE,FALSE,FALSE,FALSE,FALSE,FALSE,FALSE,"{""coordinates"": [[-79.15531033312776, 43.80284891142957]], ""type"": ""MultiPoint""}"
15524,2019:9000671452,2019-04-14T01:51:00,COLLEGE ST,SPADINA AVE,20 m East of,2,Non-Fatal Injury,Non-Intersection,No Control,Pedestrian Collision(internal code),Clear,Dark with Artificial Lighting,Dry,Major Arterial,TRUE,-79.4000976,43.65787348998727,1,,Unknown,2,21,Major,No Equipment Available,,,Other,Normal,,Driver hits pedestrian at midblock,,,,pedestrian,,University-Rosedale (11),14 Division,Kensington-Chinatown,FALSE,FALSE,FALSE,FALSE,FALSE,FALSE,TRUE,FALSE,FALSE,FALSE,"{""coordinates"": [[-79.40009759968824, 43.65787348998727]], ""type"": ""MultiPoint""}"
15525,2019:9000685425,2019-04-16T10:00:00,DON MILLS RD,KERN RD,,6,Non-Fatal Injury,At Intersection,No Control,Turning Movement,Clear,Daylight,Dry,Major Arterial,FALSE,-79.34683656,43.750013597055975,3,Automobile or Station Wagon,East,3,21,None,Lap and Shoulder Belt,Driving properly,Normal,,,Stopped,,,,,driver,,Don Valley East (16),33 Division,Banbury-Don Mills,TRUE,FALSE,FALSE,FALSE,FALSE,TRUE,FALSE,FALSE,FALSE,FALSE,"{""coordinates"": [[-79.34683656171562, 43.750013597055975]], ""type"": ""MultiPoint""}"
15526,2019:9000685425,2019-04-16T10:00:00,DON MILLS RD,KERN RD,,6,Non-Fatal Injury,At Intersection,No Control,Turning Movement,Clear,Daylight,Dry,Major Arterial,FALSE,-79.34683656,43.750013597055975,1,,,4,61,Minimal,Air Bag Deployed,,,,,,,,,,passenger,,Don Valley East (16),33 Division,Banbury-Don Mills,TRUE,FALSE,FALSE,FALSE,FALSE,TRUE,FALSE,FALSE,FALSE,FALSE,"{""coordinates"": [[-79.34683656171562, 43.750013597055975]], ""type"": ""MultiPoint""}"
15527,2019:9000685425,2019-04-16T10:00:00,DON MILLS RD,KERN RD,,6,Non-Fatal Injury,At Intersection,No Control,Turning Movement,Clear,Daylight,Dry,Major Arterial,FALSE,-79.34683656,43.750013597055975,1,Automobile or Station Wagon,North,1,51,Minor,Air Bag Deployed,Failed to yield right-of-way,Normal,,,Turning Left,,,,,driver,,Don Valley East (16),33 Division,Banbury-Don Mills,TRUE,FALSE,FALSE,FALSE,FALSE,TRUE,FALSE,FALSE,FALSE,FALSE,"{""coordinates"": [[-79.34683656171562, 43.750013597055975]], ""type"": ""MultiPoint""}"
15528,2019:9000685425,2019-04-16T10:00:00,DON MILLS RD,KERN RD,,6,Non-Fatal Injury,At Intersection,No Control,Turning Movement,Clear,Daylight,Dry,Major Arterial,FALSE,-79.34683656,43.750013597055975,1,,,5,58,Minimal,Air Bag Deployed,,,,,,,,,,passenger,,Don Valley East (16),33 Division,Banbury-Don Mills,TRUE,FALSE,FALSE,FALSE,FALSE,TRUE,FALSE,FALSE,FALSE,FALSE,"{""coordinates"": [[-79.34683656171562, 43.750013597055975]], ""type"": ""MultiPoint""}"
15529,2019:9000685425,2019-04-16T10:00:00,DON MILLS RD,KERN RD,,6,Non-Fatal Injury,At Intersection,No Control,Turning Movement,Clear,Daylight,Dry,Major Arterial,FALSE,-79.34683656,43.750013597055975,1,,,6,80,Major,Air Bag Deployed,,,,,,,,,,passenger,,Don Valley East (16),33 Division,Banbury-Don Mills,TRUE,FALSE,FALSE,FALSE,FALSE,TRUE,FALSE,FALSE,FALSE,FALSE,"{""coordinates"": [[-79.34683656171562, 43.750013597055975]], ""type"": ""MultiPoint""}"
15530,2019:9000685425,2019-04-16T10:00:00,DON MILLS RD,KERN RD,,6,Non-Fatal Injury,At Intersection,No Control,Turning Movement,Clear,Daylight,Dry,Major Arterial,FALSE,-79.34683656,43.750013597055975,2,Automobile or Station Wagon,South,2,63,None,Air Bag Deployed,Driving properly,Normal,,,Going Ahead,,,,,driver,,Don Valley East (16),33 Division,Banbury-Don Mills,TRUE,FALSE,FALSE,FALSE,FALSE,TRUE,FALSE,FALSE,FALSE,FALSE,"{""coordinates"": [[-79.34683656171562, 43.750013597055975]], ""type"": ""MultiPoint""}"
15531,2019:9000691466,2019-04-17T08:05:00,SHEPPARD AVE E,KENNEDY RD,264 m West of,3,Non-Fatal Injury,Non-Intersection,No Control,Pedestrian Collision(internal code),Clear,Daylight,Dry,Major Arterial,FALSE,-79.29222524,43.782293499986395,1,Automobile or Station Wagon,East,1,61,None,Lap and Shoulder Belt,Driving properly,Normal,,,Going Ahead,,,,,driver,,Scarborough-Agincourt (22),42 Division,Tam O'Shanter-Sullivan,FALSE,FALSE,FALSE,FALSE,FALSE,TRUE,TRUE,FALSE,FALSE,FALSE,"{""coordinates"": [[-79.2922252351364, 43.782293499986395]], ""type"": ""MultiPoint""}"
15532,2019:9000691466,2019-04-17T08:05:00,SHEPPARD AVE E,KENNEDY RD,264 m West of,3,Non-Fatal Injury,Non-Intersection,No Control,Pedestrian Collision(internal code),Clear,Daylight,Dry,Major Arterial,FALSE,-79.29222524,43.782293499986395,1,,North,3,97,Major,No Equipment Available,,,Crossing - no traffic control,Normal,,Driver hits pedestrian at midblock,,,,pedestrian,,Scarborough-Agincourt (22),42 Division,Tam O'Shanter-Sullivan,FALSE,FALSE,FALSE,FALSE,FALSE,TRUE,TRUE,FALSE,FALSE,FALSE,"{""coordinates"": [[-79.2922252351364, 43.782293499986395]], ""type"": ""MultiPoint""}"
15533,2019:9000691466,2019-04-17T08:05:00,SHEPPARD AVE E,KENNEDY RD,264 m West of,3,Non-Fatal Injury,Non-Intersection,No Control,Pedestrian Collision(internal code),Clear,Daylight,Dry,Major Arterial,FALSE,-79.29222524,43.782293499986395,1,,,2,31,None,Lap and Shoulder Belt,,,,,,,,,,passenger,,Scarborough-Agincourt (22),42 Division,Tam O'Shanter-Sullivan,FALSE,FALSE,FALSE,FALSE,FALSE,TRUE,TRUE,FALSE,FALSE,FALSE,"{""coordinates"": [[-79.2922252351364, 43.782293499986395]], ""type"": ""MultiPoint""}"
15534,2019:9000700060,2019-04-18T11:45:00,VICTORIA ST,LOMBARD ST,,2,Non-Fatal Injury,At Intersection,Stop Sign,Pedestrian Collision(internal code),Clear,Daylight,Dry,Collector,TRUE,-79.37745352,43.651235884916986,1,,Unknown,2,45,Major,No Equipment Available,,,Other,Normal,,Driver reversing hits pedestrian,,,,pedestrian,,Toronto Centre (13),51 Division,Downtown Yonge East,FALSE,FALSE,FALSE,FALSE,FALSE,FALSE,TRUE,FALSE,FALSE,FALSE,"{""coordinates"": [[-79.37745352290644, 43.651235884916986]], ""type"": ""MultiPoint""}"
15535,2019:9000700060,2019-04-18T11:45:00,VICTORIA ST,LOMBARD ST,,2,Non-Fatal Injury,At Intersection,Stop Sign,Pedestrian Collision(internal code),Clear,Daylight,Dry,Collector,TRUE,-79.37745352,43.651235884916986,1,Automobile or Station Wagon,West,1,,None,Use Unknown,Other,Unknown,,,Reversing,,,,,driver,,Toronto Centre (13),51 Division,Downtown Yonge East,FALSE,FALSE,FALSE,FALSE,FALSE,FALSE,TRUE,FALSE,FALSE,FALSE,"{""coordinates"": [[-79.37745352290644, 43.651235884916986]], ""type"": ""MultiPoint""}"