_id,collision_id,accdate,stname1,stname2,stname3,per_inv,acclass,accloc,traffictl,impactype,visible,light,rdsfcond,road_class,failtorem,longitude,latitude,veh_no,vehtype,initdir,per_no,invage,injury,safequip,drivact,drivcond,pedact,pedcond,manoeuvre,pedtype,cyclistype,cycact,cyccond,road_user,fatal_no,wardname,division,neighbourhood,aggressive,distracted,cyclist,motorcyclist,other_micromobility,older_adult,pedestrian,red_light,school_child,heavy_truck,geometry
15764,2019:9001359659,2019-07-20T01:35:00,BLOOR ST W,BALMUTO ST,28 m West of,2,Non-Fatal Injury,Non-Intersection,No Control,Cyclist Collision,Clear,Dark with Artificial Lighting,Dry,Major Arterial,FALSE,-79.38839407,43.669802028361495,0,Bicycle,West,2,43,Major,No Equipment Available,,,,,Merging,,Sideswipe with cyclist and driver travelling in same direction,,,cyclist,,University-Rosedale (11),52 Division,Bay-Cloverhill,FALSE,FALSE,TRUE,FALSE,FALSE,FALSE,FALSE,FALSE,FALSE,FALSE,"{""coordinates"": [[-79.38839406736827, 43.669802028361495]], ""type"": ""MultiPoint""}"
15765,2019:9001365685,2019-07-20T22:15:00,PHARMACY AVE,EGLINTON AVE E,,5,Non-Fatal Injury,At Intersection,Traffic Signal,Pedestrian Collision(internal code),Rain,Dark with Artificial Lighting,Wet,Major Arterial,FALSE,-79.29748196,43.72557659,1,,North,5,43,Major,No Equipment Available,,,Crossing with right-of-way (intersection),Normal,,Driver turns right into pedestrian crossing with right-of-way (at intersection),,,,pedestrian,,Scarborough Southwest (20),41 Division,Clairlea-Birchmount,TRUE,FALSE,FALSE,FALSE,FALSE,FALSE,TRUE,FALSE,TRUE,FALSE,"{""coordinates"": [[-79.29748195692842, 43.7255765852145]], ""type"": ""MultiPoint""}"
15766,2019:9001365685,2019-07-20T22:15:00,PHARMACY AVE,EGLINTON AVE E,,5,Non-Fatal Injury,At Intersection,Traffic Signal,Pedestrian Collision(internal code),Rain,Dark with Artificial Lighting,Wet,Major Arterial,FALSE,-79.29748196,43.72557659,1,,,3,12,None,Lap and Shoulder Belt,,,,,,,,,,passenger,,Scarborough Southwest (20),41 Division,Clairlea-Birchmount,TRUE,FALSE,FALSE,FALSE,FALSE,FALSE,TRUE,FALSE,TRUE,FALSE,"{""coordinates"": [[-79.29748195692842, 43.7255765852145]], ""type"": ""MultiPoint""}"
15767,2019:9001365685,2019-07-20T22:15:00,PHARMACY AVE,EGLINTON AVE E,,5,Non-Fatal Injury,At Intersection,Traffic Signal,Pedestrian Collision(internal code),Rain,Dark with Artificial Lighting,Wet,Major Arterial,FALSE,-79.29748196,43.72557659,1,,,4,14,None,Lap and Shoulder Belt,,,,,,,,,,passenger,,Scarborough Southwest (20),41 Division,Clairlea-Birchmount,TRUE,FALSE,FALSE,FALSE,FALSE,FALSE,TRUE,FALSE,TRUE,FALSE,"{""coordinates"": [[-79.29748195692842, 43.7255765852145]], ""type"": ""MultiPoint""}"
15768,2019:9001365685,2019-07-20T22:15:00,PHARMACY AVE,EGLINTON AVE E,,5,Non-Fatal Injury,At Intersection,Traffic Signal,Pedestrian Collision(internal code),Rain,Dark with Artificial Lighting,Wet,Major Arterial,FALSE,-79.29748196,43.72557659,1,Automobile or Station Wagon,South,1,55,None,Lap and Shoulder Belt,Failed to yield right-of-way,Normal,,,Turning Right,,,,,driver,,Scarborough Southwest (20),41 Division,Clairlea-Birchmount,TRUE,FALSE,FALSE,FALSE,FALSE,FALSE,TRUE,FALSE,TRUE,FALSE,"{""coordinates"": [[-79.29748195692842, 43.7255765852145]], ""type"": ""MultiPoint""}"
15769,2019:9001365685,2019-07-20T22:15:00,PHARMACY AVE,EGLINTON AVE E,,5,Non-Fatal Injury,At Intersection,Traffic Signal,Pedestrian Collision(internal code),Rain,Dark with Artificial Lighting,Wet,Major Arterial,FALSE,-79.29748196,43.72557659,1,,,2,43,None,Lap and Shoulder Belt,,,,,,,,,,passenger,,Scarborough Southwest (20),41 Division,Clairlea-Birchmount,TRUE,FALSE,FALSE,FALSE,FALSE,FALSE,TRUE,FALSE,TRUE,FALSE,"{""coordinates"": [[-79.29748195692842, 43.7255765852145]], ""type"": ""MultiPoint""}"
15770,2019:9001372867,2019-07-22T00:21:00,OSSINGTON AVE,BLOOR ST W,,2,Non-Fatal Injury,At Intersection,Traffic Signal,Turning Movement,Clear,Dark with Artificial Lighting,Dry,Major Arterial,FALSE,-79.42561797,43.66191329045813,2,Intercity Coach Bus,North,2,33,None,Lap and Shoulder Belt,Failed to yield right-of-way,Inattentive,,,Turning Left,,,,,driver,,University-Rosedale (11),14 Division,Palmerston-Little Italy,TRUE,TRUE,FALSE,TRUE,FALSE,FALSE,FALSE,FALSE,FALSE,TRUE,"{""coordinates"": [[-79.42561796713642, 43.66191329045813]], ""type"": ""MultiPoint""}"
15771,2019:9001372867,2019-07-22T00:21:00,OSSINGTON AVE,BLOOR ST W,,2,Non-Fatal Injury,At Intersection,Traffic Signal,Turning Movement,Clear,Dark with Artificial Lighting,Dry,Major Arterial,FALSE,-79.42561797,43.66191329045813,1,Motorcycle,South,1,20,Major,Helmet,Exceeding speed limit,Other Condition,,,Going Ahead,,,,,motorcyclist,,University-Rosedale (11),14 Division,Palmerston-Little Italy,TRUE,TRUE,FALSE,TRUE,FALSE,FALSE,FALSE,FALSE,FALSE,TRUE,"{""coordinates"": [[-79.42561796713642, 43.66191329045813]], ""type"": ""MultiPoint""}"
15772,2019:9001388316,2019-07-24T05:49:00,VICTORIA PARK AVE,IVORDALE CRES,,2,Non-Fatal Injury,At Intersection,Stop Sign,Turning Movement,Clear,Daylight,Dry,Major Arterial,FALSE,-79.31448787,43.755697455819494,1,Automobile or Station Wagon,West,1,49,None,Lap and Shoulder Belt,Failed to yield right-of-way,Normal,,,Turning Left,,,,,driver,,Scarborough Centre (21),41 Division,Wexford/Maryvale,TRUE,FALSE,FALSE,FALSE,FALSE,FALSE,FALSE,FALSE,FALSE,FALSE,"{""coordinates"": [[-79.3144878691065, 43.755697455819494]], ""type"": ""MultiPoint""}"
15773,2019:9001388316,2019-07-24T05:49:00,VICTORIA PARK AVE,IVORDALE CRES,,2,Non-Fatal Injury,At Intersection,Stop Sign,Turning Movement,Clear,Daylight,Dry,Major Arterial,FALSE,-79.31448787,43.755697455819494,2,Automobile or Station Wagon,North,2,31,Major,Lap and Shoulder Belt,Driving properly,Normal,,,Going Ahead,,,,,driver,,Scarborough Centre (21),41 Division,Wexford/Maryvale,TRUE,FALSE,FALSE,FALSE,FALSE,FALSE,FALSE,FALSE,FALSE,FALSE,"{""coordinates"": [[-79.3144878691065, 43.755697455819494]], ""type"": ""MultiPoint""}"
15774,2019:9001400001,2019-07-25T17:12:00,STEELES AVE E,LESLIE ST,500 m East of,2,Non-Fatal Injury,Non-Intersection,No Control,Rear End,Clear,Daylight,Dry,Major Arterial,FALSE,-79.36648222,43.80979374047195,2,Automobile or Station Wagon,West,2,53,None,Lap and Shoulder Belt,Driving properly,Normal,,,Stopped,,,,,driver,,Don Valley North (17),33 Division,Hillcrest Village,FALSE,TRUE,FALSE,TRUE,FALSE,FALSE,FALSE,FALSE,FALSE,FALSE,"{""coordinates"": [[-79.3664822248603, 43.80979374047195]], ""type"": ""MultiPoint""}"
15775,2019:9001400001,2019-07-25T17:12:00,STEELES AVE E,LESLIE ST,500 m East of,2,Non-Fatal Injury,Non-Intersection,No Control,Rear End,Clear,Daylight,Dry,Major Arterial,FALSE,-79.36648222,43.80979374047195,1,Motorcycle,West,1,49,Major,Helmet,Lost control,Inattentive,,,Slowing or Stopping,,,,,motorcyclist,,Don Valley North (17),33 Division,Hillcrest Village,FALSE,TRUE,FALSE,TRUE,FALSE,FALSE,FALSE,FALSE,FALSE,FALSE,"{""coordinates"": [[-79.3664822248603, 43.80979374047195]], ""type"": ""MultiPoint""}"
15776,2019:9001400690,2019-07-25T18:57:00,WILSON AVE,BATHURST ST,110 m East of,2,Non-Fatal Injury,At/Near Private Drive,Stop Sign,Turning Movement,Clear,Daylight,Dry,Major Arterial,TRUE,-79.43249957,43.73742139266611,1,Automobile or Station Wagon,South,1,19,Major,Lap and Shoulder Belt,Failed to yield right-of-way,Unknown,,,Turning Left,,,,,driver,,York Centre (6),32 Division,Lansing-Westgate,TRUE,FALSE,FALSE,FALSE,FALSE,FALSE,FALSE,FALSE,TRUE,FALSE,"{""coordinates"": [[-79.43249956888502, 43.73742139266611]], ""type"": ""MultiPoint""}"
15777,2019:9001400690,2019-07-25T18:57:00,WILSON AVE,BATHURST ST,110 m East of,2,Non-Fatal Injury,At/Near Private Drive,Stop Sign,Turning Movement,Clear,Daylight,Dry,Major Arterial,TRUE,-79.43249957,43.73742139266611,2,Automobile or Station Wagon,West,2,34,Minor,Lap and Shoulder Belt,Driving properly,Normal,,,Going Ahead,,,,,driver,,York Centre (6),32 Division,Lansing-Westgate,TRUE,FALSE,FALSE,FALSE,FALSE,FALSE,FALSE,FALSE,TRUE,FALSE,"{""coordinates"": [[-79.43249956888502, 43.73742139266611]], ""type"": ""MultiPoint""}"
15778,2019:9001401954,2019-07-25T22:45:00,KINGSTON RD,PORT UNION RD,290 m East of,2,Non-Fatal Injury,At/Near Private Drive,No Control,Turning Movement,Clear,Dark with Artificial Lighting,Dry,Major Arterial,TRUE,-79.14330686,43.80065730258674,1,Automobile or Station Wagon,West,1,51,None,Use Unknown,Failed to yield right-of-way,Unknown,,,Turning Left,,,,,driver,,Scarborough-Rouge Park (25),42 Division,West Rouge,TRUE,FALSE,FALSE,FALSE,FALSE,FALSE,FALSE,FALSE,FALSE,FALSE,"{""coordinates"": [[-79.14330685919158, 43.80065730258674]], ""type"": ""MultiPoint""}"
15779,2019:9001401954,2019-07-25T22:45:00,KINGSTON RD,PORT UNION RD,290 m East of,2,Non-Fatal Injury,At/Near Private Drive,No Control,Turning Movement,Clear,Dark with Artificial Lighting,Dry,Major Arterial,TRUE,-79.14330686,43.80065730258674,2,Automobile or Station Wagon,East,2,51,Major,Lap and Shoulder Belt,Driving properly,Normal,,,Going Ahead,,,,,driver,,Scarborough-Rouge Park (25),42 Division,West Rouge,TRUE,FALSE,FALSE,FALSE,FALSE,FALSE,FALSE,FALSE,FALSE,FALSE,"{""coordinates"": [[-79.14330685919158, 43.80065730258674]], ""type"": ""MultiPoint""}"
15780,2019:9001407311,2019-07-26T14:36:00,THE QUEENSWAY,VIBE RD,20 m West of,3,Non-Fatal Injury,At Intersection,No Control,Cyclist Collision,Clear,Daylight,Dry,Major Arterial,FALSE,-79.52343468,43.62160354200373,1,Bicycle,West,1,52,Major,Helmet,,,,,Turning Left,,Cyclist turns left into path of driver,Improper Turn,Normal,cyclist,,Etobicoke-Lakeshore (3),22 Division,Etobicoke City Centre,FALSE,FALSE,TRUE,FALSE,FALSE,FALSE,FALSE,FALSE,FALSE,FALSE,"{""coordinates"": [[-79.52343468258594, 43.62160354200373]], ""type"": ""MultiPoint""}"
15781,2019:9001407311,2019-07-26T14:36:00,THE QUEENSWAY,VIBE RD,20 m West of,3,Non-Fatal Injury,At Intersection,No Control,Cyclist Collision,Clear,Daylight,Dry,Major Arterial,FALSE,-79.52343468,43.62160354200373,2,Automobile or Station Wagon,East,2,36,None,Lap and Shoulder Belt,Driving properly,Normal,,,Going Ahead,,,,,driver,,Etobicoke-Lakeshore (3),22 Division,Etobicoke City Centre,FALSE,FALSE,TRUE,FALSE,FALSE,FALSE,FALSE,FALSE,FALSE,FALSE,"{""coordinates"": [[-79.52343468258594, 43.62160354200373]], ""type"": ""MultiPoint""}"
15782,2019:9001407311,2019-07-26T14:36:00,THE QUEENSWAY,VIBE RD,20 m West of,3,Non-Fatal Injury,At Intersection,No Control,Cyclist Collision,Clear,Daylight,Dry,Major Arterial,FALSE,-79.52343468,43.62160354200373,1,,,3,27,Major,Helmet,,,,,,,,,,cyclist,,Etobicoke-Lakeshore (3),22 Division,Etobicoke City Centre,FALSE,FALSE,TRUE,FALSE,FALSE,FALSE,FALSE,FALSE,FALSE,FALSE,"{""coordinates"": [[-79.52343468258594, 43.62160354200373]], ""type"": ""MultiPoint""}"
15783,2019:9001407321,2019-07-26T16:30:00,857 ELLESMERE RD,,10 m West of,4,Non-Fatal Injury,Non-Intersection,No Control,Rear End,Clear,Daylight,Dry,Major Arterial,TRUE,-79.2819637,43.76554696492447,2,,,4,20,None,Lap and Shoulder Belt,,,,,,,,,,passenger,,Scarborough Centre (21),41 Division,Dorset Park,TRUE,FALSE,FALSE,FALSE,FALSE,FALSE,FALSE,FALSE,TRUE,FALSE,"{""coordinates"": [[-79.28196369719556, 43.76554696492447]], ""type"": ""MultiPoint""}"
15784,2019:9001407321,2019-07-26T16:30:00,857 ELLESMERE RD,,10 m West of,4,Non-Fatal Injury,Non-Intersection,No Control,Rear End,Clear,Daylight,Dry,Major Arterial,TRUE,-79.2819637,43.76554696492447,2,Automobile or Station Wagon,East,2,62,Major,Lap and Shoulder Belt,Driving properly,Normal,,,Stopped,,,,,driver,,Scarborough Centre (21),41 Division,Dorset Park,TRUE,FALSE,FALSE,FALSE,FALSE,FALSE,FALSE,FALSE,TRUE,FALSE,"{""coordinates"": [[-79.28196369719556, 43.76554696492447]], ""type"": ""MultiPoint""}"
15785,2019:9001407321,2019-07-26T16:30:00,857 ELLESMERE RD,,10 m West of,4,Non-Fatal Injury,Non-Intersection,No Control,Rear End,Clear,Daylight,Dry,Major Arterial,TRUE,-79.2819637,43.76554696492447,2,,,3,19,Minimal,Lap and Shoulder Belt,,,,,,,,,,passenger,,Scarborough Centre (21),41 Division,Dorset Park,TRUE,FALSE,FALSE,FALSE,FALSE,FALSE,FALSE,FALSE,TRUE,FALSE,"{""coordinates"": [[-79.28196369719556, 43.76554696492447]], ""type"": ""MultiPoint""}"
15786,2019:9001407321,2019-07-26T16:30:00,857 ELLESMERE RD,,10 m West of,4,Non-Fatal Injury,Non-Intersection,No Control,Rear End,Clear,Daylight,Dry,Major Arterial,TRUE,-79.2819637,43.76554696492447,1,Automobile or Station Wagon,East,1,,None,Use Unknown,Speed too fast for conditions,Unknown,,,Going Ahead,,,,,driver,,Scarborough Centre (21),41 Division,Dorset Park,TRUE,FALSE,FALSE,FALSE,FALSE,FALSE,FALSE,FALSE,TRUE,FALSE,"{""coordinates"": [[-79.28196369719556, 43.76554696492447]], ""type"": ""MultiPoint""}"
15787,2019:9001409746,2019-07-26T23:10:00,VICTORIA PARK AVE,ELLESMERE RD,,6,Non-Fatal Injury,At Intersection,Traffic Signal,Turning Movement,Clear,Dark with Artificial Lighting,Dry,Major Arterial,FALSE,-79.31520503,43.75779554031682,2,Automobile or Station Wagon,North,2,30,Major,Air Bag Deployed,Driving properly,Normal,,,Going Ahead,,,,,driver,,Scarborough Centre (21),41 Division,Wexford/Maryvale,FALSE,FALSE,FALSE,FALSE,FALSE,FALSE,FALSE,FALSE,FALSE,FALSE,"{""coordinates"": [[-79.31520503146828, 43.75779554031682]], ""type"": ""MultiPoint""}"
15788,2019:9001409746,2019-07-26T23:10:00,VICTORIA PARK AVE,ELLESMERE RD,,6,Non-Fatal Injury,At Intersection,Traffic Signal,Turning Movement,Clear,Dark with Artificial Lighting,Dry,Major Arterial,FALSE,-79.31520503,43.75779554031682,1,,,5,31,Minimal,Lap and Shoulder Belt,,,,,,,,,,passenger,,Scarborough Centre (21),41 Division,Wexford/Maryvale,FALSE,FALSE,FALSE,FALSE,FALSE,FALSE,FALSE,FALSE,FALSE,FALSE,"{""coordinates"": [[-79.31520503146828, 43.75779554031682]], ""type"": ""MultiPoint""}"
15789,2019:9001409746,2019-07-26T23:10:00,VICTORIA PARK AVE,ELLESMERE RD,,6,Non-Fatal Injury,At Intersection,Traffic Signal,Turning Movement,Clear,Dark with Artificial Lighting,Dry,Major Arterial,FALSE,-79.31520503,43.75779554031682,1,,,4,24,Minimal,Lap and Shoulder Belt,,,,,,,,,,passenger,,Scarborough Centre (21),41 Division,Wexford/Maryvale,FALSE,FALSE,FALSE,FALSE,FALSE,FALSE,FALSE,FALSE,FALSE,FALSE,"{""coordinates"": [[-79.31520503146828, 43.75779554031682]], ""type"": ""MultiPoint""}"
15790,2019:9001409746,2019-07-26T23:10:00,VICTORIA PARK AVE,ELLESMERE RD,,6,Non-Fatal Injury,At Intersection,Traffic Signal,Turning Movement,Clear,Dark with Artificial Lighting,Dry,Major Arterial,FALSE,-79.31520503,43.75779554031682,1,,,3,30,Minimal,Air Bag Deployed,,,,,,,,,,passenger,,Scarborough Centre (21),41 Division,Wexford/Maryvale,FALSE,FALSE,FALSE,FALSE,FALSE,FALSE,FALSE,FALSE,FALSE,FALSE,"{""coordinates"": [[-79.31520503146828, 43.75779554031682]], ""type"": ""MultiPoint""}"
15791,2019:9001409746,2019-07-26T23:10:00,VICTORIA PARK AVE,ELLESMERE RD,,6,Non-Fatal Injury,At Intersection,Traffic Signal,Turning Movement,Clear,Dark with Artificial Lighting,Dry,Major Arterial,FALSE,-79.31520503,43.75779554031682,1,Automobile or Station Wagon,South,1,26,None,Air Bag Deployed,Improper turn,Ability Impaired - Alcohol Over .08,,,Turning Left,,,,,driver,,Scarborough Centre (21),41 Division,Wexford/Maryvale,FALSE,FALSE,FALSE,FALSE,FALSE,FALSE,FALSE,FALSE,FALSE,FALSE,"{""coordinates"": [[-79.31520503146828, 43.75779554031682]], ""type"": ""MultiPoint""}"
15792,2019:9001409746,2019-07-26T23:10:00,VICTORIA PARK AVE,ELLESMERE RD,,6,Non-Fatal Injury,At Intersection,Traffic Signal,Turning Movement,Clear,Dark with Artificial Lighting,Dry,Major Arterial,FALSE,-79.31520503,43.75779554031682,1,,,6,25,Major,Lap and Shoulder Belt,,,,,,,,,,passenger,,Scarborough Centre (21),41 Division,Wexford/Maryvale,FALSE,FALSE,FALSE,FALSE,FALSE,FALSE,FALSE,FALSE,FALSE,FALSE,"{""coordinates"": [[-79.31520503146828, 43.75779554031682]], ""type"": ""MultiPoint""}"
15793,2019:9001417397,2019-07-28T01:48:00,FITZGIBBON AVE,LORD ROBERTS DR,85 m South of,2,Non-Fatal Injury,At/Near Private Drive,No Control,SMV Other,Clear,Dark with Artificial Lighting,Dry,Local,FALSE,-79.26186786,43.740514894074416,1,,,2,22,Major,Lap and Shoulder Belt,,,,,,,,,,passenger,,Scarborough Centre (21),41 Division,Eglinton East,FALSE,FALSE,FALSE,FALSE,FALSE,FALSE,FALSE,FALSE,FALSE,FALSE,"{""coordinates"": [[-79.2618678628947, 43.740514894074416]], ""type"": ""MultiPoint""}"
15794,2019:9001417397,2019-07-28T01:48:00,FITZGIBBON AVE,LORD ROBERTS DR,85 m South of,2,Non-Fatal Injury,At/Near Private Drive,No Control,SMV Other,Clear,Dark with Artificial Lighting,Dry,Local,FALSE,-79.26186786,43.740514894074416,1,Automobile or Station Wagon,North,1,25,Minor,Lap and Shoulder Belt,Lost control,Had Been Drinking,,,Going Ahead,,,,,driver,,Scarborough Centre (21),41 Division,Eglinton East,FALSE,FALSE,FALSE,FALSE,FALSE,FALSE,FALSE,FALSE,FALSE,FALSE,"{""coordinates"": [[-79.2618678628947, 43.740514894074416]], ""type"": ""MultiPoint""}"
15795,2019:9001419121,2019-07-28T10:54:00,ISLINGTON AVE,MILLWICK DR,,2,Fatal Injury,At Intersection,Traffic Signal,Pedestrian Collision(internal code),Clear,Daylight,Dry,Major Arterial,FALSE,-79.57177434,43.75995496548111,,,North,1,71,Fatal,,,,Crossing with right-of-way (intersection),Normal,,Driver turns left into pedestrian crossing with right-of-way (at intersection),,,,pedestrian,29,Humber River-Black Creek (7),31 Division,Humber Summit,TRUE,TRUE,FALSE,FALSE,FALSE,TRUE,TRUE,FALSE,FALSE,FALSE,"{""coordinates"": [[-79.57177433577677, 43.75995496548111]], ""type"": ""MultiPoint""}"
15796,2019:9001419121,2019-07-28T10:54:00,ISLINGTON AVE,MILLWICK DR,,2,Fatal Injury,At Intersection,Traffic Signal,Pedestrian Collision(internal code),Clear,Daylight,Dry,Major Arterial,FALSE,-79.57177434,43.75995496548111,1,Automobile or Station Wagon,South,2,25,None,,Failed to yield right-of-way,Inattentive,,,Turning Left,,,,,driver,,Humber River-Black Creek (7),31 Division,Humber Summit,TRUE,TRUE,FALSE,FALSE,FALSE,TRUE,TRUE,FALSE,FALSE,FALSE,"{""coordinates"": [[-79.57177433577677, 43.75995496548111]], ""type"": ""MultiPoint""}"
15797,2019:9001420476,2019-07-28T15:03:00,ST CLAIR AVE E,GLENBURN AVE,2 m North of,2,Non-Fatal Injury,At Intersection,Stop Sign,Angle,Clear,Daylight,Dry,Major Arterial,FALSE,-79.29828307,43.70857066627717,1,Automobile or Station Wagon,South,1,85,Minimal,Lap and Shoulder Belt,Failed to yield right-of-way,Inattentive,,,Going Ahead,,,,,driver,,Beaches-East York (19),55 Division,O'Connor-Parkview,TRUE,TRUE,FALSE,TRUE,FALSE,TRUE,FALSE,FALSE,FALSE,FALSE,"{""coordinates"": [[-79.2982830668029, 43.70857066627717]], ""type"": ""MultiPoint""}"
15798,2019:9001420476,2019-07-28T15:03:00,ST CLAIR AVE E,GLENBURN AVE,2 m North of,2,Non-Fatal Injury,At Intersection,Stop Sign,Angle,Clear,Daylight,Dry,Major Arterial,FALSE,-79.29828307,43.70857066627717,2,Motorcycle,East,2,58,Major,Helmet,Driving properly,Normal,,,Going Ahead,,,,,motorcyclist,,Beaches-East York (19),55 Division,O'Connor-Parkview,TRUE,TRUE,FALSE,TRUE,FALSE,TRUE,FALSE,FALSE,FALSE,FALSE,"{""coordinates"": [[-79.2982830668029, 43.70857066627717]], ""type"": ""MultiPoint""}"
15799,2019:9001429449,2019-07-29T19:37:00,GERRARD ST E,CARLAW AVE,,3,Non-Fatal Injury,At Intersection,Traffic Signal,Cyclist Collision,Clear,Daylight,Dry,Minor Arterial,FALSE,-79.3427702,43.667623771005374,2,Automobile or Station Wagon,South,2,38,None,Lap and Shoulder Belt,Driving properly,Normal,,,Going Ahead,,,,,driver,,Toronto-Danforth (14),55 Division,South Riverdale,FALSE,TRUE,TRUE,FALSE,FALSE,FALSE,FALSE,FALSE,TRUE,FALSE,"{""coordinates"": [[-79.34277020444942, 43.667623771005374]], ""type"": ""MultiPoint""}"
15800,2019:9001429449,2019-07-29T19:37:00,GERRARD ST E,CARLAW AVE,,3,Non-Fatal Injury,At Intersection,Traffic Signal,Cyclist Collision,Clear,Daylight,Dry,Minor Arterial,FALSE,-79.3427702,43.667623771005374,2,,,3,16,None,Lap and Shoulder Belt,,,,,,,,,,passenger,,Toronto-Danforth (14),55 Division,South Riverdale,FALSE,TRUE,TRUE,FALSE,FALSE,FALSE,FALSE,FALSE,TRUE,FALSE,"{""coordinates"": [[-79.34277020444942, 43.667623771005374]], ""type"": ""MultiPoint""}"
15801,2019:9001429449,2019-07-29T19:37:00,GERRARD ST E,CARLAW AVE,,3,Non-Fatal Injury,At Intersection,Traffic Signal,Cyclist Collision,Clear,Daylight,Dry,Minor Arterial,FALSE,-79.3427702,43.667623771005374,1,Bicycle,East,1,58,Major,No Equipment Available,,,,,Going Ahead,,"Cyclist without right-of-way rides into path of driver (at intersection, laneway, or driveway)",Disobeyed Traffic Control,Inattentive,cyclist,,Toronto-Danforth (14),55 Division,South Riverdale,FALSE,TRUE,TRUE,FALSE,FALSE,FALSE,FALSE,FALSE,TRUE,FALSE,"{""coordinates"": [[-79.34277020444942, 43.667623771005374]], ""type"": ""MultiPoint""}"
15802,2019:9001431003,2019-07-30T00:39:00,GERRARD ST W,LA PLANTE AVE,63 m East of,2,Non-Fatal Injury,Intersection-Related,No Control,Pedestrian Collision(internal code),Rain,Dark with Artificial Lighting,Wet,Minor Arterial,FALSE,-79.38558646,43.65825112365508,1,Automobile or Station Wagon,East,1,31,None,Use Unknown,Failed to yield right-of-way,Ability Impaired - Alcohol Over .08,,,Going Ahead,,,,,driver,,University-Rosedale (11),52 Division,Yonge-Bay Corridor,TRUE,FALSE,FALSE,FALSE,FALSE,FALSE,TRUE,FALSE,FALSE,FALSE,"{""coordinates"": [[-79.38558646263333, 43.65825112365508]], ""type"": ""MultiPoint""}"
15803,2019:9001431003,2019-07-30T00:39:00,GERRARD ST W,LA PLANTE AVE,63 m East of,2,Non-Fatal Injury,Intersection-Related,No Control,Pedestrian Collision(internal code),Rain,Dark with Artificial Lighting,Wet,Minor Arterial,FALSE,-79.38558646,43.65825112365508,1,,Unknown,2,50,Major,Lap Belt Only,,,Crossing - no traffic control,Had Been Drinking,,Driver going straight hits pedestrian crossing without right-of-way (at intersection),,,,pedestrian,,University-Rosedale (11),52 Division,Yonge-Bay Corridor,TRUE,FALSE,FALSE,FALSE,FALSE,FALSE,TRUE,FALSE,FALSE,FALSE,"{""coordinates"": [[-79.38558646263333, 43.65825112365508]], ""type"": ""MultiPoint""}"
15804,2019:9001437273,2019-07-30T21:53:00,TRETHEWEY DR,BLACK CREEK DR,,3,Non-Fatal Injury,At Intersection,Traffic Signal,Pedestrian Collision(internal code),Clear,Dark with Artificial Lighting,Dry,Major Arterial,FALSE,-79.48606572,43.69454046905528,1,,East,3,49,Major,No Equipment Available,,,Crossing without right-of-way (intersection),Other Condition,,Driver turns right into pedestrian crossing without right-of-way (at intersection),,,,pedestrian,,York South-Weston (5),12 Division,Beechborough-Greenbrook,FALSE,FALSE,FALSE,FALSE,FALSE,FALSE,TRUE,FALSE,TRUE,FALSE,"{""coordinates"": [[-79.48606571738685, 43.69454046905528]], ""type"": ""MultiPoint""}"
15805,2019:9001437273,2019-07-30T21:53:00,TRETHEWEY DR,BLACK CREEK DR,,3,Non-Fatal Injury,At Intersection,Traffic Signal,Pedestrian Collision(internal code),Clear,Dark with Artificial Lighting,Dry,Major Arterial,FALSE,-79.48606572,43.69454046905528,1,,,2,8,None,Lap and Shoulder Belt,,,,,,,,,,passenger,,York South-Weston (5),12 Division,Beechborough-Greenbrook,FALSE,FALSE,FALSE,FALSE,FALSE,FALSE,TRUE,FALSE,TRUE,FALSE,"{""coordinates"": [[-79.48606571738685, 43.69454046905528]], ""type"": ""MultiPoint""}"
15806,2019:9001437273,2019-07-30T21:53:00,TRETHEWEY DR,BLACK CREEK DR,,3,Non-Fatal Injury,At Intersection,Traffic Signal,Pedestrian Collision(internal code),Clear,Dark with Artificial Lighting,Dry,Major Arterial,FALSE,-79.48606572,43.69454046905528,1,Automobile or Station Wagon,West,1,48,None,Lap and Shoulder Belt,Driving properly,Normal,,,Turning Right,,,,,driver,,York South-Weston (5),12 Division,Beechborough-Greenbrook,FALSE,FALSE,FALSE,FALSE,FALSE,FALSE,TRUE,FALSE,TRUE,FALSE,"{""coordinates"": [[-79.48606571738685, 43.69454046905528]], ""type"": ""MultiPoint""}"
15807,2019:9001441633,2019-07-31T14:23:00,F G GARDINER XY W,GARDINER X W 427 X N RAMP,155 m East of,4,Non-Fatal Injury,Non-Intersection,No Control,Rear End,Clear,Daylight,Dry,Expressway,FALSE,-79.53387935,43.616381237315046,3,Automobile or Station Wagon,West,3,55,Major,Lap and Shoulder Belt,Driving properly,Normal,,,Stopped,,,,,driver,,Etobicoke-Lakeshore (3),22 Division,Alderwood,TRUE,FALSE,FALSE,FALSE,FALSE,FALSE,FALSE,FALSE,FALSE,TRUE,"{""coordinates"": [[-79.53387934712869, 43.616381237315046]], ""type"": ""MultiPoint""}"
15808,2019:9001441633,2019-07-31T14:23:00,F G GARDINER XY W,GARDINER X W 427 X N RAMP,155 m East of,4,Non-Fatal Injury,Non-Intersection,No Control,Rear End,Clear,Daylight,Dry,Expressway,FALSE,-79.53387935,43.616381237315046,4,Delivery Van,West,4,56,Minimal,Lap and Shoulder Belt,Driving properly,Normal,,,Stopped,,,,,driver,,Etobicoke-Lakeshore (3),22 Division,Alderwood,TRUE,FALSE,FALSE,FALSE,FALSE,FALSE,FALSE,FALSE,FALSE,TRUE,"{""coordinates"": [[-79.53387934712869, 43.616381237315046]], ""type"": ""MultiPoint""}"