_id,collision_id,accdate,stname1,stname2,stname3,per_inv,acclass,accloc,traffictl,impactype,visible,light,rdsfcond,road_class,failtorem,longitude,latitude,veh_no,vehtype,initdir,per_no,invage,injury,safequip,drivact,drivcond,pedact,pedcond,manoeuvre,pedtype,cyclistype,cycact,cyccond,road_user,fatal_no,wardname,division,neighbourhood,aggressive,distracted,cyclist,motorcyclist,other_micromobility,older_adult,pedestrian,red_light,school_child,heavy_truck,geometry
15990,2019:9001843126,2019-09-24T20:46:00,DANFORTH AVE,WANSTEAD AVE,,2,Fatal Injury,At Intersection,No Control,Pedestrian Collision(internal code),Clear,Dark with Artificial Lighting,Dry,Major Arterial,FALSE,-79.28226863,43.69248703321153,,Automobile or Station Wagon,West,2,41,None,,Driving properly,Normal,,,Going Ahead,,,,,driver,,Scarborough Southwest (20),41 Division,Oakridge,FALSE,FALSE,FALSE,FALSE,FALSE,TRUE,TRUE,FALSE,FALSE,FALSE,"{""coordinates"": [[-79.28226862658488, 43.69248703321153]], ""type"": ""MultiPoint""}"
15991,2019:9001843126,2019-09-24T20:46:00,DANFORTH AVE,WANSTEAD AVE,,2,Fatal Injury,At Intersection,No Control,Pedestrian Collision(internal code),Clear,Dark with Artificial Lighting,Dry,Major Arterial,FALSE,-79.28226863,43.69248703321153,,,South,1,65,Fatal,,,,Crossing - no traffic control,Unknown,,Driver going straight hits pedestrian crossing without right-of-way (at intersection),,,,pedestrian,45,Scarborough Southwest (20),41 Division,Oakridge,FALSE,FALSE,FALSE,FALSE,FALSE,TRUE,TRUE,FALSE,FALSE,FALSE,"{""coordinates"": [[-79.28226862658488, 43.69248703321153]], ""type"": ""MultiPoint""}"
15992,2019:9001853726,2019-09-26T09:23:00,NASSAU ST,BATHURST ST,1 m North of,3,Non-Fatal Injury,At/Near Private Drive,No Control,Pedestrian Collision(internal code),Clear,Daylight,Wet,Collector,FALSE,-79.40600277,43.65435634869989,1,Automobile or Station Wagon,North,1,74,None,Lap and Shoulder Belt,Other,Unknown,,,Reversing,,,,,driver,,University-Rosedale (11),14 Division,Kensington-Chinatown,FALSE,FALSE,FALSE,FALSE,FALSE,TRUE,TRUE,FALSE,FALSE,FALSE,"{""coordinates"": [[-79.4060027679985, 43.65435634869989]], ""type"": ""MultiPoint""}"
15993,2019:9001853726,2019-09-26T09:23:00,NASSAU ST,BATHURST ST,1 m North of,3,Non-Fatal Injury,At/Near Private Drive,No Control,Pedestrian Collision(internal code),Clear,Daylight,Wet,Collector,FALSE,-79.40600277,43.65435634869989,1,,Unknown,3,27,Major,Use Unknown,,,Other,Normal,,Driver reversing hits pedestrian,,,,pedestrian,,University-Rosedale (11),14 Division,Kensington-Chinatown,FALSE,FALSE,FALSE,FALSE,FALSE,TRUE,TRUE,FALSE,FALSE,FALSE,"{""coordinates"": [[-79.4060027679985, 43.65435634869989]], ""type"": ""MultiPoint""}"
15994,2019:9001853726,2019-09-26T09:23:00,NASSAU ST,BATHURST ST,1 m North of,3,Non-Fatal Injury,At/Near Private Drive,No Control,Pedestrian Collision(internal code),Clear,Daylight,Wet,Collector,FALSE,-79.40600277,43.65435634869989,2,Automobile or Station Wagon,North,2,31,None,Lap and Shoulder Belt,Other,Unknown,,,Stopped,,,,,driver,,University-Rosedale (11),14 Division,Kensington-Chinatown,FALSE,FALSE,FALSE,FALSE,FALSE,TRUE,TRUE,FALSE,FALSE,FALSE,"{""coordinates"": [[-79.4060027679985, 43.65435634869989]], ""type"": ""MultiPoint""}"
15995,2019:9001855890,2019-09-26T14:45:00,EGLINTON AVE E,WYNFORD DR,60 m East of,3,Non-Fatal Injury,Non-Intersection,No Control,Cyclist Collision,Clear,Daylight,Dry,Major Arterial,FALSE,-79.32432984,43.72455809628499,3,Delivery Van,East,3,27,None,Lap and Shoulder Belt,Driving properly,Normal,,,Going Ahead,,,,,driver,,Don Valley East (16),55 Division,Flemingdon Park,FALSE,FALSE,TRUE,FALSE,FALSE,FALSE,FALSE,FALSE,FALSE,TRUE,"{""coordinates"": [[-79.32432984477109, 43.72455809628499]], ""type"": ""MultiPoint""}"
15996,2019:9001855890,2019-09-26T14:45:00,EGLINTON AVE E,WYNFORD DR,60 m East of,3,Non-Fatal Injury,Non-Intersection,No Control,Cyclist Collision,Clear,Daylight,Dry,Major Arterial,FALSE,-79.32432984,43.72455809628499,2,Delivery Van,East,2,38,None,Lap and Shoulder Belt,Driving properly,Normal,,,Going Ahead,,,,,driver,,Don Valley East (16),55 Division,Flemingdon Park,FALSE,FALSE,TRUE,FALSE,FALSE,FALSE,FALSE,FALSE,FALSE,TRUE,"{""coordinates"": [[-79.32432984477109, 43.72455809628499]], ""type"": ""MultiPoint""}"
15997,2019:9001855890,2019-09-26T14:45:00,EGLINTON AVE E,WYNFORD DR,60 m East of,3,Non-Fatal Injury,Non-Intersection,No Control,Cyclist Collision,Clear,Daylight,Dry,Major Arterial,FALSE,-79.32432984,43.72455809628499,1,Bicycle,East,1,54,Major,No Equipment Available,,,,,Changing Lanes,,Sideswipe with cyclist and driver travelling in same direction,Lost control,Had Been Drinking,cyclist,,Don Valley East (16),55 Division,Flemingdon Park,FALSE,FALSE,TRUE,FALSE,FALSE,FALSE,FALSE,FALSE,FALSE,TRUE,"{""coordinates"": [[-79.32432984477109, 43.72455809628499]], ""type"": ""MultiPoint""}"
15998,2019:9001868191,2019-09-28T06:49:00,SHEPPARD AVE W,JANE ST,,2,Non-Fatal Injury,Non-Intersection,No Control,Approaching Head On,Rain,Dark with Artificial Lighting,Wet,Major Arterial,FALSE,-79.51186066,43.739443280877765,1,Automobile or Station Wagon,West,1,58,Major,Lap and Shoulder Belt,Lost control,Unknown,,,Going Ahead,,,,,driver,,York Centre (6),31 Division,Glenfield-Jane Heights,FALSE,FALSE,FALSE,FALSE,FALSE,FALSE,FALSE,FALSE,FALSE,TRUE,"{""coordinates"": [[-79.51186065811424, 43.739443280877765]], ""type"": ""MultiPoint""}"
15999,2019:9001868191,2019-09-28T06:49:00,SHEPPARD AVE W,JANE ST,,2,Non-Fatal Injury,Non-Intersection,No Control,Approaching Head On,Rain,Dark with Artificial Lighting,Wet,Major Arterial,FALSE,-79.51186066,43.739443280877765,2,Municipal Transit Bus (TTC),East,2,53,Minor,No Equipment Available,Driving properly,Normal,,,Going Ahead,,,,,driver,,York Centre (6),31 Division,Glenfield-Jane Heights,FALSE,FALSE,FALSE,FALSE,FALSE,FALSE,FALSE,FALSE,FALSE,TRUE,"{""coordinates"": [[-79.51186065811424, 43.739443280877765]], ""type"": ""MultiPoint""}"
16000,2019:9001872287,2019-09-28T20:15:00,KENNEDY RD,ST CLAIR AVE E,,5,Fatal Injury,At Intersection,Traffic Signal,Angle,Clear,Dark with Artificial Lighting,Dry,Major Arterial,FALSE,-79.26130256,43.71645100567519,2,Automobile or Station Wagon,West,2,38,None,,Driving properly,Normal,,,Going Ahead,,,,,driver,,Scarborough Southwest (20),41 Division,Clairlea-Birchmount,TRUE,FALSE,FALSE,FALSE,FALSE,TRUE,FALSE,TRUE,TRUE,FALSE,"{""coordinates"": [[-79.26130255926051, 43.71645100567519]], ""type"": ""MultiPoint""}"
16001,2019:9001872287,2019-09-28T20:15:00,KENNEDY RD,ST CLAIR AVE E,,5,Fatal Injury,At Intersection,Traffic Signal,Angle,Clear,Dark with Artificial Lighting,Dry,Major Arterial,FALSE,-79.26130256,43.71645100567519,1,Automobile or Station Wagon,North,1,67,Fatal,,Disobeyed traffic control,Unknown,,,Going Ahead,,,,,driver,46,Scarborough Southwest (20),41 Division,Clairlea-Birchmount,TRUE,FALSE,FALSE,FALSE,FALSE,TRUE,FALSE,TRUE,TRUE,FALSE,"{""coordinates"": [[-79.26130255926051, 43.71645100567519]], ""type"": ""MultiPoint""}"
16002,2019:9001872287,2019-09-28T20:15:00,KENNEDY RD,ST CLAIR AVE E,,5,Fatal Injury,At Intersection,Traffic Signal,Angle,Clear,Dark with Artificial Lighting,Dry,Major Arterial,FALSE,-79.26130256,43.71645100567519,1,Automobile or Station Wagon,,3,60,Minor,,,,,,,,,,,passenger,,Scarborough Southwest (20),41 Division,Clairlea-Birchmount,TRUE,FALSE,FALSE,FALSE,FALSE,TRUE,FALSE,TRUE,TRUE,FALSE,"{""coordinates"": [[-79.26130255926051, 43.71645100567519]], ""type"": ""MultiPoint""}"
16003,2019:9001872287,2019-09-28T20:15:00,KENNEDY RD,ST CLAIR AVE E,,5,Fatal Injury,At Intersection,Traffic Signal,Angle,Clear,Dark with Artificial Lighting,Dry,Major Arterial,FALSE,-79.26130256,43.71645100567519,2,Automobile or Station Wagon,,4,6,Minor,,,,,,,,,,,passenger,,Scarborough Southwest (20),41 Division,Clairlea-Birchmount,TRUE,FALSE,FALSE,FALSE,FALSE,TRUE,FALSE,TRUE,TRUE,FALSE,"{""coordinates"": [[-79.26130255926051, 43.71645100567519]], ""type"": ""MultiPoint""}"
16004,2019:9001872287,2019-09-28T20:15:00,KENNEDY RD,ST CLAIR AVE E,,5,Fatal Injury,At Intersection,Traffic Signal,Angle,Clear,Dark with Artificial Lighting,Dry,Major Arterial,FALSE,-79.26130256,43.71645100567519,2,Automobile or Station Wagon,,5,44,None,,,,,,,,,,,passenger,,Scarborough Southwest (20),41 Division,Clairlea-Birchmount,TRUE,FALSE,FALSE,FALSE,FALSE,TRUE,FALSE,TRUE,TRUE,FALSE,"{""coordinates"": [[-79.26130255926051, 43.71645100567519]], ""type"": ""MultiPoint""}"
16005,2019:9001878764,2019-09-29T20:31:00,KIPLING AVE,BETHRIDGE RD,,2,Fatal Injury,Non-Intersection,No Control,Pedestrian Collision(internal code),Clear,Daylight with Artificial Lighting,Dry,Major Arterial,FALSE,-79.56470108,43.70735340192897,,Automobile or Station Wagon,North,2,52,None,,Driving properly,Normal,,,Going Ahead,,,,,driver,,Etobicoke North (1),23 Division,West Humber-Clairville,FALSE,FALSE,FALSE,FALSE,FALSE,FALSE,TRUE,FALSE,FALSE,FALSE,"{""coordinates"": [[-79.56470108256266, 43.70735340192897]], ""type"": ""MultiPoint""}"
16006,2019:9001878764,2019-09-29T20:31:00,KIPLING AVE,BETHRIDGE RD,,2,Fatal Injury,Non-Intersection,No Control,Pedestrian Collision(internal code),Clear,Daylight with Artificial Lighting,Dry,Major Arterial,FALSE,-79.56470108,43.70735340192897,,,East,1,58,Fatal,,,,Crossing - no traffic control,Unknown,,Driver hits pedestrian at midblock,,,,pedestrian,47,Etobicoke North (1),23 Division,West Humber-Clairville,FALSE,FALSE,FALSE,FALSE,FALSE,FALSE,TRUE,FALSE,FALSE,FALSE,"{""coordinates"": [[-79.56470108256266, 43.70735340192897]], ""type"": ""MultiPoint""}"
16007,2019:9001911446,2019-10-04T09:55:00,EGLINTON AVE W,HEDDINGTON AVE,,2,Non-Fatal Injury,At Intersection,Traffic Signal,Pedestrian Collision(internal code),Clear,Daylight,Dry,Major Arterial,FALSE,-79.41384572,43.70340191,1,,North,2,40,Major,No Equipment Available,,,Crossing with right-of-way (intersection),Normal,,Driver turns left into pedestrian crossing with right-of-way (at intersection),,,,pedestrian,,Toronto-St. Paul's (12),53 Division,Forest Hill South,TRUE,FALSE,FALSE,FALSE,FALSE,FALSE,TRUE,FALSE,FALSE,FALSE,"{""coordinates"": [[-79.41384572192983, 43.7034019085735]], ""type"": ""MultiPoint""}"
16008,2019:9001911446,2019-10-04T09:55:00,EGLINTON AVE W,HEDDINGTON AVE,,2,Non-Fatal Injury,At Intersection,Traffic Signal,Pedestrian Collision(internal code),Clear,Daylight,Dry,Major Arterial,FALSE,-79.41384572,43.70340191,1,Automobile or Station Wagon,South,1,45,None,Lap and Shoulder Belt,Failed to yield right-of-way,Normal,,,Turning Left,,,,,driver,,Toronto-St. Paul's (12),53 Division,Forest Hill South,TRUE,FALSE,FALSE,FALSE,FALSE,FALSE,TRUE,FALSE,FALSE,FALSE,"{""coordinates"": [[-79.41384572192983, 43.7034019085735]], ""type"": ""MultiPoint""}"
16009,2019:9001916632,2019-10-04T22:31:00,BATHURST ST,LAKE SHORE BLVD W,5 m South of,2,Non-Fatal Injury,At Intersection,Traffic Signal,Pedestrian Collision(internal code),Clear,Dark,Dry,Major Arterial,FALSE,-79.39960935,43.63641200805188,1,,North,2,31,Major,Use Unknown,,,Crossing with right-of-way (intersection),Normal,,Driver turns left into pedestrian crossing with right-of-way (at intersection),,,,pedestrian,,Spadina-Fort York (10),14 Division,Fort York-Liberty Village,FALSE,FALSE,FALSE,FALSE,FALSE,FALSE,TRUE,FALSE,FALSE,FALSE,"{""coordinates"": [[-79.39960935115356, 43.63641200805188]], ""type"": ""MultiPoint""}"
16010,2019:9001916632,2019-10-04T22:31:00,BATHURST ST,LAKE SHORE BLVD W,5 m South of,2,Non-Fatal Injury,At Intersection,Traffic Signal,Pedestrian Collision(internal code),Clear,Dark,Dry,Major Arterial,FALSE,-79.39960935,43.63641200805188,1,Automobile or Station Wagon,North,1,20,None,Lap and Shoulder Belt,Improper turn,Normal,,,Turning Left,,,,,driver,,Spadina-Fort York (10),14 Division,Fort York-Liberty Village,FALSE,FALSE,FALSE,FALSE,FALSE,FALSE,TRUE,FALSE,FALSE,FALSE,"{""coordinates"": [[-79.39960935115356, 43.63641200805188]], ""type"": ""MultiPoint""}"
16011,2019:9001921394,2019-10-05T16:11:00,DUPONT ST,BEDFORD RD,,2,Non-Fatal Injury,At Intersection,No Control,Cyclist Collision,Clear,Daylight,Dry,Minor Arterial,FALSE,-79.40050956,43.676298473561815,1,Automobile or Station Wagon,West,1,39,None,Use Unknown,Other,Normal,,,Turning Left,,,,,driver,,University-Rosedale (11),53 Division,Annex,FALSE,FALSE,TRUE,FALSE,FALSE,FALSE,FALSE,FALSE,FALSE,FALSE,"{""coordinates"": [[-79.40050955880011, 43.676298473561815]], ""type"": ""MultiPoint""}"
16012,2019:9001921394,2019-10-05T16:11:00,DUPONT ST,BEDFORD RD,,2,Non-Fatal Injury,At Intersection,No Control,Cyclist Collision,Clear,Daylight,Dry,Minor Arterial,FALSE,-79.40050956,43.676298473561815,2,Bicycle,East,2,62,Major,Helmet,,,,,Going Ahead,,Driver turns left into path of cyclist,Driving Properly,Normal,cyclist,,University-Rosedale (11),53 Division,Annex,FALSE,FALSE,TRUE,FALSE,FALSE,FALSE,FALSE,FALSE,FALSE,FALSE,"{""coordinates"": [[-79.40050955880011, 43.676298473561815]], ""type"": ""MultiPoint""}"
16013,2019:9001943397,2019-10-08T17:35:00,COLLEGE ST,BATHURST ST,10 m East of,2,Non-Fatal Injury,Non-Intersection,Traffic Signal,Pedestrian Collision(internal code),Clear,Daylight,Dry,Major Arterial,FALSE,-79.40768123,43.65640865769905,1,,Unknown,2,47,Major,No Equipment Available,,,Crossing - no traffic control,Inattentive,,Driver hits pedestrian at midblock,,,,pedestrian,,University-Rosedale (11),14 Division,Kensington-Chinatown,FALSE,TRUE,FALSE,FALSE,FALSE,FALSE,TRUE,FALSE,FALSE,FALSE,"{""coordinates"": [[-79.40768123479367, 43.65640865769905]], ""type"": ""MultiPoint""}"
16014,2019:9001943397,2019-10-08T17:35:00,COLLEGE ST,BATHURST ST,10 m East of,2,Non-Fatal Injury,Non-Intersection,Traffic Signal,Pedestrian Collision(internal code),Clear,Daylight,Dry,Major Arterial,FALSE,-79.40768123,43.65640865769905,1,Automobile or Station Wagon,West,1,23,None,Lap and Shoulder Belt,Driving properly,Normal,,,Going Ahead,,,,,driver,,University-Rosedale (11),14 Division,Kensington-Chinatown,FALSE,TRUE,FALSE,FALSE,FALSE,FALSE,TRUE,FALSE,FALSE,FALSE,"{""coordinates"": [[-79.40768123479367, 43.65640865769905]], ""type"": ""MultiPoint""}"
16015,2019:9001949959,2019-10-09T14:46:00,KINGSTON RD,PORT UNION RD,82 m West of,2,Non-Fatal Injury,At/Near Private Drive,No Control,Turning Movement,Clear,Daylight,Dry,Major Arterial,FALSE,-79.14768614,43.79789165048253,1,Automobile or Station Wagon,South,1,84,Major,Lap and Shoulder Belt,Failed to yield right-of-way,Inattentive,,,Turning Left,,,,,driver,,Scarborough-Rouge Park (25),42 Division,Centennial Scarborough,TRUE,TRUE,FALSE,FALSE,FALSE,TRUE,FALSE,FALSE,FALSE,FALSE,"{""coordinates"": [[-79.14768613917047, 43.79789165048253]], ""type"": ""MultiPoint""}"
16016,2019:9001949959,2019-10-09T14:46:00,KINGSTON RD,PORT UNION RD,82 m West of,2,Non-Fatal Injury,At/Near Private Drive,No Control,Turning Movement,Clear,Daylight,Dry,Major Arterial,FALSE,-79.14768614,43.79789165048253,2,Pickup Truck,West,2,69,Minor,Lap and Shoulder Belt,Driving properly,Normal,,,Going Ahead,,,,,driver,,Scarborough-Rouge Park (25),42 Division,Centennial Scarborough,TRUE,TRUE,FALSE,FALSE,FALSE,TRUE,FALSE,FALSE,FALSE,FALSE,"{""coordinates"": [[-79.14768613917047, 43.79789165048253]], ""type"": ""MultiPoint""}"
16017,2019:9001955336,2019-10-10T09:32:00,LOWER SIMCOE ST,QUEENS QUAY W,25 m North of,2,Non-Fatal Injury,Non-Intersection,No Control,Turning Movement,Clear,Daylight,Dry,Collector,FALSE,-79.3829162,43.63976128623726,2,Automobile or Station Wagon,North,1,40,None,Lap and Shoulder Belt,Driving properly,Normal,,,Turning Left,,,,,driver,,Spadina-Fort York (10),52 Division,Harbourfront-CityPlace,TRUE,TRUE,FALSE,TRUE,FALSE,FALSE,FALSE,FALSE,FALSE,FALSE,"{""coordinates"": [[-79.38291619758071, 43.63976128623726]], ""type"": ""MultiPoint""}"
16018,2019:9001955336,2019-10-10T09:32:00,LOWER SIMCOE ST,QUEENS QUAY W,25 m North of,2,Non-Fatal Injury,Non-Intersection,No Control,Turning Movement,Clear,Daylight,Dry,Collector,FALSE,-79.3829162,43.63976128623726,1,Motorcycle,South,2,54,Major,Helmet,Improper passing,Inattentive,,,Going Ahead,,,,,motorcyclist,,Spadina-Fort York (10),52 Division,Harbourfront-CityPlace,TRUE,TRUE,FALSE,TRUE,FALSE,FALSE,FALSE,FALSE,FALSE,FALSE,"{""coordinates"": [[-79.38291619758071, 43.63976128623726]], ""type"": ""MultiPoint""}"
16019,2019:9001957432,2019-10-10T14:29:00,CHRISTIE ST,TYRREL AVE,,2,Non-Fatal Injury,At Intersection,Stop Sign,Cyclist Collision,Clear,Daylight,Dry,Minor Arterial,FALSE,-79.42423702,43.67814482010021,2,Automobile or Station Wagon,North,2,45,None,Lap and Shoulder Belt,Driving properly,Normal,,,Going Ahead,,,,,driver,,Toronto-St. Paul's (12),13 Division,Wychwood,FALSE,FALSE,TRUE,FALSE,FALSE,FALSE,FALSE,FALSE,FALSE,FALSE,"{""coordinates"": [[-79.42423701750775, 43.67814482010021]], ""type"": ""MultiPoint""}"
16020,2019:9002471073,2019-12-23T14:15:00,ROYAL YORK RD,LAMBETH RD,,3,Non-Fatal Injury,At Intersection,No Control,Turning Movement,Clear,Daylight,Dry,Minor Arterial,FALSE,-79.51708695,43.66030361785533,2,,,3,17,Minor,Lap and Shoulder Belt,,,,,,,,,,passenger,,Etobicoke Centre (2),22 Division,Edenbridge-Humber Valley,FALSE,TRUE,FALSE,FALSE,FALSE,TRUE,FALSE,FALSE,TRUE,FALSE,"{""coordinates"": [[-79.5170869463578, 43.66030361785533]], ""type"": ""MultiPoint""}"
16021,2019:9001957432,2019-10-10T14:29:00,CHRISTIE ST,TYRREL AVE,,2,Non-Fatal Injury,At Intersection,Stop Sign,Cyclist Collision,Clear,Daylight,Dry,Minor Arterial,FALSE,-79.42423702,43.67814482010021,1,Bicycle,East,1,30,Major,Helmet,,,,,Going Ahead,,,Failed to Yield Right of Way,Normal,cyclist,,Toronto-St. Paul's (12),13 Division,Wychwood,FALSE,FALSE,TRUE,FALSE,FALSE,FALSE,FALSE,FALSE,FALSE,FALSE,"{""coordinates"": [[-79.42423701750775, 43.67814482010021]], ""type"": ""MultiPoint""}"
16022,2019:9001959130,2019-10-10T18:21:00,LAWRENCE AVE E,CROCKFORD BLVD,,2,Non-Fatal Injury,At Intersection,Traffic Signal,Pedestrian Collision(internal code),Clear,Daylight,Dry,Major Arterial,FALSE,-79.29123345,43.74602716898425,1,,North,2,11,Major,Use Unknown,,,Crossing without right-of-way (intersection),Normal,,Driver going straight hits pedestrian crossing without right-of-way (at intersection),,,,pedestrian,,Scarborough Centre (21),41 Division,Wexford/Maryvale,FALSE,FALSE,FALSE,FALSE,FALSE,FALSE,TRUE,FALSE,TRUE,FALSE,"{""coordinates"": [[-79.29123344572547, 43.74602716898425]], ""type"": ""MultiPoint""}"
16023,2019:9001959130,2019-10-10T18:21:00,LAWRENCE AVE E,CROCKFORD BLVD,,2,Non-Fatal Injury,At Intersection,Traffic Signal,Pedestrian Collision(internal code),Clear,Daylight,Dry,Major Arterial,FALSE,-79.29123345,43.74602716898425,1,Automobile or Station Wagon,West,1,49,None,Use Unknown,Driving properly,Normal,,,Going Ahead,,,,,driver,,Scarborough Centre (21),41 Division,Wexford/Maryvale,FALSE,FALSE,FALSE,FALSE,FALSE,FALSE,TRUE,FALSE,TRUE,FALSE,"{""coordinates"": [[-79.29123344572547, 43.74602716898425]], ""type"": ""MultiPoint""}"
16024,2019:9001959528,2019-10-10T19:18:00,LESLIE ST,RAVEL RD,20 m North of,2,Non-Fatal Injury,At Intersection,Traffic Signal,Pedestrian Collision(internal code),Clear,Daylight,Dry,Major Arterial,FALSE,-79.36835145,43.791483196404265,1,,Unknown,2,82,Major,Lap and Shoulder Belt,,,Crossing without right-of-way (intersection),Normal,,Driver going straight hits pedestrian crossing without right-of-way (at intersection),,,,pedestrian,,Don Valley North (17),33 Division,Hillcrest Village,FALSE,FALSE,FALSE,FALSE,FALSE,TRUE,TRUE,FALSE,FALSE,FALSE,"{""coordinates"": [[-79.3683514481499, 43.791483196404265]], ""type"": ""MultiPoint""}"
16025,2019:9001959528,2019-10-10T19:18:00,LESLIE ST,RAVEL RD,20 m North of,2,Non-Fatal Injury,At Intersection,Traffic Signal,Pedestrian Collision(internal code),Clear,Daylight,Dry,Major Arterial,FALSE,-79.36835145,43.791483196404265,1,Automobile or Station Wagon,South,1,68,None,Lap and Shoulder Belt,Driving properly,Normal,,,Going Ahead,,,,,driver,,Don Valley North (17),33 Division,Hillcrest Village,FALSE,FALSE,FALSE,FALSE,FALSE,TRUE,TRUE,FALSE,FALSE,FALSE,"{""coordinates"": [[-79.3683514481499, 43.791483196404265]], ""type"": ""MultiPoint""}"
16026,2019:9001960766,2019-10-10T22:59:00,THE QUEENSWAY,STOCK AVE,47 m East of,2,Non-Fatal Injury,Non-Intersection,No Control,Rear End,Clear,Dark with Artificial Lighting,Dry,Major Arterial,FALSE,-79.52484612,43.62129836813708,2,Motorcycle,West,2,41,Major,Helmet,Driving properly,Normal,,,Going Ahead,,,,,motorcyclist,,Etobicoke-Lakeshore (3),22 Division,Etobicoke City Centre,FALSE,TRUE,FALSE,TRUE,FALSE,FALSE,FALSE,FALSE,FALSE,FALSE,"{""coordinates"": [[-79.52484612290837, 43.62129836813708]], ""type"": ""MultiPoint""}"
16027,2019:9001960766,2019-10-10T22:59:00,THE QUEENSWAY,STOCK AVE,47 m East of,2,Non-Fatal Injury,Non-Intersection,No Control,Rear End,Clear,Dark with Artificial Lighting,Dry,Major Arterial,FALSE,-79.52484612,43.62129836813708,1,Automobile or Station Wagon,West,1,42,None,Use Unknown,Improper lane change,Inattentive,,,Changing Lanes,,,,,driver,,Etobicoke-Lakeshore (3),22 Division,Etobicoke City Centre,FALSE,TRUE,FALSE,TRUE,FALSE,FALSE,FALSE,FALSE,FALSE,FALSE,"{""coordinates"": [[-79.52484612290837, 43.62129836813708]], ""type"": ""MultiPoint""}"
16028,2019:9001963574,2019-10-11T11:00:00,NORTHVIEW AVE,VICTORIA PARK AVE,120 m East of,2,Non-Fatal Injury,At/Near Private Drive,No Control,Pedestrian Collision(internal code),Clear,Daylight,Dry,Local,FALSE,-79.28329894,43.68330590584186,1,,South,1,13,Major,Use Unknown,,,Crossing - no traffic control,Inattentive,,Driver hits pedestrian at midblock,,,,pedestrian,,Scarborough Southwest (20),41 Division,Birchcliffe-Cliffside,FALSE,TRUE,FALSE,FALSE,FALSE,FALSE,TRUE,FALSE,TRUE,FALSE,"{""coordinates"": [[-79.28329894082715, 43.68330590584186]], ""type"": ""MultiPoint""}"
16029,2019:9001963574,2019-10-11T11:00:00,NORTHVIEW AVE,VICTORIA PARK AVE,120 m East of,2,Non-Fatal Injury,At/Near Private Drive,No Control,Pedestrian Collision(internal code),Clear,Daylight,Dry,Local,FALSE,-79.28329894,43.68330590584186,1,Automobile or Station Wagon,East,2,24,None,Lap and Shoulder Belt,Driving properly,Normal,,,Going Ahead,,,,,driver,,Scarborough Southwest (20),41 Division,Birchcliffe-Cliffside,FALSE,TRUE,FALSE,FALSE,FALSE,FALSE,TRUE,FALSE,TRUE,FALSE,"{""coordinates"": [[-79.28329894082715, 43.68330590584186]], ""type"": ""MultiPoint""}"
16030,2019:9001964458,2019-10-11T13:20:00,678 KENNEDY RD,,5 m East of,4,Non-Fatal Injury,At/Near Private Drive,No Control,Turning Movement,Clear,Daylight,Dry,Major Arterial,FALSE,-79.26565207,43.72678198808223,2,Automobile or Station Wagon,South,2,24,Minor,Use Unknown,Exceeding speed limit,Inattentive,,,Going Ahead,,,,,driver,,Scarborough Southwest (20),41 Division,Kennedy Park,TRUE,TRUE,FALSE,FALSE,FALSE,TRUE,FALSE,FALSE,FALSE,FALSE,"{""coordinates"": [[-79.2656520656899, 43.72678198808223]], ""type"": ""MultiPoint""}"
16031,2019:9001964458,2019-10-11T13:20:00,678 KENNEDY RD,,5 m East of,4,Non-Fatal Injury,At/Near Private Drive,No Control,Turning Movement,Clear,Daylight,Dry,Major Arterial,FALSE,-79.26565207,43.72678198808223,3,Automobile or Station Wagon,North,3,86,Minimal,Use Unknown,Driving properly,Normal,,,Stopped,,,,,driver,,Scarborough Southwest (20),41 Division,Kennedy Park,TRUE,TRUE,FALSE,FALSE,FALSE,TRUE,FALSE,FALSE,FALSE,FALSE,"{""coordinates"": [[-79.2656520656899, 43.72678198808223]], ""type"": ""MultiPoint""}"
16032,2019:9001964458,2019-10-11T13:20:00,678 KENNEDY RD,,5 m East of,4,Non-Fatal Injury,At/Near Private Drive,No Control,Turning Movement,Clear,Daylight,Dry,Major Arterial,FALSE,-79.26565207,43.72678198808223,1,Automobile or Station Wagon,North,1,82,Major,Use Unknown,Failed to yield right-of-way,Inattentive,,,Turning Left,,,,,driver,,Scarborough Southwest (20),41 Division,Kennedy Park,TRUE,TRUE,FALSE,FALSE,FALSE,TRUE,FALSE,FALSE,FALSE,FALSE,"{""coordinates"": [[-79.2656520656899, 43.72678198808223]], ""type"": ""MultiPoint""}"
16033,2019:9001964458,2019-10-11T13:20:00,678 KENNEDY RD,,5 m East of,4,Non-Fatal Injury,At/Near Private Drive,No Control,Turning Movement,Clear,Daylight,Dry,Major Arterial,FALSE,-79.26565207,43.72678198808223,4,Automobile or Station Wagon,East,4,60,None,Use Unknown,Driving properly,Normal,,,Stopped,,,,,driver,,Scarborough Southwest (20),41 Division,Kennedy Park,TRUE,TRUE,FALSE,FALSE,FALSE,TRUE,FALSE,FALSE,FALSE,FALSE,"{""coordinates"": [[-79.2656520656899, 43.72678198808223]], ""type"": ""MultiPoint""}"