_id,collision_id,accdate,stname1,stname2,stname3,per_inv,acclass,accloc,traffictl,impactype,visible,light,rdsfcond,road_class,failtorem,longitude,latitude,veh_no,vehtype,initdir,per_no,invage,injury,safequip,drivact,drivcond,pedact,pedcond,manoeuvre,pedtype,cyclistype,cycact,cyccond,road_user,fatal_no,wardname,division,neighbourhood,aggressive,distracted,cyclist,motorcyclist,other_micromobility,older_adult,pedestrian,red_light,school_child,heavy_truck,geometry
16124,2019:9002192530,2019-11-13T10:51:00,KEELE ST,LAWRENCE AVE W,,2,Fatal Injury,At Intersection,Traffic Signal,Pedestrian Collision(internal code),Snow,Daylight,Wet,Major Arterial,FALSE,-79.4780243,43.70858616705522,1,,East,2,24,Fatal,Use Unknown,,,Crossing with right-of-way (intersection),Normal,,Driver turns right into pedestrian crossing with right-of-way (at intersection),,,,pedestrian,58,York South-Weston (5),12 Division,Brookhaven-Amesbury,TRUE,TRUE,FALSE,FALSE,FALSE,FALSE,TRUE,FALSE,FALSE,TRUE,"{""coordinates"": [[-79.47802429579424, 43.70858616705522]], ""type"": ""MultiPoint""}"
16125,2019:9002192530,2019-11-13T10:51:00,KEELE ST,LAWRENCE AVE W,,2,Fatal Injury,At Intersection,Traffic Signal,Pedestrian Collision(internal code),Snow,Daylight,Wet,Major Arterial,FALSE,-79.4780243,43.70858616705522,1,Truck - Tank,East,1,60,None,Lap and Shoulder Belt,Failed to yield right-of-way,Inattentive,,,Turning Right,,,,,driver,,York South-Weston (5),12 Division,Brookhaven-Amesbury,TRUE,TRUE,FALSE,FALSE,FALSE,FALSE,TRUE,FALSE,FALSE,TRUE,"{""coordinates"": [[-79.47802429579424, 43.70858616705522]], ""type"": ""MultiPoint""}"
16126,2019:9002221424,2019-11-16T15:15:00,QUEEN ST W,BAY ST,36 m East of,2,Non-Fatal Injury,Non-Intersection,No Control,Pedestrian Collision(internal code),Clear,Daylight,Dry,Major Arterial,TRUE,-79.38107749,43.65196449732085,1,Automobile or Station Wagon,West,1,,None,Use Unknown,Failed to yield right-of-way,Unknown,,,Going Ahead,,,,,driver,,Toronto Centre (13),52 Division,Yonge-Bay Corridor,TRUE,FALSE,FALSE,FALSE,FALSE,FALSE,TRUE,FALSE,FALSE,FALSE,"{""coordinates"": [[-79.38107749127475, 43.65196449732085]], ""type"": ""MultiPoint""}"
16127,2019:9002221424,2019-11-16T15:15:00,QUEEN ST W,BAY ST,36 m East of,2,Non-Fatal Injury,Non-Intersection,No Control,Pedestrian Collision(internal code),Clear,Daylight,Dry,Major Arterial,TRUE,-79.38107749,43.65196449732085,1,,Unknown,2,54,Major,No Equipment Available,,,Person getting on/off vehicle,Normal,,Driver hits pedestrian at midblock,,,,pedestrian,,Toronto Centre (13),52 Division,Yonge-Bay Corridor,TRUE,FALSE,FALSE,FALSE,FALSE,FALSE,TRUE,FALSE,FALSE,FALSE,"{""coordinates"": [[-79.38107749127475, 43.65196449732085]], ""type"": ""MultiPoint""}"
16128,2019:9002229546,2019-11-18T18:30:00,MIDLAND AVE,DUXBURY DR,,5,Non-Fatal Injury,At Intersection,No Control,Pedestrian Collision(internal code),Rain,Dark with Artificial Lighting,Wet,Major Arterial,TRUE,-79.29649004,43.82418269924446,2,,,4,5,None,Lap and Shoulder Belt,,,,,,,,,,passenger,,Scarborough North (23),42 Division,Milliken,FALSE,FALSE,FALSE,FALSE,FALSE,FALSE,TRUE,FALSE,TRUE,FALSE,"{""coordinates"": [[-79.29649003629578, 43.82418269924446]], ""type"": ""MultiPoint""}"
16129,2019:9002229546,2019-11-18T18:30:00,MIDLAND AVE,DUXBURY DR,,5,Non-Fatal Injury,At Intersection,No Control,Pedestrian Collision(internal code),Rain,Dark with Artificial Lighting,Wet,Major Arterial,TRUE,-79.29649004,43.82418269924446,2,Automobile or Station Wagon,North,2,35,None,Lap and Shoulder Belt,Driving properly,Normal,,,Going Ahead,,,,,driver,,Scarborough North (23),42 Division,Milliken,FALSE,FALSE,FALSE,FALSE,FALSE,FALSE,TRUE,FALSE,TRUE,FALSE,"{""coordinates"": [[-79.29649003629578, 43.82418269924446]], ""type"": ""MultiPoint""}"
16130,2019:9002229546,2019-11-18T18:30:00,MIDLAND AVE,DUXBURY DR,,5,Non-Fatal Injury,At Intersection,No Control,Pedestrian Collision(internal code),Rain,Dark with Artificial Lighting,Wet,Major Arterial,TRUE,-79.29649004,43.82418269924446,1,,East,3,47,Major,No Equipment Available,,,Crossing - no traffic control,Normal,,Driver going straight hits pedestrian crossing with right-of-way (at intersection),,,,pedestrian,,Scarborough North (23),42 Division,Milliken,FALSE,FALSE,FALSE,FALSE,FALSE,FALSE,TRUE,FALSE,TRUE,FALSE,"{""coordinates"": [[-79.29649003629578, 43.82418269924446]], ""type"": ""MultiPoint""}"
16131,2019:9002229546,2019-11-18T18:30:00,MIDLAND AVE,DUXBURY DR,,5,Non-Fatal Injury,At Intersection,No Control,Pedestrian Collision(internal code),Rain,Dark with Artificial Lighting,Wet,Major Arterial,TRUE,-79.29649004,43.82418269924446,2,,,5,4,None,Lap and Shoulder Belt,,,,,,,,,,passenger,,Scarborough North (23),42 Division,Milliken,FALSE,FALSE,FALSE,FALSE,FALSE,FALSE,TRUE,FALSE,TRUE,FALSE,"{""coordinates"": [[-79.29649003629578, 43.82418269924446]], ""type"": ""MultiPoint""}"
16132,2019:9002229546,2019-11-18T18:30:00,MIDLAND AVE,DUXBURY DR,,5,Non-Fatal Injury,At Intersection,No Control,Pedestrian Collision(internal code),Rain,Dark with Artificial Lighting,Wet,Major Arterial,TRUE,-79.29649004,43.82418269924446,1,Automobile or Station Wagon,North,1,,None,Use Unknown,Other,Unknown,,,Going Ahead,,,,,driver,,Scarborough North (23),42 Division,Milliken,FALSE,FALSE,FALSE,FALSE,FALSE,FALSE,TRUE,FALSE,TRUE,FALSE,"{""coordinates"": [[-79.29649003629578, 43.82418269924446]], ""type"": ""MultiPoint""}"
16133,2019:9002239655,2019-11-20T09:51:00,WARDEN AVE,BOEM AVE,,2,Non-Fatal Injury,At Intersection,No Control,Turning Movement,Clear,Daylight,Dry,Major Arterial,FALSE,-79.2959713,43.748373213705555,2,Automobile or Station Wagon,South,2,24,Major,Lap and Shoulder Belt,Driving properly,Normal,,,Going Ahead,,,,,driver,,Scarborough Centre (21),41 Division,Wexford/Maryvale,TRUE,FALSE,FALSE,FALSE,FALSE,TRUE,FALSE,FALSE,FALSE,FALSE,"{""coordinates"": [[-79.29597130473721, 43.748373213705555]], ""type"": ""MultiPoint""}"
16134,2019:9002239655,2019-11-20T09:51:00,WARDEN AVE,BOEM AVE,,2,Non-Fatal Injury,At Intersection,No Control,Turning Movement,Clear,Daylight,Dry,Major Arterial,FALSE,-79.2959713,43.748373213705555,1,Automobile or Station Wagon,North,1,81,Minimal,Lap and Shoulder Belt,Failed to yield right-of-way,Normal,,,Turning Left,,,,,driver,,Scarborough Centre (21),41 Division,Wexford/Maryvale,TRUE,FALSE,FALSE,FALSE,FALSE,TRUE,FALSE,FALSE,FALSE,FALSE,"{""coordinates"": [[-79.29597130473721, 43.748373213705555]], ""type"": ""MultiPoint""}"
16135,2019:9002248311,2019-11-21T13:40:00,MCCOWAN RD,SANDHURST CRCL,,2,Fatal Injury,At Intersection,Traffic Signal,Cyclist Collision,Clear,Daylight,Wet,Major Arterial,FALSE,-79.2691844,43.81154457,,Bicycle,South,1,66,Fatal,,,,,,,,"Cyclist without right-of-way rides into path of driver (at intersection, laneway, or driveway)",Disobeyed Traffic Control,Normal,cyclist,57,Scarborough North (23),42 Division,Agincourt North,FALSE,FALSE,TRUE,FALSE,FALSE,TRUE,FALSE,FALSE,FALSE,FALSE,"{""coordinates"": [[-79.2691844016166, 43.8115445747705]], ""type"": ""MultiPoint""}"
16136,2019:9002248311,2019-11-21T13:40:00,MCCOWAN RD,SANDHURST CRCL,,2,Fatal Injury,At Intersection,Traffic Signal,Cyclist Collision,Clear,Daylight,Wet,Major Arterial,FALSE,-79.2691844,43.81154457,,Automobile or Station Wagon,South,2,80,None,,Driving properly,Unknown,,,Turning Right,,,,,driver,,Scarborough North (23),42 Division,Agincourt North,FALSE,FALSE,TRUE,FALSE,FALSE,TRUE,FALSE,FALSE,FALSE,FALSE,"{""coordinates"": [[-79.2691844016166, 43.8115445747705]], ""type"": ""MultiPoint""}"
16137,2019:9002250023,2019-11-21T18:00:00,EGLINTON AVE W,GUESTVILLE AVE,,2,Non-Fatal Injury,At Intersection,No Control,Pedestrian Collision(internal code),Rain,Dark with Artificial Lighting,Wet,Major Arterial,FALSE,-79.49062049,43.686655499753876,1,,West,2,16,Major,No Equipment Available,,,Crossing with right-of-way (intersection),Normal,,Driver turns left into pedestrian crossing with right-of-way (at intersection),,,,pedestrian,,York South-Weston (5),12 Division,Mount Dennis,TRUE,FALSE,FALSE,FALSE,FALSE,FALSE,TRUE,FALSE,TRUE,FALSE,"{""coordinates"": [[-79.49062048866745, 43.686655499753876]], ""type"": ""MultiPoint""}"
16138,2019:9002250023,2019-11-21T18:00:00,EGLINTON AVE W,GUESTVILLE AVE,,2,Non-Fatal Injury,At Intersection,No Control,Pedestrian Collision(internal code),Rain,Dark with Artificial Lighting,Wet,Major Arterial,FALSE,-79.49062049,43.686655499753876,1,Automobile or Station Wagon,West,1,39,None,Lap and Shoulder Belt,Failed to yield right-of-way,Normal,,,Turning Left,,,,,driver,,York South-Weston (5),12 Division,Mount Dennis,TRUE,FALSE,FALSE,FALSE,FALSE,FALSE,TRUE,FALSE,TRUE,FALSE,"{""coordinates"": [[-79.49062048866745, 43.686655499753876]], ""type"": ""MultiPoint""}"
16139,2019:9002255296,2019-11-22T13:52:00,LAWRENCE AVE W,ROSEWELL AVE,,2,Fatal Injury,Intersection-Related,No Control,Pedestrian Collision(internal code),Clear,Daylight,Dry,Major Arterial,FALSE,-79.41416613,43.72249446319906,,,North,1,91,Fatal,,,,Crossing - no traffic control,Inattentive,,Driver going straight hits pedestrian crossing without right-of-way (at intersection),,,,pedestrian,53,Eglinton-Lawrence (8),53 Division,Lawrence Park South,FALSE,TRUE,FALSE,FALSE,FALSE,TRUE,TRUE,FALSE,FALSE,FALSE,"{""coordinates"": [[-79.41416612637282, 43.72249446319906]], ""type"": ""MultiPoint""}"
16140,2019:9002255296,2019-11-22T13:52:00,LAWRENCE AVE W,ROSEWELL AVE,,2,Fatal Injury,Intersection-Related,No Control,Pedestrian Collision(internal code),Clear,Daylight,Dry,Major Arterial,FALSE,-79.41416613,43.72249446319906,1,Automobile or Station Wagon,East,2,51,None,,Driving properly,Normal,,,Going Ahead,,,,,driver,,Eglinton-Lawrence (8),53 Division,Lawrence Park South,FALSE,TRUE,FALSE,FALSE,FALSE,TRUE,TRUE,FALSE,FALSE,FALSE,"{""coordinates"": [[-79.41416612637282, 43.72249446319906]], ""type"": ""MultiPoint""}"
16141,2019:9002258373,2019-11-22T21:35:00,PHARMACY AVE,SURREY AVE,,2,Non-Fatal Injury,At Intersection,Traffic Signal,Pedestrian Collision(internal code),Clear,Dark with Artificial Lighting,Dry,Minor Arterial,TRUE,-79.30224269,43.73734111743975,1,Automobile or Station Wagon,West,1,,None,Use Unknown,Failed to yield right-of-way,Unknown,,,Turning Left,,,,,driver,,Scarborough Centre (21),41 Division,Wexford/Maryvale,TRUE,FALSE,FALSE,FALSE,FALSE,FALSE,TRUE,FALSE,FALSE,FALSE,"{""coordinates"": [[-79.30224269207768, 43.73734111743975]], ""type"": ""MultiPoint""}"
16142,2019:9002258373,2019-11-22T21:35:00,PHARMACY AVE,SURREY AVE,,2,Non-Fatal Injury,At Intersection,Traffic Signal,Pedestrian Collision(internal code),Clear,Dark with Artificial Lighting,Dry,Minor Arterial,TRUE,-79.30224269,43.73734111743975,1,,West,2,37,Major,No Equipment Available,,,Crossing with right-of-way (intersection),Normal,,Driver turns left into pedestrian crossing with right-of-way (at intersection),,,,pedestrian,,Scarborough Centre (21),41 Division,Wexford/Maryvale,TRUE,FALSE,FALSE,FALSE,FALSE,FALSE,TRUE,FALSE,FALSE,FALSE,"{""coordinates"": [[-79.30224269207768, 43.73734111743975]], ""type"": ""MultiPoint""}"
16143,2019:9002262489,2019-11-22T22:00:00,STEELES AVE W,JANE ST,,2,Non-Fatal Injury,At Intersection,Traffic Signal,Pedestrian Collision(internal code),Clear,Dark,Dry,Major Arterial,FALSE,-79.52169491,43.77540061556265,1,Automobile or Station Wagon,West,1,66,None,Lap and Shoulder Belt,Other,Unknown,,,Going Ahead,,,,,driver,,Humber River-Black Creek (7),31 Division,Black Creek,FALSE,FALSE,FALSE,FALSE,FALSE,TRUE,TRUE,FALSE,FALSE,FALSE,"{""coordinates"": [[-79.52169490788948, 43.77540061556265]], ""type"": ""MultiPoint""}"
16144,2019:9002262489,2019-11-22T22:00:00,STEELES AVE W,JANE ST,,2,Non-Fatal Injury,At Intersection,Traffic Signal,Pedestrian Collision(internal code),Clear,Dark,Dry,Major Arterial,FALSE,-79.52169491,43.77540061556265,1,,South,2,37,Major,Use Unknown,,,Other,Other Condition,,Other,,,,pedestrian,,Humber River-Black Creek (7),31 Division,Black Creek,FALSE,FALSE,FALSE,FALSE,FALSE,TRUE,TRUE,FALSE,FALSE,FALSE,"{""coordinates"": [[-79.52169490788948, 43.77540061556265]], ""type"": ""MultiPoint""}"
16145,2019:9002258968,2019-11-22T23:21:00,ST CLAIR AVE W,CHRISTIE ST,,2,Fatal Injury,Intersection-Related,Traffic Signal,Pedestrian Collision(internal code),Clear,Dark with Artificial Lighting,Dry,Major Arterial,FALSE,-79.42567897,43.68163908372332,1,Automobile or Station Wagon,West,2,,None,,Driving properly,Unknown,,,Going Ahead,,,,,driver,,Toronto-St. Paul's (12),13 Division,Wychwood,FALSE,TRUE,FALSE,FALSE,FALSE,TRUE,TRUE,FALSE,FALSE,FALSE,"{""coordinates"": [[-79.42567896998504, 43.68163908372332]], ""type"": ""MultiPoint""}"
16146,2019:9002258968,2019-11-22T23:21:00,ST CLAIR AVE W,CHRISTIE ST,,2,Fatal Injury,Intersection-Related,Traffic Signal,Pedestrian Collision(internal code),Clear,Dark with Artificial Lighting,Dry,Major Arterial,FALSE,-79.42567897,43.68163908372332,,,South,1,84,Fatal,,,,Crossing without right-of-way (intersection),Inattentive,,Driver going straight hits pedestrian crossing without right-of-way (at intersection),,,,pedestrian,54,Toronto-St. Paul's (12),13 Division,Wychwood,FALSE,TRUE,FALSE,FALSE,FALSE,TRUE,TRUE,FALSE,FALSE,FALSE,"{""coordinates"": [[-79.42567896998504, 43.68163908372332]], ""type"": ""MultiPoint""}"
16147,2019:9002262069,2019-11-23T12:45:00,KENNEDY RD,BRIGSTOCK RD,8 m South of,3,Non-Fatal Injury,At Intersection,No Control,Turning Movement,Clear,Daylight,Dry,Major Arterial,FALSE,-79.27942311,43.761224909334985,1,Automobile or Station Wagon,South,1,69,None,Lap and Shoulder Belt,Failed to yield right-of-way,Inattentive,,,Turning Left,,,,,driver,,Scarborough Centre (21),41 Division,Dorset Park,TRUE,TRUE,FALSE,TRUE,FALSE,TRUE,FALSE,FALSE,FALSE,FALSE,"{""coordinates"": [[-79.27942310839288, 43.761224909334985]], ""type"": ""MultiPoint""}"
16148,2019:9002262069,2019-11-23T12:45:00,KENNEDY RD,BRIGSTOCK RD,8 m South of,3,Non-Fatal Injury,At Intersection,No Control,Turning Movement,Clear,Daylight,Dry,Major Arterial,FALSE,-79.27942311,43.761224909334985,2,Motorcycle,North,2,20,Major,Helmet,Driving properly,Normal,,,Going Ahead,,,,,motorcyclist,,Scarborough Centre (21),41 Division,Dorset Park,TRUE,TRUE,FALSE,TRUE,FALSE,TRUE,FALSE,FALSE,FALSE,FALSE,"{""coordinates"": [[-79.27942310839288, 43.761224909334985]], ""type"": ""MultiPoint""}"
16149,2019:9002262069,2019-11-23T12:45:00,KENNEDY RD,BRIGSTOCK RD,8 m South of,3,Non-Fatal Injury,At Intersection,No Control,Turning Movement,Clear,Daylight,Dry,Major Arterial,FALSE,-79.27942311,43.761224909334985,1,,,3,26,None,Lap and Shoulder Belt,,,,,,,,,,passenger,,Scarborough Centre (21),41 Division,Dorset Park,TRUE,TRUE,FALSE,TRUE,FALSE,TRUE,FALSE,FALSE,FALSE,FALSE,"{""coordinates"": [[-79.27942310839288, 43.761224909334985]], ""type"": ""MultiPoint""}"
16150,2019:9002263717,2019-11-23T17:14:00,1841 WILSON AVE,,,2,Non-Fatal Injury,At/Near Private Drive,No Control,Cyclist Collision,Clear,Dusk,Dry,Major Arterial,TRUE,-79.5240296,43.71740961457595,1,Passenger Van,East,1,,None,Use Unknown,Failed to yield right-of-way,Unknown,,,Turning Right,,,,,driver,,Humber River-Black Creek (7),31 Division,Oakdale-Beverley Heights,TRUE,FALSE,TRUE,FALSE,FALSE,FALSE,FALSE,FALSE,FALSE,FALSE,"{""coordinates"": [[-79.52402959854342, 43.71740961457595]], ""type"": ""MultiPoint""}"
16151,2019:9002263717,2019-11-23T17:14:00,1841 WILSON AVE,,,2,Non-Fatal Injury,At/Near Private Drive,No Control,Cyclist Collision,Clear,Dusk,Dry,Major Arterial,TRUE,-79.5240296,43.71740961457595,2,Bicycle,East,2,31,Major,No Equipment Available,,,,,Going Ahead,,"Driver turns right at non-signalized intersection (e.g. stop, yield, no control, driveway) and hits cyclist",Driving Properly,Normal,cyclist,,Humber River-Black Creek (7),31 Division,Oakdale-Beverley Heights,TRUE,FALSE,TRUE,FALSE,FALSE,FALSE,FALSE,FALSE,FALSE,FALSE,"{""coordinates"": [[-79.52402959854342, 43.71740961457595]], ""type"": ""MultiPoint""}"
16152,2019:9002266612,2019-11-24T02:57:00,3207 KINGSTON RD,,200 m East of,2,Property Damage Only,Non-Intersection,No Control,Rear End,Clear,Dark with Artificial Lighting,Dry,Major Arterial,FALSE,-79.22745925,43.72933779079147,2,Automobile or Station Wagon,East,2,49,Major,Lap and Shoulder Belt,Driving properly,Normal,,,Going Ahead,,,,,driver,,Scarborough Southwest (20),43 Division,Cliffcrest,TRUE,FALSE,FALSE,FALSE,FALSE,FALSE,FALSE,FALSE,FALSE,FALSE,"{""coordinates"": [[-79.22745925307694, 43.72933779079147]], ""type"": ""MultiPoint""}"
16153,2019:9002266612,2019-11-24T02:57:00,3207 KINGSTON RD,,200 m East of,2,Property Damage Only,Non-Intersection,No Control,Rear End,Clear,Dark with Artificial Lighting,Dry,Major Arterial,FALSE,-79.22745925,43.72933779079147,1,Automobile or Station Wagon,East,1,38,None,Use Unknown,Speed too fast for conditions,Unknown,,,Going Ahead,,,,,driver,,Scarborough Southwest (20),43 Division,Cliffcrest,TRUE,FALSE,FALSE,FALSE,FALSE,FALSE,FALSE,FALSE,FALSE,FALSE,"{""coordinates"": [[-79.22745925307694, 43.72933779079147]], ""type"": ""MultiPoint""}"
16154,2019:9002274826,2019-11-25T12:10:00,DON MILLS RD,GREEN BELT DR,,5,Fatal Injury,At Intersection,Traffic Signal,Turning Movement,Clear,Daylight,Dry,Major Arterial,FALSE,-79.34082462,43.727583172405765,2,,,1,17,Fatal,,,,,,,,,,,passenger,52,Don Valley East (16),33 Division,Banbury-Don Mills,TRUE,FALSE,FALSE,FALSE,FALSE,FALSE,FALSE,FALSE,TRUE,FALSE,"{""coordinates"": [[-79.34082462034988, 43.727583172405765]], ""type"": ""MultiPoint""}"
16155,2019:9002274826,2019-11-25T12:10:00,DON MILLS RD,GREEN BELT DR,,5,Fatal Injury,At Intersection,Traffic Signal,Turning Movement,Clear,Daylight,Dry,Major Arterial,FALSE,-79.34082462,43.727583172405765,1,Automobile or Station Wagon,South,2,43,Minimal,,Failed to yield right-of-way,Normal,,,Turning Left,,,,,driver,,Don Valley East (16),33 Division,Banbury-Don Mills,TRUE,FALSE,FALSE,FALSE,FALSE,FALSE,FALSE,FALSE,TRUE,FALSE,"{""coordinates"": [[-79.34082462034988, 43.727583172405765]], ""type"": ""MultiPoint""}"
16156,2019:9002274826,2019-11-25T12:10:00,DON MILLS RD,GREEN BELT DR,,5,Fatal Injury,At Intersection,Traffic Signal,Turning Movement,Clear,Daylight,Dry,Major Arterial,FALSE,-79.34082462,43.727583172405765,2,,,5,16,Minor,,,,,,,,,,,passenger,,Don Valley East (16),33 Division,Banbury-Don Mills,TRUE,FALSE,FALSE,FALSE,FALSE,FALSE,FALSE,FALSE,TRUE,FALSE,"{""coordinates"": [[-79.34082462034988, 43.727583172405765]], ""type"": ""MultiPoint""}"
16157,2019:9002274826,2019-11-25T12:10:00,DON MILLS RD,GREEN BELT DR,,5,Fatal Injury,At Intersection,Traffic Signal,Turning Movement,Clear,Daylight,Dry,Major Arterial,FALSE,-79.34082462,43.727583172405765,2,Automobile or Station Wagon,North,3,17,Minor,,Driving properly,Normal,,,Going Ahead,,,,,driver,,Don Valley East (16),33 Division,Banbury-Don Mills,TRUE,FALSE,FALSE,FALSE,FALSE,FALSE,FALSE,FALSE,TRUE,FALSE,"{""coordinates"": [[-79.34082462034988, 43.727583172405765]], ""type"": ""MultiPoint""}"
16158,2019:9002274826,2019-11-25T12:10:00,DON MILLS RD,GREEN BELT DR,,5,Fatal Injury,At Intersection,Traffic Signal,Turning Movement,Clear,Daylight,Dry,Major Arterial,FALSE,-79.34082462,43.727583172405765,2,,,4,18,Minor,,,,,,,,,,,passenger,,Don Valley East (16),33 Division,Banbury-Don Mills,TRUE,FALSE,FALSE,FALSE,FALSE,FALSE,FALSE,FALSE,TRUE,FALSE,"{""coordinates"": [[-79.34082462034988, 43.727583172405765]], ""type"": ""MultiPoint""}"
16159,2019:9002276399,2019-11-25T16:09:00,QUEENS QUAY W,ROBERTSON CRES,6 m  of,2,Non-Fatal Injury,Intersection-Related,Traffic Signal,Cyclist Collision,Clear,Daylight,Dry,Minor Arterial,FALSE,-79.38656306,43.63884194984143,1,Bicycle,North,1,47,Major,No Equipment Available,,,,,Going Ahead,,"Cyclist without right-of-way rides into path of driver (at intersection, laneway, or driveway)",Disobeyed Traffic Control,Normal,cyclist,,Spadina-Fort York (10),52 Division,Harbourfront-CityPlace,FALSE,FALSE,TRUE,FALSE,FALSE,FALSE,FALSE,FALSE,FALSE,FALSE,"{""coordinates"": [[-79.38656305682625, 43.63884194984143]], ""type"": ""MultiPoint""}"
16160,2019:9002276399,2019-11-25T16:09:00,QUEENS QUAY W,ROBERTSON CRES,6 m  of,2,Non-Fatal Injury,Intersection-Related,Traffic Signal,Cyclist Collision,Clear,Daylight,Dry,Minor Arterial,FALSE,-79.38656306,43.63884194984143,2,Pickup Truck,East,2,28,None,Lap and Shoulder Belt,Driving properly,Normal,,,Going Ahead,,,,,driver,,Spadina-Fort York (10),52 Division,Harbourfront-CityPlace,FALSE,FALSE,TRUE,FALSE,FALSE,FALSE,FALSE,FALSE,FALSE,FALSE,"{""coordinates"": [[-79.38656305682625, 43.63884194984143]], ""type"": ""MultiPoint""}"
16161,2019:9002294353,2019-11-28T06:23:00,ISLINGTON AVE,AVIEMORE DR,,2,Fatal Injury,Non-Intersection,No Control,Pedestrian Collision(internal code),Clear,Dark,Dry,Major Arterial,FALSE,-79.56835638,43.748308695351945,1,,North,2,,None,,Other,Unknown,,,Going Ahead,,,,,driver,,Humber River-Black Creek (7),31 Division,Humber Summit,FALSE,FALSE,FALSE,FALSE,FALSE,TRUE,TRUE,FALSE,FALSE,FALSE,"{""coordinates"": [[-79.56835637913252, 43.748308695351945]], ""type"": ""MultiPoint""}"
16162,2019:9002294353,2019-11-28T06:23:00,ISLINGTON AVE,AVIEMORE DR,,2,Fatal Injury,Non-Intersection,No Control,Pedestrian Collision(internal code),Clear,Dark,Dry,Major Arterial,FALSE,-79.56835638,43.748308695351945,,,West,1,77,Fatal,,,,Crossing without right-of-way (intersection),Other Condition,,Driver hits pedestrian at midblock,,,,pedestrian,56,Humber River-Black Creek (7),31 Division,Humber Summit,FALSE,FALSE,FALSE,FALSE,FALSE,TRUE,TRUE,FALSE,FALSE,FALSE,"{""coordinates"": [[-79.56835637913252, 43.748308695351945]], ""type"": ""MultiPoint""}"
16163,2019:9002297507,2019-11-28T14:48:00,YONGE ST,GERRARD ST E,4 m North of,2,Non-Fatal Injury,At Intersection,Traffic Signal,Pedestrian Collision(internal code),Clear,Daylight,Dry,Major Arterial,FALSE,-79.38207693,43.659021687150805,1,,West,2,65,Major,Use Unknown,,,Crossing with right-of-way (intersection),Normal,,Driver turns right into pedestrian crossing with right-of-way (at intersection),,,,pedestrian,,Toronto Centre (13),51 Division,Downtown Yonge East,TRUE,FALSE,FALSE,FALSE,FALSE,TRUE,TRUE,FALSE,FALSE,TRUE,"{""coordinates"": [[-79.38207693317274, 43.659021687150805]], ""type"": ""MultiPoint""}"
16164,2019:9002297507,2019-11-28T14:48:00,YONGE ST,GERRARD ST E,4 m North of,2,Non-Fatal Injury,At Intersection,Traffic Signal,Pedestrian Collision(internal code),Clear,Daylight,Dry,Major Arterial,FALSE,-79.38207693,43.659021687150805,1,Truck - Dump,West,1,56,None,Lap and Shoulder Belt,Failed to yield right-of-way,Normal,,,Turning Right,,,,,driver,,Toronto Centre (13),51 Division,Downtown Yonge East,TRUE,FALSE,FALSE,FALSE,FALSE,TRUE,TRUE,FALSE,FALSE,TRUE,"{""coordinates"": [[-79.38207693317274, 43.659021687150805]], ""type"": ""MultiPoint""}"
16165,2019:9002320157,2019-12-01T20:10:00,LAWRENCE AVE E,AINSDALE RD,5 m East of,8,Non-Fatal Injury,At Intersection,No Control,Rear End,Snow,Dark with Artificial Lighting,Loose Snow,Major Arterial,FALSE,-79.2922863,43.74589747,4,,,8,35,None,Lap and Shoulder Belt,,,,,,,,,,passenger,,Scarborough Centre (21),41 Division,Wexford/Maryvale,TRUE,FALSE,FALSE,FALSE,FALSE,FALSE,FALSE,FALSE,FALSE,FALSE,"{""coordinates"": [[-79.29228630407877, 43.7458974706114]], ""type"": ""MultiPoint""}"
16166,2019:9002320157,2019-12-01T20:10:00,LAWRENCE AVE E,AINSDALE RD,5 m East of,8,Non-Fatal Injury,At Intersection,No Control,Rear End,Snow,Dark with Artificial Lighting,Loose Snow,Major Arterial,FALSE,-79.2922863,43.74589747,3,Automobile or Station Wagon,West,3,54,Minor,Lap and Shoulder Belt,Driving properly,Normal,,,Going Ahead,,,,,driver,,Scarborough Centre (21),41 Division,Wexford/Maryvale,TRUE,FALSE,FALSE,FALSE,FALSE,FALSE,FALSE,FALSE,FALSE,FALSE,"{""coordinates"": [[-79.29228630407877, 43.7458974706114]], ""type"": ""MultiPoint""}"
16167,2019:9002320157,2019-12-01T20:10:00,LAWRENCE AVE E,AINSDALE RD,5 m East of,8,Non-Fatal Injury,At Intersection,No Control,Rear End,Snow,Dark with Artificial Lighting,Loose Snow,Major Arterial,FALSE,-79.2922863,43.74589747,4,Automobile or Station Wagon,West,4,26,None,Lap and Shoulder Belt,Driving properly,Normal,,,Going Ahead,,,,,driver,,Scarborough Centre (21),41 Division,Wexford/Maryvale,TRUE,FALSE,FALSE,FALSE,FALSE,FALSE,FALSE,FALSE,FALSE,FALSE,"{""coordinates"": [[-79.29228630407877, 43.7458974706114]], ""type"": ""MultiPoint""}"
16168,2019:9002320157,2019-12-01T20:10:00,LAWRENCE AVE E,AINSDALE RD,5 m East of,8,Non-Fatal Injury,At Intersection,No Control,Rear End,Snow,Dark with Artificial Lighting,Loose Snow,Major Arterial,FALSE,-79.2922863,43.74589747,1,Automobile or Station Wagon,East,1,28,None,Equipment Not Used But Available,Speed too fast for conditions,Had Been Drinking,,,Going Ahead,,,,,driver,,Scarborough Centre (21),41 Division,Wexford/Maryvale,TRUE,FALSE,FALSE,FALSE,FALSE,FALSE,FALSE,FALSE,FALSE,FALSE,"{""coordinates"": [[-79.29228630407877, 43.7458974706114]], ""type"": ""MultiPoint""}"