_id,collision_id,accdate,stname1,stname2,stname3,per_inv,acclass,accloc,traffictl,impactype,visible,light,rdsfcond,road_class,failtorem,longitude,latitude,veh_no,vehtype,initdir,per_no,invage,injury,safequip,drivact,drivcond,pedact,pedcond,manoeuvre,pedtype,cyclistype,cycact,cyccond,road_user,fatal_no,wardname,division,neighbourhood,aggressive,distracted,cyclist,motorcyclist,other_micromobility,older_adult,pedestrian,red_light,school_child,heavy_truck,geometry
16302,2020:0000144397,2020-01-21T19:00:00,OAKWOOD AVE,VAUGHAN RD,,2,Non-Fatal Injury,At Intersection,Traffic Signal,Turning Movement,Clear,Dark with Artificial Lighting,Wet,Minor Arterial,FALSE,-79.44083096,43.69257965297832,1,Automobile or Station Wagon,North,1,65,Major,Lap and Shoulder Belt,Improper turn,Inattentive,,,Turning Left,,,,,driver,,Toronto-St. Paul's (12),13 Division,Oakwood Village,FALSE,TRUE,FALSE,FALSE,FALSE,TRUE,FALSE,FALSE,FALSE,FALSE,"{""coordinates"": [[-79.44083095753186, 43.69257965297832]], ""type"": ""MultiPoint""}"
16303,2020:0000144397,2020-01-21T19:00:00,OAKWOOD AVE,VAUGHAN RD,,2,Non-Fatal Injury,At Intersection,Traffic Signal,Turning Movement,Clear,Dark with Artificial Lighting,Wet,Minor Arterial,FALSE,-79.44083096,43.69257965297832,2,Automobile or Station Wagon,South,2,57,None,Lap and Shoulder Belt,Driving properly,Normal,,,Going Ahead,,,,,driver,,Toronto-St. Paul's (12),13 Division,Oakwood Village,FALSE,TRUE,FALSE,FALSE,FALSE,TRUE,FALSE,FALSE,FALSE,FALSE,"{""coordinates"": [[-79.44083095753186, 43.69257965297832]], ""type"": ""MultiPoint""}"
16304,2020:0000169709,2020-01-25T05:05:00,F G GARDINER XY W,LOWER SHERBOURNE ST,150 m West of,1,Non-Fatal Injury,Non-Intersection,No Control,SMV Other,Rain,Dark with Artificial Lighting,Wet,Expressway,FALSE,-79.36712331,43.646360687432036,1,Truck - Closed,West,1,29,Major,Use Unknown,Lost control,Inattentive,,,Going Ahead,,,,,driver,,Spadina-Fort York (10),51 Division,St Lawrence-East Bayfront-The Islands,FALSE,TRUE,FALSE,FALSE,FALSE,FALSE,FALSE,FALSE,FALSE,TRUE,"{""coordinates"": [[-79.36712330976597, 43.646360687432036]], ""type"": ""MultiPoint""}"
16305,2020:0000180484,2020-01-26T19:32:00,KINGSTON RD,WEST HILL DR,15 m East of,3,Non-Fatal Injury,Intersection-Related,No Control,Pedestrian Collision(internal code),Rain,Dark with Artificial Lighting,Wet,Major Arterial,FALSE,-79.18172093,43.77424055440613,1,,,2,52,None,Lap and Shoulder Belt,,,,,,,,,,passenger,,Scarborough-Rouge Park (25),43 Division,West Hill,FALSE,FALSE,FALSE,FALSE,FALSE,TRUE,TRUE,FALSE,FALSE,FALSE,"{""coordinates"": [[-79.18172092926066, 43.77424055440613]], ""type"": ""MultiPoint""}"
16306,2020:0000180484,2020-01-26T19:32:00,KINGSTON RD,WEST HILL DR,15 m East of,3,Non-Fatal Injury,Intersection-Related,No Control,Pedestrian Collision(internal code),Rain,Dark with Artificial Lighting,Wet,Major Arterial,FALSE,-79.18172093,43.77424055440613,1,,South,3,76,Major,Use Unknown,,,Crossing - no traffic control,Normal,,Driver hits pedestrian at midblock,,,,pedestrian,,Scarborough-Rouge Park (25),43 Division,West Hill,FALSE,FALSE,FALSE,FALSE,FALSE,TRUE,TRUE,FALSE,FALSE,FALSE,"{""coordinates"": [[-79.18172092926066, 43.77424055440613]], ""type"": ""MultiPoint""}"
16307,2020:0000180484,2020-01-26T19:32:00,KINGSTON RD,WEST HILL DR,15 m East of,3,Non-Fatal Injury,Intersection-Related,No Control,Pedestrian Collision(internal code),Rain,Dark with Artificial Lighting,Wet,Major Arterial,FALSE,-79.18172093,43.77424055440613,1,Automobile or Station Wagon,East,1,56,None,Lap and Shoulder Belt,Driving properly,Normal,,,Going Ahead,,,,,driver,,Scarborough-Rouge Park (25),43 Division,West Hill,FALSE,FALSE,FALSE,FALSE,FALSE,TRUE,TRUE,FALSE,FALSE,FALSE,"{""coordinates"": [[-79.18172092926066, 43.77424055440613]], ""type"": ""MultiPoint""}"
16308,2020:0000187607,2020-01-27T18:17:00,MORNINGSIDE AVE,401 C E MORNINGSIDE AVE S RAMP,61 m North of,2,Non-Fatal Injury,Non-Intersection,No Control,Pedestrian Collision(internal code),Clear,Dark with Artificial Lighting,Dry,Major Arterial,FALSE,-79.19659825,43.79534729393206,1,Automobile or Station Wagon,South,1,54,None,Lap and Shoulder Belt,Driving properly,Normal,,,Going Ahead,,,,,driver,,Scarborough-Rouge Park (25),43 Division,Highland Creek,FALSE,TRUE,FALSE,FALSE,FALSE,FALSE,TRUE,FALSE,FALSE,FALSE,"{""coordinates"": [[-79.19659825397527, 43.79534729393206]], ""type"": ""MultiPoint""}"
16309,2020:0000187607,2020-01-27T18:17:00,MORNINGSIDE AVE,401 C E MORNINGSIDE AVE S RAMP,61 m North of,2,Non-Fatal Injury,Non-Intersection,No Control,Pedestrian Collision(internal code),Clear,Dark with Artificial Lighting,Dry,Major Arterial,FALSE,-79.19659825,43.79534729393206,1,,North,2,38,Major,Use Unknown,,,Crossing - no traffic control,Inattentive,,Driver hits pedestrian at midblock,,,,pedestrian,,Scarborough-Rouge Park (25),43 Division,Highland Creek,FALSE,TRUE,FALSE,FALSE,FALSE,FALSE,TRUE,FALSE,FALSE,FALSE,"{""coordinates"": [[-79.19659825397527, 43.79534729393206]], ""type"": ""MultiPoint""}"
16310,2020:0000188526,2020-01-27T20:30:00,3775 DUNDAS ST W,,,2,Fatal Injury,Non-Intersection,No Control,Pedestrian Collision(internal code),Clear,Dark with Artificial Lighting,Dry,Major Arterial,FALSE,-79.49982159,43.66530466253413,,,South,2,76,Fatal,,,,Crossing - no traffic control,Normal,,Driver hits pedestrian at midblock,,,,pedestrian,3,Parkdale-High Park (4),11 Division,Lambton Baby Point,FALSE,FALSE,FALSE,FALSE,FALSE,TRUE,TRUE,FALSE,FALSE,FALSE,"{""coordinates"": [[-79.49982159485528, 43.66530466253413]], ""type"": ""MultiPoint""}"
16311,2020:0000188526,2020-01-27T20:30:00,3775 DUNDAS ST W,,,2,Fatal Injury,Non-Intersection,No Control,Pedestrian Collision(internal code),Clear,Dark with Artificial Lighting,Dry,Major Arterial,FALSE,-79.49982159,43.66530466253413,1,Automobile or Station Wagon,East,1,42,None,,Driving properly,Normal,,,Going Ahead,,,,,driver,,Parkdale-High Park (4),11 Division,Lambton Baby Point,FALSE,FALSE,FALSE,FALSE,FALSE,TRUE,TRUE,FALSE,FALSE,FALSE,"{""coordinates"": [[-79.49982159485528, 43.66530466253413]], ""type"": ""MultiPoint""}"
16312,2020:0000202070,2020-01-29T16:34:00,LAWRENCE AVE E,DON MILLS RD,,2,Fatal Injury,Non-Intersection,No Control,Pedestrian Collision(internal code),Clear,Daylight,Dry,Major Arterial,FALSE,-79.34456302,43.73685289,1,Automobile or Station Wagon,West,2,29,Minimal,,Driving properly,Inattentive,,,Going Ahead,,,,,driver,,Don Valley East (16),33 Division,Banbury-Don Mills,FALSE,TRUE,FALSE,FALSE,FALSE,FALSE,TRUE,FALSE,FALSE,FALSE,"{""coordinates"": [[-79.3445630170952, 43.7368528904497]], ""type"": ""MultiPoint""}"
16313,2020:0000202070,2020-01-29T16:34:00,LAWRENCE AVE E,DON MILLS RD,,2,Fatal Injury,Non-Intersection,No Control,Pedestrian Collision(internal code),Clear,Daylight,Dry,Major Arterial,FALSE,-79.34456302,43.73685289,,,North,1,63,Fatal,,,,Crossing - no traffic control,Normal,,Driver hits pedestrian at midblock,,,,pedestrian,4,Don Valley East (16),33 Division,Banbury-Don Mills,FALSE,TRUE,FALSE,FALSE,FALSE,FALSE,TRUE,FALSE,FALSE,FALSE,"{""coordinates"": [[-79.3445630170952, 43.7368528904497]], ""type"": ""MultiPoint""}"
16314,2020:0000212688,2020-01-31T04:15:00,SHEPPARD AVE W,WILLIAM R ALLEN RD,,2,Non-Fatal Injury,At Intersection,Traffic Signal,Pedestrian Collision(internal code),Clear,Dark with Artificial Lighting,Dry,Major Arterial,FALSE,-79.46334524,43.75017777465668,1,Truck - Tank,East,1,28,None,Lap and Shoulder Belt,Driving properly,Normal,,,Turning Right,,,,,driver,,York Centre (6),32 Division,Downsview,FALSE,FALSE,FALSE,FALSE,FALSE,FALSE,TRUE,FALSE,FALSE,TRUE,"{""coordinates"": [[-79.46334524192652, 43.75017777465668]], ""type"": ""MultiPoint""}"
16315,2020:0000212688,2020-01-31T04:15:00,SHEPPARD AVE W,WILLIAM R ALLEN RD,,2,Non-Fatal Injury,At Intersection,Traffic Signal,Pedestrian Collision(internal code),Clear,Dark with Artificial Lighting,Dry,Major Arterial,FALSE,-79.46334524,43.75017777465668,1,,South,2,37,Major,Use Unknown,,,Other,Ability Impaired - Drugs,,Other,,,,pedestrian,,York Centre (6),32 Division,Downsview,FALSE,FALSE,FALSE,FALSE,FALSE,FALSE,TRUE,FALSE,FALSE,TRUE,"{""coordinates"": [[-79.46334524192652, 43.75017777465668]], ""type"": ""MultiPoint""}"
16316,2020:0000213617,2020-01-31T08:45:00,LAKE SHORE BLVD W,KIPLING AVE,50 m West of,2,Non-Fatal Injury,Non-Intersection,No Control,Other,Clear,Daylight,Dry,Major Arterial,FALSE,-79.5174609,43.59800964402081,1,,,2,70,Major,No Equipment Available,,,,,,,,,,passenger,,Etobicoke-Lakeshore (3),22 Division,New Toronto,FALSE,FALSE,FALSE,FALSE,FALSE,TRUE,FALSE,FALSE,FALSE,TRUE,"{""coordinates"": [[-79.51746090236921, 43.59800964402081]], ""type"": ""MultiPoint""}"
16317,2020:0000213617,2020-01-31T08:45:00,LAKE SHORE BLVD W,KIPLING AVE,50 m West of,2,Non-Fatal Injury,Non-Intersection,No Control,Other,Clear,Daylight,Dry,Major Arterial,FALSE,-79.5174609,43.59800964402081,1,Streetcar,East,1,63,None,Lap and Shoulder Belt,Driving properly,Normal,,,Slowing or Stopping,,,,,driver,,Etobicoke-Lakeshore (3),22 Division,New Toronto,FALSE,FALSE,FALSE,FALSE,FALSE,TRUE,FALSE,FALSE,FALSE,TRUE,"{""coordinates"": [[-79.51746090236921, 43.59800964402081]], ""type"": ""MultiPoint""}"
16318,2020:0000214205,2020-01-31T10:14:00,DANFORTH AVE,PAPE AVE,9 m South of,5,Non-Fatal Injury,At Intersection,Traffic Signal,Pedestrian Collision(internal code),Clear,Daylight,Dry,Major Arterial,FALSE,-79.34480724,43.67888094,1,Automobile or Station Wagon,East,1,41,None,Lap and Shoulder Belt,Failed to yield right-of-way,Normal,,,Slowing or Stopping,,,,,driver,,Toronto-Danforth (14),55 Division,Blake-Jones,TRUE,FALSE,FALSE,FALSE,FALSE,TRUE,TRUE,FALSE,FALSE,FALSE,"{""coordinates"": [[-79.34480724061686, 43.6788809440491]], ""type"": ""MultiPoint""}"
16319,2020:0000214205,2020-01-31T10:14:00,DANFORTH AVE,PAPE AVE,9 m South of,5,Non-Fatal Injury,At Intersection,Traffic Signal,Pedestrian Collision(internal code),Clear,Daylight,Dry,Major Arterial,FALSE,-79.34480724,43.67888094,1,,North,5,85,Major,No Equipment Available,,,Crossing with right-of-way (intersection),Normal,,Driver going straight hits pedestrian crossing with right-of-way (at intersection),,,,pedestrian,,Toronto-Danforth (14),55 Division,Blake-Jones,TRUE,FALSE,FALSE,FALSE,FALSE,TRUE,TRUE,FALSE,FALSE,FALSE,"{""coordinates"": [[-79.34480724061686, 43.6788809440491]], ""type"": ""MultiPoint""}"
16320,2020:0000214205,2020-01-31T10:14:00,DANFORTH AVE,PAPE AVE,9 m South of,5,Non-Fatal Injury,At Intersection,Traffic Signal,Pedestrian Collision(internal code),Clear,Daylight,Dry,Major Arterial,FALSE,-79.34480724,43.67888094,1,,,4,3,None,Lap and Shoulder Belt,,,,,,,,,,passenger,,Toronto-Danforth (14),55 Division,Blake-Jones,TRUE,FALSE,FALSE,FALSE,FALSE,TRUE,TRUE,FALSE,FALSE,FALSE,"{""coordinates"": [[-79.34480724061686, 43.6788809440491]], ""type"": ""MultiPoint""}"
16321,2020:0000214205,2020-01-31T10:14:00,DANFORTH AVE,PAPE AVE,9 m South of,5,Non-Fatal Injury,At Intersection,Traffic Signal,Pedestrian Collision(internal code),Clear,Daylight,Dry,Major Arterial,FALSE,-79.34480724,43.67888094,1,,,3,65,None,Lap and Shoulder Belt,,,,,,,,,,passenger,,Toronto-Danforth (14),55 Division,Blake-Jones,TRUE,FALSE,FALSE,FALSE,FALSE,TRUE,TRUE,FALSE,FALSE,FALSE,"{""coordinates"": [[-79.34480724061686, 43.6788809440491]], ""type"": ""MultiPoint""}"
16322,2020:0000214205,2020-01-31T10:14:00,DANFORTH AVE,PAPE AVE,9 m South of,5,Non-Fatal Injury,At Intersection,Traffic Signal,Pedestrian Collision(internal code),Clear,Daylight,Dry,Major Arterial,FALSE,-79.34480724,43.67888094,1,,,2,41,None,Lap and Shoulder Belt,,,,,,,,,,passenger,,Toronto-Danforth (14),55 Division,Blake-Jones,TRUE,FALSE,FALSE,FALSE,FALSE,TRUE,TRUE,FALSE,FALSE,FALSE,"{""coordinates"": [[-79.34480724061686, 43.6788809440491]], ""type"": ""MultiPoint""}"
16323,2020:0000220239,2020-02-01T02:31:00,YONGE ST,KING ST W,,2,Non-Fatal Injury,At Intersection,Traffic Signal,Pedestrian Collision(internal code),Clear,Dark with Artificial Lighting,Dry,Major Arterial,TRUE,-79.37788077,43.64907676740139,1,Automobile or Station Wagon,South,1,37,Minimal,Use Unknown,Driving properly,Inattentive,,,Going Ahead,,,,,driver,,Toronto Centre (13),51 Division,Downtown Yonge East,FALSE,TRUE,FALSE,FALSE,FALSE,FALSE,TRUE,FALSE,FALSE,FALSE,"{""coordinates"": [[-79.37788077310572, 43.64907676740139]], ""type"": ""MultiPoint""}"
16324,2020:0000220239,2020-02-01T02:31:00,YONGE ST,KING ST W,,2,Non-Fatal Injury,At Intersection,Traffic Signal,Pedestrian Collision(internal code),Clear,Dark with Artificial Lighting,Dry,Major Arterial,TRUE,-79.37788077,43.64907676740139,1,,West,2,23,Major,No Equipment Available,,,Crossing without right-of-way (intersection),Ability Impaired - Alcohol,,Driver going straight hits pedestrian crossing without right-of-way (at intersection),,,,pedestrian,,Toronto Centre (13),51 Division,Downtown Yonge East,FALSE,TRUE,FALSE,FALSE,FALSE,FALSE,TRUE,FALSE,FALSE,FALSE,"{""coordinates"": [[-79.37788077310572, 43.64907676740139]], ""type"": ""MultiPoint""}"
16325,2020:0000220521,2020-02-01T04:06:00,ST CLAIR AVE W,ATLAS AVE,23 m West of,3,Non-Fatal Injury,At Intersection,No Control,Rear End,Clear,Dark with Artificial Lighting,Wet,Major Arterial,FALSE,-79.43069912,43.680578605348536,2,Automobile or Station Wagon,West,1,35,Major,Lap and Shoulder Belt,Driving properly,Normal,,,Going Ahead,,,,,driver,,Toronto-St. Paul's (12),13 Division,Wychwood,TRUE,FALSE,FALSE,FALSE,FALSE,FALSE,FALSE,FALSE,FALSE,FALSE,"{""coordinates"": [[-79.43069912273117, 43.680578605348536]], ""type"": ""MultiPoint""}"
16326,2020:0000220521,2020-02-01T04:06:00,ST CLAIR AVE W,ATLAS AVE,23 m West of,3,Non-Fatal Injury,At Intersection,No Control,Rear End,Clear,Dark with Artificial Lighting,Wet,Major Arterial,FALSE,-79.43069912,43.680578605348536,1,Automobile or Station Wagon,West,3,24,Minimal,Lap and Shoulder Belt,Speed too fast for conditions,Ability Impaired - Alcohol,,,Going Ahead,,,,,driver,,Toronto-St. Paul's (12),13 Division,Wychwood,TRUE,FALSE,FALSE,FALSE,FALSE,FALSE,FALSE,FALSE,FALSE,FALSE,"{""coordinates"": [[-79.43069912273117, 43.680578605348536]], ""type"": ""MultiPoint""}"
16327,2020:0000220521,2020-02-01T04:06:00,ST CLAIR AVE W,ATLAS AVE,23 m West of,3,Non-Fatal Injury,At Intersection,No Control,Rear End,Clear,Dark with Artificial Lighting,Wet,Major Arterial,FALSE,-79.43069912,43.680578605348536,1,,,2,24,None,Lap and Shoulder Belt,,,,,,,,,,passenger,,Toronto-St. Paul's (12),13 Division,Wychwood,TRUE,FALSE,FALSE,FALSE,FALSE,FALSE,FALSE,FALSE,FALSE,FALSE,"{""coordinates"": [[-79.43069912273117, 43.680578605348536]], ""type"": ""MultiPoint""}"
16328,2020:0000231164,2020-02-02T17:56:00,KEELE ST,GULLIVER RD,12 m South of,2,Non-Fatal Injury,Intersection-Related,Traffic Signal,Approaching Head On,Clear,Dark with Artificial Lighting,Wet,Major Arterial,FALSE,-79.47590334,43.699240159987035,2,Automobile or Station Wagon,North,2,53,Minimal,Lap and Shoulder Belt,Driving properly,Normal,,,Stopped,,,,,driver,,York South-Weston (5),12 Division,Brookhaven-Amesbury,FALSE,FALSE,FALSE,FALSE,FALSE,FALSE,FALSE,FALSE,FALSE,FALSE,"{""coordinates"": [[-79.47590333688076, 43.699240159987035]], ""type"": ""MultiPoint""}"
16329,2020:0000231164,2020-02-02T17:56:00,KEELE ST,GULLIVER RD,12 m South of,2,Non-Fatal Injury,Intersection-Related,Traffic Signal,Approaching Head On,Clear,Dark with Artificial Lighting,Wet,Major Arterial,FALSE,-79.47590334,43.699240159987035,1,Automobile or Station Wagon,South,1,51,Major,Lap and Shoulder Belt,Lost control,Medical or Physical Disability,,,Going Ahead,,,,,driver,,York South-Weston (5),12 Division,Brookhaven-Amesbury,FALSE,FALSE,FALSE,FALSE,FALSE,FALSE,FALSE,FALSE,FALSE,FALSE,"{""coordinates"": [[-79.47590333688076, 43.699240159987035]], ""type"": ""MultiPoint""}"
16330,2020:0000245690,2020-02-04T15:41:00,PHARMACY AVE,DONSIDE DR,20 m South of,6,Non-Fatal Injury,At Intersection,No Control,Approaching Head On,Clear,Daylight,Dry,Minor Arterial,FALSE,-79.28725095,43.70130746781601,1,Automobile or Station Wagon,North,1,22,Minimal,Lap and Shoulder Belt,Exceeding speed limit,Inattentive,,,Going Ahead,,,,,driver,,Scarborough Southwest (20),41 Division,Clairlea-Birchmount,TRUE,TRUE,FALSE,FALSE,FALSE,FALSE,FALSE,FALSE,TRUE,FALSE,"{""coordinates"": [[-79.28725095167493, 43.70130746781601]], ""type"": ""MultiPoint""}"
16331,2020:0000245690,2020-02-04T15:41:00,PHARMACY AVE,DONSIDE DR,20 m South of,6,Non-Fatal Injury,At Intersection,No Control,Approaching Head On,Clear,Daylight,Dry,Minor Arterial,FALSE,-79.28725095,43.70130746781601,3,Automobile or Station Wagon,South,3,25,None,Lap and Shoulder Belt,Driving properly,Normal,,,Going Ahead,,,,,driver,,Scarborough Southwest (20),41 Division,Clairlea-Birchmount,TRUE,TRUE,FALSE,FALSE,FALSE,FALSE,FALSE,FALSE,TRUE,FALSE,"{""coordinates"": [[-79.28725095167493, 43.70130746781601]], ""type"": ""MultiPoint""}"
16332,2020:0000245690,2020-02-04T15:41:00,PHARMACY AVE,DONSIDE DR,20 m South of,6,Non-Fatal Injury,At Intersection,No Control,Approaching Head On,Clear,Daylight,Dry,Minor Arterial,FALSE,-79.28725095,43.70130746781601,2,,,4,15,Minor,Equipment Not Used But Available,,,,,,,,,,passenger,,Scarborough Southwest (20),41 Division,Clairlea-Birchmount,TRUE,TRUE,FALSE,FALSE,FALSE,FALSE,FALSE,FALSE,TRUE,FALSE,"{""coordinates"": [[-79.28725095167493, 43.70130746781601]], ""type"": ""MultiPoint""}"
16333,2020:0000245690,2020-02-04T15:41:00,PHARMACY AVE,DONSIDE DR,20 m South of,6,Non-Fatal Injury,At Intersection,No Control,Approaching Head On,Clear,Daylight,Dry,Minor Arterial,FALSE,-79.28725095,43.70130746781601,2,,,6,15,Minor,Equipment Not Used But Available,,,,,,,,,,passenger,,Scarborough Southwest (20),41 Division,Clairlea-Birchmount,TRUE,TRUE,FALSE,FALSE,FALSE,FALSE,FALSE,FALSE,TRUE,FALSE,"{""coordinates"": [[-79.28725095167493, 43.70130746781601]], ""type"": ""MultiPoint""}"
16334,2020:0000245690,2020-02-04T15:41:00,PHARMACY AVE,DONSIDE DR,20 m South of,6,Non-Fatal Injury,At Intersection,No Control,Approaching Head On,Clear,Daylight,Dry,Minor Arterial,FALSE,-79.28725095,43.70130746781601,2,Automobile or Station Wagon,South,2,50,Major,Lap and Shoulder Belt,Driving properly,Normal,,,Going Ahead,,,,,driver,,Scarborough Southwest (20),41 Division,Clairlea-Birchmount,TRUE,TRUE,FALSE,FALSE,FALSE,FALSE,FALSE,FALSE,TRUE,FALSE,"{""coordinates"": [[-79.28725095167493, 43.70130746781601]], ""type"": ""MultiPoint""}"
16335,2020:0000245690,2020-02-04T15:41:00,PHARMACY AVE,DONSIDE DR,20 m South of,6,Non-Fatal Injury,At Intersection,No Control,Approaching Head On,Clear,Daylight,Dry,Minor Arterial,FALSE,-79.28725095,43.70130746781601,2,,,5,15,Major,Equipment Not Used But Available,,,,,,,,,,passenger,,Scarborough Southwest (20),41 Division,Clairlea-Birchmount,TRUE,TRUE,FALSE,FALSE,FALSE,FALSE,FALSE,FALSE,TRUE,FALSE,"{""coordinates"": [[-79.28725095167493, 43.70130746781601]], ""type"": ""MultiPoint""}"
16336,2020:0000270261,2020-02-07T19:15:00,JANE ST,BEVERLY HILLS DR,,2,Non-Fatal Injury,At Intersection,Traffic Signal,Pedestrian Collision(internal code),Clear,Dark with Artificial Lighting,Wet,Major Arterial,FALSE,-79.50811466,43.719007953666456,1,,West,2,53,Major,Use Unknown,,,Crossing without right-of-way (intersection),Normal,,Driver going straight hits pedestrian crossing without right-of-way (at intersection),,,,pedestrian,,York Centre (6),31 Division,Oakdale-Beverley Heights,FALSE,FALSE,FALSE,FALSE,FALSE,FALSE,TRUE,FALSE,FALSE,FALSE,"{""coordinates"": [[-79.50811465840937, 43.719007953666456]], ""type"": ""MultiPoint""}"
16337,2020:0000270261,2020-02-07T19:15:00,JANE ST,BEVERLY HILLS DR,,2,Non-Fatal Injury,At Intersection,Traffic Signal,Pedestrian Collision(internal code),Clear,Dark with Artificial Lighting,Wet,Major Arterial,FALSE,-79.50811466,43.719007953666456,1,Automobile or Station Wagon,South,1,54,None,Lap and Shoulder Belt,Driving properly,Normal,,,Going Ahead,,,,,driver,,York Centre (6),31 Division,Oakdale-Beverley Heights,FALSE,FALSE,FALSE,FALSE,FALSE,FALSE,TRUE,FALSE,FALSE,FALSE,"{""coordinates"": [[-79.50811465840937, 43.719007953666456]], ""type"": ""MultiPoint""}"
16338,2020:0000296685,2020-02-11T13:55:00,BATHURST ST,STORMONT AVE,2 m  of,3,Non-Fatal Injury,At Intersection,No Control,Pedestrian Collision(internal code),Clear,Daylight,Dry,Major Arterial,FALSE,-79.42955465,43.71835172358389,1,Passenger Van,North,1,59,None,Lap and Shoulder Belt,Driving properly,Normal,,,Going Ahead,,,,,driver,,Eglinton-Lawrence (8),53 Division,Bedford Park-Nortown,FALSE,FALSE,FALSE,FALSE,FALSE,FALSE,TRUE,FALSE,TRUE,FALSE,"{""coordinates"": [[-79.4295546490093, 43.71835172358389]], ""type"": ""MultiPoint""}"
16339,2020:0000296685,2020-02-11T13:55:00,BATHURST ST,STORMONT AVE,2 m  of,3,Non-Fatal Injury,At Intersection,No Control,Pedestrian Collision(internal code),Clear,Daylight,Dry,Major Arterial,FALSE,-79.42955465,43.71835172358389,1,,East,2,14,Major,No Equipment Available,,,Crossing - no traffic control,Normal,,Driver going straight hits pedestrian crossing without right-of-way (at intersection),,,,pedestrian,,Eglinton-Lawrence (8),53 Division,Bedford Park-Nortown,FALSE,FALSE,FALSE,FALSE,FALSE,FALSE,TRUE,FALSE,TRUE,FALSE,"{""coordinates"": [[-79.4295546490093, 43.71835172358389]], ""type"": ""MultiPoint""}"
16340,2020:0000296685,2020-02-11T13:55:00,BATHURST ST,STORMONT AVE,2 m  of,3,Non-Fatal Injury,At Intersection,No Control,Pedestrian Collision(internal code),Clear,Daylight,Dry,Major Arterial,FALSE,-79.42955465,43.71835172358389,0,,East,3,14,None,No Equipment Available,,,Crossing - no traffic control,Normal,,Driver going straight hits pedestrian crossing without right-of-way (at intersection),,,,pedestrian,,Eglinton-Lawrence (8),53 Division,Bedford Park-Nortown,FALSE,FALSE,FALSE,FALSE,FALSE,FALSE,TRUE,FALSE,TRUE,FALSE,"{""coordinates"": [[-79.4295546490093, 43.71835172358389]], ""type"": ""MultiPoint""}"
16341,2020:0000316011,2020-02-13T23:45:00,BAY ST,LAKE SHORE BLVD W,30 m North of,2,Non-Fatal Injury,Non-Intersection,No Control,Pedestrian Collision(internal code),Clear,Dark with Artificial Lighting,Dry,Major Arterial,FALSE,-79.3777816,43.64293129124004,1,,West,2,30,Major,Use Unknown,,,Crossing - no traffic control,Normal,,Driver hits pedestrian at midblock,,,,pedestrian,,Spadina-Fort York (10),52 Division,St Lawrence-East Bayfront-The Islands,FALSE,FALSE,FALSE,FALSE,FALSE,FALSE,TRUE,FALSE,FALSE,FALSE,"{""coordinates"": [[-79.37778160010303, 43.64293129124004]], ""type"": ""MultiPoint""}"
16342,2020:0000316011,2020-02-13T23:45:00,BAY ST,LAKE SHORE BLVD W,30 m North of,2,Non-Fatal Injury,Non-Intersection,No Control,Pedestrian Collision(internal code),Clear,Dark with Artificial Lighting,Dry,Major Arterial,FALSE,-79.3777816,43.64293129124004,1,Automobile or Station Wagon,South,1,33,None,Lap and Shoulder Belt,Other,Had Been Drinking,,,Going Ahead,,,,,driver,,Spadina-Fort York (10),52 Division,St Lawrence-East Bayfront-The Islands,FALSE,FALSE,FALSE,FALSE,FALSE,FALSE,TRUE,FALSE,FALSE,FALSE,"{""coordinates"": [[-79.37778160010303, 43.64293129124004]], ""type"": ""MultiPoint""}"
16343,2020:0000332841,2020-02-16T11:30:00,STEELES AVE E,CONACHER DR,66 m West of,5,Non-Fatal Injury,Non-Intersection,No Control,Rear End,Clear,Daylight,Dry,Major Arterial,FALSE,-79.40167669,43.802019428578966,1,Automobile or Station Wagon,,5,77,None,Lap and Shoulder Belt,,,,,,,,,,passenger,,Willowdale (18),32 Division,Newtonbrook East,TRUE,TRUE,FALSE,FALSE,FALSE,TRUE,FALSE,FALSE,FALSE,FALSE,"{""coordinates"": [[-79.40167668564388, 43.802019428578966]], ""type"": ""MultiPoint""}"
16344,2020:0000332841,2020-02-16T11:30:00,STEELES AVE E,CONACHER DR,66 m West of,5,Non-Fatal Injury,Non-Intersection,No Control,Rear End,Clear,Daylight,Dry,Major Arterial,FALSE,-79.40167669,43.802019428578966,2,Automobile or Station Wagon,East,2,27,Major,Air Bag Deployed,Driving properly,Normal,,,Slowing or Stopping,,,,,driver,,Willowdale (18),32 Division,Newtonbrook East,TRUE,TRUE,FALSE,FALSE,FALSE,TRUE,FALSE,FALSE,FALSE,FALSE,"{""coordinates"": [[-79.40167668564388, 43.802019428578966]], ""type"": ""MultiPoint""}"
16345,2020:0000332841,2020-02-16T11:30:00,STEELES AVE E,CONACHER DR,66 m West of,5,Non-Fatal Injury,Non-Intersection,No Control,Rear End,Clear,Daylight,Dry,Major Arterial,FALSE,-79.40167669,43.802019428578966,1,Automobile or Station Wagon,East,1,73,None,Lap and Shoulder Belt,Following too closely,Inattentive,,,Going Ahead,,,,,driver,,Willowdale (18),32 Division,Newtonbrook East,TRUE,TRUE,FALSE,FALSE,FALSE,TRUE,FALSE,FALSE,FALSE,FALSE,"{""coordinates"": [[-79.40167668564388, 43.802019428578966]], ""type"": ""MultiPoint""}"