_id,collision_id,accdate,stname1,stname2,stname3,per_inv,acclass,accloc,traffictl,impactype,visible,light,rdsfcond,road_class,failtorem,longitude,latitude,veh_no,vehtype,initdir,per_no,invage,injury,safequip,drivact,drivcond,pedact,pedcond,manoeuvre,pedtype,cyclistype,cycact,cyccond,road_user,fatal_no,wardname,division,neighbourhood,aggressive,distracted,cyclist,motorcyclist,other_micromobility,older_adult,pedestrian,red_light,school_child,heavy_truck,geometry
16346,2020:0000332841,2020-02-16T11:30:00,STEELES AVE E,CONACHER DR,66 m West of,5,Non-Fatal Injury,Non-Intersection,No Control,Rear End,Clear,Daylight,Dry,Major Arterial,FALSE,-79.40167669,43.802019428578966,4,Pickup Truck,East,4,64,None,Lap and Shoulder Belt,Driving properly,Normal,,,Stopped,,,,,driver,,Willowdale (18),32 Division,Newtonbrook East,TRUE,TRUE,FALSE,FALSE,FALSE,TRUE,FALSE,FALSE,FALSE,FALSE,"{""coordinates"": [[-79.40167668564388, 43.802019428578966]], ""type"": ""MultiPoint""}"
16347,2020:0000332841,2020-02-16T11:30:00,STEELES AVE E,CONACHER DR,66 m West of,5,Non-Fatal Injury,Non-Intersection,No Control,Rear End,Clear,Daylight,Dry,Major Arterial,FALSE,-79.40167669,43.802019428578966,3,Automobile or Station Wagon,East,3,31,Minor,Air Bag Deployed,Driving properly,Normal,,,Going Ahead,,,,,driver,,Willowdale (18),32 Division,Newtonbrook East,TRUE,TRUE,FALSE,FALSE,FALSE,TRUE,FALSE,FALSE,FALSE,FALSE,"{""coordinates"": [[-79.40167668564388, 43.802019428578966]], ""type"": ""MultiPoint""}"
16348,2020:0000342262,2020-02-17T19:49:00,LAKE SHORE BLVD W,THIRTY NINTH ST,15 m South of,5,Non-Fatal Injury,Intersection-Related,No Control,Pedestrian Collision(internal code),Clear,Dark with Artificial Lighting,Dry,Major Arterial,FALSE,-79.54055512,43.592768282422895,2,Automobile or Station Wagon,East,2,33,None,Use Unknown,Driving properly,Normal,,,Going Ahead,,,,,driver,,Etobicoke-Lakeshore (3),22 Division,Long Branch,FALSE,FALSE,FALSE,FALSE,FALSE,FALSE,TRUE,FALSE,FALSE,FALSE,"{""coordinates"": [[-79.54055512007476, 43.592768282422895]], ""type"": ""MultiPoint""}"
16349,2020:0000342262,2020-02-17T19:49:00,LAKE SHORE BLVD W,THIRTY NINTH ST,15 m South of,5,Non-Fatal Injury,Intersection-Related,No Control,Pedestrian Collision(internal code),Clear,Dark with Artificial Lighting,Dry,Major Arterial,FALSE,-79.54055512,43.592768282422895,1,Automobile or Station Wagon,East,1,35,Minor,Use Unknown,Lost control,Unknown,,,Going Ahead,,,,,driver,,Etobicoke-Lakeshore (3),22 Division,Long Branch,FALSE,FALSE,FALSE,FALSE,FALSE,FALSE,TRUE,FALSE,FALSE,FALSE,"{""coordinates"": [[-79.54055512007476, 43.592768282422895]], ""type"": ""MultiPoint""}"
16350,2020:0000342262,2020-02-17T19:49:00,LAKE SHORE BLVD W,THIRTY NINTH ST,15 m South of,5,Non-Fatal Injury,Intersection-Related,No Control,Pedestrian Collision(internal code),Clear,Dark with Artificial Lighting,Dry,Major Arterial,FALSE,-79.54055512,43.592768282422895,1,,,4,25,None,Use Unknown,,,,,,,,,,passenger,,Etobicoke-Lakeshore (3),22 Division,Long Branch,FALSE,FALSE,FALSE,FALSE,FALSE,FALSE,TRUE,FALSE,FALSE,FALSE,"{""coordinates"": [[-79.54055512007476, 43.592768282422895]], ""type"": ""MultiPoint""}"
16351,2020:0000342262,2020-02-17T19:49:00,LAKE SHORE BLVD W,THIRTY NINTH ST,15 m South of,5,Non-Fatal Injury,Intersection-Related,No Control,Pedestrian Collision(internal code),Clear,Dark with Artificial Lighting,Dry,Major Arterial,FALSE,-79.54055512,43.592768282422895,1,,,3,22,None,Use Unknown,,,,,,,,,,passenger,,Etobicoke-Lakeshore (3),22 Division,Long Branch,FALSE,FALSE,FALSE,FALSE,FALSE,FALSE,TRUE,FALSE,FALSE,FALSE,"{""coordinates"": [[-79.54055512007476, 43.592768282422895]], ""type"": ""MultiPoint""}"
16352,2020:0000342262,2020-02-17T19:49:00,LAKE SHORE BLVD W,THIRTY NINTH ST,15 m South of,5,Non-Fatal Injury,Intersection-Related,No Control,Pedestrian Collision(internal code),Clear,Dark with Artificial Lighting,Dry,Major Arterial,FALSE,-79.54055512,43.592768282422895,0,,Unknown,5,30,Major,No Equipment Available,,,Coming from behind parked vehicle or object,Normal,,Driver hits pedestrian walking or running out from between parked vehicles (at midblock),,,,pedestrian,,Etobicoke-Lakeshore (3),22 Division,Long Branch,FALSE,FALSE,FALSE,FALSE,FALSE,FALSE,TRUE,FALSE,FALSE,FALSE,"{""coordinates"": [[-79.54055512007476, 43.592768282422895]], ""type"": ""MultiPoint""}"
16353,2020:0000348999,2020-02-18T18:18:00,4673 JANE ST,,,2,Non-Fatal Injury,Non-Intersection,No Control,Pedestrian Collision(internal code),Clear,Dark with Artificial Lighting,Wet,Major Arterial,FALSE,-79.52069546,43.77025840404801,1,Automobile or Station Wagon,North,1,79,Minimal,Lap and Shoulder Belt,Driving properly,Normal,,,Going Ahead,,,,,driver,,Humber River-Black Creek (7),31 Division,Black Creek,FALSE,TRUE,FALSE,FALSE,FALSE,TRUE,TRUE,FALSE,FALSE,FALSE,"{""coordinates"": [[-79.52069546256124, 43.77025840404801]], ""type"": ""MultiPoint""}"
16354,2020:0000348999,2020-02-18T18:18:00,4673 JANE ST,,,2,Non-Fatal Injury,Non-Intersection,No Control,Pedestrian Collision(internal code),Clear,Dark with Artificial Lighting,Wet,Major Arterial,FALSE,-79.52069546,43.77025840404801,1,,East,2,87,Major,Use Unknown,,,Crossing - no traffic control,Inattentive,,Driver hits pedestrian at midblock,,,,pedestrian,,Humber River-Black Creek (7),31 Division,Black Creek,FALSE,TRUE,FALSE,FALSE,FALSE,TRUE,TRUE,FALSE,FALSE,FALSE,"{""coordinates"": [[-79.52069546256124, 43.77025840404801]], ""type"": ""MultiPoint""}"
16355,2020:0000374527,2020-02-22T03:20:00,GRANDRAVINE DR,FUTURA DR,35 m East of,4,Non-Fatal Injury,Non-Intersection,No Control,SMV Other,Clear,Dark with Artificial Lighting,Dry,Collector,TRUE,-79.50654295,43.74863288,1,,,2,33,Major,Use Unknown,,,,,,,,,,passenger,,Humber River-Black Creek (7),31 Division,Glenfield-Jane Heights,TRUE,FALSE,FALSE,FALSE,FALSE,FALSE,FALSE,FALSE,TRUE,FALSE,"{""coordinates"": [[-79.50654294657888, 43.7486328760283]], ""type"": ""MultiPoint""}"
16356,2020:0000374527,2020-02-22T03:20:00,GRANDRAVINE DR,FUTURA DR,35 m East of,4,Non-Fatal Injury,Non-Intersection,No Control,SMV Other,Clear,Dark with Artificial Lighting,Dry,Collector,TRUE,-79.50654295,43.74863288,1,,,3,19,Minor,Lap and Shoulder Belt,,,,,,,,,,passenger,,Humber River-Black Creek (7),31 Division,Glenfield-Jane Heights,TRUE,FALSE,FALSE,FALSE,FALSE,FALSE,FALSE,FALSE,TRUE,FALSE,"{""coordinates"": [[-79.50654294657888, 43.7486328760283]], ""type"": ""MultiPoint""}"
16357,2020:0000374527,2020-02-22T03:20:00,GRANDRAVINE DR,FUTURA DR,35 m East of,4,Non-Fatal Injury,Non-Intersection,No Control,SMV Other,Clear,Dark with Artificial Lighting,Dry,Collector,TRUE,-79.50654295,43.74863288,1,Automobile or Station Wagon,West,1,33,Minor,Equipment Not Used But Available,Speed too fast for conditions,Unknown,,,Going Ahead,,,,,driver,,Humber River-Black Creek (7),31 Division,Glenfield-Jane Heights,TRUE,FALSE,FALSE,FALSE,FALSE,FALSE,FALSE,FALSE,TRUE,FALSE,"{""coordinates"": [[-79.50654294657888, 43.7486328760283]], ""type"": ""MultiPoint""}"
16358,2020:0000374527,2020-02-22T03:20:00,GRANDRAVINE DR,FUTURA DR,35 m East of,4,Non-Fatal Injury,Non-Intersection,No Control,SMV Other,Clear,Dark with Artificial Lighting,Dry,Collector,TRUE,-79.50654295,43.74863288,1,,,4,25,Major,Use Unknown,,,,,,,,,,passenger,,Humber River-Black Creek (7),31 Division,Glenfield-Jane Heights,TRUE,FALSE,FALSE,FALSE,FALSE,FALSE,FALSE,FALSE,TRUE,FALSE,"{""coordinates"": [[-79.50654294657888, 43.7486328760283]], ""type"": ""MultiPoint""}"
16359,2020:0000382209,2020-02-23T07:07:00,DON MILLS RD,LAWRENCE AVE E,,2,Non-Fatal Injury,At Intersection,Traffic Signal,Angle,Clear,Daylight,Dry,Major Arterial,FALSE,-79.34341098,43.73710084424238,1,Automobile or Station Wagon,South,1,49,Major,Lap and Shoulder Belt,Disobeyed traffic control,Normal,,,Going Ahead,,,,,driver,,Don Valley East (16),33 Division,Banbury-Don Mills,TRUE,FALSE,FALSE,FALSE,FALSE,FALSE,FALSE,TRUE,FALSE,FALSE,"{""coordinates"": [[-79.34341097615935, 43.73710084424238]], ""type"": ""MultiPoint""}"
16360,2020:0000382209,2020-02-23T07:07:00,DON MILLS RD,LAWRENCE AVE E,,2,Non-Fatal Injury,At Intersection,Traffic Signal,Angle,Clear,Daylight,Dry,Major Arterial,FALSE,-79.34341098,43.73710084424238,2,Automobile or Station Wagon,East,2,26,Minor,Lap and Shoulder Belt,Driving properly,Normal,,,Going Ahead,,,,,driver,,Don Valley East (16),33 Division,Banbury-Don Mills,TRUE,FALSE,FALSE,FALSE,FALSE,FALSE,FALSE,TRUE,FALSE,FALSE,"{""coordinates"": [[-79.34341097615935, 43.73710084424238]], ""type"": ""MultiPoint""}"
16361,2020:0000385373,2020-02-23T16:55:00,VICTORIA PARK AVE,HUNTINGWOOD DR,,3,Fatal Injury,At Intersection,Traffic Signal,Pedestrian Collision(internal code),Clear,Daylight,Dry,Major Arterial,FALSE,-79.32535975,43.78027937935175,1,Automobile or Station Wagon,West,3,58,None,,Failed to yield right-of-way,Inattentive,,,Turning Left,,,,,driver,,Scarborough-Agincourt (22),42 Division,L'Amoreaux West,TRUE,TRUE,FALSE,FALSE,FALSE,TRUE,TRUE,FALSE,FALSE,FALSE,"{""coordinates"": [[-79.32535975133119, 43.78027937935175]], ""type"": ""MultiPoint""}"
16362,2020:0000385373,2020-02-23T16:55:00,VICTORIA PARK AVE,HUNTINGWOOD DR,,3,Fatal Injury,At Intersection,Traffic Signal,Pedestrian Collision(internal code),Clear,Daylight,Dry,Major Arterial,FALSE,-79.32535975,43.78027937935175,1,,East,1,79,Fatal,,,,Crossing with right-of-way (intersection),Normal,,Driver turns left into pedestrian crossing with right-of-way (at intersection),,,,pedestrian,5,Scarborough-Agincourt (22),42 Division,L'Amoreaux West,TRUE,TRUE,FALSE,FALSE,FALSE,TRUE,TRUE,FALSE,FALSE,FALSE,"{""coordinates"": [[-79.32535975133119, 43.78027937935175]], ""type"": ""MultiPoint""}"
16363,2020:0000385373,2020-02-23T16:55:00,VICTORIA PARK AVE,HUNTINGWOOD DR,,3,Fatal Injury,At Intersection,Traffic Signal,Pedestrian Collision(internal code),Clear,Daylight,Dry,Major Arterial,FALSE,-79.32535975,43.78027937935175,1,,West,2,25,None,,,,,,,,,,,passenger,,Scarborough-Agincourt (22),42 Division,L'Amoreaux West,TRUE,TRUE,FALSE,FALSE,FALSE,TRUE,TRUE,FALSE,FALSE,FALSE,"{""coordinates"": [[-79.32535975133119, 43.78027937935175]], ""type"": ""MultiPoint""}"
16364,2020:0000401654,2020-02-25T21:05:00,ST CLAIR AVE W,OLD WESTON RD,,2,Non-Fatal Injury,At Intersection,Traffic Signal,Pedestrian Collision(internal code),Clear,Dark with Artificial Lighting,Dry,Major Arterial,FALSE,-79.46300968,43.67346424344845,1,Automobile or Station Wagon,West,1,55,None,Lap and Shoulder Belt,Driving properly,Normal,,,Going Ahead,,,,,driver,,Davenport (9),11 Division,Weston-Pelham Park,FALSE,TRUE,FALSE,FALSE,FALSE,TRUE,TRUE,FALSE,FALSE,FALSE,"{""coordinates"": [[-79.46300968155897, 43.67346424344845]], ""type"": ""MultiPoint""}"
16365,2020:0000401654,2020-02-25T21:05:00,ST CLAIR AVE W,OLD WESTON RD,,2,Non-Fatal Injury,At Intersection,Traffic Signal,Pedestrian Collision(internal code),Clear,Dark with Artificial Lighting,Dry,Major Arterial,FALSE,-79.46300968,43.67346424344845,1,,North,2,67,Major,No Equipment Available,,,Crossing without right-of-way (intersection),Inattentive,,Driver going straight hits pedestrian crossing without right-of-way (at intersection),,,,pedestrian,,Davenport (9),11 Division,Weston-Pelham Park,FALSE,TRUE,FALSE,FALSE,FALSE,TRUE,TRUE,FALSE,FALSE,FALSE,"{""coordinates"": [[-79.46300968155897, 43.67346424344845]], ""type"": ""MultiPoint""}"
16366,2020:0000418177,2020-02-28T06:50:00,KING ST E,SHERBOURNE ST,,2,Non-Fatal Injury,At Intersection,Traffic Signal,Pedestrian Collision(internal code),Clear,Dawn,Dry,Major Arterial,FALSE,-79.36822194,43.65120535366394,1,,North,2,46,Major,No Equipment Available,,,Crossing without right-of-way (intersection),Inattentive,,Driver going straight hits pedestrian crossing without right-of-way (at intersection),,,,pedestrian,,Toronto Centre (13),51 Division,Moss Park,FALSE,TRUE,FALSE,FALSE,FALSE,FALSE,TRUE,FALSE,FALSE,FALSE,"{""coordinates"": [[-79.36822193752559, 43.65120535366394]], ""type"": ""MultiPoint""}"
16367,2020:0000418177,2020-02-28T06:50:00,KING ST E,SHERBOURNE ST,,2,Non-Fatal Injury,At Intersection,Traffic Signal,Pedestrian Collision(internal code),Clear,Dawn,Dry,Major Arterial,FALSE,-79.36822194,43.65120535366394,1,Automobile or Station Wagon,West,1,49,None,Lap and Shoulder Belt,Driving properly,Normal,,,Going Ahead,,,,,driver,,Toronto Centre (13),51 Division,Moss Park,FALSE,TRUE,FALSE,FALSE,FALSE,FALSE,TRUE,FALSE,FALSE,FALSE,"{""coordinates"": [[-79.36822193752559, 43.65120535366394]], ""type"": ""MultiPoint""}"
16368,2020:0000418513,2020-02-28T08:10:00,YONGE ST,EMPRESS AVE,,5,Non-Fatal Injury,At Intersection,Traffic Signal,Pedestrian Collision(internal code),Clear,Daylight,Wet,Major Arterial,FALSE,-79.41286143,43.76920160474715,2,,Unknown,3,30,Major,Use Unknown,,,On sidewalk or shoulder,Normal,,Driver hits pedestrian on sidewalk or shoulder,,,,pedestrian,,Willowdale (18),32 Division,Yonge-Doris,TRUE,TRUE,FALSE,FALSE,FALSE,FALSE,TRUE,FALSE,FALSE,FALSE,"{""coordinates"": [[-79.41286143214195, 43.76920160474715]], ""type"": ""MultiPoint""}"
16369,2020:0000418513,2020-02-28T08:10:00,YONGE ST,EMPRESS AVE,,5,Non-Fatal Injury,At Intersection,Traffic Signal,Pedestrian Collision(internal code),Clear,Daylight,Wet,Major Arterial,FALSE,-79.41286143,43.76920160474715,1,Automobile or Station Wagon,South,1,56,None,Use Unknown,Failed to yield right-of-way,Inattentive,,,Turning Left,,,,,driver,,Willowdale (18),32 Division,Yonge-Doris,TRUE,TRUE,FALSE,FALSE,FALSE,FALSE,TRUE,FALSE,FALSE,FALSE,"{""coordinates"": [[-79.41286143214195, 43.76920160474715]], ""type"": ""MultiPoint""}"
16370,2026:6000753475,2026-04-12T19:12:00,20 PRINCE ARTHUR AVE,,,2,Fatal Injury,Non-Intersection,,SMV Other,,,,,FALSE,-79.39565087,43.669709195808544,1,Automobile or Station Wagon,,2,49,None,,Other,Unknown,,,,,,,,driver,,University-Rosedale (11),53 Division,Annex,FALSE,FALSE,FALSE,FALSE,FALSE,FALSE,TRUE,FALSE,FALSE,FALSE,"{""coordinates"": [[-79.39565087092035, 43.669709195808544]], ""type"": ""MultiPoint""}"
16371,2020:0000418513,2020-02-28T08:10:00,YONGE ST,EMPRESS AVE,,5,Non-Fatal Injury,At Intersection,Traffic Signal,Pedestrian Collision(internal code),Clear,Daylight,Wet,Major Arterial,FALSE,-79.41286143,43.76920160474715,2,Automobile or Station Wagon,North,2,36,None,Use Unknown,Driving properly,Normal,,,Going Ahead,,,,,driver,,Willowdale (18),32 Division,Yonge-Doris,TRUE,TRUE,FALSE,FALSE,FALSE,FALSE,TRUE,FALSE,FALSE,FALSE,"{""coordinates"": [[-79.41286143214195, 43.76920160474715]], ""type"": ""MultiPoint""}"
16372,2020:0000418513,2020-02-28T08:10:00,YONGE ST,EMPRESS AVE,,5,Non-Fatal Injury,At Intersection,Traffic Signal,Pedestrian Collision(internal code),Clear,Daylight,Wet,Major Arterial,FALSE,-79.41286143,43.76920160474715,1,,Unknown,4,26,Minor,Use Unknown,,,On sidewalk or shoulder,Normal,,Driver hits pedestrian on sidewalk or shoulder,,,,pedestrian,,Willowdale (18),32 Division,Yonge-Doris,TRUE,TRUE,FALSE,FALSE,FALSE,FALSE,TRUE,FALSE,FALSE,FALSE,"{""coordinates"": [[-79.41286143214195, 43.76920160474715]], ""type"": ""MultiPoint""}"
16373,2020:0000418513,2020-02-28T08:10:00,YONGE ST,EMPRESS AVE,,5,Non-Fatal Injury,At Intersection,Traffic Signal,Pedestrian Collision(internal code),Clear,Daylight,Wet,Major Arterial,FALSE,-79.41286143,43.76920160474715,1,,Unknown,5,28,Major,Use Unknown,,,On sidewalk or shoulder,Normal,,Driver hits pedestrian on sidewalk or shoulder,,,,pedestrian,,Willowdale (18),32 Division,Yonge-Doris,TRUE,TRUE,FALSE,FALSE,FALSE,FALSE,TRUE,FALSE,FALSE,FALSE,"{""coordinates"": [[-79.41286143214195, 43.76920160474715]], ""type"": ""MultiPoint""}"
16374,2020:0000429600,2020-02-29T17:16:00,FINCH AVE W,SILVERSTONE DR,,3,Non-Fatal Injury,At Intersection,Traffic Signal,Pedestrian Collision(internal code),Clear,Daylight,Dry,Major Arterial,FALSE,-79.59491436,43.73594529844745,1,Automobile or Station Wagon,West,1,57,None,Use Unknown,Disobeyed traffic control,Inattentive,,,Going Ahead,,,,,driver,,Etobicoke North (1),23 Division,West Humber-Clairville,TRUE,TRUE,FALSE,FALSE,FALSE,FALSE,TRUE,TRUE,FALSE,FALSE,"{""coordinates"": [[-79.59491435805246, 43.73594529844745]], ""type"": ""MultiPoint""}"
16375,2020:0000429600,2020-02-29T17:16:00,FINCH AVE W,SILVERSTONE DR,,3,Non-Fatal Injury,At Intersection,Traffic Signal,Pedestrian Collision(internal code),Clear,Daylight,Dry,Major Arterial,FALSE,-79.59491436,43.73594529844745,1,,,2,30,None,Use Unknown,,,,,,,,,,passenger,,Etobicoke North (1),23 Division,West Humber-Clairville,TRUE,TRUE,FALSE,FALSE,FALSE,FALSE,TRUE,TRUE,FALSE,FALSE,"{""coordinates"": [[-79.59491435805246, 43.73594529844745]], ""type"": ""MultiPoint""}"
16376,2020:0000429600,2020-02-29T17:16:00,FINCH AVE W,SILVERSTONE DR,,3,Non-Fatal Injury,At Intersection,Traffic Signal,Pedestrian Collision(internal code),Clear,Daylight,Dry,Major Arterial,FALSE,-79.59491436,43.73594529844745,1,,South,3,53,Major,No Equipment Available,,,Crossing with right-of-way (intersection),Normal,,Driver going straight hits pedestrian crossing with right-of-way (at intersection),,,,pedestrian,,Etobicoke North (1),23 Division,West Humber-Clairville,TRUE,TRUE,FALSE,FALSE,FALSE,FALSE,TRUE,TRUE,FALSE,FALSE,"{""coordinates"": [[-79.59491435805246, 43.73594529844745]], ""type"": ""MultiPoint""}"
16377,2020:0000437574,2020-03-01T21:00:00,WILSON AVE,PETHERHILL AVE,27 m East of,2,Non-Fatal Injury,Intersection-Related,No Control,Other,Clear,Dark with Artificial Lighting,Dry,Major Arterial,FALSE,-79.49104004,43.72454687043635,1,Municipal Transit Bus (TTC),East,1,36,None,Lap and Shoulder Belt,Driving properly,Normal,,,Pulling Away from Shoulder or Curb,,,,,driver,,York Centre (6),31 Division,Oakdale-Beverley Heights,FALSE,FALSE,FALSE,FALSE,FALSE,FALSE,FALSE,FALSE,FALSE,TRUE,"{""coordinates"": [[-79.49104003729903, 43.72454687043635]], ""type"": ""MultiPoint""}"
16378,2020:0000437574,2020-03-01T21:00:00,WILSON AVE,PETHERHILL AVE,27 m East of,2,Non-Fatal Injury,Intersection-Related,No Control,Other,Clear,Dark with Artificial Lighting,Dry,Major Arterial,FALSE,-79.49104004,43.72454687043635,1,,,2,54,Major,Use Unknown,,,,,,,,,,passenger,,York Centre (6),31 Division,Oakdale-Beverley Heights,FALSE,FALSE,FALSE,FALSE,FALSE,FALSE,FALSE,FALSE,FALSE,TRUE,"{""coordinates"": [[-79.49104003729903, 43.72454687043635]], ""type"": ""MultiPoint""}"
16379,2020:0000442335,2020-03-02T14:10:00,GERRARD ST E,BLANTYRE AVE,3 m West of,2,Non-Fatal Injury,At Intersection,Pedestrian Crossover,Pedestrian Collision(internal code),Rain,Daylight,Wet,Minor Arterial,FALSE,-79.28393218,43.687380003467865,1,,North,2,63,Major,No Equipment Available,,,Crossing - pedestrian crossover,Normal,,Driver hits pedestrian at PXO/pedestrian midblock signal,,,,pedestrian,,Scarborough Southwest (20),41 Division,Birchcliffe-Cliffside,TRUE,TRUE,FALSE,FALSE,FALSE,FALSE,TRUE,FALSE,FALSE,FALSE,"{""coordinates"": [[-79.283932176579, 43.687380003467865]], ""type"": ""MultiPoint""}"
16380,2020:0000442335,2020-03-02T14:10:00,GERRARD ST E,BLANTYRE AVE,3 m West of,2,Non-Fatal Injury,At Intersection,Pedestrian Crossover,Pedestrian Collision(internal code),Rain,Daylight,Wet,Minor Arterial,FALSE,-79.28393218,43.687380003467865,1,Pickup Truck,North,1,51,None,Lap and Shoulder Belt,Failed to yield right-of-way,Inattentive,,,Turning Left,,,,,driver,,Scarborough Southwest (20),41 Division,Birchcliffe-Cliffside,TRUE,TRUE,FALSE,FALSE,FALSE,FALSE,TRUE,FALSE,FALSE,FALSE,"{""coordinates"": [[-79.283932176579, 43.687380003467865]], ""type"": ""MultiPoint""}"
16381,2020:0000444225,2020-03-02T18:15:00,KEELE ST,ST REGIS CRES,,2,Non-Fatal Injury,At Intersection,Traffic Signal,Pedestrian Collision(internal code),Clear,Dark,Wet,Major Arterial,FALSE,-79.48872065,43.754438822254784,1,,West,2,57,Major,Use Unknown,,,Crossing with right-of-way (intersection),Normal,,Driver turns left into pedestrian crossing with right-of-way (at intersection),,,,pedestrian,,York Centre (6),31 Division,York University Heights,TRUE,TRUE,FALSE,FALSE,FALSE,FALSE,TRUE,FALSE,FALSE,FALSE,"{""coordinates"": [[-79.4887206456006, 43.754438822254784]], ""type"": ""MultiPoint""}"
16382,2020:0000444225,2020-03-02T18:15:00,KEELE ST,ST REGIS CRES,,2,Non-Fatal Injury,At Intersection,Traffic Signal,Pedestrian Collision(internal code),Clear,Dark,Wet,Major Arterial,FALSE,-79.48872065,43.754438822254784,1,Passenger Van,West,1,59,None,Lap and Shoulder Belt,Failed to yield right-of-way,Inattentive,,,Turning Left,,,,,driver,,York Centre (6),31 Division,York University Heights,TRUE,TRUE,FALSE,FALSE,FALSE,FALSE,TRUE,FALSE,FALSE,FALSE,"{""coordinates"": [[-79.4887206456006, 43.754438822254784]], ""type"": ""MultiPoint""}"
16383,2020:0000450742,2020-03-03T15:20:00,GERRARD ST E,NORWOOD RD,,2,Non-Fatal Injury,At Intersection,Pedestrian Crossover,Pedestrian Collision(internal code),Rain,Daylight,Wet,Minor Arterial,FALSE,-79.30280734,43.683298303851856,1,,North,2,12,Major,Use Unknown,,,Crossing - pedestrian crossover,Normal,,Driver hits pedestrian at PXO/pedestrian midblock signal,,,,pedestrian,,Beaches-East York (19),55 Division,East End-Danforth,TRUE,TRUE,FALSE,FALSE,FALSE,FALSE,TRUE,FALSE,TRUE,FALSE,"{""coordinates"": [[-79.30280733904549, 43.683298303851856]], ""type"": ""MultiPoint""}"
16384,2020:0000450742,2020-03-03T15:20:00,GERRARD ST E,NORWOOD RD,,2,Non-Fatal Injury,At Intersection,Pedestrian Crossover,Pedestrian Collision(internal code),Rain,Daylight,Wet,Minor Arterial,FALSE,-79.30280734,43.683298303851856,1,Automobile or Station Wagon,West,1,55,None,Lap and Shoulder Belt,Failed to yield right-of-way,Inattentive,,,Going Ahead,,,,,driver,,Beaches-East York (19),55 Division,East End-Danforth,TRUE,TRUE,FALSE,FALSE,FALSE,FALSE,TRUE,FALSE,TRUE,FALSE,"{""coordinates"": [[-79.30280733904549, 43.683298303851856]], ""type"": ""MultiPoint""}"
16385,2020:0000450834,2020-03-03T15:32:00,BLOOR ST W,BRENTWOOD RD S,,3,Non-Fatal Injury,At Intersection,Stop Sign,Pedestrian Collision(internal code),Rain,Daylight,Wet,Major Arterial,FALSE,-79.51354693,43.64680340684313,1,Automobile or Station Wagon,North,1,37,None,Use Unknown,Driving properly,Normal,,,Turning Left,,,,,driver,,Etobicoke-Lakeshore (3),22 Division,Stonegate-Queensway,FALSE,TRUE,FALSE,FALSE,FALSE,FALSE,TRUE,FALSE,TRUE,FALSE,"{""coordinates"": [[-79.51354692761385, 43.64680340684313]], ""type"": ""MultiPoint""}"
16386,2020:0000450834,2020-03-03T15:32:00,BLOOR ST W,BRENTWOOD RD S,,3,Non-Fatal Injury,At Intersection,Stop Sign,Pedestrian Collision(internal code),Rain,Daylight,Wet,Major Arterial,FALSE,-79.51354693,43.64680340684313,1,,,2,6,None,Use Unknown,,,,,,,,,,passenger,,Etobicoke-Lakeshore (3),22 Division,Stonegate-Queensway,FALSE,TRUE,FALSE,FALSE,FALSE,FALSE,TRUE,FALSE,TRUE,FALSE,"{""coordinates"": [[-79.51354692761385, 43.64680340684313]], ""type"": ""MultiPoint""}"
16387,2020:0000450834,2020-03-03T15:32:00,BLOOR ST W,BRENTWOOD RD S,,3,Non-Fatal Injury,At Intersection,Stop Sign,Pedestrian Collision(internal code),Rain,Daylight,Wet,Major Arterial,FALSE,-79.51354693,43.64680340684313,1,,South,3,27,Major,No Equipment Available,,,Crossing without right-of-way (intersection),Inattentive,,Driver turns left into pedestrian crossing without right-of-way (at intersection),,,,pedestrian,,Etobicoke-Lakeshore (3),22 Division,Stonegate-Queensway,FALSE,TRUE,FALSE,FALSE,FALSE,FALSE,TRUE,FALSE,TRUE,FALSE,"{""coordinates"": [[-79.51354692761385, 43.64680340684313]], ""type"": ""MultiPoint""}"
16388,2020:0000451712,2020-03-03T17:26:00,SCARLETT RD,EDENBRIDGE DR,,3,Non-Fatal Injury,At Intersection,Traffic Signal,Turning Movement,Clear,Dark,Wet,Minor Arterial,FALSE,-79.508809,43.680696969156884,2,Automobile or Station Wagon,South,2,37,Major,Lap and Shoulder Belt,Driving properly,Normal,,,Going Ahead,,,,,driver,,Etobicoke Centre (2),22 Division,Edenbridge-Humber Valley,FALSE,FALSE,FALSE,FALSE,FALSE,TRUE,FALSE,FALSE,FALSE,FALSE,"{""coordinates"": [[-79.50880900489065, 43.680696969156884]], ""type"": ""MultiPoint""}"
16389,2020:0000451712,2020-03-03T17:26:00,SCARLETT RD,EDENBRIDGE DR,,3,Non-Fatal Injury,At Intersection,Traffic Signal,Turning Movement,Clear,Dark,Wet,Minor Arterial,FALSE,-79.508809,43.680696969156884,3,Automobile or Station Wagon,East,3,50,None,Lap and Shoulder Belt,Driving properly,Normal,,,Stopped,,,,,driver,,Etobicoke Centre (2),22 Division,Edenbridge-Humber Valley,FALSE,FALSE,FALSE,FALSE,FALSE,TRUE,FALSE,FALSE,FALSE,FALSE,"{""coordinates"": [[-79.50880900489065, 43.680696969156884]], ""type"": ""MultiPoint""}"
16390,2020:0000451712,2020-03-03T17:26:00,SCARLETT RD,EDENBRIDGE DR,,3,Non-Fatal Injury,At Intersection,Traffic Signal,Turning Movement,Clear,Dark,Wet,Minor Arterial,FALSE,-79.508809,43.680696969156884,1,Automobile or Station Wagon,North,1,69,None,Lap and Shoulder Belt,Improper turn,Normal,,,Turning Left,,,,,driver,,Etobicoke Centre (2),22 Division,Edenbridge-Humber Valley,FALSE,FALSE,FALSE,FALSE,FALSE,TRUE,FALSE,FALSE,FALSE,FALSE,"{""coordinates"": [[-79.50880900489065, 43.680696969156884]], ""type"": ""MultiPoint""}"