_id,collision_id,accdate,stname1,stname2,stname3,per_inv,acclass,accloc,traffictl,impactype,visible,light,rdsfcond,road_class,failtorem,longitude,latitude,veh_no,vehtype,initdir,per_no,invage,injury,safequip,drivact,drivcond,pedact,pedcond,manoeuvre,pedtype,cyclistype,cycact,cyccond,road_user,fatal_no,wardname,division,neighbourhood,aggressive,distracted,cyclist,motorcyclist,other_micromobility,older_adult,pedestrian,red_light,school_child,heavy_truck,geometry
16480,2020:0000962030,2020-05-25T09:15:00,20 EDWARD ST,,5 m North of,2,Non-Fatal Injury,Non-Intersection,No Control,Pedestrian Collision(internal code),Clear,Daylight,Dry,Collector,FALSE,-79.38212271,43.65676720171218,1,,Unknown,2,48,Major,Use Unknown,,,On sidewalk or shoulder,Had Been Drinking,,Driver hits pedestrian on sidewalk or shoulder,,,,pedestrian,,University-Rosedale (11),52 Division,Yonge-Bay Corridor,FALSE,FALSE,FALSE,FALSE,FALSE,FALSE,TRUE,FALSE,FALSE,TRUE,"{""coordinates"": [[-79.38212271299615, 43.65676720171218]], ""type"": ""MultiPoint""}"
16481,2020:0000972852,2020-05-26T19:40:00,STEELES AVE W,BARMAC DR,,2,Non-Fatal Injury,At Intersection,Traffic Signal,Pedestrian Collision(internal code),Clear,Daylight,Dry,Major Arterial,FALSE,-79.55494386,43.768496051491674,1,,South,2,22,Major,Use Unknown,,,Crossing with right-of-way (intersection),Normal,,Driver turns left into pedestrian crossing with right-of-way (at intersection),,,,pedestrian,,Humber River-Black Creek (7),31 Division,Humber Summit,TRUE,TRUE,FALSE,FALSE,FALSE,FALSE,TRUE,FALSE,FALSE,FALSE,"{""coordinates"": [[-79.55494385933832, 43.768496051491674]], ""type"": ""MultiPoint""}"
16482,2020:0000972852,2020-05-26T19:40:00,STEELES AVE W,BARMAC DR,,2,Non-Fatal Injury,At Intersection,Traffic Signal,Pedestrian Collision(internal code),Clear,Daylight,Dry,Major Arterial,FALSE,-79.55494386,43.768496051491674,1,Pickup Truck,North,1,41,None,Lap and Shoulder Belt,Failed to yield right-of-way,Inattentive,,,Turning Left,,,,,driver,,Humber River-Black Creek (7),31 Division,Humber Summit,TRUE,TRUE,FALSE,FALSE,FALSE,FALSE,TRUE,FALSE,FALSE,FALSE,"{""coordinates"": [[-79.55494385933832, 43.768496051491674]], ""type"": ""MultiPoint""}"
16483,2020:0000985567,2020-05-28T17:39:00,DAVISVILLE AVE,YONGE ST,189 m East of,3,Non-Fatal Injury,At/Near Private Drive,Pedestrian Crossover,Pedestrian Collision(internal code),Rain,Daylight,Wet,Minor Arterial,FALSE,-79.39429156,43.698709805574694,1,,Unknown,3,33,Minor,No Equipment Available,,,Crossing - pedestrian crossover,Normal,,Driver hits pedestrian at PXO/pedestrian midblock signal,,,,pedestrian,,Toronto-St. Paul's (12),53 Division,South Eglinton-Davisville,TRUE,TRUE,FALSE,FALSE,FALSE,FALSE,TRUE,FALSE,FALSE,FALSE,"{""coordinates"": [[-79.39429155559719, 43.698709805574694]], ""type"": ""MultiPoint""}"
16484,2020:0000985567,2020-05-28T17:39:00,DAVISVILLE AVE,YONGE ST,189 m East of,3,Non-Fatal Injury,At/Near Private Drive,Pedestrian Crossover,Pedestrian Collision(internal code),Rain,Daylight,Wet,Minor Arterial,FALSE,-79.39429156,43.698709805574694,1,Automobile or Station Wagon,West,1,34,None,Lap and Shoulder Belt,Failed to yield right-of-way,Inattentive,,,Going Ahead,,,,,driver,,Toronto-St. Paul's (12),53 Division,South Eglinton-Davisville,TRUE,TRUE,FALSE,FALSE,FALSE,FALSE,TRUE,FALSE,FALSE,FALSE,"{""coordinates"": [[-79.39429155559719, 43.698709805574694]], ""type"": ""MultiPoint""}"
16485,2020:0000985567,2020-05-28T17:39:00,DAVISVILLE AVE,YONGE ST,189 m East of,3,Non-Fatal Injury,At/Near Private Drive,Pedestrian Crossover,Pedestrian Collision(internal code),Rain,Daylight,Wet,Minor Arterial,FALSE,-79.39429156,43.698709805574694,1,,Unknown,2,35,Major,No Equipment Available,,,Crossing - pedestrian crossover,Normal,,Driver hits pedestrian at PXO/pedestrian midblock signal,,,,pedestrian,,Toronto-St. Paul's (12),53 Division,South Eglinton-Davisville,TRUE,TRUE,FALSE,FALSE,FALSE,FALSE,TRUE,FALSE,FALSE,FALSE,"{""coordinates"": [[-79.39429155559719, 43.698709805574694]], ""type"": ""MultiPoint""}"
16486,2020:0000987519,2020-05-29T00:44:00,LAWRENCE AVE E,MARKHAM RD,45 m West of,3,Non-Fatal Injury,Non-Intersection,No Control,Turning Movement,Clear,Dark with Artificial Lighting,Dry,Major Arterial,FALSE,-79.2267268,43.75941286803227,1,Motorcycle,South,1,33,Major,Helmet,Speed too fast for conditions,Normal,,,Going Ahead,,,,,motorcyclist,,Scarborough-Guildwood (24),43 Division,Golfdale-Cedarbrae-Woburn,TRUE,FALSE,FALSE,TRUE,FALSE,FALSE,FALSE,FALSE,FALSE,FALSE,"{""coordinates"": [[-79.22672680031991, 43.75941286803227]], ""type"": ""MultiPoint""}"
16487,2020:0000987519,2020-05-29T00:44:00,LAWRENCE AVE E,MARKHAM RD,45 m West of,3,Non-Fatal Injury,Non-Intersection,No Control,Turning Movement,Clear,Dark with Artificial Lighting,Dry,Major Arterial,FALSE,-79.2267268,43.75941286803227,2,Automobile or Station Wagon,South,2,21,None,Lap and Shoulder Belt,Failed to yield right-of-way,Normal,,,Turning Left,,,,,driver,,Scarborough-Guildwood (24),43 Division,Golfdale-Cedarbrae-Woburn,TRUE,FALSE,FALSE,TRUE,FALSE,FALSE,FALSE,FALSE,FALSE,FALSE,"{""coordinates"": [[-79.22672680031991, 43.75941286803227]], ""type"": ""MultiPoint""}"
16488,2020:0000987519,2020-05-29T00:44:00,LAWRENCE AVE E,MARKHAM RD,45 m West of,3,Non-Fatal Injury,Non-Intersection,No Control,Turning Movement,Clear,Dark with Artificial Lighting,Dry,Major Arterial,FALSE,-79.2267268,43.75941286803227,2,,,3,24,None,Lap and Shoulder Belt,,,,,,,,,,passenger,,Scarborough-Guildwood (24),43 Division,Golfdale-Cedarbrae-Woburn,TRUE,FALSE,FALSE,TRUE,FALSE,FALSE,FALSE,FALSE,FALSE,FALSE,"{""coordinates"": [[-79.22672680031991, 43.75941286803227]], ""type"": ""MultiPoint""}"
16489,2020:0000992739,2020-05-29T20:07:00,ERINGATE DR,RANGOON RD,6 m East of,1,Non-Fatal Injury,At Intersection,No Control,SMV Other,Clear,Daylight,Dry,Collector,FALSE,-79.57648186,43.662153816914795,1,Automobile or Station Wagon,East,1,56,Major,Lap and Shoulder Belt,Lost control,Normal,,,Turning Left,,,,,driver,,Etobicoke Centre (2),22 Division,Eringate-Centennial-West Deane,FALSE,FALSE,FALSE,FALSE,FALSE,FALSE,FALSE,FALSE,FALSE,FALSE,"{""coordinates"": [[-79.57648185628547, 43.662153816914795]], ""type"": ""MultiPoint""}"
16490,2020:0001010606,2020-06-01T18:20:00,BATHURST ST,GLENGROVE AVE,,2,Fatal Injury,At Intersection,Stop Sign,Turning Movement,Clear,Daylight,Dry,Major Arterial,FALSE,-79.4285552,43.71413267,1,Motorcycle,South,1,29,Fatal,,Exceeding speed limit,Unknown,,,Going Ahead,,,,,motorcyclist,11,Eglinton-Lawrence (8),53 Division,Bedford Park-Nortown,TRUE,FALSE,FALSE,TRUE,FALSE,FALSE,FALSE,FALSE,TRUE,FALSE,"{""coordinates"": [[-79.42855520359426, 43.7141326684418]], ""type"": ""MultiPoint""}"
16491,2020:0001010606,2020-06-01T18:20:00,BATHURST ST,GLENGROVE AVE,,2,Fatal Injury,At Intersection,Stop Sign,Turning Movement,Clear,Daylight,Dry,Major Arterial,FALSE,-79.4285552,43.71413267,2,Automobile or Station Wagon,East,2,19,None,,Driving properly,Normal,,,Turning Left,,,,,driver,,Eglinton-Lawrence (8),53 Division,Bedford Park-Nortown,TRUE,FALSE,FALSE,TRUE,FALSE,FALSE,FALSE,FALSE,TRUE,FALSE,"{""coordinates"": [[-79.42855520359426, 43.7141326684418]], ""type"": ""MultiPoint""}"
16492,2020:0001010845,2020-06-01T18:57:00,2525 WARDEN AVE,,,3,Non-Fatal Injury,Non-Intersection,No Control,SMV Other,Clear,Daylight,Dry,Major Arterial,FALSE,-79.31354179,43.79125424986947,1,,,3,20,None,Lap and Shoulder Belt,,,,,,,,,,passenger,,Scarborough-Agincourt (22),42 Division,L'Amoreaux West,FALSE,FALSE,FALSE,FALSE,FALSE,FALSE,FALSE,FALSE,TRUE,FALSE,"{""coordinates"": [[-79.31354178984955, 43.79125424986947]], ""type"": ""MultiPoint""}"
16493,2020:0001010845,2020-06-01T18:57:00,2525 WARDEN AVE,,,3,Non-Fatal Injury,Non-Intersection,No Control,SMV Other,Clear,Daylight,Dry,Major Arterial,FALSE,-79.31354179,43.79125424986947,1,Automobile or Station Wagon,North,1,19,None,Lap and Shoulder Belt,Improper turn,Normal,,,Turning Right,,,,,driver,,Scarborough-Agincourt (22),42 Division,L'Amoreaux West,FALSE,FALSE,FALSE,FALSE,FALSE,FALSE,FALSE,FALSE,TRUE,FALSE,"{""coordinates"": [[-79.31354178984955, 43.79125424986947]], ""type"": ""MultiPoint""}"
16494,2020:0001016316,2020-06-02T15:55:00,LAKE SHORE BLVD W,LOWER SIMCOE ST,,2,Non-Fatal Injury,At Intersection,Traffic Signal,Angle,Clear,Daylight,Dry,Major Arterial,FALSE,-79.38315271,43.64026864118101,2,Automobile or Station Wagon,North,2,26,None,Lap and Shoulder Belt,Driving properly,Normal,,,Going Ahead,,,,,driver,,Spadina-Fort York (10),52 Division,Harbourfront-CityPlace,TRUE,TRUE,FALSE,TRUE,FALSE,FALSE,FALSE,TRUE,FALSE,FALSE,"{""coordinates"": [[-79.38315270847542, 43.64026864118101]], ""type"": ""MultiPoint""}"
16495,2020:0001016316,2020-06-02T15:55:00,LAKE SHORE BLVD W,LOWER SIMCOE ST,,2,Non-Fatal Injury,At Intersection,Traffic Signal,Angle,Clear,Daylight,Dry,Major Arterial,FALSE,-79.38315271,43.64026864118101,1,Motorcycle,East,1,34,Major,Use Unknown,Disobeyed traffic control,Inattentive,,,Going Ahead,,,,,motorcyclist,,Spadina-Fort York (10),52 Division,Harbourfront-CityPlace,TRUE,TRUE,FALSE,TRUE,FALSE,FALSE,FALSE,TRUE,FALSE,FALSE,"{""coordinates"": [[-79.38315270847542, 43.64026864118101]], ""type"": ""MultiPoint""}"
16496,2020:0001017235,2020-06-02T18:56:00,777 BLOOR ST W,,9 m South of,2,Non-Fatal Injury,Non-Intersection,No Control,Cyclist Collision,Clear,Daylight,Dry,Major Arterial,TRUE,-79.41969754,43.66322553724299,2,Bicycle,East,2,46,Major,Helmet,,,,,Going Ahead,,"Driver without right-of-way drives into path of cyclist (at intersection, laneway, or driveway)",Driving Properly,Normal,cyclist,,University-Rosedale (11),14 Division,Palmerston-Little Italy,FALSE,FALSE,TRUE,FALSE,FALSE,TRUE,FALSE,FALSE,FALSE,FALSE,"{""coordinates"": [[-79.41969754341387, 43.66322553724299]], ""type"": ""MultiPoint""}"
16497,2020:0001017235,2020-06-02T18:56:00,777 BLOOR ST W,,9 m South of,2,Non-Fatal Injury,Non-Intersection,No Control,Cyclist Collision,Clear,Daylight,Dry,Major Arterial,TRUE,-79.41969754,43.66322553724299,1,Automobile or Station Wagon,West,1,69,None,Use Unknown,Improper turn,Unknown,,,Turning Left,,,,,driver,,University-Rosedale (11),14 Division,Palmerston-Little Italy,FALSE,FALSE,TRUE,FALSE,FALSE,TRUE,FALSE,FALSE,FALSE,FALSE,"{""coordinates"": [[-79.41969754341387, 43.66322553724299]], ""type"": ""MultiPoint""}"
16498,2020:0001045060,2020-06-07T00:15:00,KEELE ST,CALVINGTON DR,,3,Fatal Injury,At Intersection,Traffic Signal,Pedestrian Collision(internal code),Clear,Dark with Artificial Lighting,Dry,Major Arterial,FALSE,-79.48368527,43.73350758062701,1,Automobile or Station Wagon,North,1,46,None,,Failed to yield right-of-way,Unknown,,,Turning Left,,,,,driver,,York Centre (6),31 Division,Downsview,TRUE,FALSE,FALSE,FALSE,FALSE,FALSE,TRUE,FALSE,TRUE,FALSE,"{""coordinates"": [[-79.48368527188593, 43.73350758062701]], ""type"": ""MultiPoint""}"
16499,2020:0001045060,2020-06-07T00:15:00,KEELE ST,CALVINGTON DR,,3,Fatal Injury,At Intersection,Traffic Signal,Pedestrian Collision(internal code),Clear,Dark with Artificial Lighting,Dry,Major Arterial,FALSE,-79.48368527,43.73350758062701,1,,North,3,19,Minor,,,,Crossing with right-of-way (intersection),Normal,,Driver turns left into pedestrian crossing with right-of-way (at intersection),,,,pedestrian,,York Centre (6),31 Division,Downsview,TRUE,FALSE,FALSE,FALSE,FALSE,FALSE,TRUE,FALSE,TRUE,FALSE,"{""coordinates"": [[-79.48368527188593, 43.73350758062701]], ""type"": ""MultiPoint""}"
16500,2020:0001045060,2020-06-07T00:15:00,KEELE ST,CALVINGTON DR,,3,Fatal Injury,At Intersection,Traffic Signal,Pedestrian Collision(internal code),Clear,Dark with Artificial Lighting,Dry,Major Arterial,FALSE,-79.48368527,43.73350758062701,,,North,2,17,Fatal,,,,Crossing with right-of-way (intersection),Normal,,Driver turns left into pedestrian crossing with right-of-way (at intersection),,,,pedestrian,13,York Centre (6),31 Division,Downsview,TRUE,FALSE,FALSE,FALSE,FALSE,FALSE,TRUE,FALSE,TRUE,FALSE,"{""coordinates"": [[-79.48368527188593, 43.73350758062701]], ""type"": ""MultiPoint""}"
16501,2020:0001052462,2020-06-08T08:30:00,LAWRENCE AVE W,RENFIELD ST,,2,Non-Fatal Injury,At Intersection,Stop Sign,Turning Movement,Clear,Daylight,Dry,Major Arterial,FALSE,-79.49876867,43.70382926981566,1,Automobile or Station Wagon,North,1,47,Minimal,Lap and Shoulder Belt,Failed to yield right-of-way,Normal,,,Turning Right,,,,,driver,,York South-Weston (5),12 Division,Brookhaven-Amesbury,TRUE,FALSE,FALSE,TRUE,FALSE,FALSE,FALSE,FALSE,FALSE,FALSE,"{""coordinates"": [[-79.49876866553905, 43.70382926981566]], ""type"": ""MultiPoint""}"
16502,2020:0001052462,2020-06-08T08:30:00,LAWRENCE AVE W,RENFIELD ST,,2,Non-Fatal Injury,At Intersection,Stop Sign,Turning Movement,Clear,Daylight,Dry,Major Arterial,FALSE,-79.49876867,43.70382926981566,2,Motorcycle,East,2,25,Major,Helmet,Exceeding speed limit,Normal,,,Going Ahead,,,,,motorcyclist,,York South-Weston (5),12 Division,Brookhaven-Amesbury,TRUE,FALSE,FALSE,TRUE,FALSE,FALSE,FALSE,FALSE,FALSE,FALSE,"{""coordinates"": [[-79.49876866553905, 43.70382926981566]], ""type"": ""MultiPoint""}"
16503,2020:0001055551,2020-06-08T16:56:00,555 WILSON HEIGHTS BLVD,,,2,Non-Fatal Injury,At/Near Private Drive,No Control,Cyclist Collision,Clear,Daylight,Dry,Minor Arterial,TRUE,-79.45625752,43.75107421953442,1,Automobile or Station Wagon,West,1,,None,Use Unknown,Failed to yield right-of-way,Unknown,,,Turning Left,,,,,driver,,York Centre (6),32 Division,Clanton Park,TRUE,FALSE,TRUE,FALSE,FALSE,FALSE,FALSE,FALSE,TRUE,FALSE,"{""coordinates"": [[-79.45625752140978, 43.75107421953442]], ""type"": ""MultiPoint""}"
16504,2020:0001055551,2020-06-08T16:56:00,555 WILSON HEIGHTS BLVD,,,2,Non-Fatal Injury,At/Near Private Drive,No Control,Cyclist Collision,Clear,Daylight,Dry,Minor Arterial,TRUE,-79.45625752,43.75107421953442,2,Bicycle,South,2,13,Major,Helmet,,,,,Going Ahead,,Driver turns left into path of cyclist,Driving Properly,Normal,cyclist,,York Centre (6),32 Division,Clanton Park,TRUE,FALSE,TRUE,FALSE,FALSE,FALSE,FALSE,FALSE,TRUE,FALSE,"{""coordinates"": [[-79.45625752140978, 43.75107421953442]], ""type"": ""MultiPoint""}"
16505,2020:0001064302,2020-06-09T21:48:00,DUFFERIN ST,BLOOR ST W,20 m South of,3,Non-Fatal Injury,Intersection-Related,No Control,Cyclist Collision,Clear,Dark with Artificial Lighting,Dry,Major Arterial,FALSE,-79.43532258,43.65981140709684,1,,,3,21,None,Lap and Shoulder Belt,,,,,,,,,,passenger,,Davenport (9),14 Division,Dufferin Grove,FALSE,FALSE,TRUE,FALSE,FALSE,FALSE,FALSE,FALSE,FALSE,FALSE,"{""coordinates"": [[-79.43532257911085, 43.65981140709684]], ""type"": ""MultiPoint""}"
16506,2026:6000926263,2026-05-05T16:12:00,HOWARD PARK AVE,RONCESVALLES AVE,,2,Fatal Injury,Non-Intersection,,,,,,,FALSE,-79.45105371,43.65155917829071,1,Automobile or Station Wagon,,2,39,,,,,,,,,,,,driver,,Parkdale-High Park (4),11 Division,Roncesvalles,FALSE,FALSE,FALSE,TRUE,FALSE,FALSE,FALSE,FALSE,FALSE,FALSE,"{""coordinates"": [[-79.45105370737053, 43.65155917829071]], ""type"": ""MultiPoint""}"
16507,2020:0001064302,2020-06-09T21:48:00,DUFFERIN ST,BLOOR ST W,20 m South of,3,Non-Fatal Injury,Intersection-Related,No Control,Cyclist Collision,Clear,Dark with Artificial Lighting,Dry,Major Arterial,FALSE,-79.43532258,43.65981140709684,1,Automobile or Station Wagon,South,1,22,None,Lap and Shoulder Belt,Improper turn,Normal,,,Making U-Turn,,,,,driver,,Davenport (9),14 Division,Dufferin Grove,FALSE,FALSE,TRUE,FALSE,FALSE,FALSE,FALSE,FALSE,FALSE,FALSE,"{""coordinates"": [[-79.43532257911085, 43.65981140709684]], ""type"": ""MultiPoint""}"
16508,2020:0001064302,2020-06-09T21:48:00,DUFFERIN ST,BLOOR ST W,20 m South of,3,Non-Fatal Injury,Intersection-Related,No Control,Cyclist Collision,Clear,Dark with Artificial Lighting,Dry,Major Arterial,FALSE,-79.43532258,43.65981140709684,2,Bicycle,South,2,50,Major,Helmet,,,,,Going Ahead,,Driver makes U-turn in front of cyclist,Driving Properly,Normal,cyclist,,Davenport (9),14 Division,Dufferin Grove,FALSE,FALSE,TRUE,FALSE,FALSE,FALSE,FALSE,FALSE,FALSE,FALSE,"{""coordinates"": [[-79.43532257911085, 43.65981140709684]], ""type"": ""MultiPoint""}"
16509,2020:0001064422,2020-06-09T22:11:00,BRIMLEY RD,COMRIE TER,,3,Fatal Injury,At Intersection,No Control,Turning Movement,Clear,Dark with Artificial Lighting,Dry,Minor Arterial,FALSE,-79.24361834,43.72599994770118,1,,,2,21,Fatal,,,,,,,,,,,motorcyclist,14,Scarborough Southwest (20),41 Division,Cliffcrest,TRUE,FALSE,FALSE,TRUE,FALSE,FALSE,FALSE,FALSE,FALSE,FALSE,"{""coordinates"": [[-79.24361833834404, 43.72599994770118]], ""type"": ""MultiPoint""}"
16510,2020:0001064422,2020-06-09T22:11:00,BRIMLEY RD,COMRIE TER,,3,Fatal Injury,At Intersection,No Control,Turning Movement,Clear,Dark with Artificial Lighting,Dry,Minor Arterial,FALSE,-79.24361834,43.72599994770118,1,Pickup Truck,North,1,24,None,,Driving properly,Unknown,,,Turning Left,,,,,driver,,Scarborough Southwest (20),41 Division,Cliffcrest,TRUE,FALSE,FALSE,TRUE,FALSE,FALSE,FALSE,FALSE,FALSE,FALSE,"{""coordinates"": [[-79.24361833834404, 43.72599994770118]], ""type"": ""MultiPoint""}"
16511,2020:0001064422,2020-06-09T22:11:00,BRIMLEY RD,COMRIE TER,,3,Fatal Injury,At Intersection,No Control,Turning Movement,Clear,Dark with Artificial Lighting,Dry,Minor Arterial,FALSE,-79.24361834,43.72599994770118,1,Motorcycle,South,3,22,Minor,,Exceeding speed limit,Unknown,,,Going Ahead,,,,,motorcyclist,,Scarborough Southwest (20),41 Division,Cliffcrest,TRUE,FALSE,FALSE,TRUE,FALSE,FALSE,FALSE,FALSE,FALSE,FALSE,"{""coordinates"": [[-79.24361833834404, 43.72599994770118]], ""type"": ""MultiPoint""}"
16512,2020:0001070817,2020-06-10T21:15:00,LAWRENCE AVE W,VARNA DR,,3,Non-Fatal Injury,At Intersection,Traffic Signal,Cyclist Collision,Rain,Dark with Artificial Lighting,Wet,Major Arterial,FALSE,-79.43764182,43.717428577909374,1,Bicycle,North,3,22,Major,Use Unknown,,,,,Going Ahead,,"Cyclist without right-of-way rides into path of driver (at intersection, laneway, or driveway)",Disobeyed Traffic Control,Inattentive,cyclist,,Eglinton-Lawrence (8),13 Division,Englemount-Lawrence,FALSE,TRUE,TRUE,FALSE,FALSE,FALSE,FALSE,FALSE,FALSE,FALSE,"{""coordinates"": [[-79.43764182308357, 43.717428577909374]], ""type"": ""MultiPoint""}"
16513,2020:0001070817,2020-06-10T21:15:00,LAWRENCE AVE W,VARNA DR,,3,Non-Fatal Injury,At Intersection,Traffic Signal,Cyclist Collision,Rain,Dark with Artificial Lighting,Wet,Major Arterial,FALSE,-79.43764182,43.717428577909374,2,Automobile or Station Wagon,West,1,61,None,Lap and Shoulder Belt,Driving properly,Normal,,,Going Ahead,,,,,driver,,Eglinton-Lawrence (8),13 Division,Englemount-Lawrence,FALSE,TRUE,TRUE,FALSE,FALSE,FALSE,FALSE,FALSE,FALSE,FALSE,"{""coordinates"": [[-79.43764182308357, 43.717428577909374]], ""type"": ""MultiPoint""}"
16514,2020:0001070817,2020-06-10T21:15:00,LAWRENCE AVE W,VARNA DR,,3,Non-Fatal Injury,At Intersection,Traffic Signal,Cyclist Collision,Rain,Dark with Artificial Lighting,Wet,Major Arterial,FALSE,-79.43764182,43.717428577909374,2,,,2,58,None,Lap and Shoulder Belt,,,,,,,,,,passenger,,Eglinton-Lawrence (8),13 Division,Englemount-Lawrence,FALSE,TRUE,TRUE,FALSE,FALSE,FALSE,FALSE,FALSE,FALSE,FALSE,"{""coordinates"": [[-79.43764182308357, 43.717428577909374]], ""type"": ""MultiPoint""}"
16515,2020:0001071838,2020-06-11T02:19:00,F G GARDINER XY E,GARDINER JAMESON AV RAMP,9 m East of,2,Non-Fatal Injury,Non-Intersection,No Control,SMV Other,Rain,Dark with Artificial Lighting,Wet,Expressway,FALSE,-79.43708502,43.63382952,0,,,2,20,Major,Lap and Shoulder Belt,,,,,,,,,,passenger,,Parkdale-High Park (4),14 Division,South Parkdale,FALSE,TRUE,FALSE,FALSE,FALSE,FALSE,FALSE,FALSE,FALSE,FALSE,"{""coordinates"": [[-79.43708501604434, 43.6338295155873]], ""type"": ""MultiPoint""}"
16516,2020:0001071838,2020-06-11T02:19:00,F G GARDINER XY E,GARDINER JAMESON AV RAMP,9 m East of,2,Non-Fatal Injury,Non-Intersection,No Control,SMV Other,Rain,Dark with Artificial Lighting,Wet,Expressway,FALSE,-79.43708502,43.63382952,1,Automobile or Station Wagon,East,1,24,Major,Lap and Shoulder Belt,Lost control,Inattentive,,,Going Ahead,,,,,driver,,Parkdale-High Park (4),14 Division,South Parkdale,FALSE,TRUE,FALSE,FALSE,FALSE,FALSE,FALSE,FALSE,FALSE,FALSE,"{""coordinates"": [[-79.43708501604434, 43.6338295155873]], ""type"": ""MultiPoint""}"
16517,2020:0001086962,2020-06-13T10:40:00,SHERBOURNE ST,QUEEN ST E,,2,Non-Fatal Injury,At Intersection,Traffic Signal,Cyclist Collision,Clear,Daylight,Dry,Major Arterial,FALSE,-79.36941975,43.65445166222011,1,Bicycle,South,1,57,Major,No Equipment Available,,,,,Going Ahead,,"Cyclist without right-of-way rides into path of driver (at intersection, laneway, or driveway)",Disobeyed Traffic Control,Normal,cyclist,,Toronto Centre (13),51 Division,Moss Park,FALSE,FALSE,TRUE,FALSE,FALSE,FALSE,FALSE,FALSE,FALSE,FALSE,"{""coordinates"": [[-79.36941975002954, 43.65445166222011]], ""type"": ""MultiPoint""}"
16518,2020:0001086962,2020-06-13T10:40:00,SHERBOURNE ST,QUEEN ST E,,2,Non-Fatal Injury,At Intersection,Traffic Signal,Cyclist Collision,Clear,Daylight,Dry,Major Arterial,FALSE,-79.36941975,43.65445166222011,2,Pickup Truck,East,2,51,None,Lap and Shoulder Belt,Driving properly,Normal,,,Going Ahead,,,,,driver,,Toronto Centre (13),51 Division,Moss Park,FALSE,FALSE,TRUE,FALSE,FALSE,FALSE,FALSE,FALSE,FALSE,FALSE,"{""coordinates"": [[-79.36941975002954, 43.65445166222011]], ""type"": ""MultiPoint""}"
16519,2020:0001109990,2020-06-16T21:07:00,DUNDAS ST W,ROYAL YORK RD,34 m West of,2,Non-Fatal Injury,Overpass or Bridge,No Control,Rear End,Clear,Dark,Dry,Major Arterial,FALSE,-79.51675126,43.658033873813245,2,Automobile or Station Wagon,West,2,53,None,Lap and Shoulder Belt,Other,Normal,,,Going Ahead,,,,,driver,,Etobicoke-Lakeshore (3),22 Division,Kingsway South,FALSE,FALSE,FALSE,FALSE,FALSE,FALSE,FALSE,FALSE,FALSE,FALSE,"{""coordinates"": [[-79.51675125672018, 43.658033873813245]], ""type"": ""MultiPoint""}"
16520,2020:0001109990,2020-06-16T21:07:00,DUNDAS ST W,ROYAL YORK RD,34 m West of,2,Non-Fatal Injury,Overpass or Bridge,No Control,Rear End,Clear,Dark,Dry,Major Arterial,FALSE,-79.51675126,43.658033873813245,1,Automobile or Station Wagon,West,1,25,Major,Lap and Shoulder Belt,Other,Medical or Physical Disability,,,Reversing,,,,,driver,,Etobicoke-Lakeshore (3),22 Division,Kingsway South,FALSE,FALSE,FALSE,FALSE,FALSE,FALSE,FALSE,FALSE,FALSE,FALSE,"{""coordinates"": [[-79.51675125672018, 43.658033873813245]], ""type"": ""MultiPoint""}"
16521,2020:0001119919,2020-06-18T09:58:00,WOODBINE AVE,CORLEY AVE,,2,Non-Fatal Injury,At Intersection,Traffic Signal,Pedestrian Collision(internal code),Clear,Daylight,Dry,Major Arterial,FALSE,-79.30892613,43.67638989608882,1,,Unknown,2,62,Major,Use Unknown,,,Crossing with right-of-way (intersection),Normal,,Driver turns left into pedestrian crossing with right-of-way (at intersection),,,,pedestrian,,Beaches-East York (19),55 Division,East End-Danforth,TRUE,FALSE,FALSE,FALSE,FALSE,FALSE,TRUE,FALSE,FALSE,FALSE,"{""coordinates"": [[-79.30892613402892, 43.67638989608882]], ""type"": ""MultiPoint""}"
16522,2020:0001119919,2020-06-18T09:58:00,WOODBINE AVE,CORLEY AVE,,2,Non-Fatal Injury,At Intersection,Traffic Signal,Pedestrian Collision(internal code),Clear,Daylight,Dry,Major Arterial,FALSE,-79.30892613,43.67638989608882,1,Automobile or Station Wagon,East,1,61,None,Lap and Shoulder Belt,Failed to yield right-of-way,Normal,,,Turning Left,,,,,driver,,Beaches-East York (19),55 Division,East End-Danforth,TRUE,FALSE,FALSE,FALSE,FALSE,FALSE,TRUE,FALSE,FALSE,FALSE,"{""coordinates"": [[-79.30892613402892, 43.67638989608882]], ""type"": ""MultiPoint""}"
16523,2020:0001153227,2020-06-23T06:11:00,LAWRENCE AVE W,DUPLEX AVE,,2,Non-Fatal Injury,At Intersection,Traffic Signal,Cyclist Collision,Clear,Daylight,Dry,Major Arterial,FALSE,-79.40556778,43.724314062003174,1,Bicycle,North,1,21,Major,No Equipment Available,,,,,Going Ahead,,"Cyclist without right-of-way rides into path of driver (at intersection, laneway, or driveway)",Disobeyed Traffic Control,Normal,cyclist,,Eglinton-Lawrence (8),53 Division,Lawrence Park South,FALSE,FALSE,TRUE,FALSE,FALSE,FALSE,FALSE,FALSE,FALSE,FALSE,"{""coordinates"": [[-79.40556778064605, 43.724314062003174]], ""type"": ""MultiPoint""}"
16524,2020:0001153227,2020-06-23T06:11:00,LAWRENCE AVE W,DUPLEX AVE,,2,Non-Fatal Injury,At Intersection,Traffic Signal,Cyclist Collision,Clear,Daylight,Dry,Major Arterial,FALSE,-79.40556778,43.724314062003174,2,Automobile or Station Wagon,East,2,36,None,Lap and Shoulder Belt,Driving properly,Normal,,,Going Ahead,,,,,driver,,Eglinton-Lawrence (8),53 Division,Lawrence Park South,FALSE,FALSE,TRUE,FALSE,FALSE,FALSE,FALSE,FALSE,FALSE,FALSE,"{""coordinates"": [[-79.40556778064605, 43.724314062003174]], ""type"": ""MultiPoint""}"