_id,collision_id,accdate,stname1,stname2,stname3,per_inv,acclass,accloc,traffictl,impactype,visible,light,rdsfcond,road_class,failtorem,longitude,latitude,veh_no,vehtype,initdir,per_no,invage,injury,safequip,drivact,drivcond,pedact,pedcond,manoeuvre,pedtype,cyclistype,cycact,cyccond,road_user,fatal_no,wardname,division,neighbourhood,aggressive,distracted,cyclist,motorcyclist,other_micromobility,older_adult,pedestrian,red_light,school_child,heavy_truck,geometry
16885,2020:0002431394,2020-12-27T15:20:00,LAWRENCE AVE E,KENNEDY RD,200 m West of,4,Non-Fatal Injury,Non-Intersection,No Control,Rear End,Clear,Daylight,Dry,Major Arterial,FALSE,-79.27730214,43.74894539,1,Automobile or Station Wagon,East,1,57,Minor,Lap and Shoulder Belt,Speed too fast for conditions,Inattentive,,,Going Ahead,,,,,driver,,Scarborough Centre (21),41 Division,Dorset Park,TRUE,TRUE,FALSE,FALSE,FALSE,FALSE,FALSE,FALSE,FALSE,FALSE,"{""coordinates"": [[-79.27730214405656, 43.7489453949125]], ""type"": ""MultiPoint""}"
16886,2020:0002431394,2020-12-27T15:20:00,LAWRENCE AVE E,KENNEDY RD,200 m West of,4,Non-Fatal Injury,Non-Intersection,No Control,Rear End,Clear,Daylight,Dry,Major Arterial,FALSE,-79.27730214,43.74894539,2,,,4,,Minimal,Lap and Shoulder Belt,,,,,,,,,,passenger,,Scarborough Centre (21),41 Division,Dorset Park,TRUE,TRUE,FALSE,FALSE,FALSE,FALSE,FALSE,FALSE,FALSE,FALSE,"{""coordinates"": [[-79.27730214405656, 43.7489453949125]], ""type"": ""MultiPoint""}"
16887,2020:0002449891,2020-12-30T17:00:00,DUNDAS ST E,OSKENONTON LANE,54 m East of,2,Non-Fatal Injury,Non-Intersection,No Control,Pedestrian Collision(internal code),Rain,Dark with Artificial Lighting,Wet,Major Arterial,FALSE,-79.3702132,43.658407503730025,1,Automobile or Station Wagon,East,1,41,None,Lap and Shoulder Belt,Driving properly,Normal,,,Going Ahead,,,,,driver,,Toronto Centre (13),51 Division,Moss Park,FALSE,TRUE,FALSE,FALSE,FALSE,TRUE,TRUE,FALSE,FALSE,FALSE,"{""coordinates"": [[-79.37021320267169, 43.658407503730025]], ""type"": ""MultiPoint""}"
16888,2020:0002449891,2020-12-30T17:00:00,DUNDAS ST E,OSKENONTON LANE,54 m East of,2,Non-Fatal Injury,Non-Intersection,No Control,Pedestrian Collision(internal code),Rain,Dark with Artificial Lighting,Wet,Major Arterial,FALSE,-79.3702132,43.658407503730025,1,,South,2,72,Major,Use Unknown,,,Crossing - no traffic control,Inattentive,,Driver hits pedestrian at midblock,,,,pedestrian,,Toronto Centre (13),51 Division,Moss Park,FALSE,TRUE,FALSE,FALSE,FALSE,TRUE,TRUE,FALSE,FALSE,FALSE,"{""coordinates"": [[-79.37021320267169, 43.658407503730025]], ""type"": ""MultiPoint""}"
16889,2020:0002450003,2020-12-30T17:21:00,KENNEDY RD,SHEPPARD AVE E,,2,Fatal Injury,Intersection-Related,Traffic Signal,Pedestrian Collision(internal code),Rain,Dark with Artificial Lighting,Wet,Major Arterial,FALSE,-79.28821217,43.78321283727462,,,Unknown,1,56,Fatal,,,,Crossing - marked crosswalk without right-of-way,Unknown,,Driver going straight hits pedestrian crossing without right-of-way (at intersection),,,,pedestrian,40,Scarborough-Agincourt (22),42 Division,Agincourt South-Malvern West,FALSE,FALSE,FALSE,FALSE,FALSE,FALSE,TRUE,FALSE,FALSE,FALSE,"{""coordinates"": [[-79.28821216630509, 43.78321283727462]], ""type"": ""MultiPoint""}"
16890,2020:0002450003,2020-12-30T17:21:00,KENNEDY RD,SHEPPARD AVE E,,2,Fatal Injury,Intersection-Related,Traffic Signal,Pedestrian Collision(internal code),Rain,Dark with Artificial Lighting,Wet,Major Arterial,FALSE,-79.28821217,43.78321283727462,,Automobile or Station Wagon,North,2,39,None,,Other,Unknown,,,Going Ahead,,,,,driver,,Scarborough-Agincourt (22),42 Division,Agincourt South-Malvern West,FALSE,FALSE,FALSE,FALSE,FALSE,FALSE,TRUE,FALSE,FALSE,FALSE,"{""coordinates"": [[-79.28821216630509, 43.78321283727462]], ""type"": ""MultiPoint""}"
16891,2021:1000002228,2021-01-01T11:29:00,KEELE ST,SHEPPARD AVE W,,6,Fatal Injury,At Intersection,Traffic Signal,Angle,Clear,Daylight,Dry,Major Arterial,FALSE,-79.48640895,43.744703715366335,,,,4,38,Minor,,,,,,,,,,,passenger,,York Centre (6),31 Division,Downsview,TRUE,FALSE,FALSE,FALSE,FALSE,TRUE,FALSE,FALSE,TRUE,FALSE,"{""coordinates"": [[-79.48640895029743, 43.744703715366335]], ""type"": ""MultiPoint""}"
16892,2021:1000002228,2021-01-01T11:29:00,KEELE ST,SHEPPARD AVE W,,6,Fatal Injury,At Intersection,Traffic Signal,Angle,Clear,Daylight,Dry,Major Arterial,FALSE,-79.48640895,43.744703715366335,,,,5,10,Minor,,,,,,,,,,,passenger,,York Centre (6),31 Division,Downsview,TRUE,FALSE,FALSE,FALSE,FALSE,TRUE,FALSE,FALSE,TRUE,FALSE,"{""coordinates"": [[-79.48640895029743, 43.744703715366335]], ""type"": ""MultiPoint""}"
16893,2021:1000002228,2021-01-01T11:29:00,KEELE ST,SHEPPARD AVE W,,6,Fatal Injury,At Intersection,Traffic Signal,Angle,Clear,Daylight,Dry,Major Arterial,FALSE,-79.48640895,43.744703715366335,,Automobile or Station Wagon,South,3,42,Minimal,,Driving properly,Normal,,,Stopped,,,,,driver,,York Centre (6),31 Division,Downsview,TRUE,FALSE,FALSE,FALSE,FALSE,TRUE,FALSE,FALSE,TRUE,FALSE,"{""coordinates"": [[-79.48640895029743, 43.744703715366335]], ""type"": ""MultiPoint""}"
16894,2021:1000002228,2021-01-01T11:29:00,KEELE ST,SHEPPARD AVE W,,6,Fatal Injury,At Intersection,Traffic Signal,Angle,Clear,Daylight,Dry,Major Arterial,FALSE,-79.48640895,43.744703715366335,,Automobile or Station Wagon,West,1,67,Fatal,,Driving properly,Normal,,,Going Ahead,,,,,driver,2,York Centre (6),31 Division,Downsview,TRUE,FALSE,FALSE,FALSE,FALSE,TRUE,FALSE,FALSE,TRUE,FALSE,"{""coordinates"": [[-79.48640895029743, 43.744703715366335]], ""type"": ""MultiPoint""}"
16895,2021:1000002228,2021-01-01T11:29:00,KEELE ST,SHEPPARD AVE W,,6,Fatal Injury,At Intersection,Traffic Signal,Angle,Clear,Daylight,Dry,Major Arterial,FALSE,-79.48640895,43.744703715366335,,Automobile or Station Wagon,North,2,23,Major,,Exceeding speed limit,Unknown,,,Going Ahead,,,,,driver,,York Centre (6),31 Division,Downsview,TRUE,FALSE,FALSE,FALSE,FALSE,TRUE,FALSE,FALSE,TRUE,FALSE,"{""coordinates"": [[-79.48640895029743, 43.744703715366335]], ""type"": ""MultiPoint""}"
16896,2021:1000002228,2021-01-01T11:29:00,KEELE ST,SHEPPARD AVE W,,6,Fatal Injury,At Intersection,Traffic Signal,Angle,Clear,Daylight,Dry,Major Arterial,FALSE,-79.48640895,43.744703715366335,,,,6,6,Minor,,,,,,,,,,,passenger,,York Centre (6),31 Division,Downsview,TRUE,FALSE,FALSE,FALSE,FALSE,TRUE,FALSE,FALSE,TRUE,FALSE,"{""coordinates"": [[-79.48640895029743, 43.744703715366335]], ""type"": ""MultiPoint""}"
16897,2021:1000041217,2021-01-07T16:10:00,1582 KING ST W,,103 m West of,2,Non-Fatal Injury,Non-Intersection,No Control,Pedestrian Collision(internal code),Clear,Daylight,Dry,Major Arterial,FALSE,-79.44478308,43.638014248661236,1,,South,2,33,Major,No Equipment Available,,,Running onto roadway,Ability Impaired - Drugs,,Driver hits pedestrian at midblock,,,,pedestrian,,Parkdale-High Park (4),14 Division,South Parkdale,FALSE,FALSE,FALSE,FALSE,FALSE,FALSE,TRUE,FALSE,FALSE,TRUE,"{""coordinates"": [[-79.44478308345482, 43.638014248661236]], ""type"": ""MultiPoint""}"
16898,2021:1000041217,2021-01-07T16:10:00,1582 KING ST W,,103 m West of,2,Non-Fatal Injury,Non-Intersection,No Control,Pedestrian Collision(internal code),Clear,Daylight,Dry,Major Arterial,FALSE,-79.44478308,43.638014248661236,1,Bus - Other,West,1,51,None,Lap and Shoulder Belt,Driving properly,Normal,,,Going Ahead,,,,,driver,,Parkdale-High Park (4),14 Division,South Parkdale,FALSE,FALSE,FALSE,FALSE,FALSE,FALSE,TRUE,FALSE,FALSE,TRUE,"{""coordinates"": [[-79.44478308345482, 43.638014248661236]], ""type"": ""MultiPoint""}"
16899,2021:1000067206,2021-01-11T19:15:00,KINGSTON RD,SCARBOROUGH GOLF CLUB RD,33 m West of,5,Non-Fatal Injury,Non-Intersection,No Control,Rear End,Clear,Dark,Dry,Major Arterial,FALSE,-79.20969035,43.74555786746254,1,Automobile or Station Wagon,East,1,36,Major,Lap and Shoulder Belt,Speed too fast for conditions,Ability Impaired - Alcohol,,,Stopped,,,,,driver,,Scarborough-Guildwood (24),43 Division,Scarborough Village,TRUE,FALSE,FALSE,FALSE,FALSE,FALSE,FALSE,FALSE,TRUE,TRUE,"{""coordinates"": [[-79.20969035008484, 43.74555786746254]], ""type"": ""MultiPoint""}"
16900,2021:1000067206,2021-01-11T19:15:00,KINGSTON RD,SCARBOROUGH GOLF CLUB RD,33 m West of,5,Non-Fatal Injury,Non-Intersection,No Control,Rear End,Clear,Dark,Dry,Major Arterial,FALSE,-79.20969035,43.74555786746254,2,,,4,39,Minor,No Equipment Available,,,,,,,,,,passenger,,Scarborough-Guildwood (24),43 Division,Scarborough Village,TRUE,FALSE,FALSE,FALSE,FALSE,FALSE,FALSE,FALSE,TRUE,TRUE,"{""coordinates"": [[-79.20969035008484, 43.74555786746254]], ""type"": ""MultiPoint""}"
16901,2021:1000067206,2021-01-11T19:15:00,KINGSTON RD,SCARBOROUGH GOLF CLUB RD,33 m West of,5,Non-Fatal Injury,Non-Intersection,No Control,Rear End,Clear,Dark,Dry,Major Arterial,FALSE,-79.20969035,43.74555786746254,2,,,3,23,Minor,No Equipment Available,,,,,,,,,,passenger,,Scarborough-Guildwood (24),43 Division,Scarborough Village,TRUE,FALSE,FALSE,FALSE,FALSE,FALSE,FALSE,FALSE,TRUE,TRUE,"{""coordinates"": [[-79.20969035008484, 43.74555786746254]], ""type"": ""MultiPoint""}"
16902,2021:1000067206,2021-01-11T19:15:00,KINGSTON RD,SCARBOROUGH GOLF CLUB RD,33 m West of,5,Non-Fatal Injury,Non-Intersection,No Control,Rear End,Clear,Dark,Dry,Major Arterial,FALSE,-79.20969035,43.74555786746254,2,Intercity Coach Bus,East,2,55,Minor,Lap Belt Only,Driving properly,Normal,,,Going Ahead,,,,,driver,,Scarborough-Guildwood (24),43 Division,Scarborough Village,TRUE,FALSE,FALSE,FALSE,FALSE,FALSE,FALSE,FALSE,TRUE,TRUE,"{""coordinates"": [[-79.20969035008484, 43.74555786746254]], ""type"": ""MultiPoint""}"
16903,2021:1000067206,2021-01-11T19:15:00,KINGSTON RD,SCARBOROUGH GOLF CLUB RD,33 m West of,5,Non-Fatal Injury,Non-Intersection,No Control,Rear End,Clear,Dark,Dry,Major Arterial,FALSE,-79.20969035,43.74555786746254,2,,,5,19,Minor,No Equipment Available,,,,,,,,,,passenger,,Scarborough-Guildwood (24),43 Division,Scarborough Village,TRUE,FALSE,FALSE,FALSE,FALSE,FALSE,FALSE,FALSE,TRUE,TRUE,"{""coordinates"": [[-79.20969035008484, 43.74555786746254]], ""type"": ""MultiPoint""}"
16904,2021:1000073767,2021-01-12T19:03:00,FINCH AVE W,KIPLING AVE,,2,Fatal Injury,Non-Intersection,No Control,Pedestrian Collision(internal code),Clear,Dark with Artificial Lighting,Wet,Major Arterial,FALSE,-79.57729805,43.744062949736346,,Automobile or Station Wagon,East,2,61,None,,Driving properly,Normal,,,Going Ahead,,,,,driver,,Etobicoke North (1),23 Division,Thistletown-Beaumond Heights,FALSE,FALSE,FALSE,FALSE,FALSE,FALSE,TRUE,FALSE,FALSE,FALSE,"{""coordinates"": [[-79.57729804861572, 43.744062949736346]], ""type"": ""MultiPoint""}"
16905,2021:1000073767,2021-01-12T19:03:00,FINCH AVE W,KIPLING AVE,,2,Fatal Injury,Non-Intersection,No Control,Pedestrian Collision(internal code),Clear,Dark with Artificial Lighting,Wet,Major Arterial,FALSE,-79.57729805,43.744062949736346,,,North,1,43,Fatal,,,,Crossing - no traffic control,Unknown,,Driver hits pedestrian at midblock,,,,pedestrian,1,Etobicoke North (1),23 Division,Thistletown-Beaumond Heights,FALSE,FALSE,FALSE,FALSE,FALSE,FALSE,TRUE,FALSE,FALSE,FALSE,"{""coordinates"": [[-79.57729804861572, 43.744062949736346]], ""type"": ""MultiPoint""}"
16906,2021:1000078163,2021-01-13T12:58:00,MCLEVIN AVE,MARKHAM RD,107 m East of,1,Non-Fatal Injury,Non-Intersection,No Control,SMV Other,Clear,Daylight,Wet,Minor Arterial,FALSE,-79.23983409,43.798730972822824,1,Automobile or Station Wagon,West,1,22,Major,Air Bag Deployed,Speed too fast for conditions,Normal,,,Going Ahead,,,,,driver,,Scarborough North (23),42 Division,Malvern West,TRUE,FALSE,FALSE,FALSE,FALSE,FALSE,FALSE,FALSE,FALSE,FALSE,"{""coordinates"": [[-79.23983408751799, 43.798730972822824]], ""type"": ""MultiPoint""}"
16907,2021:1000093718,2021-01-15T18:05:00,GABIAN WAY,EGLINTON AVE W,30 m North of,2,Non-Fatal Injury,Non-Intersection,No Control,Pedestrian Collision(internal code),Rain,Dark,Wet,Local,FALSE,-79.46765596,43.691645089680605,1,,East,2,60,Major,No Equipment Available,,,Crossing - no traffic control,Inattentive,,Driver hits pedestrian at midblock,,,,pedestrian,,York South-Weston (5),12 Division,Keelesdale-Eglinton West,FALSE,TRUE,FALSE,FALSE,FALSE,FALSE,TRUE,FALSE,FALSE,FALSE,"{""coordinates"": [[-79.46765595966438, 43.691645089680605]], ""type"": ""MultiPoint""}"
16908,2021:1000093718,2021-01-15T18:05:00,GABIAN WAY,EGLINTON AVE W,30 m North of,2,Non-Fatal Injury,Non-Intersection,No Control,Pedestrian Collision(internal code),Rain,Dark,Wet,Local,FALSE,-79.46765596,43.691645089680605,1,Automobile or Station Wagon,South,1,57,None,Lap and Shoulder Belt,Driving properly,Normal,,,Going Ahead,,,,,driver,,York South-Weston (5),12 Division,Keelesdale-Eglinton West,FALSE,TRUE,FALSE,FALSE,FALSE,FALSE,TRUE,FALSE,FALSE,FALSE,"{""coordinates"": [[-79.46765595966438, 43.691645089680605]], ""type"": ""MultiPoint""}"
16909,2021:1000113248,2021-01-18T21:20:00,LESLIE ST,BANNATYNE DR,102 m North of,2,Non-Fatal Injury,Non-Intersection,No Control,SMV Other,Snow,Dark,Wet,Major Arterial,FALSE,-79.36150027,43.75963809633661,1,Automobile or Station Wagon,South,1,67,Major,Lap and Shoulder Belt,Lost control,Normal,,,Going Ahead,,,,,driver,,Don Valley West (15),33 Division,St.Andrew-Windfields,FALSE,FALSE,FALSE,FALSE,FALSE,TRUE,FALSE,FALSE,FALSE,FALSE,"{""coordinates"": [[-79.36150027301794, 43.75963809633661]], ""type"": ""MultiPoint""}"
16910,2021:1000113248,2021-01-18T21:20:00,LESLIE ST,BANNATYNE DR,102 m North of,2,Non-Fatal Injury,Non-Intersection,No Control,SMV Other,Snow,Dark,Wet,Major Arterial,FALSE,-79.36150027,43.75963809633661,2,Automobile or Station Wagon,Unknown,2,,None,Use Unknown,,,,,Parked,,,,,other,,Don Valley West (15),33 Division,St.Andrew-Windfields,FALSE,FALSE,FALSE,FALSE,FALSE,TRUE,FALSE,FALSE,FALSE,FALSE,"{""coordinates"": [[-79.36150027301794, 43.75963809633661]], ""type"": ""MultiPoint""}"
16911,2021:1000123006,2021-01-20T11:45:00,FINCH AVE E,LESLIE ST,,2,Non-Fatal Injury,At Intersection,Traffic Signal,Pedestrian Collision(internal code),Clear,Daylight,Dry,Major Arterial,FALSE,-79.36803101,43.78993824,1,,West,2,88,Major,No Equipment Available,,,Crossing without right-of-way (intersection),Inattentive,,Driver going straight hits pedestrian crossing without right-of-way (at intersection),,,,pedestrian,,Don Valley North (17),33 Division,Don Valley Village,FALSE,TRUE,FALSE,FALSE,FALSE,TRUE,TRUE,FALSE,FALSE,FALSE,"{""coordinates"": [[-79.36803101461487, 43.7899382436826]], ""type"": ""MultiPoint""}"
16912,2021:1000123006,2021-01-20T11:45:00,FINCH AVE E,LESLIE ST,,2,Non-Fatal Injury,At Intersection,Traffic Signal,Pedestrian Collision(internal code),Clear,Daylight,Dry,Major Arterial,FALSE,-79.36803101,43.78993824,1,Automobile or Station Wagon,North,1,29,None,Lap and Shoulder Belt,Driving properly,Normal,,,Going Ahead,,,,,driver,,Don Valley North (17),33 Division,Don Valley Village,FALSE,TRUE,FALSE,FALSE,FALSE,TRUE,TRUE,FALSE,FALSE,FALSE,"{""coordinates"": [[-79.36803101461487, 43.7899382436826]], ""type"": ""MultiPoint""}"
16913,2021:1000123041,2021-01-20T11:57:00,WOODBINE AVE,O CONNOR DR,,2,Non-Fatal Injury,Intersection-Related,Traffic Signal,Cyclist Collision,Clear,Daylight,Dry,Major Arterial,TRUE,-79.31899692,43.70008299338033,1,Pickup Truck,North,1,38,None,Use Unknown,Failed to yield right-of-way,Unknown,,,Turning Right,,,,,driver,,Beaches-East York (19),55 Division,Woodbine-Lumsden,TRUE,FALSE,TRUE,FALSE,FALSE,FALSE,FALSE,FALSE,FALSE,FALSE,"{""coordinates"": [[-79.31899692174046, 43.70008299338033]], ""type"": ""MultiPoint""}"
16914,2021:1000123041,2021-01-20T11:57:00,WOODBINE AVE,O CONNOR DR,,2,Non-Fatal Injury,Intersection-Related,Traffic Signal,Cyclist Collision,Clear,Daylight,Dry,Major Arterial,TRUE,-79.31899692,43.70008299338033,2,Bicycle,North,2,59,Major,No Equipment Available,,,,,Turning Right,,Driver turns right on red at signalized intersection and hits cyclist,Failed to Yield Right of Way,Unknown,cyclist,,Beaches-East York (19),55 Division,Woodbine-Lumsden,TRUE,FALSE,TRUE,FALSE,FALSE,FALSE,FALSE,FALSE,FALSE,FALSE,"{""coordinates"": [[-79.31899692174046, 43.70008299338033]], ""type"": ""MultiPoint""}"
16915,2021:1000142323,2021-01-23T09:49:00,328 BAYVIEW AVE,,800 m South of,3,Non-Fatal Injury,Non-Intersection,No Control,Pedestrian Collision(internal code),Clear,Daylight,Dry,Major Arterial,FALSE,-79.35539689,43.659551891075374,1,,,3,33,None,Lap Belt Only of Combined Assembly,,,,,,,,,,passenger,,Toronto Centre (13),51 Division,Regent Park,FALSE,TRUE,FALSE,FALSE,FALSE,FALSE,TRUE,FALSE,FALSE,FALSE,"{""coordinates"": [[-79.35539688816529, 43.659551891075374]], ""type"": ""MultiPoint""}"
16916,2021:1000142323,2021-01-23T09:49:00,328 BAYVIEW AVE,,800 m South of,3,Non-Fatal Injury,Non-Intersection,No Control,Pedestrian Collision(internal code),Clear,Daylight,Dry,Major Arterial,FALSE,-79.35539689,43.659551891075374,1,,Unknown,2,28,Major,No Equipment Available,,,Walking on roadway against traffic,Inattentive,,Driver hits pedestrian at midblock,,,,pedestrian,,Toronto Centre (13),51 Division,Regent Park,FALSE,TRUE,FALSE,FALSE,FALSE,FALSE,TRUE,FALSE,FALSE,FALSE,"{""coordinates"": [[-79.35539688816529, 43.659551891075374]], ""type"": ""MultiPoint""}"
16917,2021:1000142323,2021-01-23T09:49:00,328 BAYVIEW AVE,,800 m South of,3,Non-Fatal Injury,Non-Intersection,No Control,Pedestrian Collision(internal code),Clear,Daylight,Dry,Major Arterial,FALSE,-79.35539689,43.659551891075374,1,Automobile or Station Wagon,South,1,31,None,Lap and Shoulder Belt,Driving properly,Normal,,,Going Ahead,,,,,driver,,Toronto Centre (13),51 Division,Regent Park,FALSE,TRUE,FALSE,FALSE,FALSE,FALSE,TRUE,FALSE,FALSE,FALSE,"{""coordinates"": [[-79.35539688816529, 43.659551891075374]], ""type"": ""MultiPoint""}"
16918,2021:1000153209,2021-01-25T06:53:00,JANE ST,WILSON AVE,105 m North of,2,Non-Fatal Injury,Non-Intersection,No Control,Pedestrian Collision(internal code),Clear,Dark with Artificial Lighting,Dry,Major Arterial,FALSE,-79.50882419,43.72182319965867,1,Automobile or Station Wagon,South,1,51,None,Use Unknown,Driving properly,Normal,,,Going Ahead,,,,,driver,,York Centre (6),31 Division,Oakdale-Beverley Heights,FALSE,TRUE,FALSE,FALSE,FALSE,FALSE,TRUE,FALSE,FALSE,FALSE,"{""coordinates"": [[-79.50882418781329, 43.72182319965867]], ""type"": ""MultiPoint""}"
16919,2021:1000228775,2021-02-05T11:00:00,54 THORNCLIFFE PARK DR,,1 m South of,4,Non-Fatal Injury,At/Near Private Drive,No Control,Angle,Clear,Daylight,Dry,Collector,FALSE,-79.34159522,43.70445848150267,1,Automobile or Station Wagon,West,1,68,None,Lap and Shoulder Belt,Other,Normal,,,Reversing,,,,,driver,,Don Valley West (15),53 Division,Thorncliffe Park,FALSE,FALSE,FALSE,FALSE,FALSE,TRUE,FALSE,FALSE,FALSE,FALSE,"{""coordinates"": [[-79.34159522330536, 43.70445848150267]], ""type"": ""MultiPoint""}"
16920,2021:1000153209,2021-01-25T06:53:00,JANE ST,WILSON AVE,105 m North of,2,Non-Fatal Injury,Non-Intersection,No Control,Pedestrian Collision(internal code),Clear,Dark with Artificial Lighting,Dry,Major Arterial,FALSE,-79.50882419,43.72182319965867,1,,West,2,54,Major,No Equipment Available,,,Crossing - no traffic control,Inattentive,,Driver hits pedestrian at midblock,,,,pedestrian,,York Centre (6),31 Division,Oakdale-Beverley Heights,FALSE,TRUE,FALSE,FALSE,FALSE,FALSE,TRUE,FALSE,FALSE,FALSE,"{""coordinates"": [[-79.50882418781329, 43.72182319965867]], ""type"": ""MultiPoint""}"
16921,2021:1000167735,2021-01-27T09:05:00,AVENUE RD,EGLINTON AVE W,,2,Non-Fatal Injury,At Intersection,Traffic Signal,Turning Movement,Clear,Daylight,Wet,Major Arterial,FALSE,-79.40847462,43.704527236662116,2,Automobile or Station Wagon,North,2,33,Major,Lap and Shoulder Belt,Driving properly,Normal,,,Going Ahead,,,,,driver,,Toronto-St. Paul's (12),53 Division,Yonge-Eglinton,FALSE,FALSE,FALSE,FALSE,FALSE,FALSE,FALSE,FALSE,TRUE,FALSE,"{""coordinates"": [[-79.40847461670204, 43.704527236662116]], ""type"": ""MultiPoint""}"
16922,2021:1000167735,2021-01-27T09:05:00,AVENUE RD,EGLINTON AVE W,,2,Non-Fatal Injury,At Intersection,Traffic Signal,Turning Movement,Clear,Daylight,Wet,Major Arterial,FALSE,-79.40847462,43.704527236662116,1,Automobile or Station Wagon,South,1,17,None,Lap and Shoulder Belt,Improper turn,Normal,,,Turning Left,,,,,driver,,Toronto-St. Paul's (12),53 Division,Yonge-Eglinton,FALSE,FALSE,FALSE,FALSE,FALSE,FALSE,FALSE,FALSE,TRUE,FALSE,"{""coordinates"": [[-79.40847461670204, 43.704527236662116]], ""type"": ""MultiPoint""}"
16923,2021:1000182420,2021-01-29T11:30:00,HORNER AVE,KIPLING AVE,,2,Non-Fatal Injury,At Intersection,Traffic Signal,Angle,Clear,Daylight,Dry,Major Arterial,FALSE,-79.52071101,43.607130584573675,2,Automobile or Station Wagon,West,2,65,Major,Equipment Not Used But Available,Disobeyed traffic control,Inattentive,,,Going Ahead,,,,,driver,,Etobicoke-Lakeshore (3),22 Division,Mimico-Queensway,TRUE,TRUE,FALSE,FALSE,FALSE,TRUE,FALSE,TRUE,FALSE,FALSE,"{""coordinates"": [[-79.52071101189695, 43.607130584573675]], ""type"": ""MultiPoint""}"
16924,2021:1000182420,2021-01-29T11:30:00,HORNER AVE,KIPLING AVE,,2,Non-Fatal Injury,At Intersection,Traffic Signal,Angle,Clear,Daylight,Dry,Major Arterial,FALSE,-79.52071101,43.607130584573675,1,Pickup Truck,North,1,24,Major,Use Unknown,Driving properly,Normal,,,Going Ahead,,,,,driver,,Etobicoke-Lakeshore (3),22 Division,Mimico-Queensway,TRUE,TRUE,FALSE,FALSE,FALSE,TRUE,FALSE,TRUE,FALSE,FALSE,"{""coordinates"": [[-79.52071101189695, 43.607130584573675]], ""type"": ""MultiPoint""}"
16925,2021:1000182776,2021-01-29T12:25:00,FINCH AVE E,MCCOWAN RD,,2,Non-Fatal Injury,Intersection-Related,Traffic Signal,Rear End,Clear,Daylight,Dry,Major Arterial,FALSE,-79.26646834,43.80795494107821,1,Automobile or Station Wagon,East,1,67,Major,Lap and Shoulder Belt,Following too closely,Inattentive,,,Going Ahead,,,,,driver,,Scarborough North (23),42 Division,Agincourt North,TRUE,TRUE,FALSE,FALSE,FALSE,TRUE,FALSE,FALSE,FALSE,FALSE,"{""coordinates"": [[-79.26646833584054, 43.80795494107821]], ""type"": ""MultiPoint""}"
16926,2021:1000182776,2021-01-29T12:25:00,FINCH AVE E,MCCOWAN RD,,2,Non-Fatal Injury,Intersection-Related,Traffic Signal,Rear End,Clear,Daylight,Dry,Major Arterial,FALSE,-79.26646834,43.80795494107821,2,Automobile or Station Wagon,East,2,53,None,Lap and Shoulder Belt,Driving properly,Normal,,,Stopped,,,,,driver,,Scarborough North (23),42 Division,Agincourt North,TRUE,TRUE,FALSE,FALSE,FALSE,TRUE,FALSE,FALSE,FALSE,FALSE,"{""coordinates"": [[-79.26646833584054, 43.80795494107821]], ""type"": ""MultiPoint""}"
16927,2021:1000186475,2021-01-29T22:35:00,GREENWOOD AVE,MOUNTJOY AVE,30 m South of,4,Non-Fatal Injury,Intersection-Related,No Control,Approaching Head On,Clear,Dark with Artificial Lighting,Wet,Minor Arterial,FALSE,-79.33177621,43.67999100239261,1,Automobile or Station Wagon,North,1,48,Minor,Lap and Shoulder Belt,Lost control,Unknown,,,Going Ahead,,,,,driver,,Toronto-Danforth (14),55 Division,Greenwood-Coxwell,FALSE,FALSE,FALSE,FALSE,FALSE,FALSE,FALSE,FALSE,FALSE,FALSE,"{""coordinates"": [[-79.33177620870106, 43.67999100239261]], ""type"": ""MultiPoint""}"
16928,2021:1000186475,2021-01-29T22:35:00,GREENWOOD AVE,MOUNTJOY AVE,30 m South of,4,Non-Fatal Injury,Intersection-Related,No Control,Approaching Head On,Clear,Dark with Artificial Lighting,Wet,Minor Arterial,FALSE,-79.33177621,43.67999100239261,2,Automobile or Station Wagon,South,2,33,Minor,Lap and Shoulder Belt,Driving properly,Normal,,,Going Ahead,,,,,driver,,Toronto-Danforth (14),55 Division,Greenwood-Coxwell,FALSE,FALSE,FALSE,FALSE,FALSE,FALSE,FALSE,FALSE,FALSE,FALSE,"{""coordinates"": [[-79.33177620870106, 43.67999100239261]], ""type"": ""MultiPoint""}"
16929,2021:1000186475,2021-01-29T22:35:00,GREENWOOD AVE,MOUNTJOY AVE,30 m South of,4,Non-Fatal Injury,Intersection-Related,No Control,Approaching Head On,Clear,Dark with Artificial Lighting,Wet,Minor Arterial,FALSE,-79.33177621,43.67999100239261,2,,,4,28,Minor,Equipment Not Used But Available,,,,,,,,,,passenger,,Toronto-Danforth (14),55 Division,Greenwood-Coxwell,FALSE,FALSE,FALSE,FALSE,FALSE,FALSE,FALSE,FALSE,FALSE,FALSE,"{""coordinates"": [[-79.33177620870106, 43.67999100239261]], ""type"": ""MultiPoint""}"
16930,2021:1000186475,2021-01-29T22:35:00,GREENWOOD AVE,MOUNTJOY AVE,30 m South of,4,Non-Fatal Injury,Intersection-Related,No Control,Approaching Head On,Clear,Dark with Artificial Lighting,Wet,Minor Arterial,FALSE,-79.33177621,43.67999100239261,2,,,3,28,Major,Equipment Not Used But Available,,,,,,,,,,passenger,,Toronto-Danforth (14),55 Division,Greenwood-Coxwell,FALSE,FALSE,FALSE,FALSE,FALSE,FALSE,FALSE,FALSE,FALSE,FALSE,"{""coordinates"": [[-79.33177620870106, 43.67999100239261]], ""type"": ""MultiPoint""}"