_id,collision_id,accdate,stname1,stname2,stname3,per_inv,acclass,accloc,traffictl,impactype,visible,light,rdsfcond,road_class,failtorem,longitude,latitude,veh_no,vehtype,initdir,per_no,invage,injury,safequip,drivact,drivcond,pedact,pedcond,manoeuvre,pedtype,cyclistype,cycact,cyccond,road_user,fatal_no,wardname,division,neighbourhood,aggressive,distracted,cyclist,motorcyclist,other_micromobility,older_adult,pedestrian,red_light,school_child,heavy_truck,geometry
17295,2021:1001600132,2021-08-23T00:02:00,LAKE SHORE BV W,LOWER SIMCOE ST,,3,Non-Fatal Injury,At Intersection,Traffic Signal,Turning Movement,Clear,Dark with Artificial Lighting,Dry,Expressway,FALSE,-79.38313745,43.640596705085315,2,Automobile or Station Wagon,West,3,21,Major,Lap and Shoulder Belt,,,,,Going Ahead,,,,,passenger,,Spadina-Fort York (10),52 Division,Harbourfront-CityPlace,FALSE,TRUE,FALSE,FALSE,FALSE,TRUE,FALSE,FALSE,FALSE,FALSE,"{""coordinates"": [[-79.38313744914443, 43.640596705085315]], ""type"": ""MultiPoint""}"
17296,2021:1001608912,2021-08-24T08:44:00,5 FAIRVIEW MALL DR,,,2,Fatal Injury,Non-Intersection,No Control,Pedestrian Collision(internal code),Clear,Daylight,Dry,Minor Arterial,FALSE,-79.34782073,43.779161699997765,,,West,1,87,Fatal,,,,On sidewalk or shoulder,Normal,,Driver hits pedestrian on sidewalk or shoulder,,,,pedestrian,30,Don Valley North (17),33 Division,Don Valley Village,FALSE,FALSE,FALSE,FALSE,FALSE,TRUE,TRUE,FALSE,FALSE,FALSE,"{""coordinates"": [[-79.34782072655025, 43.779161699997765]], ""type"": ""MultiPoint""}"
17297,2021:1001608912,2021-08-24T08:44:00,5 FAIRVIEW MALL DR,,,2,Fatal Injury,Non-Intersection,No Control,Pedestrian Collision(internal code),Clear,Daylight,Dry,Minor Arterial,FALSE,-79.34782073,43.779161699997765,,Automobile or Station Wagon,North,2,42,None,,Lost control,Other Condition,,,Going Ahead,,,,,driver,,Don Valley North (17),33 Division,Don Valley Village,FALSE,FALSE,FALSE,FALSE,FALSE,TRUE,TRUE,FALSE,FALSE,FALSE,"{""coordinates"": [[-79.34782072655025, 43.779161699997765]], ""type"": ""MultiPoint""}"
17298,2021:1001613123,2021-08-24T18:50:00,NIPIGON AV,DUMONT ST,,1,Non-Fatal Injury,Intersection-Related,Stop Sign,SMV Other,Clear,Daylight,Dry,Local,FALSE,-79.41672951,43.797777503289915,1,Passenger Van,North,1,52,Major,Lap and Shoulder Belt,Lost control,Normal,,,Going Ahead,,,,,driver,,Willowdale (18),32 Division,Newtonbrook East,FALSE,FALSE,FALSE,FALSE,FALSE,FALSE,FALSE,FALSE,FALSE,FALSE,"{""coordinates"": [[-79.41672950969945, 43.797777503289915]], ""type"": ""MultiPoint""}"
17299,2021:1001616611,2021-08-25T09:35:00,345 ADELAIDE ST W,,,2,Non-Fatal Injury,At/Near Private Drive,No Control,Cyclist Collision,Clear,Daylight,Dry,Major Arterial,FALSE,-79.39370417,43.647055001790456,1,Delivery Van,East,1,25,None,Lap and Shoulder Belt,Improper turn,Inattentive,,,Turning Right,,,,,driver,,Spadina-Fort York (10),52 Division,Wellington Place,FALSE,TRUE,TRUE,FALSE,FALSE,FALSE,FALSE,FALSE,FALSE,TRUE,"{""coordinates"": [[-79.39370417143905, 43.647055001790456]], ""type"": ""MultiPoint""}"
17300,2021:1001616611,2021-08-25T09:35:00,345 ADELAIDE ST W,,,2,Non-Fatal Injury,At/Near Private Drive,No Control,Cyclist Collision,Clear,Daylight,Dry,Major Arterial,FALSE,-79.39370417,43.647055001790456,2,Bicycle,East,2,28,Major,Helmet,,,,,Going Ahead,,"Driver turns right at non-signalized intersection (e.g. stop, yield, no control, driveway) and hits cyclist",Driving Properly,Normal,cyclist,,Spadina-Fort York (10),52 Division,Wellington Place,FALSE,TRUE,TRUE,FALSE,FALSE,FALSE,FALSE,FALSE,FALSE,TRUE,"{""coordinates"": [[-79.39370417143905, 43.647055001790456]], ""type"": ""MultiPoint""}"
17301,2021:1001622645,2021-08-26T03:30:00,HARBOUR ST,YORK ST,,2,Fatal Injury,At Intersection,Traffic Signal,Pedestrian Collision(internal code),Clear,Dark with Artificial Lighting,Dry,Major Arterial,FALSE,-79.38065026,43.640932394571365,,,Unknown,1,29,Fatal,,,,Other,Unknown,,Unknown,,,,pedestrian,31,Spadina-Fort York (10),52 Division,St Lawrence-East Bayfront-The Islands,TRUE,FALSE,FALSE,FALSE,FALSE,FALSE,TRUE,FALSE,FALSE,FALSE,"{""coordinates"": [[-79.38065026110638, 43.640932394571365]], ""type"": ""MultiPoint""}"
17302,2021:1001622645,2021-08-26T03:30:00,HARBOUR ST,YORK ST,,2,Fatal Injury,At Intersection,Traffic Signal,Pedestrian Collision(internal code),Clear,Dark with Artificial Lighting,Dry,Major Arterial,FALSE,-79.38065026,43.640932394571365,,Automobile or Station Wagon,East,2,46,None,,Exceeding speed limit,Ability Impaired - Drugs,,,Going Ahead,,,,,driver,,Spadina-Fort York (10),52 Division,St Lawrence-East Bayfront-The Islands,TRUE,FALSE,FALSE,FALSE,FALSE,FALSE,TRUE,FALSE,FALSE,FALSE,"{""coordinates"": [[-79.38065026110638, 43.640932394571365]], ""type"": ""MultiPoint""}"
17303,2021:1001633249,2021-08-27T14:00:00,QUEENS QUAY WEST,BATHURST ST,,2,Fatal Injury,At Intersection,Traffic Signal,Pedestrian Collision(internal code),Clear,Daylight,Dry,Major Arterial,FALSE,-79.39832761,43.63559947572011,,,North,1,89,Fatal,,,,Crossing with right-of-way (intersection),Normal,,Driver turns right into pedestrian crossing with right-of-way (at intersection),,,,pedestrian,32,Spadina-Fort York (10),14 Division,Fort York-Liberty Village,TRUE,FALSE,FALSE,FALSE,FALSE,TRUE,TRUE,FALSE,FALSE,FALSE,"{""coordinates"": [[-79.39832761157304, 43.63559947572011]], ""type"": ""MultiPoint""}"
17304,2021:1001633249,2021-08-27T14:00:00,QUEENS QUAY WEST,BATHURST ST,,2,Fatal Injury,At Intersection,Traffic Signal,Pedestrian Collision(internal code),Clear,Daylight,Dry,Major Arterial,FALSE,-79.39832761,43.63559947572011,,Pickup Truck,South,2,31,None,,Failed to yield right-of-way,Normal,,,Turning Right,,,,,driver,,Spadina-Fort York (10),14 Division,Fort York-Liberty Village,TRUE,FALSE,FALSE,FALSE,FALSE,TRUE,TRUE,FALSE,FALSE,FALSE,"{""coordinates"": [[-79.39832761157304, 43.63559947572011]], ""type"": ""MultiPoint""}"
17305,2021:1001637805,2021-08-28T03:00:00,YORE RD,KEELE ST,,2,Non-Fatal Injury,Intersection-Related,No Control,SMV Other,Clear,Dark with Artificial Lighting,Dry,Major Arterial,FALSE,-79.47424777,43.69177479845824,1,Motorcycle,West,1,18,Major,Helmet,Exceeding speed limit,Unknown,,,Going Ahead,,,,,motorcyclist,,York South-Weston (5),12 Division,Beechborough-Greenbrook,TRUE,FALSE,FALSE,TRUE,FALSE,FALSE,FALSE,FALSE,TRUE,FALSE,"{""coordinates"": [[-79.47424776848875, 43.69177479845824]], ""type"": ""MultiPoint""}"
17306,2021:1001637805,2021-08-28T03:00:00,YORE RD,KEELE ST,,2,Non-Fatal Injury,Intersection-Related,No Control,SMV Other,Clear,Dark with Artificial Lighting,Dry,Major Arterial,FALSE,-79.47424777,43.69177479845824,1,Motorcycle,,2,,Minor,Helmet,,,,,,,,,,motorcyclist,,York South-Weston (5),12 Division,Beechborough-Greenbrook,TRUE,FALSE,FALSE,TRUE,FALSE,FALSE,FALSE,FALSE,TRUE,FALSE,"{""coordinates"": [[-79.47424776848875, 43.69177479845824]], ""type"": ""MultiPoint""}"
17307,2021:1001647780,2021-08-29T15:00:00,JANE ST,SHEPPARD AVE,,3,Non-Fatal Injury,At Intersection,Traffic Signal,Turning Movement,Clear,Daylight,Dry,Major Arterial,FALSE,-79.5131958,43.73937080320732,2,Motorcycle,North,2,26,Major,Helmet,Driving properly,Normal,,,Going Ahead,,,,,motorcyclist,,York Centre (6),31 Division,Glenfield-Jane Heights,TRUE,TRUE,FALSE,TRUE,FALSE,FALSE,FALSE,FALSE,FALSE,FALSE,"{""coordinates"": [[-79.513195804027, 43.73937080320732]], ""type"": ""MultiPoint""}"
17308,2021:1001647780,2021-08-29T15:00:00,JANE ST,SHEPPARD AVE,,3,Non-Fatal Injury,At Intersection,Traffic Signal,Turning Movement,Clear,Daylight,Dry,Major Arterial,FALSE,-79.5131958,43.73937080320732,1,Automobile or Station Wagon,South,3,54,None,Use Unknown,,,,,Turning Left,,,,,passenger,,York Centre (6),31 Division,Glenfield-Jane Heights,TRUE,TRUE,FALSE,TRUE,FALSE,FALSE,FALSE,FALSE,FALSE,FALSE,"{""coordinates"": [[-79.513195804027, 43.73937080320732]], ""type"": ""MultiPoint""}"
17309,2021:1001647780,2021-08-29T15:00:00,JANE ST,SHEPPARD AVE,,3,Non-Fatal Injury,At Intersection,Traffic Signal,Turning Movement,Clear,Daylight,Dry,Major Arterial,FALSE,-79.5131958,43.73937080320732,1,Automobile or Station Wagon,South,1,56,None,Use Unknown,Failed to yield right-of-way,Inattentive,,,Turning Left,,,,,driver,,York Centre (6),31 Division,Glenfield-Jane Heights,TRUE,TRUE,FALSE,TRUE,FALSE,FALSE,FALSE,FALSE,FALSE,FALSE,"{""coordinates"": [[-79.513195804027, 43.73937080320732]], ""type"": ""MultiPoint""}"
17310,2021:1001657810,2021-08-30T22:05:00,BLOOR ST W,DORVAL RD,,2,Fatal Injury,Non-Intersection,No Control,Sideswipe,Clear,Dusk with Artificial Lighting,Dry,Major Arterial,FALSE,-79.45493017,43.65569537891609,,Automobile or Station Wagon,West,2,56,None,,Failed to yield right-of-way,Unknown,,,Pulling Away from Shoulder or Curb,,,,,driver,,Parkdale-High Park (4),11 Division,High Park-Swansea,TRUE,FALSE,FALSE,TRUE,FALSE,FALSE,FALSE,FALSE,FALSE,FALSE,"{""coordinates"": [[-79.45493016802351, 43.65569537891609]], ""type"": ""MultiPoint""}"
17311,2021:1001657810,2021-08-30T22:05:00,BLOOR ST W,DORVAL RD,,2,Fatal Injury,Non-Intersection,No Control,Sideswipe,Clear,Dusk with Artificial Lighting,Dry,Major Arterial,FALSE,-79.45493017,43.65569537891609,,Motorcycle,West,1,34,Fatal,,Driving properly,Unknown,,,Going Ahead,,,,,motorcyclist,33,Parkdale-High Park (4),11 Division,High Park-Swansea,TRUE,FALSE,FALSE,TRUE,FALSE,FALSE,FALSE,FALSE,FALSE,FALSE,"{""coordinates"": [[-79.45493016802351, 43.65569537891609]], ""type"": ""MultiPoint""}"
17312,2021:1001660115,2021-08-31T09:10:00,VICTORIA PARK AV,MUSGRAVE ST,,2,Non-Fatal Injury,At Intersection,Traffic Signal,SMV Other,Clear,Daylight,Dry,Major Arterial,FALSE,-79.28696868,43.68788736,1,Automobile or Station Wagon,North,1,83,None,Lap and Shoulder Belt,Failed to yield right-of-way,Inattentive,,,Turning Right,,,,,driver,,Scarborough Southwest (20),41 Division,Birchcliffe-Cliffside,TRUE,TRUE,FALSE,FALSE,FALSE,TRUE,TRUE,FALSE,FALSE,FALSE,"{""coordinates"": [[-79.28696868066967, 43.6878873625064]], ""type"": ""MultiPoint""}"
17313,2021:1001660115,2021-08-31T09:10:00,VICTORIA PARK AV,MUSGRAVE ST,,2,Non-Fatal Injury,At Intersection,Traffic Signal,SMV Other,Clear,Daylight,Dry,Major Arterial,FALSE,-79.28696868,43.68788736,1,,West,2,66,Major,No Equipment Available,,,Crossing with right-of-way (intersection),Normal,Slowing or Stopping,,,,,pedestrian,,Scarborough Southwest (20),41 Division,Birchcliffe-Cliffside,TRUE,TRUE,FALSE,FALSE,FALSE,TRUE,TRUE,FALSE,FALSE,FALSE,"{""coordinates"": [[-79.28696868066967, 43.6878873625064]], ""type"": ""MultiPoint""}"
17314,2021:1001660333,2021-08-31T09:48:00,GRAND AVE,MANITOBA ST,162 m West of,3,Non-Fatal Injury,Non-Intersection,No Control,Sideswipe,Clear,Daylight,Dry,Expressway,TRUE,-79.49486255,43.62433101178322,3,Motorcycle,West,3,26,Major,Helmet,Driving properly,Normal,,,Going Ahead,,,,,motorcyclist,,Etobicoke-Lakeshore (3),22 Division,Mimico-Queensway,FALSE,TRUE,FALSE,TRUE,FALSE,TRUE,FALSE,FALSE,FALSE,TRUE,"{""coordinates"": [[-79.49486255372969, 43.62433101178322]], ""type"": ""MultiPoint""}"
17315,2021:1001660333,2021-08-31T09:48:00,GRAND AVE,MANITOBA ST,162 m West of,3,Non-Fatal Injury,Non-Intersection,No Control,Sideswipe,Clear,Daylight,Dry,Expressway,TRUE,-79.49486255,43.62433101178322,2,Pickup Truck,West,2,67,None,Use Unknown,Improper lane change,Inattentive,,,Changing Lanes,,,,,driver,,Etobicoke-Lakeshore (3),22 Division,Mimico-Queensway,FALSE,TRUE,FALSE,TRUE,FALSE,TRUE,FALSE,FALSE,FALSE,TRUE,"{""coordinates"": [[-79.49486255372969, 43.62433101178322]], ""type"": ""MultiPoint""}"
17316,2021:1001660333,2021-08-31T09:48:00,GRAND AVE,MANITOBA ST,162 m West of,3,Non-Fatal Injury,Non-Intersection,No Control,Sideswipe,Clear,Daylight,Dry,Expressway,TRUE,-79.49486255,43.62433101178322,1,Truck - Tractor,West,1,,None,Use Unknown,Driving properly,Inattentive,,,Going Ahead,,,,,driver,,Etobicoke-Lakeshore (3),22 Division,Mimico-Queensway,FALSE,TRUE,FALSE,TRUE,FALSE,TRUE,FALSE,FALSE,FALSE,TRUE,"{""coordinates"": [[-79.49486255372969, 43.62433101178322]], ""type"": ""MultiPoint""}"
17317,2021:1001662122,2021-08-31T13:45:00,FERN AVE,WESTON RD,1 m East of,2,Non-Fatal Injury,At Intersection,Traffic Signal,Pedestrian Collision(internal code),Clear,Daylight,Dry,Minor Arterial,FALSE,-79.52374734,43.702303420927905,1,,North,2,77,Major,No Equipment Available,,,Crossing with right-of-way (intersection),Normal,,Driver turns left into pedestrian crossing with right-of-way (at intersection),,,,pedestrian,,York South-Weston (5),12 Division,Weston,TRUE,FALSE,FALSE,FALSE,FALSE,TRUE,TRUE,FALSE,FALSE,FALSE,"{""coordinates"": [[-79.52374733857455, 43.702303420927905]], ""type"": ""MultiPoint""}"
17318,2021:1001662122,2021-08-31T13:45:00,FERN AVE,WESTON RD,1 m East of,2,Non-Fatal Injury,At Intersection,Traffic Signal,Pedestrian Collision(internal code),Clear,Daylight,Dry,Minor Arterial,FALSE,-79.52374734,43.702303420927905,1,Pickup Truck,South,1,64,None,Lap and Shoulder Belt,Failed to yield right-of-way,Normal,,,Turning Left,,,,,driver,,York South-Weston (5),12 Division,Weston,TRUE,FALSE,FALSE,FALSE,FALSE,TRUE,TRUE,FALSE,FALSE,FALSE,"{""coordinates"": [[-79.52374733857455, 43.702303420927905]], ""type"": ""MultiPoint""}"
17319,2021:1001663013,2021-08-31T15:53:00,723 PAPE AVE,,,2,Non-Fatal Injury,Non-Intersection,No Control,Cyclist Collision,Clear,Daylight,Dry,Major Arterial,TRUE,-79.3449522,43.679220452309124,1,Automobile or Station Wagon,North,1,30,None,Use Unknown,Failed to yield right-of-way,Normal,,,Other,,,,,driver,,Toronto-Danforth (14),55 Division,Danforth,TRUE,FALSE,TRUE,FALSE,FALSE,FALSE,FALSE,FALSE,FALSE,FALSE,"{""coordinates"": [[-79.34495219890583, 43.679220452309124]], ""type"": ""MultiPoint""}"
17320,2021:1001663013,2021-08-31T15:53:00,723 PAPE AVE,,,2,Non-Fatal Injury,Non-Intersection,No Control,Cyclist Collision,Clear,Daylight,Dry,Major Arterial,TRUE,-79.3449522,43.679220452309124,2,Bicycle,North,2,41,Major,Use Unknown,,,,,Going Ahead,,Dooring,Driving Properly,Normal,cyclist,,Toronto-Danforth (14),55 Division,Danforth,TRUE,FALSE,TRUE,FALSE,FALSE,FALSE,FALSE,FALSE,FALSE,FALSE,"{""coordinates"": [[-79.34495219890583, 43.679220452309124]], ""type"": ""MultiPoint""}"
17321,2021:1001719723,2021-09-01T11:24:00,COXWELL AVE,GERRARD ST E,,2,Fatal Injury,At Intersection,Traffic Signal,Other,Clear,Daylight,Dry,Minor Arterial,FALSE,-79.32031684,43.67524931786244,,,,1,89,Fatal,,,,,,,,,,,passenger,36,Toronto-Danforth (14),55 Division,Greenwood-Coxwell,FALSE,FALSE,FALSE,FALSE,FALSE,TRUE,FALSE,FALSE,FALSE,TRUE,"{""coordinates"": [[-79.32031684304744, 43.67524931786244]], ""type"": ""MultiPoint""}"
17322,2021:1001719723,2021-09-01T11:24:00,COXWELL AVE,GERRARD ST E,,2,Fatal Injury,At Intersection,Traffic Signal,Other,Clear,Daylight,Dry,Minor Arterial,FALSE,-79.32031684,43.67524931786244,,Municipal Transit Bus (TTC),North,2,64,None,,Driving properly,Normal,,,Going Ahead,,,,,driver,,Toronto-Danforth (14),55 Division,Greenwood-Coxwell,FALSE,FALSE,FALSE,FALSE,FALSE,TRUE,FALSE,FALSE,FALSE,TRUE,"{""coordinates"": [[-79.32031684304744, 43.67524931786244]], ""type"": ""MultiPoint""}"
17323,2021:1001676258,2021-09-02T11:17:00,LAKE SHORE BLVD E,LESLIE ST,3 m East of,2,Non-Fatal Injury,At Intersection,Traffic Signal,Cyclist Collision,Clear,Daylight,Dry,Major Arterial,FALSE,-79.32840404,43.65915893779654,1,Automobile or Station Wagon,South,1,77,None,Lap and Shoulder Belt,Failed to yield right-of-way,Inattentive,,,Turning Left,,,,,driver,,Toronto-Danforth (14),55 Division,South Riverdale,TRUE,TRUE,TRUE,FALSE,FALSE,TRUE,FALSE,FALSE,FALSE,FALSE,"{""coordinates"": [[-79.32840403880368, 43.65915893779654]], ""type"": ""MultiPoint""}"
17324,2021:1001676258,2021-09-02T11:17:00,LAKE SHORE BLVD E,LESLIE ST,3 m East of,2,Non-Fatal Injury,At Intersection,Traffic Signal,Cyclist Collision,Clear,Daylight,Dry,Major Arterial,FALSE,-79.32840404,43.65915893779654,2,Bicycle,North,2,52,Major,Helmet,,,,,Going Ahead,,Driver turns left into path of cyclist,Driving Properly,Normal,cyclist,,Toronto-Danforth (14),55 Division,South Riverdale,TRUE,TRUE,TRUE,FALSE,FALSE,TRUE,FALSE,FALSE,FALSE,FALSE,"{""coordinates"": [[-79.32840403880368, 43.65915893779654]], ""type"": ""MultiPoint""}"
17325,2021:1001685952,2021-09-03T17:35:00,COLLEGE ST,UNIVERSITY AVE,,2,Fatal Injury,At Intersection,Traffic Signal,Turning Movement,Clear,Daylight,Dry,Major Arterial,FALSE,-79.39045402,43.65978463871155,,Police Vehicle,West,2,32,Minimal,,Improper turn,Inattentive,,,Turning Left,,,,,driver,,University-Rosedale (11),52 Division,Yonge-Bay Corridor,TRUE,TRUE,FALSE,TRUE,FALSE,FALSE,FALSE,TRUE,FALSE,FALSE,"{""coordinates"": [[-79.39045402337518, 43.65978463871155]], ""type"": ""MultiPoint""}"
17326,2021:1001685952,2021-09-03T17:35:00,COLLEGE ST,UNIVERSITY AVE,,2,Fatal Injury,At Intersection,Traffic Signal,Turning Movement,Clear,Daylight,Dry,Major Arterial,FALSE,-79.39045402,43.65978463871155,,Motorcycle,East,1,24,Fatal,,Disobeyed traffic control,Inattentive,,,Going Ahead,,,,,motorcyclist,34,University-Rosedale (11),52 Division,Yonge-Bay Corridor,TRUE,TRUE,FALSE,TRUE,FALSE,FALSE,FALSE,TRUE,FALSE,FALSE,"{""coordinates"": [[-79.39045402337518, 43.65978463871155]], ""type"": ""MultiPoint""}"
17327,2021:1001691363,2021-09-04T14:00:00,LAWRENCE AVE E,BRIMLEY RD,,2,Non-Fatal Injury,Intersection-Related,Traffic Signal,Turning Movement,Clear,Daylight,Dry,Major Arterial,TRUE,-79.25549729,43.753458155103885,1,Automobile or Station Wagon,South,1,38,None,Use Unknown,Disobeyed traffic control,Unknown,,,Going Ahead,,,,,driver,,Scarborough Centre (21),41 Division,Bendale South,TRUE,FALSE,FALSE,FALSE,FALSE,FALSE,FALSE,TRUE,FALSE,FALSE,"{""coordinates"": [[-79.25549729355699, 43.753458155103885]], ""type"": ""MultiPoint""}"
17328,2021:1001691363,2021-09-04T14:00:00,LAWRENCE AVE E,BRIMLEY RD,,2,Non-Fatal Injury,Intersection-Related,Traffic Signal,Turning Movement,Clear,Daylight,Dry,Major Arterial,TRUE,-79.25549729,43.753458155103885,2,Automobile or Station Wagon,North,2,26,Major,Lap and Shoulder Belt,Driving properly,Normal,,,Turning Left,,,,,driver,,Scarborough Centre (21),41 Division,Bendale South,TRUE,FALSE,FALSE,FALSE,FALSE,FALSE,FALSE,TRUE,FALSE,FALSE,"{""coordinates"": [[-79.25549729355699, 43.753458155103885]], ""type"": ""MultiPoint""}"
17329,2021:1001708062,2021-09-07T06:30:00,HORNER AV,ALDERCREST RD,5 m South of,3,Non-Fatal Injury,Non-Intersection,No Control,Rear End,Clear,Dark with Artificial Lighting,Dry,Minor Arterial,FALSE,-79.53979979,43.602839076807676,2,Truck - Tractor,West,2,70,None,Lap and Shoulder Belt,Driving properly,Normal,,,Going Ahead,,,,,driver,,Etobicoke-Lakeshore (3),22 Division,Alderwood,FALSE,TRUE,FALSE,FALSE,FALSE,TRUE,FALSE,FALSE,FALSE,TRUE,"{""coordinates"": [[-79.53979979023116, 43.602839076807676]], ""type"": ""MultiPoint""}"
17330,2021:1001708062,2021-09-07T06:30:00,HORNER AV,ALDERCREST RD,5 m South of,3,Non-Fatal Injury,Non-Intersection,No Control,Rear End,Clear,Dark with Artificial Lighting,Dry,Minor Arterial,FALSE,-79.53979979,43.602839076807676,1,Automobile or Station Wagon,West,3,28,Major,Use Unknown,,,,,Stopped,,,,,passenger,,Etobicoke-Lakeshore (3),22 Division,Alderwood,FALSE,TRUE,FALSE,FALSE,FALSE,TRUE,FALSE,FALSE,FALSE,TRUE,"{""coordinates"": [[-79.53979979023116, 43.602839076807676]], ""type"": ""MultiPoint""}"
17331,2021:1001708062,2021-09-07T06:30:00,HORNER AV,ALDERCREST RD,5 m South of,3,Non-Fatal Injury,Non-Intersection,No Control,Rear End,Clear,Dark with Artificial Lighting,Dry,Minor Arterial,FALSE,-79.53979979,43.602839076807676,1,Automobile or Station Wagon,West,1,24,Minor,Use Unknown,Lost control,Inattentive,,,Stopped,,,,,driver,,Etobicoke-Lakeshore (3),22 Division,Alderwood,FALSE,TRUE,FALSE,FALSE,FALSE,TRUE,FALSE,FALSE,FALSE,TRUE,"{""coordinates"": [[-79.53979979023116, 43.602839076807676]], ""type"": ""MultiPoint""}"
17332,2021:1001735558,2021-09-10T19:26:00,GERRARD ST E,YONGE ST,58 m East of,3,Non-Fatal Injury,Non-Intersection,No Control,Cyclist Collision,Clear,Dark with Artificial Lighting,Dry,Minor Arterial,FALSE,-79.38118429,43.659200976607295,1,Delivery Van,West,1,27,None,Lap and Shoulder Belt,Failed to yield right-of-way,Normal,,,Pulling Onto Shoulder or Toward Curb,,,,,driver,,Toronto Centre (13),51 Division,Downtown Yonge East,TRUE,FALSE,TRUE,FALSE,FALSE,FALSE,FALSE,FALSE,FALSE,TRUE,"{""coordinates"": [[-79.38118429197571, 43.659200976607295]], ""type"": ""MultiPoint""}"
17333,2021:1001735558,2021-09-10T19:26:00,GERRARD ST E,YONGE ST,58 m East of,3,Non-Fatal Injury,Non-Intersection,No Control,Cyclist Collision,Clear,Dark with Artificial Lighting,Dry,Minor Arterial,FALSE,-79.38118429,43.659200976607295,2,Bicycle,West,2,32,Major,Helmet,,,,,Going Ahead,,Sideswipe with cyclist and driver travelling in same direction,Driving Properly,Normal,cyclist,,Toronto Centre (13),51 Division,Downtown Yonge East,TRUE,FALSE,TRUE,FALSE,FALSE,FALSE,FALSE,FALSE,FALSE,TRUE,"{""coordinates"": [[-79.38118429197571, 43.659200976607295]], ""type"": ""MultiPoint""}"
17334,2021:1001735558,2021-09-10T19:26:00,GERRARD ST E,YONGE ST,58 m East of,3,Non-Fatal Injury,Non-Intersection,No Control,Cyclist Collision,Clear,Dark with Artificial Lighting,Dry,Minor Arterial,FALSE,-79.38118429,43.659200976607295,1,,,3,22,None,Lap and Shoulder Belt,,,,,,,,,,passenger,,Toronto Centre (13),51 Division,Downtown Yonge East,TRUE,FALSE,TRUE,FALSE,FALSE,FALSE,FALSE,FALSE,FALSE,TRUE,"{""coordinates"": [[-79.38118429197571, 43.659200976607295]], ""type"": ""MultiPoint""}"
17335,2021:1001747721,2021-09-12T15:00:00,BLOOR ST W,CHARLESTON RD,,4,Non-Fatal Injury,Intersection-Related,Stop Sign,Turning Movement,Clear,Daylight,Dry,Major Arterial,FALSE,-79.54619316,43.63934953248596,1,Automobile or Station Wagon,South,1,94,Major,Lap and Shoulder Belt,Disobeyed traffic control,Inattentive,,,Turning Right,,,,,driver,,Etobicoke-Lakeshore (3),22 Division,Islington,TRUE,TRUE,FALSE,FALSE,FALSE,TRUE,FALSE,FALSE,TRUE,FALSE,"{""coordinates"": [[-79.54619316324948, 43.63934953248596]], ""type"": ""MultiPoint""}"
17336,2021:1001747721,2021-09-12T15:00:00,BLOOR ST W,CHARLESTON RD,,4,Non-Fatal Injury,Intersection-Related,Stop Sign,Turning Movement,Clear,Daylight,Dry,Major Arterial,FALSE,-79.54619316,43.63934953248596,2,Automobile or Station Wagon,West,4,14,None,Lap and Shoulder Belt,,,,,Going Ahead,,,,,passenger,,Etobicoke-Lakeshore (3),22 Division,Islington,TRUE,TRUE,FALSE,FALSE,FALSE,TRUE,FALSE,FALSE,TRUE,FALSE,"{""coordinates"": [[-79.54619316324948, 43.63934953248596]], ""type"": ""MultiPoint""}"
17337,2021:1001747721,2021-09-12T15:00:00,BLOOR ST W,CHARLESTON RD,,4,Non-Fatal Injury,Intersection-Related,Stop Sign,Turning Movement,Clear,Daylight,Dry,Major Arterial,FALSE,-79.54619316,43.63934953248596,2,Automobile or Station Wagon,West,3,16,None,Lap and Shoulder Belt,,,,,Going Ahead,,,,,passenger,,Etobicoke-Lakeshore (3),22 Division,Islington,TRUE,TRUE,FALSE,FALSE,FALSE,TRUE,FALSE,FALSE,TRUE,FALSE,"{""coordinates"": [[-79.54619316324948, 43.63934953248596]], ""type"": ""MultiPoint""}"
17338,2021:1001747721,2021-09-12T15:00:00,BLOOR ST W,CHARLESTON RD,,4,Non-Fatal Injury,Intersection-Related,Stop Sign,Turning Movement,Clear,Daylight,Dry,Major Arterial,FALSE,-79.54619316,43.63934953248596,2,Automobile or Station Wagon,West,2,48,Minimal,Lap and Shoulder Belt,Driving properly,Normal,,,Going Ahead,,,,,driver,,Etobicoke-Lakeshore (3),22 Division,Islington,TRUE,TRUE,FALSE,FALSE,FALSE,TRUE,FALSE,FALSE,TRUE,FALSE,"{""coordinates"": [[-79.54619316324948, 43.63934953248596]], ""type"": ""MultiPoint""}"
17339,2021:1001791905,2021-09-18T13:55:00,LAWRENCE AVE W,WESTON RD,,2,Fatal Injury,At Intersection,Traffic Signal,Turning Movement,Clear,Daylight,Dry,Major Arterial,FALSE,-79.51615609,43.700087074144484,,Delivery Van,North,2,61,None,,Improper turn,Normal,,,Turning Left,,,,,driver,,York South-Weston (5),12 Division,Weston,TRUE,FALSE,FALSE,TRUE,FALSE,FALSE,FALSE,FALSE,FALSE,TRUE,"{""coordinates"": [[-79.51615608548819, 43.700087074144484]], ""type"": ""MultiPoint""}"
17340,2021:1001791905,2021-09-18T13:55:00,LAWRENCE AVE W,WESTON RD,,2,Fatal Injury,At Intersection,Traffic Signal,Turning Movement,Clear,Daylight,Dry,Major Arterial,FALSE,-79.51615609,43.700087074144484,,Motorcycle,South,1,49,Fatal,,Exceeding speed limit,Unknown,,,Going Ahead,,,,,motorcyclist,37,York South-Weston (5),12 Division,Weston,TRUE,FALSE,FALSE,TRUE,FALSE,FALSE,FALSE,FALSE,FALSE,TRUE,"{""coordinates"": [[-79.51615608548819, 43.700087074144484]], ""type"": ""MultiPoint""}"