_id,collision_id,accdate,stname1,stname2,stname3,per_inv,acclass,accloc,traffictl,impactype,visible,light,rdsfcond,road_class,failtorem,longitude,latitude,veh_no,vehtype,initdir,per_no,invage,injury,safequip,drivact,drivcond,pedact,pedcond,manoeuvre,pedtype,cyclistype,cycact,cyccond,road_user,fatal_no,wardname,division,neighbourhood,aggressive,distracted,cyclist,motorcyclist,other_micromobility,older_adult,pedestrian,red_light,school_child,heavy_truck,geometry
17385,2021:1001961568,2021-10-12T16:39:00,PARKSIDE DR,SPRING RD,,8,Fatal Injury,Intersection-Related,Traffic Signal,Rear End,Clear,Daylight,Dry,Major Arterial,FALSE,-79.45461739,43.64091343228958,,,,1,70,None,,,,,,,,,,,passenger,,Parkdale-High Park (4),11 Division,High Park-Swansea,TRUE,FALSE,FALSE,FALSE,FALSE,TRUE,FALSE,FALSE,FALSE,FALSE,"{""coordinates"": [[-79.45461738762482, 43.64091343228958]], ""type"": ""MultiPoint""}"
17386,2021:1001961568,2021-10-12T16:39:00,PARKSIDE DR,SPRING RD,,8,Fatal Injury,Intersection-Related,Traffic Signal,Rear End,Clear,Daylight,Dry,Major Arterial,FALSE,-79.45461739,43.64091343228958,,Automobile or Station Wagon,South,5,38,Major,,Exceeding speed limit,Unknown,,,Going Ahead,,,,,driver,,Parkdale-High Park (4),11 Division,High Park-Swansea,TRUE,FALSE,FALSE,FALSE,FALSE,TRUE,FALSE,FALSE,FALSE,FALSE,"{""coordinates"": [[-79.45461738762482, 43.64091343228958]], ""type"": ""MultiPoint""}"
17387,2021:1001961568,2021-10-12T16:39:00,PARKSIDE DR,SPRING RD,,8,Fatal Injury,Intersection-Related,Traffic Signal,Rear End,Clear,Daylight,Dry,Major Arterial,FALSE,-79.45461739,43.64091343228958,,Automobile or Station Wagon,South,8,53,None,,Driving properly,Normal,,,Slowing or Stopping,,,,,driver,,Parkdale-High Park (4),11 Division,High Park-Swansea,TRUE,FALSE,FALSE,FALSE,FALSE,TRUE,FALSE,FALSE,FALSE,FALSE,"{""coordinates"": [[-79.45461738762482, 43.64091343228958]], ""type"": ""MultiPoint""}"
17388,2021:1001961568,2021-10-12T16:39:00,PARKSIDE DR,SPRING RD,,8,Fatal Injury,Intersection-Related,Traffic Signal,Rear End,Clear,Daylight,Dry,Major Arterial,FALSE,-79.45461739,43.64091343228958,,Automobile or Station Wagon,South,2,58,None,,Driving properly,Normal,,,Slowing or Stopping,,,,,driver,,Parkdale-High Park (4),11 Division,High Park-Swansea,TRUE,FALSE,FALSE,FALSE,FALSE,TRUE,FALSE,FALSE,FALSE,FALSE,"{""coordinates"": [[-79.45461738762482, 43.64091343228958]], ""type"": ""MultiPoint""}"
17389,2021:1001961568,2021-10-12T16:39:00,PARKSIDE DR,SPRING RD,,8,Fatal Injury,Intersection-Related,Traffic Signal,Rear End,Clear,Daylight,Dry,Major Arterial,FALSE,-79.45461739,43.64091343228958,,,,4,69,Fatal,,,,,,,,,,,passenger,42,Parkdale-High Park (4),11 Division,High Park-Swansea,TRUE,FALSE,FALSE,FALSE,FALSE,TRUE,FALSE,FALSE,FALSE,FALSE,"{""coordinates"": [[-79.45461738762482, 43.64091343228958]], ""type"": ""MultiPoint""}"
17390,2021:1001961568,2021-10-12T16:39:00,PARKSIDE DR,SPRING RD,,8,Fatal Injury,Intersection-Related,Traffic Signal,Rear End,Clear,Daylight,Dry,Major Arterial,FALSE,-79.45461739,43.64091343228958,,Automobile or Station Wagon,South,6,71,Minor,,Driving properly,Normal,,,Slowing or Stopping,,,,,driver,,Parkdale-High Park (4),11 Division,High Park-Swansea,TRUE,FALSE,FALSE,FALSE,FALSE,TRUE,FALSE,FALSE,FALSE,FALSE,"{""coordinates"": [[-79.45461738762482, 43.64091343228958]], ""type"": ""MultiPoint""}"
17391,2021:1001961568,2021-10-12T16:39:00,PARKSIDE DR,SPRING RD,,8,Fatal Injury,Intersection-Related,Traffic Signal,Rear End,Clear,Daylight,Dry,Major Arterial,FALSE,-79.45461739,43.64091343228958,,,,7,71,Minor,,,,,,,,,,,passenger,,Parkdale-High Park (4),11 Division,High Park-Swansea,TRUE,FALSE,FALSE,FALSE,FALSE,TRUE,FALSE,FALSE,FALSE,FALSE,"{""coordinates"": [[-79.45461738762482, 43.64091343228958]], ""type"": ""MultiPoint""}"
17392,2021:1001963083,2021-10-12T20:35:00,40 FARNSWORTH DR,FARNSWORTH DR,10 m North of,1,Non-Fatal Injury,Non-Intersection,No Control,SMV Other,Clear,Dark with Artificial Lighting,Dry,Local,FALSE,-79.51471411,43.711092468445514,1,Off-Road Four Wheels,West,1,44,Major,No Equipment Available,Lost control,Normal,,,Turning Right,,,,,driver,,York South-Weston (5),12 Division,Pelmo Park-Humberlea,FALSE,FALSE,FALSE,FALSE,FALSE,FALSE,FALSE,FALSE,FALSE,FALSE,"{""coordinates"": [[-79.51471410770499, 43.711092468445514]], ""type"": ""MultiPoint""}"
17393,2021:1001968469,2021-10-13T15:20:00,KINGSTON RD,#4351,,2,Non-Fatal Injury,At/Near Private Drive,No Control,Turning Movement,Clear,Daylight,Dry,Major Arterial,FALSE,-79.19205878,43.76498229220892,2,Motorcycle,East,2,47,Major,Helmet,Driving properly,Normal,,,Going Ahead,,,,,motorcyclist,,Scarborough-Guildwood (24),43 Division,West Hill,TRUE,TRUE,FALSE,TRUE,FALSE,TRUE,FALSE,FALSE,FALSE,FALSE,"{""coordinates"": [[-79.19205877944378, 43.76498229220892]], ""type"": ""MultiPoint""}"
17394,2021:1001968469,2021-10-13T15:20:00,KINGSTON RD,#4351,,2,Non-Fatal Injury,At/Near Private Drive,No Control,Turning Movement,Clear,Daylight,Dry,Major Arterial,FALSE,-79.19205878,43.76498229220892,1,Automobile or Station Wagon,West,1,65,None,Lap and Shoulder Belt,Failed to yield right-of-way,Inattentive,,,Turning Left,,,,,driver,,Scarborough-Guildwood (24),43 Division,West Hill,TRUE,TRUE,FALSE,TRUE,FALSE,TRUE,FALSE,FALSE,FALSE,FALSE,"{""coordinates"": [[-79.19205877944378, 43.76498229220892]], ""type"": ""MultiPoint""}"
17395,2021:1001970214,2021-10-13T19:27:00,DON MILLS RD,THE DONWAY W,,4,Fatal Injury,Non-Intersection,No Control,Pedestrian Collision(internal code),Clear,Dark with Artificial Lighting,Dry,Minor Arterial,FALSE,-79.3428693,43.731889967716484,,,South,1,61,Fatal,,,,Crossing - no traffic control,Inattentive,,Driver hits pedestrian at midblock,,,,pedestrian,43,Don Valley East (16),33 Division,Banbury-Don Mills,FALSE,TRUE,FALSE,FALSE,FALSE,FALSE,TRUE,FALSE,TRUE,FALSE,"{""coordinates"": [[-79.3428692956154, 43.731889967716484]], ""type"": ""MultiPoint""}"
17396,2021:1001970214,2021-10-13T19:27:00,DON MILLS RD,THE DONWAY W,,4,Fatal Injury,Non-Intersection,No Control,Pedestrian Collision(internal code),Clear,Dark with Artificial Lighting,Dry,Minor Arterial,FALSE,-79.3428693,43.731889967716484,,,,4,6,None,,,,,,,,,,,passenger,,Don Valley East (16),33 Division,Banbury-Don Mills,FALSE,TRUE,FALSE,FALSE,FALSE,FALSE,TRUE,FALSE,TRUE,FALSE,"{""coordinates"": [[-79.3428692956154, 43.731889967716484]], ""type"": ""MultiPoint""}"
17397,2021:1001970214,2021-10-13T19:27:00,DON MILLS RD,THE DONWAY W,,4,Fatal Injury,Non-Intersection,No Control,Pedestrian Collision(internal code),Clear,Dark with Artificial Lighting,Dry,Minor Arterial,FALSE,-79.3428693,43.731889967716484,,Automobile or Station Wagon,West,2,36,None,,Driving properly,Normal,,,Going Ahead,,,,,driver,,Don Valley East (16),33 Division,Banbury-Don Mills,FALSE,TRUE,FALSE,FALSE,FALSE,FALSE,TRUE,FALSE,TRUE,FALSE,"{""coordinates"": [[-79.3428692956154, 43.731889967716484]], ""type"": ""MultiPoint""}"
17398,2021:1001970214,2021-10-13T19:27:00,DON MILLS RD,THE DONWAY W,,4,Fatal Injury,Non-Intersection,No Control,Pedestrian Collision(internal code),Clear,Dark with Artificial Lighting,Dry,Minor Arterial,FALSE,-79.3428693,43.731889967716484,,,,3,8,None,,,,,,,,,,,passenger,,Don Valley East (16),33 Division,Banbury-Don Mills,FALSE,TRUE,FALSE,FALSE,FALSE,FALSE,TRUE,FALSE,TRUE,FALSE,"{""coordinates"": [[-79.3428692956154, 43.731889967716484]], ""type"": ""MultiPoint""}"
17399,2021:1001982074,2021-10-15T12:01:00,BURNHAMTHORPE RD,SHAVER AVE N,,2,Fatal Injury,At Intersection,Stop Sign,Angle,Clear,Daylight,Dry,Major Arterial,FALSE,-79.5516558,43.64810426,,Automobile or Station Wagon,South,1,59,Fatal,,Disobeyed traffic control,Unknown,,,Going Ahead,,,,,driver,44,Etobicoke Centre (2),22 Division,Islington,TRUE,FALSE,FALSE,FALSE,FALSE,FALSE,FALSE,FALSE,FALSE,FALSE,"{""coordinates"": [[-79.5516558005466, 43.6481042646855]], ""type"": ""MultiPoint""}"
17400,2021:1001982074,2021-10-15T12:01:00,BURNHAMTHORPE RD,SHAVER AVE N,,2,Fatal Injury,At Intersection,Stop Sign,Angle,Clear,Daylight,Dry,Major Arterial,FALSE,-79.5516558,43.64810426,,Passenger Van,West,2,23,Minor,,Speed too fast for conditions,Unknown,,,Going Ahead,,,,,driver,,Etobicoke Centre (2),22 Division,Islington,TRUE,FALSE,FALSE,FALSE,FALSE,FALSE,FALSE,FALSE,FALSE,FALSE,"{""coordinates"": [[-79.5516558005466, 43.6481042646855]], ""type"": ""MultiPoint""}"
17401,2021:1001983260,2021-10-15T14:50:00,RICHMOND ST W,DUNCAN ST,,2,Non-Fatal Injury,At Intersection,Traffic Signal,Pedestrian Collision(internal code),Clear,Daylight,Dry,Major Arterial,FALSE,-79.38914178,43.64938195984741,1,Automobile or Station Wagon,West,1,23,None,Lap and Shoulder Belt,Failed to yield right-of-way,Normal,,,Turning Left,,,,,driver,,Spadina-Fort York (10),52 Division,Wellington Place,TRUE,FALSE,FALSE,FALSE,FALSE,FALSE,TRUE,FALSE,FALSE,FALSE,"{""coordinates"": [[-79.38914178098943, 43.64938195984741]], ""type"": ""MultiPoint""}"
17402,2021:1001983260,2021-10-15T14:50:00,RICHMOND ST W,DUNCAN ST,,2,Non-Fatal Injury,At Intersection,Traffic Signal,Pedestrian Collision(internal code),Clear,Daylight,Dry,Major Arterial,FALSE,-79.38914178,43.64938195984741,1,,East,2,59,Major,No Equipment Available,,,Crossing with right-of-way (intersection),Normal,,Driver turns left into pedestrian crossing with right-of-way (at intersection),,,,pedestrian,,Spadina-Fort York (10),52 Division,Wellington Place,TRUE,FALSE,FALSE,FALSE,FALSE,FALSE,TRUE,FALSE,FALSE,FALSE,"{""coordinates"": [[-79.38914178098943, 43.64938195984741]], ""type"": ""MultiPoint""}"
17403,2021:1001991750,2021-10-16T19:17:00,BAY ST,CUMBERLAND ST,,2,Non-Fatal Injury,At Intersection,Traffic Signal,Pedestrian Collision(internal code),Clear,Dark with Artificial Lighting,Dry,Major Arterial,TRUE,-79.38980551,43.67048867572604,1,Automobile or Station Wagon,South,1,,None,Use Unknown,Exceeding speed limit,Unknown,,,Going Ahead,,,,,driver,,University-Rosedale (11),53 Division,Annex,TRUE,FALSE,FALSE,FALSE,FALSE,FALSE,TRUE,FALSE,FALSE,FALSE,"{""coordinates"": [[-79.38980550699335, 43.67048867572604]], ""type"": ""MultiPoint""}"
17404,2021:1001991750,2021-10-16T19:17:00,BAY ST,CUMBERLAND ST,,2,Non-Fatal Injury,At Intersection,Traffic Signal,Pedestrian Collision(internal code),Clear,Dark with Artificial Lighting,Dry,Major Arterial,TRUE,-79.38980551,43.67048867572604,1,,East,2,22,Major,No Equipment Available,,,Crossing with right-of-way (intersection),Normal,,Driver going straight hits pedestrian crossing without right-of-way (at intersection),,,,pedestrian,,University-Rosedale (11),53 Division,Annex,TRUE,FALSE,FALSE,FALSE,FALSE,FALSE,TRUE,FALSE,FALSE,FALSE,"{""coordinates"": [[-79.38980550699335, 43.67048867572604]], ""type"": ""MultiPoint""}"
17405,2021:1002003556,2021-10-18T15:04:00,MCCOWAN RD,FINCH AVE E,75 m North of,2,Non-Fatal Injury,Non-Intersection,No Control,Rear End,Clear,Daylight,Dry,Major Arterial,FALSE,-79.26675062,43.80872169560507,2,Automobile or Station Wagon,South,2,59,Minimal,Lap and Shoulder Belt,Driving properly,Normal,,,Slowing or Stopping,,,,,driver,,Scarborough North (23),42 Division,Agincourt North,FALSE,FALSE,FALSE,FALSE,FALSE,FALSE,FALSE,FALSE,FALSE,FALSE,"{""coordinates"": [[-79.26675062324632, 43.80872169560507]], ""type"": ""MultiPoint""}"
17406,2021:1002003556,2021-10-18T15:04:00,MCCOWAN RD,FINCH AVE E,75 m North of,2,Non-Fatal Injury,Non-Intersection,No Control,Rear End,Clear,Daylight,Dry,Major Arterial,FALSE,-79.26675062,43.80872169560507,1,Automobile or Station Wagon,South,1,64,Major,Lap and Shoulder Belt,Other,Medical or Physical Disability,,,Slowing or Stopping,,,,,driver,,Scarborough North (23),42 Division,Agincourt North,FALSE,FALSE,FALSE,FALSE,FALSE,FALSE,FALSE,FALSE,FALSE,FALSE,"{""coordinates"": [[-79.26675062324632, 43.80872169560507]], ""type"": ""MultiPoint""}"
17407,2021:1002009493,2021-10-19T11:40:00,DANFORTH AVE,BIRCHMOUNT RD,,2,Fatal Injury,At Intersection,Traffic Signal,Pedestrian Collision(internal code),Clear,Daylight,Dry,Minor Arterial,FALSE,-79.263966,43.69692053,,Automobile or Station Wagon,South,2,40,None,,Failed to yield right-of-way,Inattentive,,,Turning Left,,,,,driver,,Scarborough Southwest (20),41 Division,Birchcliffe-Cliffside,TRUE,TRUE,FALSE,FALSE,FALSE,FALSE,TRUE,FALSE,TRUE,FALSE,"{""coordinates"": [[-79.26396600253534, 43.6969205340318]], ""type"": ""MultiPoint""}"
17408,2021:1002009493,2021-10-19T11:40:00,DANFORTH AVE,BIRCHMOUNT RD,,2,Fatal Injury,At Intersection,Traffic Signal,Pedestrian Collision(internal code),Clear,Daylight,Dry,Minor Arterial,FALSE,-79.263966,43.69692053,,,North,1,17,Fatal,,,,Crossing with right-of-way (intersection),Normal,,Driver turns left into pedestrian crossing with right-of-way (at intersection),,,,pedestrian,45,Scarborough Southwest (20),41 Division,Birchcliffe-Cliffside,TRUE,TRUE,FALSE,FALSE,FALSE,FALSE,TRUE,FALSE,TRUE,FALSE,"{""coordinates"": [[-79.26396600253534, 43.6969205340318]], ""type"": ""MultiPoint""}"
17409,2021:1002013655,2021-10-19T21:36:00,O CONNOR DR,PEPLER AVE,,3,Fatal Injury,Non-Intersection,No Control,Pedestrian Collision(internal code),Clear,Dark with Artificial Lighting,Dry,Major Arterial,FALSE,-79.34923991,43.69331576,,Automobile or Station Wagon,East,2,82,None,,Driving properly,Unknown,,,Going Ahead,,,,,driver,,Toronto-Danforth (14),55 Division,Old East York,FALSE,TRUE,FALSE,FALSE,FALSE,TRUE,TRUE,FALSE,FALSE,FALSE,"{""coordinates"": [[-79.3492399064275, 43.69331576276]], ""type"": ""MultiPoint""}"
17410,2021:1002013655,2021-10-19T21:36:00,O CONNOR DR,PEPLER AVE,,3,Fatal Injury,Non-Intersection,No Control,Pedestrian Collision(internal code),Clear,Dark with Artificial Lighting,Dry,Major Arterial,FALSE,-79.34923991,43.69331576,,Automobile or Station Wagon,West,3,40,None,,Driving properly,Normal,,,Going Ahead,,,,,driver,,Toronto-Danforth (14),55 Division,Old East York,FALSE,TRUE,FALSE,FALSE,FALSE,TRUE,TRUE,FALSE,FALSE,FALSE,"{""coordinates"": [[-79.3492399064275, 43.69331576276]], ""type"": ""MultiPoint""}"
17411,2021:1002013655,2021-10-19T21:36:00,O CONNOR DR,PEPLER AVE,,3,Fatal Injury,Non-Intersection,No Control,Pedestrian Collision(internal code),Clear,Dark with Artificial Lighting,Dry,Major Arterial,FALSE,-79.34923991,43.69331576,,,North,1,81,Fatal,,,,Crossing - no traffic control,Inattentive,,Driver hits pedestrian at midblock,,,,pedestrian,46,Toronto-Danforth (14),55 Division,Old East York,FALSE,TRUE,FALSE,FALSE,FALSE,TRUE,TRUE,FALSE,FALSE,FALSE,"{""coordinates"": [[-79.3492399064275, 43.69331576276]], ""type"": ""MultiPoint""}"
17412,2021:1002021609,2021-10-20T23:18:00,LAWRENCE AVE EAST,GREENHOLM CRCT,2 m North of,3,Non-Fatal Injury,Intersection-Related,Traffic Signal,Turning Movement,Clear,Dark with Artificial Lighting,Dry,Major Arterial,FALSE,-79.22273662,43.76029405926078,2,Automobile or Station Wagon,West,3,17,None,Lap and Shoulder Belt,,,,,Going Ahead,,,,,passenger,,Scarborough-Guildwood (24),43 Division,Golfdale-Cedarbrae-Woburn,TRUE,TRUE,FALSE,FALSE,FALSE,FALSE,FALSE,FALSE,TRUE,FALSE,"{""coordinates"": [[-79.22273662079783, 43.76029405926078]], ""type"": ""MultiPoint""}"
17413,2021:1002021609,2021-10-20T23:18:00,LAWRENCE AVE EAST,GREENHOLM CRCT,2 m North of,3,Non-Fatal Injury,Intersection-Related,Traffic Signal,Turning Movement,Clear,Dark with Artificial Lighting,Dry,Major Arterial,FALSE,-79.22273662,43.76029405926078,2,Automobile or Station Wagon,West,2,26,Minimal,Lap and Shoulder Belt,Driving properly,Normal,,,Going Ahead,,,,,driver,,Scarborough-Guildwood (24),43 Division,Golfdale-Cedarbrae-Woburn,TRUE,TRUE,FALSE,FALSE,FALSE,FALSE,FALSE,FALSE,TRUE,FALSE,"{""coordinates"": [[-79.22273662079783, 43.76029405926078]], ""type"": ""MultiPoint""}"
17414,2021:1002021609,2021-10-20T23:18:00,LAWRENCE AVE EAST,GREENHOLM CRCT,2 m North of,3,Non-Fatal Injury,Intersection-Related,Traffic Signal,Turning Movement,Clear,Dark with Artificial Lighting,Dry,Major Arterial,FALSE,-79.22273662,43.76029405926078,1,Automobile or Station Wagon,East,1,20,Major,Lap and Shoulder Belt,Failed to yield right-of-way,Inattentive,,,Turning Left,,,,,driver,,Scarborough-Guildwood (24),43 Division,Golfdale-Cedarbrae-Woburn,TRUE,TRUE,FALSE,FALSE,FALSE,FALSE,FALSE,FALSE,TRUE,FALSE,"{""coordinates"": [[-79.22273662079783, 43.76029405926078]], ""type"": ""MultiPoint""}"
17415,2021:1002028747,2021-10-21T22:22:00,MCCOWAN RD,EGLINTON AVE E,,2,Non-Fatal Injury,At Intersection,Traffic Signal,Pedestrian Collision(internal code),Rain,Dark with Artificial Lighting,Wet,Major Arterial,FALSE,-79.23832352,43.73877918,1,,North,2,23,Major,Use Unknown,,,Crossing with right-of-way (intersection),Normal,,Driver turns left into pedestrian crossing with right-of-way (at intersection),,,,pedestrian,,Scarborough Southwest (20),43 Division,Eglinton East,TRUE,TRUE,FALSE,FALSE,FALSE,FALSE,TRUE,FALSE,FALSE,FALSE,"{""coordinates"": [[-79.23832351622485, 43.7387791793446]], ""type"": ""MultiPoint""}"
17416,2021:1002028747,2021-10-21T22:22:00,MCCOWAN RD,EGLINTON AVE E,,2,Non-Fatal Injury,At Intersection,Traffic Signal,Pedestrian Collision(internal code),Rain,Dark with Artificial Lighting,Wet,Major Arterial,FALSE,-79.23832352,43.73877918,1,Automobile or Station Wagon,North,1,45,None,Lap and Shoulder Belt,Failed to yield right-of-way,Inattentive,,,Turning Left,,,,,driver,,Scarborough Southwest (20),43 Division,Eglinton East,TRUE,TRUE,FALSE,FALSE,FALSE,FALSE,TRUE,FALSE,FALSE,FALSE,"{""coordinates"": [[-79.23832351622485, 43.7387791793446]], ""type"": ""MultiPoint""}"
17417,2021:1002036399,2021-10-22T23:19:00,WILSON AV,ALLINGHAM GS,,6,Non-Fatal Injury,Intersection-Related,Traffic Signal,Approaching Head On,Clear,Dark with Artificial Lighting,Dry,Major Arterial,FALSE,-79.44263905,43.73557890760017,1,Automobile or Station Wagon,West,1,20,Minor,Use Unknown,Lost control,Inattentive,,,Going Ahead,,,,,driver,,York Centre (6),32 Division,Clanton Park,FALSE,TRUE,FALSE,FALSE,FALSE,FALSE,FALSE,FALSE,TRUE,TRUE,"{""coordinates"": [[-79.44263905483798, 43.73557890760017]], ""type"": ""MultiPoint""}"
17418,2021:1002036399,2021-10-22T23:19:00,WILSON AV,ALLINGHAM GS,,6,Non-Fatal Injury,Intersection-Related,Traffic Signal,Approaching Head On,Clear,Dark with Artificial Lighting,Dry,Major Arterial,FALSE,-79.44263905,43.73557890760017,1,,,6,18,Minor,Lap and Shoulder Belt,,,,,,,,,,passenger,,York Centre (6),32 Division,Clanton Park,FALSE,TRUE,FALSE,FALSE,FALSE,FALSE,FALSE,FALSE,TRUE,TRUE,"{""coordinates"": [[-79.44263905483798, 43.73557890760017]], ""type"": ""MultiPoint""}"
17419,2021:1002036399,2021-10-22T23:19:00,WILSON AV,ALLINGHAM GS,,6,Non-Fatal Injury,Intersection-Related,Traffic Signal,Approaching Head On,Clear,Dark with Artificial Lighting,Dry,Major Arterial,FALSE,-79.44263905,43.73557890760017,2,Municipal Transit Bus (TTC),East,2,46,Minimal,Lap and Shoulder Belt,Driving properly,Normal,,,Going Ahead,,,,,driver,,York Centre (6),32 Division,Clanton Park,FALSE,TRUE,FALSE,FALSE,FALSE,FALSE,FALSE,FALSE,TRUE,TRUE,"{""coordinates"": [[-79.44263905483798, 43.73557890760017]], ""type"": ""MultiPoint""}"
17420,2021:1002036399,2021-10-22T23:19:00,WILSON AV,ALLINGHAM GS,,6,Non-Fatal Injury,Intersection-Related,Traffic Signal,Approaching Head On,Clear,Dark with Artificial Lighting,Dry,Major Arterial,FALSE,-79.44263905,43.73557890760017,1,,,4,19,Major,Use Unknown,,,,,,,,,,passenger,,York Centre (6),32 Division,Clanton Park,FALSE,TRUE,FALSE,FALSE,FALSE,FALSE,FALSE,FALSE,TRUE,TRUE,"{""coordinates"": [[-79.44263905483798, 43.73557890760017]], ""type"": ""MultiPoint""}"
17421,2021:1002036399,2021-10-22T23:19:00,WILSON AV,ALLINGHAM GS,,6,Non-Fatal Injury,Intersection-Related,Traffic Signal,Approaching Head On,Clear,Dark with Artificial Lighting,Dry,Major Arterial,FALSE,-79.44263905,43.73557890760017,1,,,5,19,Major,Use Unknown,,,,,,,,,,passenger,,York Centre (6),32 Division,Clanton Park,FALSE,TRUE,FALSE,FALSE,FALSE,FALSE,FALSE,FALSE,TRUE,TRUE,"{""coordinates"": [[-79.44263905483798, 43.73557890760017]], ""type"": ""MultiPoint""}"
17422,2021:1002048741,2021-10-24T20:19:00,2233 BARTOR RD,,100 m South of SHEPPARD AVE W,2,Fatal Injury,Non-Intersection,No Control,Rear End,Clear,Dark,Dry,Minor Arterial,TRUE,-79.52682956,43.734610078749895,1,Automobile or Station Wagon,South,1,32,None,Lap and Shoulder Belt,Lost control,Unknown,,,Going Ahead,,,,,driver,,Humber River-Black Creek (7),31 Division,Oakdale-Beverley Heights,FALSE,FALSE,FALSE,FALSE,FALSE,FALSE,FALSE,FALSE,FALSE,FALSE,"{""coordinates"": [[-79.52682955799901, 43.734610078749895]], ""type"": ""MultiPoint""}"
17423,2021:1002048741,2021-10-24T20:19:00,2233 BARTOR RD,,100 m South of SHEPPARD AVE W,2,Fatal Injury,Non-Intersection,No Control,Rear End,Clear,Dark,Dry,Minor Arterial,TRUE,-79.52682956,43.734610078749895,2,Automobile or Station Wagon,South,2,49,Fatal,Lap and Shoulder Belt,Other,Unknown,,,Stopped,,,,,driver,49,Humber River-Black Creek (7),31 Division,Oakdale-Beverley Heights,FALSE,FALSE,FALSE,FALSE,FALSE,FALSE,FALSE,FALSE,FALSE,FALSE,"{""coordinates"": [[-79.52682955799901, 43.734610078749895]], ""type"": ""MultiPoint""}"
17424,2021:1002052752,2021-10-25T12:55:00,ORIOLE PKWY,EGLINTON AVE W,50 m South of,2,Non-Fatal Injury,Non-Intersection,No Control,Pedestrian Collision(internal code),Rain,Daylight,Wet,Minor Arterial,FALSE,-79.40588062,43.70448145685801,1,Automobile or Station Wagon,South,1,32,None,Use Unknown,Driving properly,Normal,,,Going Ahead,,,,,driver,,Toronto-St. Paul's (12),53 Division,Yonge-Eglinton,FALSE,TRUE,FALSE,FALSE,FALSE,FALSE,TRUE,FALSE,FALSE,FALSE,"{""coordinates"": [[-79.40588061788182, 43.70448145685801]], ""type"": ""MultiPoint""}"
17425,2021:1002052752,2021-10-25T12:55:00,ORIOLE PKWY,EGLINTON AVE W,50 m South of,2,Non-Fatal Injury,Non-Intersection,No Control,Pedestrian Collision(internal code),Rain,Daylight,Wet,Minor Arterial,FALSE,-79.40588062,43.70448145685801,1,,East,2,31,Major,Use Unknown,,,Crossing - pedestrian crossover,Inattentive,,Driver hits pedestrian at midblock,,,,pedestrian,,Toronto-St. Paul's (12),53 Division,Yonge-Eglinton,FALSE,TRUE,FALSE,FALSE,FALSE,FALSE,TRUE,FALSE,FALSE,FALSE,"{""coordinates"": [[-79.40588061788182, 43.70448145685801]], ""type"": ""MultiPoint""}"
17426,2021:1002054917,2021-10-25T18:35:00,LAKE SHORE BLVD W,TWENTY FIRST ST,21 m west of,2,Fatal Injury,Non-Intersection,No Control,Pedestrian Collision(internal code),Rain,Dusk with Artificial Lighting,Wet,Major Arterial,FALSE,-79.52019986,43.597368778670585,,,South,1,68,Fatal,,,,Crossing - no traffic control,Medical or Physical Disability,,Driver hits pedestrian at midblock,,,,pedestrian,48,Etobicoke-Lakeshore (3),22 Division,New Toronto,FALSE,FALSE,FALSE,FALSE,FALSE,TRUE,TRUE,FALSE,FALSE,FALSE,"{""coordinates"": [[-79.52019985989067, 43.597368778670585]], ""type"": ""MultiPoint""}"
17427,2021:1002054917,2021-10-25T18:35:00,LAKE SHORE BLVD W,TWENTY FIRST ST,21 m west of,2,Fatal Injury,Non-Intersection,No Control,Pedestrian Collision(internal code),Rain,Dusk with Artificial Lighting,Wet,Major Arterial,FALSE,-79.52019986,43.597368778670585,,Automobile or Station Wagon,East,2,41,None,,Driving properly,Normal,,,Going Ahead,,,,,driver,,Etobicoke-Lakeshore (3),22 Division,New Toronto,FALSE,FALSE,FALSE,FALSE,FALSE,TRUE,TRUE,FALSE,FALSE,FALSE,"{""coordinates"": [[-79.52019985989067, 43.597368778670585]], ""type"": ""MultiPoint""}"
17428,2021:1002064782,2021-10-27T08:12:00,DUNCANWOODS DR,NAVENBY CRES,3 m South of,3,Non-Fatal Injury,Intersection-Related,No Control,Pedestrian Collision(internal code),Clear,Daylight with Artificial Lighting,Dry,Collector,FALSE,-79.56537327,43.75374463340585,1,,Unknown,2,44,Major,Lap and Shoulder Belt,,,On sidewalk or shoulder,Normal,,Driver hits pedestrian on sidewalk or shoulder,,,,pedestrian,,Humber River-Black Creek (7),31 Division,Humber Summit,FALSE,FALSE,FALSE,FALSE,FALSE,FALSE,TRUE,FALSE,TRUE,FALSE,"{""coordinates"": [[-79.56537327399217, 43.75374463340585]], ""type"": ""MultiPoint""}"
17429,2021:1002064782,2021-10-27T08:12:00,DUNCANWOODS DR,NAVENBY CRES,3 m South of,3,Non-Fatal Injury,Intersection-Related,No Control,Pedestrian Collision(internal code),Clear,Daylight with Artificial Lighting,Dry,Collector,FALSE,-79.56537327,43.75374463340585,1,,Unknown,3,8,Minor,Lap and Shoulder Belt,,,On sidewalk or shoulder,Normal,,Driver hits pedestrian on sidewalk or shoulder,,,,pedestrian,,Humber River-Black Creek (7),31 Division,Humber Summit,FALSE,FALSE,FALSE,FALSE,FALSE,FALSE,TRUE,FALSE,TRUE,FALSE,"{""coordinates"": [[-79.56537327399217, 43.75374463340585]], ""type"": ""MultiPoint""}"