_id,collision_id,accdate,stname1,stname2,stname3,per_inv,acclass,accloc,traffictl,impactype,visible,light,rdsfcond,road_class,failtorem,longitude,latitude,veh_no,vehtype,initdir,per_no,invage,injury,safequip,drivact,drivcond,pedact,pedcond,manoeuvre,pedtype,cyclistype,cycact,cyccond,road_user,fatal_no,wardname,division,neighbourhood,aggressive,distracted,cyclist,motorcyclist,other_micromobility,older_adult,pedestrian,red_light,school_child,heavy_truck,geometry
17564,2022:2000184133,2022-01-28T15:06:00,THE QUEENSWAY,ISLINGTON AVE,ISLINGTON AVE,3,Fatal Injury,Non-Intersection,No Control,Pedestrian Collision(internal code),Clear,Daylight,Dry,Major Arterial,FALSE,-79.5155001,43.623350662437936,,,,2,32,None,,,,,,,,,,,passenger,,Etobicoke-Lakeshore (3),22 Division,Etobicoke City Centre,TRUE,TRUE,FALSE,FALSE,FALSE,TRUE,TRUE,FALSE,FALSE,FALSE,"{""coordinates"": [[-79.51550009851748, 43.623350662437936]], ""type"": ""MultiPoint""}"
17565,2022:2000184133,2022-01-28T15:06:00,THE QUEENSWAY,ISLINGTON AVE,ISLINGTON AVE,3,Fatal Injury,Non-Intersection,No Control,Pedestrian Collision(internal code),Clear,Daylight,Dry,Major Arterial,FALSE,-79.5155001,43.623350662437936,,Automobile or Station Wagon,South,3,31,None,,Failed to yield right-of-way,Inattentive,,,Turning Right,,,,,driver,,Etobicoke-Lakeshore (3),22 Division,Etobicoke City Centre,TRUE,TRUE,FALSE,FALSE,FALSE,TRUE,TRUE,FALSE,FALSE,FALSE,"{""coordinates"": [[-79.51550009851748, 43.623350662437936]], ""type"": ""MultiPoint""}"
17566,2022:2000196904,2022-01-30T14:15:00,GARDINER XWY W,STRACHAN AVE,374 m West of,3,Non-Fatal Injury,Non-Intersection,No Control,Rear End,Clear,Daylight,Dry,Expressway,FALSE,-79.41443329,43.63682401767438,2,,,3,31,Minimal,Equipment Not Used But Available,,,,,,,,,,passenger,,Spadina-Fort York (10),14 Division,Fort York-Liberty Village,FALSE,TRUE,FALSE,FALSE,FALSE,FALSE,FALSE,FALSE,FALSE,FALSE,"{""coordinates"": [[-79.41443329362805, 43.63682401767438]], ""type"": ""MultiPoint""}"
17567,2022:2000196904,2022-01-30T14:15:00,GARDINER XWY W,STRACHAN AVE,374 m West of,3,Non-Fatal Injury,Non-Intersection,No Control,Rear End,Clear,Daylight,Dry,Expressway,FALSE,-79.41443329,43.63682401767438,2,Automobile or Station Wagon,West,2,38,Major,Lap and Shoulder Belt,Driving properly,Normal,,,Going Ahead,,,,,driver,,Spadina-Fort York (10),14 Division,Fort York-Liberty Village,FALSE,TRUE,FALSE,FALSE,FALSE,FALSE,FALSE,FALSE,FALSE,FALSE,"{""coordinates"": [[-79.41443329362805, 43.63682401767438]], ""type"": ""MultiPoint""}"
17568,2022:2000196904,2022-01-30T14:15:00,GARDINER XWY W,STRACHAN AVE,374 m West of,3,Non-Fatal Injury,Non-Intersection,No Control,Rear End,Clear,Daylight,Dry,Expressway,FALSE,-79.41443329,43.63682401767438,1,Automobile or Station Wagon,West,1,36,Minor,Lap and Shoulder Belt,Lost control,Inattentive,,,Going Ahead,,,,,driver,,Spadina-Fort York (10),14 Division,Fort York-Liberty Village,FALSE,TRUE,FALSE,FALSE,FALSE,FALSE,FALSE,FALSE,FALSE,FALSE,"{""coordinates"": [[-79.41443329362805, 43.63682401767438]], ""type"": ""MultiPoint""}"
17569,2022:2000220559,2022-02-02T20:00:00,BATHURST ST,WOLSELEY ST,5 m East of,1,Non-Fatal Injury,At Intersection,No Control,SMV Other,Snow,Dark,Wet,Major Arterial,FALSE,-79.40428616,43.64795147120725,1,Automobile or Station Wagon,South,1,62,Major,Lap and Shoulder Belt,Lost control,Medical or Physical Disability,,,Going Ahead,,,,,driver,,Spadina-Fort York (10),14 Division,Kensington-Chinatown,FALSE,FALSE,FALSE,FALSE,FALSE,FALSE,FALSE,FALSE,FALSE,FALSE,"{""coordinates"": [[-79.40428616110192, 43.64795147120725]], ""type"": ""MultiPoint""}"
17570,2022:2000223282,2022-02-03T09:22:00,F G GARDINER XY W,ROYAL YORK RD,EAST OF ISLINGTON AVE,2,Fatal Injury,Non-Intersection,No Control,Rear End,Clear,Daylight,Wet,Expressway,FALSE,-79.50165273,43.62271740567703,,Truck - Open (Flatbed),West,2,28,None,,Driving properly,Normal,,,Going Ahead,,,,,driver,,Etobicoke-Lakeshore (3),22 Division,Mimico-Queensway,TRUE,TRUE,FALSE,FALSE,FALSE,FALSE,FALSE,FALSE,FALSE,TRUE,"{""coordinates"": [[-79.50165273047871, 43.62271740567703]], ""type"": ""MultiPoint""}"
17571,2022:2000223282,2022-02-03T09:22:00,F G GARDINER XY W,ROYAL YORK RD,EAST OF ISLINGTON AVE,2,Fatal Injury,Non-Intersection,No Control,Rear End,Clear,Daylight,Wet,Expressway,FALSE,-79.50165273,43.62271740567703,,Automobile or Station Wagon,West,1,27,Fatal,,Exceeding speed limit,Inattentive,,,Going Ahead,,,,,driver,4,Etobicoke-Lakeshore (3),22 Division,Mimico-Queensway,TRUE,TRUE,FALSE,FALSE,FALSE,FALSE,FALSE,FALSE,FALSE,TRUE,"{""coordinates"": [[-79.50165273047871, 43.62271740567703]], ""type"": ""MultiPoint""}"
17572,2022:2000226271,2022-02-03T16:55:00,JANE ST,DRIFTWOOD AVE,,2,Non-Fatal Injury,At Intersection,Traffic Signal,Pedestrian Collision(internal code),Drifting Snow,Dusk,Wet,Major Arterial,TRUE,-79.51964261,43.76583717,1,Automobile or Station Wagon,West,1,54,None,Use Unknown,Failed to yield right-of-way,Unknown,,,Turning Left,,,,,driver,,Humber River-Black Creek (7),31 Division,Black Creek,TRUE,FALSE,FALSE,FALSE,FALSE,TRUE,TRUE,FALSE,FALSE,FALSE,"{""coordinates"": [[-79.51964261053365, 43.7658371700587]], ""type"": ""MultiPoint""}"
17573,2022:2000226271,2022-02-03T16:55:00,JANE ST,DRIFTWOOD AVE,,2,Non-Fatal Injury,At Intersection,Traffic Signal,Pedestrian Collision(internal code),Drifting Snow,Dusk,Wet,Major Arterial,TRUE,-79.51964261,43.76583717,1,,South,2,67,Major,Use Unknown,,,Crossing with right-of-way (intersection),Normal,,Driver turns left into pedestrian crossing with right-of-way (at intersection),,,,pedestrian,,Humber River-Black Creek (7),31 Division,Black Creek,TRUE,FALSE,FALSE,FALSE,FALSE,TRUE,TRUE,FALSE,FALSE,FALSE,"{""coordinates"": [[-79.51964261053365, 43.7658371700587]], ""type"": ""MultiPoint""}"
17574,2022:2000232737,2022-02-04T16:23:00,SHEPPARD AVE E,YONGE ST,75 m East of,2,Non-Fatal Injury,Non-Intersection,No Control,Pedestrian Collision(internal code),Clear,Daylight,Slush,Major Arterial,FALSE,-79.41006145,43.761583651650135,1,Automobile or Station Wagon,East,1,66,None,Lap and Shoulder Belt,Driving properly,Normal,,,Going Ahead,,,,,driver,,Willowdale (18),32 Division,Avondale,FALSE,FALSE,FALSE,FALSE,FALSE,TRUE,TRUE,FALSE,FALSE,FALSE,"{""coordinates"": [[-79.41006144810989, 43.761583651650135]], ""type"": ""MultiPoint""}"
17575,2022:2000232737,2022-02-04T16:23:00,SHEPPARD AVE E,YONGE ST,75 m East of,2,Non-Fatal Injury,Non-Intersection,No Control,Pedestrian Collision(internal code),Clear,Daylight,Slush,Major Arterial,FALSE,-79.41006145,43.761583651650135,1,,North,2,82,Major,Use Unknown,,,Crossing - no traffic control,Normal,,Driver hits pedestrian at midblock,,,,pedestrian,,Willowdale (18),32 Division,Avondale,FALSE,FALSE,FALSE,FALSE,FALSE,TRUE,TRUE,FALSE,FALSE,FALSE,"{""coordinates"": [[-79.41006144810989, 43.761583651650135]], ""type"": ""MultiPoint""}"
17576,2022:2000258732,2022-02-08T20:39:00,BIRCHMOUNT ROAD,ZENITH DR,18 m S of,2,Non-Fatal Injury,Intersection-Related,Stop Sign,Pedestrian Collision(internal code),Clear,Dark,Dry,Minor Arterial,TRUE,-79.26977197,43.711008219594746,1,Pickup Truck,West,1,53,None,Lap and Shoulder Belt,Lost control,Normal,,,Turning Left,,,,,driver,,Scarborough Southwest (20),41 Division,Clairlea-Birchmount,FALSE,FALSE,FALSE,FALSE,FALSE,FALSE,TRUE,FALSE,FALSE,FALSE,"{""coordinates"": [[-79.26977196525661, 43.711008219594746]], ""type"": ""MultiPoint""}"
17577,2022:2000258732,2022-02-08T20:39:00,BIRCHMOUNT ROAD,ZENITH DR,18 m S of,2,Non-Fatal Injury,Intersection-Related,Stop Sign,Pedestrian Collision(internal code),Clear,Dark,Dry,Minor Arterial,TRUE,-79.26977197,43.711008219594746,1,,Unknown,2,33,Major,No Equipment Available,,,On sidewalk or shoulder,Normal,,Driver hits pedestrian on sidewalk or shoulder,,,,pedestrian,,Scarborough Southwest (20),41 Division,Clairlea-Birchmount,FALSE,FALSE,FALSE,FALSE,FALSE,FALSE,TRUE,FALSE,FALSE,FALSE,"{""coordinates"": [[-79.26977196525661, 43.711008219594746]], ""type"": ""MultiPoint""}"
17578,2022:2000267263,2022-02-10T07:00:00,WILLIAM R ALLEN RD,TRANSIT RD,,2,Non-Fatal Injury,At Intersection,Traffic Signal,Turning Movement,Clear,Daylight,Wet,Major Arterial,FALSE,-79.454251,43.741762544311314,2,Automobile or Station Wagon,East,2,68,Major,Lap and Shoulder Belt,Driving properly,Normal,,,Turning Left,,,,,driver,,York Centre (6),32 Division,Clanton Park,TRUE,FALSE,FALSE,FALSE,FALSE,TRUE,FALSE,TRUE,FALSE,TRUE,"{""coordinates"": [[-79.45425100265165, 43.741762544311314]], ""type"": ""MultiPoint""}"
17579,2022:2000267263,2022-02-10T07:00:00,WILLIAM R ALLEN RD,TRANSIT RD,,2,Non-Fatal Injury,At Intersection,Traffic Signal,Turning Movement,Clear,Daylight,Wet,Major Arterial,FALSE,-79.454251,43.741762544311314,1,Truck - Tractor,South,1,26,None,Lap and Shoulder Belt,Disobeyed traffic control,Normal,,,Going Ahead,,,,,driver,,York Centre (6),32 Division,Clanton Park,TRUE,FALSE,FALSE,FALSE,FALSE,TRUE,FALSE,TRUE,FALSE,TRUE,"{""coordinates"": [[-79.45425100265165, 43.741762544311314]], ""type"": ""MultiPoint""}"
17580,2022:2000271559,2022-02-10T19:00:00,YONGE ST,ERSKINE AVE,,3,Non-Fatal Injury,At Intersection,No Control,Pedestrian Collision(internal code),Clear,Dark with Artificial Lighting,Dry,Major Arterial,FALSE,-79.39927354,43.71100457850936,1,Automobile or Station Wagon,South,1,31,None,Lap and Shoulder Belt,Failed to yield right-of-way,Inattentive,,,Turning Left,,,,,driver,,Don Valley West (15),53 Division,North Toronto,TRUE,TRUE,FALSE,FALSE,FALSE,FALSE,TRUE,FALSE,FALSE,FALSE,"{""coordinates"": [[-79.39927354008779, 43.71100457850936]], ""type"": ""MultiPoint""}"
17581,2022:2000271559,2022-02-10T19:00:00,YONGE ST,ERSKINE AVE,,3,Non-Fatal Injury,At Intersection,No Control,Pedestrian Collision(internal code),Clear,Dark with Artificial Lighting,Dry,Major Arterial,FALSE,-79.39927354,43.71100457850936,1,,North,3,63,Major,Use Unknown,,,Crossing with right-of-way (intersection),Normal,,Driver turns left into pedestrian crossing with right-of-way (at intersection),,,,pedestrian,,Don Valley West (15),53 Division,North Toronto,TRUE,TRUE,FALSE,FALSE,FALSE,FALSE,TRUE,FALSE,FALSE,FALSE,"{""coordinates"": [[-79.39927354008779, 43.71100457850936]], ""type"": ""MultiPoint""}"
17582,2022:2000271559,2022-02-10T19:00:00,YONGE ST,ERSKINE AVE,,3,Non-Fatal Injury,At Intersection,No Control,Pedestrian Collision(internal code),Clear,Dark with Artificial Lighting,Dry,Major Arterial,FALSE,-79.39927354,43.71100457850936,1,,,2,38,None,Lap and Shoulder Belt,,,,,,,,,,passenger,,Don Valley West (15),53 Division,North Toronto,TRUE,TRUE,FALSE,FALSE,FALSE,FALSE,TRUE,FALSE,FALSE,FALSE,"{""coordinates"": [[-79.39927354008779, 43.71100457850936]], ""type"": ""MultiPoint""}"
17583,2022:2000284125,2022-02-12T19:45:00,384 O CONNOR DR,,100 m East of,2,Non-Fatal Injury,Non-Intersection,No Control,Other,Clear,Dark with Artificial Lighting,Dry,Major Arterial,FALSE,-79.33755165,43.695936443306415,1,Municipal Transit Bus (TTC),West,1,40,None,Lap and Shoulder Belt,Driving properly,Normal,,,Slowing or Stopping,,,,,driver,,Toronto-Danforth (14),55 Division,Old East York,FALSE,FALSE,FALSE,FALSE,FALSE,TRUE,FALSE,FALSE,FALSE,TRUE,"{""coordinates"": [[-79.33755164885058, 43.695936443306415]], ""type"": ""MultiPoint""}"
17584,2022:2000284125,2022-02-12T19:45:00,384 O CONNOR DR,,100 m East of,2,Non-Fatal Injury,Non-Intersection,No Control,Other,Clear,Dark with Artificial Lighting,Dry,Major Arterial,FALSE,-79.33755165,43.695936443306415,1,,,2,66,Major,Equipment Not Used But Available,,,,,,,,,,passenger,,Toronto-Danforth (14),55 Division,Old East York,FALSE,FALSE,FALSE,FALSE,FALSE,TRUE,FALSE,FALSE,FALSE,TRUE,"{""coordinates"": [[-79.33755164885058, 43.695936443306415]], ""type"": ""MultiPoint""}"
17585,2022:2000320162,2022-02-18T11:44:00,BAY ST,COLLEGE ST,,2,Fatal Injury,At Intersection,Traffic Signal,Pedestrian Collision(internal code),Clear,Daylight,Wet,Major Arterial,FALSE,-79.38581534,43.66074212072226,,,North,1,80,Fatal,,,,Crossing with right-of-way (intersection),Normal,,Driver turns right into pedestrian crossing with right-of-way (at intersection),,,,pedestrian,5,University-Rosedale (11),52 Division,Yonge-Bay Corridor,TRUE,FALSE,FALSE,FALSE,FALSE,TRUE,TRUE,FALSE,FALSE,FALSE,"{""coordinates"": [[-79.38581534105582, 43.66074212072226]], ""type"": ""MultiPoint""}"
17586,2022:2000320162,2022-02-18T11:44:00,BAY ST,COLLEGE ST,,2,Fatal Injury,At Intersection,Traffic Signal,Pedestrian Collision(internal code),Clear,Daylight,Wet,Major Arterial,FALSE,-79.38581534,43.66074212072226,,Automobile or Station Wagon,South,2,80,None,,Failed to yield right-of-way,Normal,,,Turning Right,,,,,driver,,University-Rosedale (11),52 Division,Yonge-Bay Corridor,TRUE,FALSE,FALSE,FALSE,FALSE,TRUE,TRUE,FALSE,FALSE,FALSE,"{""coordinates"": [[-79.38581534105582, 43.66074212072226]], ""type"": ""MultiPoint""}"
17587,2022:2000348171,2022-02-22T23:50:00,484 WILSON HEIGHTS BLVD,,,1,Non-Fatal Injury,Non-Intersection,No Control,SMV Other,Clear,Dark with Artificial Lighting,Wet,Minor Arterial,FALSE,-79.45418233,43.74684753375714,1,Automobile or Station Wagon,North,1,27,Major,Equipment Not Used But Available,Lost control,Unknown,,,Going Ahead,,,,,driver,,York Centre (6),32 Division,Downsview,FALSE,FALSE,FALSE,FALSE,FALSE,FALSE,FALSE,FALSE,FALSE,FALSE,"{""coordinates"": [[-79.45418232929978, 43.74684753375714]], ""type"": ""MultiPoint""}"
17588,2022:2000368462,2022-02-25T22:16:00,BAYVIEW AV,DAVISVILLE AV,5 m West of,2,Non-Fatal Injury,Intersection-Related,Traffic Signal,Pedestrian Collision(internal code),Snow,Dark with Artificial Lighting,Wet,Major Arterial,FALSE,-79.37410413,43.70299368,1,,North,2,46,Major,No Equipment Available,,,Crossing with right-of-way (intersection),Normal,,Driver turns left into pedestrian crossing with right-of-way (at intersection),,,,pedestrian,,Don Valley West (15),53 Division,Leaside-Bennington,TRUE,FALSE,FALSE,FALSE,FALSE,FALSE,TRUE,FALSE,FALSE,FALSE,"{""coordinates"": [[-79.37410413442458, 43.702993682074]], ""type"": ""MultiPoint""}"
17589,2022:2000368462,2022-02-25T22:16:00,BAYVIEW AV,DAVISVILLE AV,5 m West of,2,Non-Fatal Injury,Intersection-Related,Traffic Signal,Pedestrian Collision(internal code),Snow,Dark with Artificial Lighting,Wet,Major Arterial,FALSE,-79.37410413,43.70299368,1,Pickup Truck,North,1,53,None,Lap and Shoulder Belt,Failed to yield right-of-way,Unknown,,,Turning Left,,,,,driver,,Don Valley West (15),53 Division,Leaside-Bennington,TRUE,FALSE,FALSE,FALSE,FALSE,FALSE,TRUE,FALSE,FALSE,FALSE,"{""coordinates"": [[-79.37410413442458, 43.702993682074]], ""type"": ""MultiPoint""}"
17590,2022:2000370303,2022-02-26T08:13:00,BURNHAMTHORPE RD,HIGHWAY 427 C N,40 m West of,2,Non-Fatal Injury,Overpass or Bridge,No Control,Cyclist Collision,Clear,Daylight,Dry,Major Arterial,TRUE,-79.56252771,43.64562472611555,2,Bicycle,East,2,64,Major,Helmet,,,,,Going Ahead,,Sideswipe with cyclist and driver travelling in same direction,Driving Properly,Normal,cyclist,,Etobicoke Centre (2),22 Division,Islington,FALSE,FALSE,TRUE,FALSE,FALSE,FALSE,FALSE,FALSE,FALSE,FALSE,"{""coordinates"": [[-79.56252770654875, 43.64562472611555]], ""type"": ""MultiPoint""}"
17591,2022:2000370303,2022-02-26T08:13:00,BURNHAMTHORPE RD,HIGHWAY 427 C N,40 m West of,2,Non-Fatal Injury,Overpass or Bridge,No Control,Cyclist Collision,Clear,Daylight,Dry,Major Arterial,TRUE,-79.56252771,43.64562472611555,1,Automobile or Station Wagon,East,1,,None,Use Unknown,Other,Unknown,,,Going Ahead,,,,,driver,,Etobicoke Centre (2),22 Division,Islington,FALSE,FALSE,TRUE,FALSE,FALSE,FALSE,FALSE,FALSE,FALSE,FALSE,"{""coordinates"": [[-79.56252770654875, 43.64562472611555]], ""type"": ""MultiPoint""}"
17592,2022:2000372294,2022-02-26T14:30:00,THE QUEENSWAY,SHERWAY GARDENS RD,,2,Non-Fatal Injury,At Intersection,Traffic Signal,Pedestrian Collision(internal code),Clear,Daylight,Dry,Major Arterial,TRUE,-79.55222044,43.61499652614679,1,Automobile or Station Wagon,North,1,41,None,Lap and Shoulder Belt,Failed to yield right-of-way,Inattentive,,,Turning Right,,,,,driver,,Etobicoke-Lakeshore (3),22 Division,Etobicoke City Centre,TRUE,TRUE,FALSE,FALSE,FALSE,TRUE,TRUE,FALSE,FALSE,FALSE,"{""coordinates"": [[-79.55222043828991, 43.61499652614679]], ""type"": ""MultiPoint""}"
17593,2022:2000372294,2022-02-26T14:30:00,THE QUEENSWAY,SHERWAY GARDENS RD,,2,Non-Fatal Injury,At Intersection,Traffic Signal,Pedestrian Collision(internal code),Clear,Daylight,Dry,Major Arterial,TRUE,-79.55222044,43.61499652614679,1,,North,2,65,Major,Use Unknown,,,Crossing with right-of-way (intersection),Normal,,Driver turns right into pedestrian crossing with right-of-way (at intersection),,,,pedestrian,,Etobicoke-Lakeshore (3),22 Division,Etobicoke City Centre,TRUE,TRUE,FALSE,FALSE,FALSE,TRUE,TRUE,FALSE,FALSE,FALSE,"{""coordinates"": [[-79.55222043828991, 43.61499652614679]], ""type"": ""MultiPoint""}"
17594,2022:2000375775,2022-02-27T03:48:00,YORE RD,KEELE ST,,1,Fatal Injury,Intersection-Related,No Control,SMV Other,Clear,Dark with Artificial Lighting,Dry,Major Arterial,FALSE,-79.47422488,43.69169468976126,,Automobile or Station Wagon,West,1,23,Fatal,,Lost control,Unknown,,,Going Ahead,,,,,driver,6,York South-Weston (5),12 Division,Beechborough-Greenbrook,FALSE,FALSE,FALSE,FALSE,FALSE,FALSE,FALSE,FALSE,FALSE,FALSE,"{""coordinates"": [[-79.47422488038849, 43.69169468976126]], ""type"": ""MultiPoint""}"
17595,2022:2000383216,2022-02-28T10:50:00,FINCH AVE E,MCCOWAN RD,,2,Fatal Injury,At Intersection,Traffic Signal,Pedestrian Collision(internal code),Clear,Daylight,Dry,Major Arterial,FALSE,-79.26646834,43.80795494107821,,Municipal Transit Bus (TTC),East,2,45,None,,Improper turn,Normal,,,Turning Right,,,,,driver,,Scarborough North (23),42 Division,Agincourt North,FALSE,FALSE,FALSE,FALSE,FALSE,FALSE,TRUE,FALSE,FALSE,TRUE,"{""coordinates"": [[-79.26646833584054, 43.80795494107821]], ""type"": ""MultiPoint""}"
17596,2022:2000383216,2022-02-28T10:50:00,FINCH AVE E,MCCOWAN RD,,2,Fatal Injury,At Intersection,Traffic Signal,Pedestrian Collision(internal code),Clear,Daylight,Dry,Major Arterial,FALSE,-79.26646834,43.80795494107821,,,East,1,47,Fatal,,,,Crossing with right-of-way (intersection),Normal,,Driver turns right into pedestrian crossing with right-of-way (at intersection),,,,pedestrian,7,Scarborough North (23),42 Division,Agincourt North,FALSE,FALSE,FALSE,FALSE,FALSE,FALSE,TRUE,FALSE,FALSE,TRUE,"{""coordinates"": [[-79.26646833584054, 43.80795494107821]], ""type"": ""MultiPoint""}"
17597,2022:2000415804,2022-03-05T01:20:00,BRIMORTON DR,MCCOWAN RD,37 m West of,2,Non-Fatal Injury,Intersection-Related,Traffic Signal,SMV Other,Clear,Dark with Artificial Lighting,Dry,Collector,FALSE,-79.24892836,43.76536381919128,1,Automobile or Station Wagon,West,1,24,Major,Use Unknown,Lost control,Inattentive,,,Going Ahead,,,,,driver,,Scarborough-Guildwood (24),43 Division,Woburn North,FALSE,TRUE,FALSE,FALSE,FALSE,FALSE,FALSE,FALSE,FALSE,FALSE,"{""coordinates"": [[-79.24892836457518, 43.76536381919128]], ""type"": ""MultiPoint""}"
17598,2022:2000415804,2022-03-05T01:20:00,BRIMORTON DR,MCCOWAN RD,37 m West of,2,Non-Fatal Injury,Intersection-Related,Traffic Signal,SMV Other,Clear,Dark with Artificial Lighting,Dry,Collector,FALSE,-79.24892836,43.76536381919128,1,,,2,23,None,Use Unknown,,,,,,,,,,passenger,,Scarborough-Guildwood (24),43 Division,Woburn North,FALSE,TRUE,FALSE,FALSE,FALSE,FALSE,FALSE,FALSE,FALSE,FALSE,"{""coordinates"": [[-79.24892836457518, 43.76536381919128]], ""type"": ""MultiPoint""}"
17599,2022:2000422292,2022-03-06T02:40:00,LAKE SHORE BLVD W,JAMESON AVE,,2,Fatal Injury,Non-Intersection,No Control,SMV Other,Clear,Dark,Dry,Major Arterial,FALSE,-79.43645178,43.63336793638429,,Automobile or Station Wagon,East,2,30,Major,,Lost control,Unknown,,,Going Ahead,,,,,driver,,Parkdale-High Park (4),14 Division,South Parkdale,FALSE,FALSE,FALSE,FALSE,FALSE,FALSE,FALSE,FALSE,TRUE,FALSE,"{""coordinates"": [[-79.43645177584897, 43.63336793638429]], ""type"": ""MultiPoint""}"
17600,2022:2000422292,2022-03-06T02:40:00,LAKE SHORE BLVD W,JAMESON AVE,,2,Fatal Injury,Non-Intersection,No Control,SMV Other,Clear,Dark,Dry,Major Arterial,FALSE,-79.43645178,43.63336793638429,,,,1,19,Fatal,,,,,,,,,,,passenger,8,Parkdale-High Park (4),14 Division,South Parkdale,FALSE,FALSE,FALSE,FALSE,FALSE,FALSE,FALSE,FALSE,TRUE,FALSE,"{""coordinates"": [[-79.43645177584897, 43.63336793638429]], ""type"": ""MultiPoint""}"
17601,2022:2000425405,2022-03-06T15:21:00,DUNDAS ST E,BOND ST,,3,Fatal Injury,At/Near Private Drive,No Control,Pedestrian Collision(internal code),Clear,Daylight,Dry,Local,FALSE,-79.37827749,43.65618736219435,,Automobile or Station Wagon,West,2,59,None,,Failed to yield right-of-way,Inattentive,,,Turning Right,,,,,driver,,Toronto Centre (13),51 Division,Downtown Yonge East,TRUE,TRUE,FALSE,FALSE,FALSE,FALSE,TRUE,FALSE,FALSE,FALSE,"{""coordinates"": [[-79.37827749162247, 43.65618736219435]], ""type"": ""MultiPoint""}"
17602,2022:2000425405,2022-03-06T15:21:00,DUNDAS ST E,BOND ST,,3,Fatal Injury,At/Near Private Drive,No Control,Pedestrian Collision(internal code),Clear,Daylight,Dry,Local,FALSE,-79.37827749,43.65618736219435,,,Unknown,1,45,Fatal,,,,On sidewalk or shoulder,Ability Impaired - Alcohol,,Driver hits pedestrian on sidewalk or shoulder,,,,pedestrian,9,Toronto Centre (13),51 Division,Downtown Yonge East,TRUE,TRUE,FALSE,FALSE,FALSE,FALSE,TRUE,FALSE,FALSE,FALSE,"{""coordinates"": [[-79.37827749162247, 43.65618736219435]], ""type"": ""MultiPoint""}"
17603,2022:2000425405,2022-03-06T15:21:00,DUNDAS ST E,BOND ST,,3,Fatal Injury,At/Near Private Drive,No Control,Pedestrian Collision(internal code),Clear,Daylight,Dry,Local,FALSE,-79.37827749,43.65618736219435,,,,3,,,,,,,,,,,,,other,,Toronto Centre (13),51 Division,Downtown Yonge East,TRUE,TRUE,FALSE,FALSE,FALSE,FALSE,TRUE,FALSE,FALSE,FALSE,"{""coordinates"": [[-79.37827749162247, 43.65618736219435]], ""type"": ""MultiPoint""}"
17604,2022:2000427556,2022-03-06T22:33:00,460 PAPE AVE,,8 m West of PAPE AVE,2,Non-Fatal Injury,Non-Intersection,No Control,Pedestrian Collision(internal code),Clear,Dark,Dry,Minor Arterial,FALSE,-79.34185467,43.67169023647438,1,Automobile or Station Wagon,South,1,49,None,Lap and Shoulder Belt,Driving properly,Normal,,,Going Ahead,,,,,driver,,Toronto-Danforth (14),55 Division,Blake-Jones,FALSE,FALSE,FALSE,FALSE,FALSE,FALSE,TRUE,FALSE,TRUE,FALSE,"{""coordinates"": [[-79.34185466954736, 43.67169023647438]], ""type"": ""MultiPoint""}"
17605,2022:2000427556,2022-03-06T22:33:00,460 PAPE AVE,,8 m West of PAPE AVE,2,Non-Fatal Injury,Non-Intersection,No Control,Pedestrian Collision(internal code),Clear,Dark,Dry,Minor Arterial,FALSE,-79.34185467,43.67169023647438,1,,Unknown,2,18,Major,Lap and Shoulder Belt,,,Crossing - no traffic control,Ability Impaired - Alcohol,,Driver hits pedestrian at midblock,,,,pedestrian,,Toronto-Danforth (14),55 Division,Blake-Jones,FALSE,FALSE,FALSE,FALSE,FALSE,FALSE,TRUE,FALSE,TRUE,FALSE,"{""coordinates"": [[-79.34185466954736, 43.67169023647438]], ""type"": ""MultiPoint""}"
17606,2022:2000427862,2022-03-07T00:05:00,145 STEELES AVE E,,50 m East of LILLIAN ST,4,Non-Fatal Injury,Non-Intersection,No Control,Approaching Head On,Clear,Dark with Artificial Lighting,Dry,Major Arterial,FALSE,-79.40831427,43.80053933395416,1,Pickup Truck,East,1,47,Minor,Lap and Shoulder Belt,Lost control,Had Been Drinking,,,Going Ahead,,,,,driver,,Willowdale (18),32 Division,Newtonbrook East,FALSE,FALSE,FALSE,FALSE,FALSE,TRUE,FALSE,FALSE,FALSE,TRUE,"{""coordinates"": [[-79.40831427112161, 43.80053933395416]], ""type"": ""MultiPoint""}"
17607,2022:2000427862,2022-03-07T00:05:00,145 STEELES AVE E,,50 m East of LILLIAN ST,4,Non-Fatal Injury,Non-Intersection,No Control,Approaching Head On,Clear,Dark with Artificial Lighting,Dry,Major Arterial,FALSE,-79.40831427,43.80053933395416,2,Delivery Van,West,2,66,Major,Lap and Shoulder Belt,Driving properly,Normal,,,Going Ahead,,,,,driver,,Willowdale (18),32 Division,Newtonbrook East,FALSE,FALSE,FALSE,FALSE,FALSE,TRUE,FALSE,FALSE,FALSE,TRUE,"{""coordinates"": [[-79.40831427112161, 43.80053933395416]], ""type"": ""MultiPoint""}"
17608,2022:2000427862,2022-03-07T00:05:00,145 STEELES AVE E,,50 m East of LILLIAN ST,4,Non-Fatal Injury,Non-Intersection,No Control,Approaching Head On,Clear,Dark with Artificial Lighting,Dry,Major Arterial,FALSE,-79.40831427,43.80053933395416,3,,,4,27,Minor,Lap and Shoulder Belt,,,,,,,,,,passenger,,Willowdale (18),32 Division,Newtonbrook East,FALSE,FALSE,FALSE,FALSE,FALSE,TRUE,FALSE,FALSE,FALSE,TRUE,"{""coordinates"": [[-79.40831427112161, 43.80053933395416]], ""type"": ""MultiPoint""}"