_id,collision_id,accdate,stname1,stname2,stname3,per_inv,acclass,accloc,traffictl,impactype,visible,light,rdsfcond,road_class,failtorem,longitude,latitude,veh_no,vehtype,initdir,per_no,invage,injury,safequip,drivact,drivcond,pedact,pedcond,manoeuvre,pedtype,cyclistype,cycact,cyccond,road_user,fatal_no,wardname,division,neighbourhood,aggressive,distracted,cyclist,motorcyclist,other_micromobility,older_adult,pedestrian,red_light,school_child,heavy_truck,geometry
17654,2022:2000718408,2022-04-18T05:54:00,MARTIN GROVE RD,GARFELLA DR,5 m South of,2,Non-Fatal Injury,At Intersection,Traffic Signal,Pedestrian Collision(internal code),Clear,Dark with Artificial Lighting,Dry,Minor Arterial,FALSE,-79.59532633,43.74421555760123,1,,East,2,42,Major,No Equipment Available,,,Crossing with right-of-way (intersection),Normal,,Driver turns left into pedestrian crossing with right-of-way (at intersection),,,,pedestrian,,Etobicoke North (1),23 Division,Mount Olive-Silverstone-Jamestown,FALSE,TRUE,FALSE,FALSE,FALSE,FALSE,TRUE,FALSE,FALSE,FALSE,"{""coordinates"": [[-79.59532633025583, 43.74421555760123]], ""type"": ""MultiPoint""}"
17655,2022:2000718408,2022-04-18T05:54:00,MARTIN GROVE RD,GARFELLA DR,5 m South of,2,Non-Fatal Injury,At Intersection,Traffic Signal,Pedestrian Collision(internal code),Clear,Dark with Artificial Lighting,Dry,Minor Arterial,FALSE,-79.59532633,43.74421555760123,1,Automobile or Station Wagon,West,1,29,None,Lap and Shoulder Belt,Driving properly,Inattentive,,,Turning Left,,,,,driver,,Etobicoke North (1),23 Division,Mount Olive-Silverstone-Jamestown,FALSE,TRUE,FALSE,FALSE,FALSE,FALSE,TRUE,FALSE,FALSE,FALSE,"{""coordinates"": [[-79.59532633025583, 43.74421555760123]], ""type"": ""MultiPoint""}"
17656,2022:2000722938,2022-04-18T21:20:00,KENNEDY RD,STEELES AVE E,,2,Non-Fatal Injury,At Intersection,Traffic Signal,Cyclist Collision,Rain,Dark with Artificial Lighting,Slush,Major Arterial,FALSE,-79.30702625,43.82361813587535,2,Truck - Closed,North,2,25,None,Lap and Shoulder Belt,Driving properly,Normal,,,Turning Left,,,,,driver,,Scarborough-Agincourt (22),42 Division,Milliken,FALSE,FALSE,TRUE,FALSE,FALSE,FALSE,FALSE,FALSE,FALSE,TRUE,"{""coordinates"": [[-79.3070262470248, 43.82361813587535]], ""type"": ""MultiPoint""}"
17657,2022:2000722938,2022-04-18T21:20:00,KENNEDY RD,STEELES AVE E,,2,Non-Fatal Injury,At Intersection,Traffic Signal,Cyclist Collision,Rain,Dark with Artificial Lighting,Slush,Major Arterial,FALSE,-79.30702625,43.82361813587535,1,Bicycle,East,1,64,Major,No Equipment Available,,,,,Going Ahead,,"Cyclist without right-of-way rides into path of driver (at intersection, laneway, or driveway)",Other,Normal,cyclist,,Scarborough-Agincourt (22),42 Division,Milliken,FALSE,FALSE,TRUE,FALSE,FALSE,FALSE,FALSE,FALSE,FALSE,TRUE,"{""coordinates"": [[-79.3070262470248, 43.82361813587535]], ""type"": ""MultiPoint""}"
17658,2022:2000725125,2022-04-19T08:37:00,1491 LAKE SHORE BLVD W,,10 m North of,2,Non-Fatal Injury,Non-Intersection,No Control,Rear End,Clear,Daylight,Dry,Major Arterial,FALSE,-79.44404303,43.63638918713386,2,Pickup Truck,East,2,24,None,Lap and Shoulder Belt,Driving properly,Normal,,,Going Ahead,,,,,driver,,Parkdale-High Park (4),14 Division,South Parkdale,TRUE,FALSE,FALSE,TRUE,FALSE,FALSE,FALSE,FALSE,FALSE,FALSE,"{""coordinates"": [[-79.44404303353039, 43.63638918713386]], ""type"": ""MultiPoint""}"
17659,2022:2000725125,2022-04-19T08:37:00,1491 LAKE SHORE BLVD W,,10 m North of,2,Non-Fatal Injury,Non-Intersection,No Control,Rear End,Clear,Daylight,Dry,Major Arterial,FALSE,-79.44404303,43.63638918713386,1,Motorcycle,East,1,37,Major,Helmet,Improper passing,Normal,,,Going Ahead,,,,,motorcyclist,,Parkdale-High Park (4),14 Division,South Parkdale,TRUE,FALSE,FALSE,TRUE,FALSE,FALSE,FALSE,FALSE,FALSE,FALSE,"{""coordinates"": [[-79.44404303353039, 43.63638918713386]], ""type"": ""MultiPoint""}"
17660,2022:2000729543,2022-04-19T20:15:00,LAKE SHORE BLVD W,LAKE CRES,63 m West of,2,Non-Fatal Injury,Non-Intersection,No Control,Approaching Head On,Clear,Dark with Artificial Lighting,Dry,Major Arterial,FALSE,-79.49059012,43.60627605160677,2,Pickup Truck,West,2,32,Minor,Lap and Shoulder Belt,Driving properly,Normal,,,Going Ahead,,,,,driver,,Etobicoke-Lakeshore (3),22 Division,Mimico-Queensway,FALSE,FALSE,FALSE,FALSE,FALSE,FALSE,FALSE,FALSE,FALSE,FALSE,"{""coordinates"": [[-79.49059011696095, 43.60627605160677]], ""type"": ""MultiPoint""}"
17661,2022:2000729543,2022-04-19T20:15:00,LAKE SHORE BLVD W,LAKE CRES,63 m West of,2,Non-Fatal Injury,Non-Intersection,No Control,Approaching Head On,Clear,Dark with Artificial Lighting,Dry,Major Arterial,FALSE,-79.49059012,43.60627605160677,1,Automobile or Station Wagon,East,1,23,Major,Lap and Shoulder Belt,Lost control,Unknown,,,Going Ahead,,,,,driver,,Etobicoke-Lakeshore (3),22 Division,Mimico-Queensway,FALSE,FALSE,FALSE,FALSE,FALSE,FALSE,FALSE,FALSE,FALSE,FALSE,"{""coordinates"": [[-79.49059011696095, 43.60627605160677]], ""type"": ""MultiPoint""}"
17662,2022:2000746819,2022-04-22T10:00:00,SPADINA AV,QUEEN ST W,10 m South of,2,Non-Fatal Injury,Intersection-Related,Traffic Signal,Cyclist Collision,Clear,Daylight,Dry,Major Arterial,FALSE,-79.39635157,43.64876018,2,Bicycle,South,2,39,Major,Lap and Shoulder Belt,,,,,Going Ahead,,Sideswipe with cyclist and driver travelling in same direction,Driving Properly,Normal,cyclist,,Spadina-Fort York (10),52 Division,Wellington Place,TRUE,FALSE,TRUE,FALSE,FALSE,FALSE,FALSE,FALSE,FALSE,TRUE,"{""coordinates"": [[-79.39635157387497, 43.6487601750028]], ""type"": ""MultiPoint""}"
17663,2022:2000746819,2022-04-22T10:00:00,SPADINA AV,QUEEN ST W,10 m South of,2,Non-Fatal Injury,Intersection-Related,Traffic Signal,Cyclist Collision,Clear,Daylight,Dry,Major Arterial,FALSE,-79.39635157,43.64876018,1,Truck - Dump,South,1,52,None,Lap and Shoulder Belt,Improper passing,Normal,,,Going Ahead,,,,,driver,,Spadina-Fort York (10),52 Division,Wellington Place,TRUE,FALSE,TRUE,FALSE,FALSE,FALSE,FALSE,FALSE,FALSE,TRUE,"{""coordinates"": [[-79.39635157387497, 43.6487601750028]], ""type"": ""MultiPoint""}"
17664,2022:2000768413,2022-04-25T13:45:00,452 DANFORTH AVE,,30 m West of LOGAN AVE,2,Non-Fatal Injury,Non-Intersection,No Control,Pedestrian Collision(internal code),Rain,Daylight,Wet,Major Arterial,FALSE,-79.35010968,43.677824280606806,1,,North,2,8,Major,Use Unknown,,,Person getting on/off vehicle,Inattentive,,Driver hits pedestrian at midblock,,,,pedestrian,,Toronto-Danforth (14),55 Division,North Riverdale,TRUE,TRUE,FALSE,TRUE,FALSE,FALSE,TRUE,FALSE,TRUE,FALSE,"{""coordinates"": [[-79.35010968129481, 43.677824280606806]], ""type"": ""MultiPoint""}"
17665,2022:2000768413,2022-04-25T13:45:00,452 DANFORTH AVE,,30 m West of LOGAN AVE,2,Non-Fatal Injury,Non-Intersection,No Control,Pedestrian Collision(internal code),Rain,Daylight,Wet,Major Arterial,FALSE,-79.35010968,43.677824280606806,1,Moped,West,1,35,Minimal,Helmet,Speed too fast for conditions,Inattentive,,,Going Ahead,,,,,motorcyclist,,Toronto-Danforth (14),55 Division,North Riverdale,TRUE,TRUE,FALSE,TRUE,FALSE,FALSE,TRUE,FALSE,TRUE,FALSE,"{""coordinates"": [[-79.35010968129481, 43.677824280606806]], ""type"": ""MultiPoint""}"
17666,2022:2000773802,2022-04-26T10:03:00,WESTON RD,HUMBER BLVD,,3,Non-Fatal Injury,Intersection-Related,Traffic Signal,Sideswipe,Clear,Daylight,Dry,Major Arterial,FALSE,-79.48028265,43.683355773686074,2,Automobile or Station Wagon,South,2,61,None,Lap and Shoulder Belt,Driving properly,Normal,,,Changing Lanes,,,,,driver,,York South-Weston (5),12 Division,Rockcliffe-Smythe,TRUE,TRUE,FALSE,TRUE,FALSE,FALSE,FALSE,FALSE,FALSE,FALSE,"{""coordinates"": [[-79.48028264576716, 43.683355773686074]], ""type"": ""MultiPoint""}"
17667,2022:2000773802,2022-04-26T10:03:00,WESTON RD,HUMBER BLVD,,3,Non-Fatal Injury,Intersection-Related,Traffic Signal,Sideswipe,Clear,Daylight,Dry,Major Arterial,FALSE,-79.48028265,43.683355773686074,3,Passenger Van,West,3,62,None,Lap and Shoulder Belt,Driving properly,Normal,,,Going Ahead,,,,,driver,,York South-Weston (5),12 Division,Rockcliffe-Smythe,TRUE,TRUE,FALSE,TRUE,FALSE,FALSE,FALSE,FALSE,FALSE,FALSE,"{""coordinates"": [[-79.48028264576716, 43.683355773686074]], ""type"": ""MultiPoint""}"
17668,2022:2000773802,2022-04-26T10:03:00,WESTON RD,HUMBER BLVD,,3,Non-Fatal Injury,Intersection-Related,Traffic Signal,Sideswipe,Clear,Daylight,Dry,Major Arterial,FALSE,-79.48028265,43.683355773686074,1,Motorcycle,South,1,32,Major,Helmet,Failed to yield right-of-way,Inattentive,,,Going Ahead,,,,,motorcyclist,,York South-Weston (5),12 Division,Rockcliffe-Smythe,TRUE,TRUE,FALSE,TRUE,FALSE,FALSE,FALSE,FALSE,FALSE,FALSE,"{""coordinates"": [[-79.48028264576716, 43.683355773686074]], ""type"": ""MultiPoint""}"
17669,2022:2000774562,2022-04-26T11:49:00,BLUFFWOOD DR,STEELES AVE E,,2,Fatal Injury,At Intersection,Traffic Signal,Pedestrian Collision(internal code),Clear,Daylight,Dry,Major Arterial,FALSE,-79.37605713,43.807638447594314,,Automobile or Station Wagon,North,2,64,None,,Improper turn,Inattentive,,,Turning Right,,,,,driver,,Don Valley North (17),33 Division,Bayview Woods-Steeles,FALSE,TRUE,FALSE,FALSE,FALSE,TRUE,TRUE,FALSE,FALSE,FALSE,"{""coordinates"": [[-79.37605713228113, 43.807638447594314]], ""type"": ""MultiPoint""}"
17670,2022:2000774562,2022-04-26T11:49:00,BLUFFWOOD DR,STEELES AVE E,,2,Fatal Injury,At Intersection,Traffic Signal,Pedestrian Collision(internal code),Clear,Daylight,Dry,Major Arterial,FALSE,-79.37605713,43.807638447594314,,,West,1,99,Fatal,,,,Crossing with right-of-way (intersection),Inattentive,,Driver turns right into pedestrian crossing with right-of-way (at intersection),,,,pedestrian,17,Don Valley North (17),33 Division,Bayview Woods-Steeles,FALSE,TRUE,FALSE,FALSE,FALSE,TRUE,TRUE,FALSE,FALSE,FALSE,"{""coordinates"": [[-79.37605713228113, 43.807638447594314]], ""type"": ""MultiPoint""}"
17671,2022:2000785196,2022-04-27T21:35:00,MORNINGSIDE AVE,FINCH AVE E,,4,Non-Fatal Injury,At Intersection,Traffic Signal,Pedestrian Collision(internal code),Clear,Dark with Artificial Lighting,Dry,Minor Arterial,FALSE,-79.22103522,43.81962406,1,,,2,25,None,Lap and Shoulder Belt,,,,,,,,,,passenger,,Scarborough-Rouge Park (25),42 Division,Malvern West,TRUE,TRUE,FALSE,FALSE,FALSE,FALSE,TRUE,FALSE,FALSE,FALSE,"{""coordinates"": [[-79.22103521889285, 43.819624055754]], ""type"": ""MultiPoint""}"
17672,2022:2000785196,2022-04-27T21:35:00,MORNINGSIDE AVE,FINCH AVE E,,4,Non-Fatal Injury,At Intersection,Traffic Signal,Pedestrian Collision(internal code),Clear,Dark with Artificial Lighting,Dry,Minor Arterial,FALSE,-79.22103522,43.81962406,1,Automobile or Station Wagon,South,1,25,None,Lap and Shoulder Belt,Exceeding speed limit,Inattentive,,,Turning Left,,,,,driver,,Scarborough-Rouge Park (25),42 Division,Malvern West,TRUE,TRUE,FALSE,FALSE,FALSE,FALSE,TRUE,FALSE,FALSE,FALSE,"{""coordinates"": [[-79.22103521889285, 43.819624055754]], ""type"": ""MultiPoint""}"
17673,2022:2000785196,2022-04-27T21:35:00,MORNINGSIDE AVE,FINCH AVE E,,4,Non-Fatal Injury,At Intersection,Traffic Signal,Pedestrian Collision(internal code),Clear,Dark with Artificial Lighting,Dry,Minor Arterial,FALSE,-79.22103522,43.81962406,1,,North,4,24,Major,Use Unknown,,,Crossing with right-of-way (intersection),Normal,,Driver turns left into pedestrian crossing with right-of-way (at intersection),,,,pedestrian,,Scarborough-Rouge Park (25),42 Division,Malvern West,TRUE,TRUE,FALSE,FALSE,FALSE,FALSE,TRUE,FALSE,FALSE,FALSE,"{""coordinates"": [[-79.22103521889285, 43.819624055754]], ""type"": ""MultiPoint""}"
17674,2022:2000785196,2022-04-27T21:35:00,MORNINGSIDE AVE,FINCH AVE E,,4,Non-Fatal Injury,At Intersection,Traffic Signal,Pedestrian Collision(internal code),Clear,Dark with Artificial Lighting,Dry,Minor Arterial,FALSE,-79.22103522,43.81962406,1,,,3,26,None,Lap and Shoulder Belt,,,,,,,,,,passenger,,Scarborough-Rouge Park (25),42 Division,Malvern West,TRUE,TRUE,FALSE,FALSE,FALSE,FALSE,TRUE,FALSE,FALSE,FALSE,"{""coordinates"": [[-79.22103521889285, 43.819624055754]], ""type"": ""MultiPoint""}"
17675,2022:2000833786,2022-05-04T23:15:00,KEELE ST,TORO RD,,2,Non-Fatal Injury,Intersection-Related,Traffic Signal,Cyclist Collision,Clear,Dark with Artificial Lighting,Dry,Major Arterial,FALSE,-79.49004053,43.75975651051827,2,Bicycle,North,2,41,Major,Helmet,,,,,Going Ahead,,Rear end with cyclist and driver travelling in same direction,Driving Properly,Unknown,cyclist,,York Centre (6),31 Division,York University Heights,FALSE,FALSE,TRUE,FALSE,FALSE,FALSE,FALSE,FALSE,FALSE,FALSE,"{""coordinates"": [[-79.49004052646698, 43.75975651051827]], ""type"": ""MultiPoint""}"
17676,2022:2000833786,2022-05-04T23:15:00,KEELE ST,TORO RD,,2,Non-Fatal Injury,Intersection-Related,Traffic Signal,Cyclist Collision,Clear,Dark with Artificial Lighting,Dry,Major Arterial,FALSE,-79.49004053,43.75975651051827,1,Automobile or Station Wagon,North,1,21,None,Use Unknown,Other,Unknown,,,Going Ahead,,,,,driver,,York Centre (6),31 Division,York University Heights,FALSE,FALSE,TRUE,FALSE,FALSE,FALSE,FALSE,FALSE,FALSE,FALSE,"{""coordinates"": [[-79.49004052646698, 43.75975651051827]], ""type"": ""MultiPoint""}"
17677,2022:2000850476,2022-05-07T09:35:00,REINER RD,FAYWOOD BLVD,,2,Non-Fatal Injury,At Intersection,Stop Sign,Pedestrian Collision(internal code),Clear,Daylight,Dry,Collector,FALSE,-79.45021503,43.74963607,1,Automobile or Station Wagon,South,1,53,None,Lap and Shoulder Belt,Failed to yield right-of-way,Inattentive,,,Turning Left,,,,,driver,,York Centre (6),32 Division,Clanton Park,TRUE,TRUE,FALSE,FALSE,FALSE,TRUE,TRUE,FALSE,FALSE,FALSE,"{""coordinates"": [[-79.45021503261454, 43.749636071416]], ""type"": ""MultiPoint""}"
17678,2022:2000850476,2022-05-07T09:35:00,REINER RD,FAYWOOD BLVD,,2,Non-Fatal Injury,At Intersection,Stop Sign,Pedestrian Collision(internal code),Clear,Daylight,Dry,Collector,FALSE,-79.45021503,43.74963607,1,,North,2,72,Major,No Equipment Available,,,Crossing with right-of-way (intersection),Normal,,Driver turns left into pedestrian crossing with right-of-way (at intersection),,,,pedestrian,,York Centre (6),32 Division,Clanton Park,TRUE,TRUE,FALSE,FALSE,FALSE,TRUE,TRUE,FALSE,FALSE,FALSE,"{""coordinates"": [[-79.45021503261454, 43.749636071416]], ""type"": ""MultiPoint""}"
17679,2022:2000852942,2022-05-07T16:30:00,PARKVIEW AVE,LONGMORE ST,70 m West of,1,Non-Fatal Injury,Non-Intersection,No Control,SMV Other,Clear,Daylight,Dry,Local,FALSE,-79.40176827,43.773454978240416,1,Motorcycle,East,1,52,Major,Equipment Not Used But Available,Lost control,Normal,,,Going Ahead,,,,,motorcyclist,,Willowdale (18),32 Division,East Willowdale,FALSE,FALSE,FALSE,TRUE,FALSE,FALSE,FALSE,FALSE,FALSE,FALSE,"{""coordinates"": [[-79.40176826960922, 43.773454978240416]], ""type"": ""MultiPoint""}"
17680,2022:2000860343,2022-05-08T19:15:00,ST CLAIR AVE W,GUNNS RD,2 m West of,5,Non-Fatal Injury,Intersection-Related,Traffic Signal,Turning Movement,Clear,Daylight,Dry,Major Arterial,FALSE,-79.4710816,43.67170949502205,2,Automobile or Station Wagon,South,2,26,Major,Lap and Shoulder Belt,Disobeyed traffic control,Inattentive,,,Turning Right,,,,,driver,,York South-Weston (5),11 Division,Junction Area,TRUE,TRUE,FALSE,FALSE,FALSE,FALSE,FALSE,TRUE,TRUE,FALSE,"{""coordinates"": [[-79.47108159933148, 43.67170949502205]], ""type"": ""MultiPoint""}"
17681,2022:2000860343,2022-05-08T19:15:00,ST CLAIR AVE W,GUNNS RD,2 m West of,5,Non-Fatal Injury,Intersection-Related,Traffic Signal,Turning Movement,Clear,Daylight,Dry,Major Arterial,FALSE,-79.4710816,43.67170949502205,3,Automobile or Station Wagon,South,3,38,None,Lap and Shoulder Belt,Driving properly,Normal,,,Turning Right,,,,,driver,,York South-Weston (5),11 Division,Junction Area,TRUE,TRUE,FALSE,FALSE,FALSE,FALSE,FALSE,TRUE,TRUE,FALSE,"{""coordinates"": [[-79.47108159933148, 43.67170949502205]], ""type"": ""MultiPoint""}"
17682,2022:2000860343,2022-05-08T19:15:00,ST CLAIR AVE W,GUNNS RD,2 m West of,5,Non-Fatal Injury,Intersection-Related,Traffic Signal,Turning Movement,Clear,Daylight,Dry,Major Arterial,FALSE,-79.4710816,43.67170949502205,3,,,5,1,None,Lap and Shoulder Belt,,,,,,,,,,passenger,,York South-Weston (5),11 Division,Junction Area,TRUE,TRUE,FALSE,FALSE,FALSE,FALSE,FALSE,TRUE,TRUE,FALSE,"{""coordinates"": [[-79.47108159933148, 43.67170949502205]], ""type"": ""MultiPoint""}"
17683,2022:2000860343,2022-05-08T19:15:00,ST CLAIR AVE W,GUNNS RD,2 m West of,5,Non-Fatal Injury,Intersection-Related,Traffic Signal,Turning Movement,Clear,Daylight,Dry,Major Arterial,FALSE,-79.4710816,43.67170949502205,3,,,4,18,None,Lap and Shoulder Belt,,,,,,,,,,passenger,,York South-Weston (5),11 Division,Junction Area,TRUE,TRUE,FALSE,FALSE,FALSE,FALSE,FALSE,TRUE,TRUE,FALSE,"{""coordinates"": [[-79.47108159933148, 43.67170949502205]], ""type"": ""MultiPoint""}"
17684,2022:2000860343,2022-05-08T19:15:00,ST CLAIR AVE W,GUNNS RD,2 m West of,5,Non-Fatal Injury,Intersection-Related,Traffic Signal,Turning Movement,Clear,Daylight,Dry,Major Arterial,FALSE,-79.4710816,43.67170949502205,1,Automobile or Station Wagon,West,1,17,None,Lap and Shoulder Belt,Other,Inattentive,,,Going Ahead,,,,,driver,,York South-Weston (5),11 Division,Junction Area,TRUE,TRUE,FALSE,FALSE,FALSE,FALSE,FALSE,TRUE,TRUE,FALSE,"{""coordinates"": [[-79.47108159933148, 43.67170949502205]], ""type"": ""MultiPoint""}"
17685,2022:2000874402,2022-05-10T16:32:00,CONSILIUM PL,PROGRESS AVE,,2,Non-Fatal Injury,At Intersection,Traffic Signal,Turning Movement,Clear,Daylight,Dry,Minor Arterial,FALSE,-79.25050001,43.77659429146865,1,Automobile or Station Wagon,East,1,54,None,Use Unknown,Improper turn,Inattentive,,,Turning Left,,,,,driver,,Scarborough-Guildwood (24),43 Division,Woburn North,FALSE,TRUE,FALSE,TRUE,FALSE,FALSE,FALSE,FALSE,FALSE,FALSE,"{""coordinates"": [[-79.25050001315293, 43.77659429146865]], ""type"": ""MultiPoint""}"
17686,2022:2000874402,2022-05-10T16:32:00,CONSILIUM PL,PROGRESS AVE,,2,Non-Fatal Injury,At Intersection,Traffic Signal,Turning Movement,Clear,Daylight,Dry,Minor Arterial,FALSE,-79.25050001,43.77659429146865,2,Motorcycle,West,2,57,Major,Use Unknown,Driving properly,Normal,,,Going Ahead,,,,,motorcyclist,,Scarborough-Guildwood (24),43 Division,Woburn North,FALSE,TRUE,FALSE,TRUE,FALSE,FALSE,FALSE,FALSE,FALSE,FALSE,"{""coordinates"": [[-79.25050001315293, 43.77659429146865]], ""type"": ""MultiPoint""}"
17687,2022:2000874869,2022-05-10T17:28:00,ELLESMERE RD,MIDLAND AVE,,2,Non-Fatal Injury,At Intersection,Traffic Signal,Pedestrian Collision(internal code),Clear,Daylight,Dry,Major Arterial,FALSE,-79.27107653,43.767851028985376,1,Automobile or Station Wagon,East,1,59,None,Use Unknown,Driving properly,Inattentive,,,Going Ahead,,,,,driver,,Scarborough Centre (21),41 Division,Bendale-Glen Andrew,FALSE,TRUE,FALSE,FALSE,FALSE,FALSE,TRUE,FALSE,TRUE,FALSE,"{""coordinates"": [[-79.27107653120643, 43.767851028985376]], ""type"": ""MultiPoint""}"
17688,2022:2000874869,2022-05-10T17:28:00,ELLESMERE RD,MIDLAND AVE,,2,Non-Fatal Injury,At Intersection,Traffic Signal,Pedestrian Collision(internal code),Clear,Daylight,Dry,Major Arterial,FALSE,-79.27107653,43.767851028985376,1,,South,2,11,Major,Use Unknown,,,Crossing without right-of-way (intersection),Inattentive,,Driver going straight hits pedestrian crossing without right-of-way (at intersection),,,,pedestrian,,Scarborough Centre (21),41 Division,Bendale-Glen Andrew,FALSE,TRUE,FALSE,FALSE,FALSE,FALSE,TRUE,FALSE,TRUE,FALSE,"{""coordinates"": [[-79.27107653120643, 43.767851028985376]], ""type"": ""MultiPoint""}"
17689,2022:2000881205,2022-05-11T14:55:00,NORTH QUEEN ST,NOVA RD,,1,Non-Fatal Injury,At Intersection,Traffic Signal,SMV Other,Clear,Daylight,Dry,Minor Arterial,FALSE,-79.55692015,43.61603412920841,1,Automobile or Station Wagon,East,1,80,Major,Lap and Shoulder Belt,Lost control,Unknown,,,Turning Left,,,,,driver,,Etobicoke-Lakeshore (3),22 Division,Etobicoke City Centre,FALSE,FALSE,FALSE,FALSE,FALSE,TRUE,FALSE,FALSE,FALSE,FALSE,"{""coordinates"": [[-79.55692014964853, 43.61603412920841]], ""type"": ""MultiPoint""}"
17690,2022:2000899254,2022-05-13T22:10:00,SALINAS CRT,ROSELAWN AVE,,1,Fatal Injury,Intersection-Related,No Control,SMV Other,Clear,Dark with Artificial Lighting,Dry,Local,FALSE,-79.44902493,43.70047989935308,,Motorcycle,East,1,37,Fatal,,Lost control,Had Been Drinking,,,Going Ahead,,,,,motorcyclist,18,Eglinton-Lawrence (8),13 Division,Briar Hill-Belgravia,FALSE,FALSE,FALSE,TRUE,FALSE,FALSE,FALSE,FALSE,FALSE,FALSE,"{""coordinates"": [[-79.44902492885902, 43.70047989935308]], ""type"": ""MultiPoint""}"
17691,2022:2000905786,2022-05-14T20:45:00,151 CHERRY ST,,12 m South of,2,Non-Fatal Injury,Non-Intersection,No Control,SMV Other,Clear,Dark with Artificial Lighting,Loose Sand or Gravel,Collector,FALSE,-79.34729448,43.639536165413595,1,Motorcycle,North,1,60,Minor,Equipment Not Used But Available,Lost control,Normal,,,Going Ahead,,,,,motorcyclist,,Toronto-Danforth (14),51 Division,South Riverdale,FALSE,FALSE,FALSE,TRUE,FALSE,TRUE,FALSE,FALSE,FALSE,FALSE,"{""coordinates"": [[-79.34729448414434, 43.639536165413595]], ""type"": ""MultiPoint""}"
17692,2022:2000905786,2022-05-14T20:45:00,151 CHERRY ST,,12 m South of,2,Non-Fatal Injury,Non-Intersection,No Control,SMV Other,Clear,Dark with Artificial Lighting,Loose Sand or Gravel,Collector,FALSE,-79.34729448,43.639536165413595,2,,,2,78,Major,Helmet,,,,,,,,,,motorcyclist,,Toronto-Danforth (14),51 Division,South Riverdale,FALSE,FALSE,FALSE,TRUE,FALSE,TRUE,FALSE,FALSE,FALSE,FALSE,"{""coordinates"": [[-79.34729448414434, 43.639536165413595]], ""type"": ""MultiPoint""}"
17693,2022:2000933204,2022-05-18T16:42:00,WILSON AVE,KEELE ST,,2,Non-Fatal Injury,At Intersection,Traffic Signal,Pedestrian Collision(internal code),Clear,Daylight,Dry,Major Arterial,FALSE,-79.4820297,43.726568647227424,1,,East,1,50,Major,Use Unknown,,,Crossing with right-of-way (intersection),Normal,Going Ahead,Driver turns left into pedestrian crossing with right-of-way (at intersection),,,,pedestrian,,York Centre (6),31 Division,Downsview,TRUE,FALSE,FALSE,FALSE,FALSE,TRUE,TRUE,FALSE,FALSE,FALSE,"{""coordinates"": [[-79.48202970285949, 43.726568647227424]], ""type"": ""MultiPoint""}"
17694,2022:2000933204,2022-05-18T16:42:00,WILSON AVE,KEELE ST,,2,Non-Fatal Injury,At Intersection,Traffic Signal,Pedestrian Collision(internal code),Clear,Daylight,Dry,Major Arterial,FALSE,-79.4820297,43.726568647227424,1,Automobile or Station Wagon,West,2,73,None,Use Unknown,Failed to yield right-of-way,Normal,,,Turning Left,,,,,driver,,York Centre (6),31 Division,Downsview,TRUE,FALSE,FALSE,FALSE,FALSE,TRUE,TRUE,FALSE,FALSE,FALSE,"{""coordinates"": [[-79.48202970285949, 43.726568647227424]], ""type"": ""MultiPoint""}"
17695,2022:2000945428,2022-05-20T10:45:00,ISLINGTON AVE,PRINCESS MARGARET BLVD,,2,Non-Fatal Injury,At Intersection,Traffic Signal,Angle,Clear,Daylight,Dry,Major Arterial,FALSE,-79.53708359,43.67557386707497,2,Off-Road Other,West,2,34,Major,Use Unknown,Driving properly,Normal,,,Other,,,,,driver,,Etobicoke Centre (2),22 Division,Edenbridge-Humber Valley,TRUE,TRUE,FALSE,FALSE,FALSE,FALSE,FALSE,TRUE,FALSE,FALSE,"{""coordinates"": [[-79.53708358698935, 43.67557386707497]], ""type"": ""MultiPoint""}"
17696,2022:2000945428,2022-05-20T10:45:00,ISLINGTON AVE,PRINCESS MARGARET BLVD,,2,Non-Fatal Injury,At Intersection,Traffic Signal,Angle,Clear,Daylight,Dry,Major Arterial,FALSE,-79.53708359,43.67557386707497,1,Pickup Truck,North,1,44,None,Lap and Shoulder Belt,Disobeyed traffic control,Inattentive,,,Going Ahead,,,,,driver,,Etobicoke Centre (2),22 Division,Edenbridge-Humber Valley,TRUE,TRUE,FALSE,FALSE,FALSE,FALSE,FALSE,TRUE,FALSE,FALSE,"{""coordinates"": [[-79.53708358698935, 43.67557386707497]], ""type"": ""MultiPoint""}"
17697,2022:2000962188,2022-05-22T14:43:00,DUFFERIN ST,CROATIA ST,,3,Non-Fatal Injury,At Intersection,Stop Sign,Pedestrian Collision(internal code),Clear,Daylight,Dry,Major Arterial,FALSE,-79.43474275,43.65827408,1,,West,3,66,Major,Use Unknown,,,Crossing without right-of-way (intersection),Inattentive,,Driver turns left into pedestrian crossing without right-of-way (at intersection),,,,pedestrian,,Davenport (9),14 Division,Dufferin Grove,TRUE,TRUE,FALSE,FALSE,FALSE,TRUE,TRUE,FALSE,FALSE,FALSE,"{""coordinates"": [[-79.4347427465522, 43.6582740837757]], ""type"": ""MultiPoint""}"
17698,2022:2000962188,2022-05-22T14:43:00,DUFFERIN ST,CROATIA ST,,3,Non-Fatal Injury,At Intersection,Stop Sign,Pedestrian Collision(internal code),Clear,Daylight,Dry,Major Arterial,FALSE,-79.43474275,43.65827408,0,,,2,42,None,Lap and Shoulder Belt,,,,,,,,,,passenger,,Davenport (9),14 Division,Dufferin Grove,TRUE,TRUE,FALSE,FALSE,FALSE,TRUE,TRUE,FALSE,FALSE,FALSE,"{""coordinates"": [[-79.4347427465522, 43.6582740837757]], ""type"": ""MultiPoint""}"