_id,collision_id,accdate,stname1,stname2,stname3,per_inv,acclass,accloc,traffictl,impactype,visible,light,rdsfcond,road_class,failtorem,longitude,latitude,veh_no,vehtype,initdir,per_no,invage,injury,safequip,drivact,drivcond,pedact,pedcond,manoeuvre,pedtype,cyclistype,cycact,cyccond,road_user,fatal_no,wardname,division,neighbourhood,aggressive,distracted,cyclist,motorcyclist,other_micromobility,older_adult,pedestrian,red_light,school_child,heavy_truck,geometry
18063,2022:2001905181,2022-09-30T17:31:00,CARLTON ST,JARVIS ST,,5,Non-Fatal Injury,At Intersection,Traffic Signal,Pedestrian Collision(internal code),Clear,Daylight,Dry,Major Arterial,FALSE,-79.37669057,43.66241294,1,,Unknown,4,36,Minimal,Use Unknown,,,On sidewalk or shoulder,Normal,,Driver hits pedestrian on sidewalk or shoulder,,,,pedestrian,,Toronto Centre (13),51 Division,Moss Park,TRUE,FALSE,FALSE,TRUE,FALSE,FALSE,TRUE,FALSE,FALSE,FALSE,"{""coordinates"": [[-79.37669056505051, 43.6624129444778]], ""type"": ""MultiPoint""}"
18064,2022:2001905181,2022-09-30T17:31:00,CARLTON ST,JARVIS ST,,5,Non-Fatal Injury,At Intersection,Traffic Signal,Pedestrian Collision(internal code),Clear,Daylight,Dry,Major Arterial,FALSE,-79.37669057,43.66241294,2,Motorcycle,East,2,59,Major,Helmet,Driving properly,Normal,,,Going Ahead,,,,,motorcyclist,,Toronto Centre (13),51 Division,Moss Park,TRUE,FALSE,FALSE,TRUE,FALSE,FALSE,TRUE,FALSE,FALSE,FALSE,"{""coordinates"": [[-79.37669056505051, 43.6624129444778]], ""type"": ""MultiPoint""}"
18065,2022:2001905181,2022-09-30T17:31:00,CARLTON ST,JARVIS ST,,5,Non-Fatal Injury,At Intersection,Traffic Signal,Pedestrian Collision(internal code),Clear,Daylight,Dry,Major Arterial,FALSE,-79.37669057,43.66241294,2,,Unknown,5,37,Minimal,Use Unknown,,,On sidewalk or shoulder,Normal,,Driver hits pedestrian on sidewalk or shoulder,,,,pedestrian,,Toronto Centre (13),51 Division,Moss Park,TRUE,FALSE,FALSE,TRUE,FALSE,FALSE,TRUE,FALSE,FALSE,FALSE,"{""coordinates"": [[-79.37669056505051, 43.6624129444778]], ""type"": ""MultiPoint""}"
18066,2022:2001909311,2022-10-01T09:56:00,DUFFERIN ST,PEEL AVE,23 m North of,2,Non-Fatal Injury,At Intersection,No Control,Cyclist Collision,Clear,Daylight,Dry,Minor Arterial,FALSE,-79.42919619,43.64378967492168,1,Bicycle,South,1,33,Major,Lap and Shoulder Belt,,,,,Turning Left,,Cyclist turns left into path of driver,Failed to Yield Right of Way,Inattentive,cyclist,,Davenport (9),11 Division,Little Portugal,FALSE,TRUE,TRUE,FALSE,FALSE,FALSE,FALSE,FALSE,FALSE,FALSE,"{""coordinates"": [[-79.42919618993193, 43.64378967492168]], ""type"": ""MultiPoint""}"
18067,2022:2001909311,2022-10-01T09:56:00,DUFFERIN ST,PEEL AVE,23 m North of,2,Non-Fatal Injury,At Intersection,No Control,Cyclist Collision,Clear,Daylight,Dry,Minor Arterial,FALSE,-79.42919619,43.64378967492168,2,Automobile or Station Wagon,North,2,42,None,Use Unknown,Driving properly,Normal,,,Going Ahead,,,,,driver,,Davenport (9),11 Division,Little Portugal,FALSE,TRUE,TRUE,FALSE,FALSE,FALSE,FALSE,FALSE,FALSE,FALSE,"{""coordinates"": [[-79.42919618993193, 43.64378967492168]], ""type"": ""MultiPoint""}"
18068,2022:2001915767,2022-10-02T08:10:00,EVANS AVE,ISLINGTON AVE,,2,Non-Fatal Injury,At Intersection,Traffic Signal,Cyclist Collision,Clear,Daylight,Dry,Major Arterial,FALSE,-79.51125816,43.61831144456832,2,Bicycle,South,2,35,Major,Helmet,,,,,Going Ahead,,Driver turns right on red at signalized intersection and hits cyclist,Other,Normal,cyclist,,Etobicoke-Lakeshore (3),22 Division,Mimico-Queensway,FALSE,FALSE,TRUE,FALSE,FALSE,FALSE,FALSE,FALSE,FALSE,FALSE,"{""coordinates"": [[-79.51125815894632, 43.61831144456832]], ""type"": ""MultiPoint""}"
18069,2022:2001915767,2022-10-02T08:10:00,EVANS AVE,ISLINGTON AVE,,2,Non-Fatal Injury,At Intersection,Traffic Signal,Cyclist Collision,Clear,Daylight,Dry,Major Arterial,FALSE,-79.51125816,43.61831144456832,1,Automobile or Station Wagon,West,1,64,None,Lap and Shoulder Belt,Improper turn,Normal,,,Turning Right,,,,,driver,,Etobicoke-Lakeshore (3),22 Division,Mimico-Queensway,FALSE,FALSE,TRUE,FALSE,FALSE,FALSE,FALSE,FALSE,FALSE,FALSE,"{""coordinates"": [[-79.51125815894632, 43.61831144456832]], ""type"": ""MultiPoint""}"
18070,2022:2001916054,2022-10-02T09:34:00,DUNDAS ST W,BROCK AVE,3 m North of,2,Non-Fatal Injury,At Intersection,Traffic Signal,Pedestrian Collision(internal code),Clear,Daylight,Dry,Minor Arterial,FALSE,-79.43555911,43.64981690397559,1,Automobile or Station Wagon,South,1,59,None,Lap and Shoulder Belt,Failed to yield right-of-way,Inattentive,,,Turning Left,,,,,driver,,Davenport (9),11 Division,Little Portugal,TRUE,TRUE,FALSE,FALSE,FALSE,TRUE,TRUE,FALSE,FALSE,FALSE,"{""coordinates"": [[-79.43555910743355, 43.64981690397559]], ""type"": ""MultiPoint""}"
18071,2022:2001916054,2022-10-02T09:34:00,DUNDAS ST W,BROCK AVE,3 m North of,2,Non-Fatal Injury,At Intersection,Traffic Signal,Pedestrian Collision(internal code),Clear,Daylight,Dry,Minor Arterial,FALSE,-79.43555911,43.64981690397559,1,,North,2,86,Major,No Equipment Available,,,Crossing with right-of-way (intersection),Normal,,Driver turns left into pedestrian crossing with right-of-way (at intersection),,,,pedestrian,,Davenport (9),11 Division,Little Portugal,TRUE,TRUE,FALSE,FALSE,FALSE,TRUE,TRUE,FALSE,FALSE,FALSE,"{""coordinates"": [[-79.43555910743355, 43.64981690397559]], ""type"": ""MultiPoint""}"
18072,2022:2001921551,2022-10-03T06:22:00,BLOOR ST W,BATHURST ST,,2,Non-Fatal Injury,At Intersection,Traffic Signal,Turning Movement,Clear,Dark with Artificial Lighting,Dry,Major Arterial,FALSE,-79.41117549,43.66504132025066,1,Automobile or Station Wagon,East,1,32,None,Lap and Shoulder Belt,Failed to yield right-of-way,Inattentive,,,Turning Left,,,,,driver,,University-Rosedale (11),14 Division,University,TRUE,TRUE,FALSE,TRUE,FALSE,FALSE,FALSE,FALSE,FALSE,FALSE,"{""coordinates"": [[-79.41117549043969, 43.66504132025066]], ""type"": ""MultiPoint""}"
18073,2022:2001921551,2022-10-03T06:22:00,BLOOR ST W,BATHURST ST,,2,Non-Fatal Injury,At Intersection,Traffic Signal,Turning Movement,Clear,Dark with Artificial Lighting,Dry,Major Arterial,FALSE,-79.41117549,43.66504132025066,2,Motorcycle,West,2,29,Major,Helmet,Driving properly,Normal,,,Going Ahead,,,,,motorcyclist,,University-Rosedale (11),14 Division,University,TRUE,TRUE,FALSE,TRUE,FALSE,FALSE,FALSE,FALSE,FALSE,FALSE,"{""coordinates"": [[-79.41117549043969, 43.66504132025066]], ""type"": ""MultiPoint""}"
18074,2022:2001933263,2022-10-04T17:52:00,FINCH AVE E,MARKHAM RD,,5,Non-Fatal Injury,At Intersection,Traffic Signal,Turning Movement,Clear,Dark with Artificial Lighting,Dry,Major Arterial,FALSE,-79.24303843,43.812898763901515,2,Automobile or Station Wagon,North,2,39,Minor,Lap and Shoulder Belt,Driving properly,Normal,,,Turning Left,,,,,driver,,Scarborough North (23),42 Division,Malvern West,TRUE,FALSE,FALSE,FALSE,FALSE,FALSE,FALSE,TRUE,FALSE,FALSE,"{""coordinates"": [[-79.2430384262501, 43.812898763901515]], ""type"": ""MultiPoint""}"
18075,2022:2001933263,2022-10-04T17:52:00,FINCH AVE E,MARKHAM RD,,5,Non-Fatal Injury,At Intersection,Traffic Signal,Turning Movement,Clear,Dark with Artificial Lighting,Dry,Major Arterial,FALSE,-79.24303843,43.812898763901515,1,Automobile or Station Wagon,East,1,24,Minor,Lap and Shoulder Belt,Disobeyed traffic control,Unknown,,,Going Ahead,,,,,driver,,Scarborough North (23),42 Division,Malvern West,TRUE,FALSE,FALSE,FALSE,FALSE,FALSE,FALSE,TRUE,FALSE,FALSE,"{""coordinates"": [[-79.2430384262501, 43.812898763901515]], ""type"": ""MultiPoint""}"
18076,2022:2001933263,2022-10-04T17:52:00,FINCH AVE E,MARKHAM RD,,5,Non-Fatal Injury,At Intersection,Traffic Signal,Turning Movement,Clear,Dark with Artificial Lighting,Dry,Major Arterial,FALSE,-79.24303843,43.812898763901515,2,,,5,0,Minor,Child Safety Seat Used Correctly,,,,,,,,,,passenger,,Scarborough North (23),42 Division,Malvern West,TRUE,FALSE,FALSE,FALSE,FALSE,FALSE,FALSE,TRUE,FALSE,FALSE,"{""coordinates"": [[-79.2430384262501, 43.812898763901515]], ""type"": ""MultiPoint""}"
18077,2022:2001933263,2022-10-04T17:52:00,FINCH AVE E,MARKHAM RD,,5,Non-Fatal Injury,At Intersection,Traffic Signal,Turning Movement,Clear,Dark with Artificial Lighting,Dry,Major Arterial,FALSE,-79.24303843,43.812898763901515,2,,,4,37,Major,Lap and Shoulder Belt,,,,,,,,,,passenger,,Scarborough North (23),42 Division,Malvern West,TRUE,FALSE,FALSE,FALSE,FALSE,FALSE,FALSE,TRUE,FALSE,FALSE,"{""coordinates"": [[-79.2430384262501, 43.812898763901515]], ""type"": ""MultiPoint""}"
18078,2022:2001933263,2022-10-04T17:52:00,FINCH AVE E,MARKHAM RD,,5,Non-Fatal Injury,At Intersection,Traffic Signal,Turning Movement,Clear,Dark with Artificial Lighting,Dry,Major Arterial,FALSE,-79.24303843,43.812898763901515,3,Automobile or Station Wagon,South,3,30,None,Use Unknown,Driving properly,Normal,,,Turning Left,,,,,driver,,Scarborough North (23),42 Division,Malvern West,TRUE,FALSE,FALSE,FALSE,FALSE,FALSE,FALSE,TRUE,FALSE,FALSE,"{""coordinates"": [[-79.2430384262501, 43.812898763901515]], ""type"": ""MultiPoint""}"
18079,2022:2001934242,2022-10-04T20:43:00,2868 WESTON ROAD,,60 m South of BRADMORE AVE,3,Non-Fatal Injury,Non-Intersection,No Control,Rear End,Clear,Dark with Artificial Lighting,Dry,Major Arterial,FALSE,-79.53709876,43.72231151289382,2,Automobile or Station Wagon,South,2,47,Major,Lap and Shoulder Belt,Driving properly,Normal,,,Slowing or Stopping,,,,,driver,,Humber River-Black Creek (7),31 Division,Pelmo Park-Humberlea,TRUE,FALSE,FALSE,FALSE,FALSE,FALSE,FALSE,FALSE,FALSE,TRUE,"{""coordinates"": [[-79.5370987589044, 43.72231151289382]], ""type"": ""MultiPoint""}"
18080,2022:2001934242,2022-10-04T20:43:00,2868 WESTON ROAD,,60 m South of BRADMORE AVE,3,Non-Fatal Injury,Non-Intersection,No Control,Rear End,Clear,Dark with Artificial Lighting,Dry,Major Arterial,FALSE,-79.53709876,43.72231151289382,3,Automobile or Station Wagon,South,3,60,None,Lap and Shoulder Belt,Driving properly,Normal,,,Slowing or Stopping,,,,,driver,,Humber River-Black Creek (7),31 Division,Pelmo Park-Humberlea,TRUE,FALSE,FALSE,FALSE,FALSE,FALSE,FALSE,FALSE,FALSE,TRUE,"{""coordinates"": [[-79.5370987589044, 43.72231151289382]], ""type"": ""MultiPoint""}"
18081,2022:2001934242,2022-10-04T20:43:00,2868 WESTON ROAD,,60 m South of BRADMORE AVE,3,Non-Fatal Injury,Non-Intersection,No Control,Rear End,Clear,Dark with Artificial Lighting,Dry,Major Arterial,FALSE,-79.53709876,43.72231151289382,1,Truck - Open (Flatbed),South,1,28,None,Lap and Shoulder Belt,Following too closely,Normal,,,Going Ahead,,,,,driver,,Humber River-Black Creek (7),31 Division,Pelmo Park-Humberlea,TRUE,FALSE,FALSE,FALSE,FALSE,FALSE,FALSE,FALSE,FALSE,TRUE,"{""coordinates"": [[-79.5370987589044, 43.72231151289382]], ""type"": ""MultiPoint""}"
18082,2022:2001941837,2022-10-05T21:12:00,F G GARDINER XY W,GRAND AVE,345 m East of,3,Non-Fatal Injury,Non-Intersection,No Control,SMV Other,Clear,Dark with Artificial Lighting,Dry,Expressway,FALSE,-79.48930071,43.62565851728438,1,,,3,22,Major,Use Unknown,,,,,,,,,,passenger,,Etobicoke-Lakeshore (3),22 Division,Humber Bay Shores,FALSE,FALSE,FALSE,FALSE,FALSE,TRUE,FALSE,FALSE,FALSE,FALSE,"{""coordinates"": [[-79.48930071146042, 43.62565851728438]], ""type"": ""MultiPoint""}"
18083,2022:2001941837,2022-10-05T21:12:00,F G GARDINER XY W,GRAND AVE,345 m East of,3,Non-Fatal Injury,Non-Intersection,No Control,SMV Other,Clear,Dark with Artificial Lighting,Dry,Expressway,FALSE,-79.48930071,43.62565851728438,1,Automobile or Station Wagon,West,1,21,Major,Use Unknown,Lost control,Unknown,,,Changing Lanes,,,,,driver,,Etobicoke-Lakeshore (3),22 Division,Humber Bay Shores,FALSE,FALSE,FALSE,FALSE,FALSE,TRUE,FALSE,FALSE,FALSE,FALSE,"{""coordinates"": [[-79.48930071146042, 43.62565851728438]], ""type"": ""MultiPoint""}"
18084,2022:2001941837,2022-10-05T21:12:00,F G GARDINER XY W,GRAND AVE,345 m East of,3,Non-Fatal Injury,Non-Intersection,No Control,SMV Other,Clear,Dark with Artificial Lighting,Dry,Expressway,FALSE,-79.48930071,43.62565851728438,2,Pickup Truck,West,2,66,None,Use Unknown,Driving properly,Normal,,,Going Ahead,,,,,driver,,Etobicoke-Lakeshore (3),22 Division,Humber Bay Shores,FALSE,FALSE,FALSE,FALSE,FALSE,TRUE,FALSE,FALSE,FALSE,FALSE,"{""coordinates"": [[-79.48930071146042, 43.62565851728438]], ""type"": ""MultiPoint""}"
18085,2022:2001952231,2022-10-07T11:03:00,450 WINONA DR,,1 m East of,3,Non-Fatal Injury,Non-Intersection,No Control,Cyclist Collision,Clear,Daylight,Dry,Local,FALSE,-79.43563534,43.68933333950617,2,Automobile or Station Wagon,South,2,50,None,Lap and Shoulder Belt,Driving properly,Normal,,,Going Ahead,,,,,driver,,Toronto-St. Paul's (12),13 Division,Oakwood Village,FALSE,TRUE,TRUE,FALSE,FALSE,FALSE,FALSE,FALSE,FALSE,FALSE,"{""coordinates"": [[-79.43563533567912, 43.68933333950617]], ""type"": ""MultiPoint""}"
18086,2022:2001952231,2022-10-07T11:03:00,450 WINONA DR,,1 m East of,3,Non-Fatal Injury,Non-Intersection,No Control,Cyclist Collision,Clear,Daylight,Dry,Local,FALSE,-79.43563534,43.68933333950617,2,,South,3,51,None,Lap and Shoulder Belt,,,,,,,,,,passenger,,Toronto-St. Paul's (12),13 Division,Oakwood Village,FALSE,TRUE,TRUE,FALSE,FALSE,FALSE,FALSE,FALSE,FALSE,FALSE,"{""coordinates"": [[-79.43563533567912, 43.68933333950617]], ""type"": ""MultiPoint""}"
18087,2022:2001952231,2022-10-07T11:03:00,450 WINONA DR,,1 m East of,3,Non-Fatal Injury,Non-Intersection,No Control,Cyclist Collision,Clear,Daylight,Dry,Local,FALSE,-79.43563534,43.68933333950617,1,Bicycle,North,1,27,Major,Helmet,,,,,Going Ahead,,Cyclist rides off sidewalk into road at midblock,Lost control,Inattentive,cyclist,,Toronto-St. Paul's (12),13 Division,Oakwood Village,FALSE,TRUE,TRUE,FALSE,FALSE,FALSE,FALSE,FALSE,FALSE,FALSE,"{""coordinates"": [[-79.43563533567912, 43.68933333950617]], ""type"": ""MultiPoint""}"
18088,2022:2001965274,2022-10-09T10:21:00,BATHURST ST,DEWLANE DR,25 m North of,3,Non-Fatal Injury,Non-Intersection,No Control,Pedestrian Collision(internal code),Clear,Daylight,Dry,Major Arterial,FALSE,-79.44605696,43.78591764579156,1,,,2,74,Minimal,Use Unknown,,,,,,,,,,passenger,,York Centre (6),32 Division,Westminster-Branson,FALSE,FALSE,FALSE,FALSE,FALSE,TRUE,TRUE,FALSE,FALSE,TRUE,"{""coordinates"": [[-79.44605696301312, 43.78591764579156]], ""type"": ""MultiPoint""}"
18089,2022:2001965274,2022-10-09T10:21:00,BATHURST ST,DEWLANE DR,25 m North of,3,Non-Fatal Injury,Non-Intersection,No Control,Pedestrian Collision(internal code),Clear,Daylight,Dry,Major Arterial,FALSE,-79.44605696,43.78591764579156,1,Municipal Transit Bus (TTC),South,1,34,None,Use Unknown,Driving properly,Normal,,,Going Ahead,,,,,driver,,York Centre (6),32 Division,Westminster-Branson,FALSE,FALSE,FALSE,FALSE,FALSE,TRUE,TRUE,FALSE,FALSE,TRUE,"{""coordinates"": [[-79.44605696301312, 43.78591764579156]], ""type"": ""MultiPoint""}"
18090,2022:2001965274,2022-10-09T10:21:00,BATHURST ST,DEWLANE DR,25 m North of,3,Non-Fatal Injury,Non-Intersection,No Control,Pedestrian Collision(internal code),Clear,Daylight,Dry,Major Arterial,FALSE,-79.44605696,43.78591764579156,1,,East,3,20,Major,Use Unknown,,,Other,Other Condition,,Transit vehicle driver hits pedestrian anywhere along roadway,,,,pedestrian,,York Centre (6),32 Division,Westminster-Branson,FALSE,FALSE,FALSE,FALSE,FALSE,TRUE,TRUE,FALSE,FALSE,TRUE,"{""coordinates"": [[-79.44605696301312, 43.78591764579156]], ""type"": ""MultiPoint""}"
18091,2022:2001988783,2022-10-12T19:50:00,207 BELLAMY RD N,,74 m North of NELSON ST,1,Non-Fatal Injury,Non-Intersection,No Control,SMV Other,Clear,Dark with Artificial Lighting,Dry,Minor Arterial,FALSE,-79.23131208,43.747030363254865,1,Automobile or Station Wagon,South,1,45,Major,Lap and Shoulder Belt,Lost control,Medical or Physical Disability,,,Going Ahead,,,,,driver,,Scarborough Centre (21),43 Division,Eglinton East,FALSE,FALSE,FALSE,FALSE,FALSE,FALSE,FALSE,FALSE,FALSE,FALSE,"{""coordinates"": [[-79.23131208334121, 43.747030363254865]], ""type"": ""MultiPoint""}"
18092,2022:2001996096,2022-10-13T19:40:00,MIDDLEFIELD RD,MCCOWAN RD,16 m North of,5,Non-Fatal Injury,Non-Intersection,No Control,Turning Movement,Clear,Dark,Dry,Major Arterial,FALSE,-79.26197462,43.79870048,2,Automobile or Station Wagon,West,5,21,Major,Lap and Shoulder Belt,Driving properly,Normal,,,Going Ahead,,,,,driver,,Scarborough North (23),42 Division,Agincourt North,FALSE,FALSE,FALSE,FALSE,FALSE,FALSE,FALSE,FALSE,TRUE,FALSE,"{""coordinates"": [[-79.26197462308691, 43.7987004789991]], ""type"": ""MultiPoint""}"
18093,2022:2001996096,2022-10-13T19:40:00,MIDDLEFIELD RD,MCCOWAN RD,16 m North of,5,Non-Fatal Injury,Non-Intersection,No Control,Turning Movement,Clear,Dark,Dry,Major Arterial,FALSE,-79.26197462,43.79870048,1,,,1,13,None,Lap and Shoulder Belt,,,,,,,,,,passenger,,Scarborough North (23),42 Division,Agincourt North,FALSE,FALSE,FALSE,FALSE,FALSE,FALSE,FALSE,FALSE,TRUE,FALSE,"{""coordinates"": [[-79.26197462308691, 43.7987004789991]], ""type"": ""MultiPoint""}"
18094,2022:2001996096,2022-10-13T19:40:00,MIDDLEFIELD RD,MCCOWAN RD,16 m North of,5,Non-Fatal Injury,Non-Intersection,No Control,Turning Movement,Clear,Dark,Dry,Major Arterial,FALSE,-79.26197462,43.79870048,1,,,2,8,None,Lap and Shoulder Belt,,,,,,,,,,passenger,,Scarborough North (23),42 Division,Agincourt North,FALSE,FALSE,FALSE,FALSE,FALSE,FALSE,FALSE,FALSE,TRUE,FALSE,"{""coordinates"": [[-79.26197462308691, 43.7987004789991]], ""type"": ""MultiPoint""}"
18095,2022:2001996096,2022-10-13T19:40:00,MIDDLEFIELD RD,MCCOWAN RD,16 m North of,5,Non-Fatal Injury,Non-Intersection,No Control,Turning Movement,Clear,Dark,Dry,Major Arterial,FALSE,-79.26197462,43.79870048,1,Automobile or Station Wagon,East,4,18,None,Lap and Shoulder Belt,Improper turn,Normal,,,Turning Left,,,,,driver,,Scarborough North (23),42 Division,Agincourt North,FALSE,FALSE,FALSE,FALSE,FALSE,FALSE,FALSE,FALSE,TRUE,FALSE,"{""coordinates"": [[-79.26197462308691, 43.7987004789991]], ""type"": ""MultiPoint""}"
18096,2022:2001996096,2022-10-13T19:40:00,MIDDLEFIELD RD,MCCOWAN RD,16 m North of,5,Non-Fatal Injury,Non-Intersection,No Control,Turning Movement,Clear,Dark,Dry,Major Arterial,FALSE,-79.26197462,43.79870048,1,,,3,6,None,Lap and Shoulder Belt,,,,,,,,,,passenger,,Scarborough North (23),42 Division,Agincourt North,FALSE,FALSE,FALSE,FALSE,FALSE,FALSE,FALSE,FALSE,TRUE,FALSE,"{""coordinates"": [[-79.26197462308691, 43.7987004789991]], ""type"": ""MultiPoint""}"
18097,2022:2002003837,2022-10-14T21:18:00,REXDALE BLVD,QUEENS PLATE DR,,2,Non-Fatal Injury,At Intersection,Traffic Signal,Pedestrian Collision(internal code),Clear,Dark with Artificial Lighting,Dry,Major Arterial,FALSE,-79.5925798,43.71652468,1,Automobile or Station Wagon,East,1,51,None,Lap and Shoulder Belt,Driving properly,Normal,,,Going Ahead,,,,,driver,,Etobicoke North (1),23 Division,West Humber-Clairville,FALSE,FALSE,FALSE,FALSE,FALSE,FALSE,TRUE,FALSE,FALSE,FALSE,"{""coordinates"": [[-79.59257979705535, 43.7165246837262]], ""type"": ""MultiPoint""}"
18098,2022:2002003837,2022-10-14T21:18:00,REXDALE BLVD,QUEENS PLATE DR,,2,Non-Fatal Injury,At Intersection,Traffic Signal,Pedestrian Collision(internal code),Clear,Dark with Artificial Lighting,Dry,Major Arterial,FALSE,-79.5925798,43.71652468,1,,South,2,58,Major,Use Unknown,,,Crossing without right-of-way (intersection),Had Been Drinking,,Driver going straight hits pedestrian crossing without right-of-way (at intersection),,,,pedestrian,,Etobicoke North (1),23 Division,West Humber-Clairville,FALSE,FALSE,FALSE,FALSE,FALSE,FALSE,TRUE,FALSE,FALSE,FALSE,"{""coordinates"": [[-79.59257979705535, 43.7165246837262]], ""type"": ""MultiPoint""}"
18099,2022:2002008738,2022-10-15T16:49:00,MARTIN GROVE RD,BELFIELD RD,,3,Non-Fatal Injury,At Intersection,Traffic Signal,Turning Movement,Clear,Daylight,Dry,Major Arterial,FALSE,-79.57561203,43.70194489988947,2,Automobile or Station Wagon,South,2,22,Major,Lap and Shoulder Belt,Driving properly,Normal,,,Going Ahead,,,,,driver,,Etobicoke North (1),23 Division,West Humber-Clairville,FALSE,FALSE,FALSE,FALSE,FALSE,FALSE,FALSE,FALSE,FALSE,FALSE,"{""coordinates"": [[-79.57561202951453, 43.70194489988947]], ""type"": ""MultiPoint""}"
18100,2022:2002008738,2022-10-15T16:49:00,MARTIN GROVE RD,BELFIELD RD,,3,Non-Fatal Injury,At Intersection,Traffic Signal,Turning Movement,Clear,Daylight,Dry,Major Arterial,FALSE,-79.57561203,43.70194489988947,1,,,3,30,None,Lap and Shoulder Belt,,,,,,,,,,passenger,,Etobicoke North (1),23 Division,West Humber-Clairville,FALSE,FALSE,FALSE,FALSE,FALSE,FALSE,FALSE,FALSE,FALSE,FALSE,"{""coordinates"": [[-79.57561202951453, 43.70194489988947]], ""type"": ""MultiPoint""}"
18101,2022:2002008738,2022-10-15T16:49:00,MARTIN GROVE RD,BELFIELD RD,,3,Non-Fatal Injury,At Intersection,Traffic Signal,Turning Movement,Clear,Daylight,Dry,Major Arterial,FALSE,-79.57561203,43.70194489988947,1,Automobile or Station Wagon,North,1,30,Minor,Lap and Shoulder Belt,Improper turn,Normal,,,Turning Left,,,,,driver,,Etobicoke North (1),23 Division,West Humber-Clairville,FALSE,FALSE,FALSE,FALSE,FALSE,FALSE,FALSE,FALSE,FALSE,FALSE,"{""coordinates"": [[-79.57561202951453, 43.70194489988947]], ""type"": ""MultiPoint""}"
18102,2022:2002015530,2022-10-16T17:52:00,EVANS AVE,DELTA ST,,4,Non-Fatal Injury,At Intersection,Stop Sign,Turning Movement,Clear,Daylight,Dry,Major Arterial,FALSE,-79.53983792,43.612650472955835,2,Motorcycle,East,2,40,Major,Helmet,Driving properly,Normal,,,Going Ahead,,,,,motorcyclist,,Etobicoke-Lakeshore (3),22 Division,Alderwood,TRUE,FALSE,FALSE,TRUE,FALSE,FALSE,FALSE,FALSE,FALSE,FALSE,"{""coordinates"": [[-79.53983791902499, 43.612650472955835]], ""type"": ""MultiPoint""}"
18103,2022:2002015530,2022-10-16T17:52:00,EVANS AVE,DELTA ST,,4,Non-Fatal Injury,At Intersection,Stop Sign,Turning Movement,Clear,Daylight,Dry,Major Arterial,FALSE,-79.53983792,43.612650472955835,3,Automobile or Station Wagon,West,3,37,None,Lap and Shoulder Belt,Driving properly,Normal,,,Going Ahead,,,,,driver,,Etobicoke-Lakeshore (3),22 Division,Alderwood,TRUE,FALSE,FALSE,TRUE,FALSE,FALSE,FALSE,FALSE,FALSE,FALSE,"{""coordinates"": [[-79.53983791902499, 43.612650472955835]], ""type"": ""MultiPoint""}"
18104,2022:2002015530,2022-10-16T17:52:00,EVANS AVE,DELTA ST,,4,Non-Fatal Injury,At Intersection,Stop Sign,Turning Movement,Clear,Daylight,Dry,Major Arterial,FALSE,-79.53983792,43.612650472955835,1,,,4,30,None,Lap and Shoulder Belt,,,,,,,,,,passenger,,Etobicoke-Lakeshore (3),22 Division,Alderwood,TRUE,FALSE,FALSE,TRUE,FALSE,FALSE,FALSE,FALSE,FALSE,FALSE,"{""coordinates"": [[-79.53983791902499, 43.612650472955835]], ""type"": ""MultiPoint""}"
18105,2022:2002015530,2022-10-16T17:52:00,EVANS AVE,DELTA ST,,4,Non-Fatal Injury,At Intersection,Stop Sign,Turning Movement,Clear,Daylight,Dry,Major Arterial,FALSE,-79.53983792,43.612650472955835,1,Automobile or Station Wagon,North,1,29,None,Lap and Shoulder Belt,Disobeyed traffic control,Normal,,,Turning Left,,,,,driver,,Etobicoke-Lakeshore (3),22 Division,Alderwood,TRUE,FALSE,FALSE,TRUE,FALSE,FALSE,FALSE,FALSE,FALSE,FALSE,"{""coordinates"": [[-79.53983791902499, 43.612650472955835]], ""type"": ""MultiPoint""}"
18106,2022:2002017234,2022-10-17T00:12:00,MARLEE AVE,GLENGROVE AVE,8 m East of,4,Non-Fatal Injury,At Intersection,Stop Sign,Angle,Clear,Dark,Dry,Minor Arterial,TRUE,-79.44448541,43.710726166323575,3,,,4,38,Major,Lap and Shoulder Belt,,,,,,,,,,passenger,,Eglinton-Lawrence (8),13 Division,Yorkdale-Glen Park,FALSE,FALSE,FALSE,FALSE,FALSE,FALSE,FALSE,FALSE,FALSE,FALSE,"{""coordinates"": [[-79.44448541346446, 43.710726166323575]], ""type"": ""MultiPoint""}"
18107,2022:2002017234,2022-10-17T00:12:00,MARLEE AVE,GLENGROVE AVE,8 m East of,4,Non-Fatal Injury,At Intersection,Stop Sign,Angle,Clear,Dark,Dry,Minor Arterial,TRUE,-79.44448541,43.710726166323575,3,Automobile or Station Wagon,South,3,,None,Use Unknown,Driving properly,Normal,,,Going Ahead,,,,,driver,,Eglinton-Lawrence (8),13 Division,Yorkdale-Glen Park,FALSE,FALSE,FALSE,FALSE,FALSE,FALSE,FALSE,FALSE,FALSE,FALSE,"{""coordinates"": [[-79.44448541346446, 43.710726166323575]], ""type"": ""MultiPoint""}"
18108,2022:2002017234,2022-10-17T00:12:00,MARLEE AVE,GLENGROVE AVE,8 m East of,4,Non-Fatal Injury,At Intersection,Stop Sign,Angle,Clear,Dark,Dry,Minor Arterial,TRUE,-79.44448541,43.710726166323575,2,Automobile or Station Wagon,North,2,54,None,Lap and Shoulder Belt,Driving properly,Unknown,,,Going Ahead,,,,,driver,,Eglinton-Lawrence (8),13 Division,Yorkdale-Glen Park,FALSE,FALSE,FALSE,FALSE,FALSE,FALSE,FALSE,FALSE,FALSE,FALSE,"{""coordinates"": [[-79.44448541346446, 43.710726166323575]], ""type"": ""MultiPoint""}"