_id,collision_id,accdate,stname1,stname2,stname3,per_inv,acclass,accloc,traffictl,impactype,visible,light,rdsfcond,road_class,failtorem,longitude,latitude,veh_no,vehtype,initdir,per_no,invage,injury,safequip,drivact,drivcond,pedact,pedcond,manoeuvre,pedtype,cyclistype,cycact,cyccond,road_user,fatal_no,wardname,division,neighbourhood,aggressive,distracted,cyclist,motorcyclist,other_micromobility,older_adult,pedestrian,red_light,school_child,heavy_truck,geometry
18153,2022:2002210376,2022-11-12T20:30:00,SHOREHAM DR,IAN MACDONALD BLVD,,2,Non-Fatal Injury,Intersection-Related,Traffic Signal,Pedestrian Collision(internal code),Clear,Dark with Artificial Lighting,Dry,Minor Arterial,TRUE,-79.51137233,43.772436585493956,1,,Unknown,2,19,Major,No Equipment Available,,,Crossing with right-of-way (intersection),Normal,,Unknown,,,,pedestrian,,Humber River-Black Creek (7),31 Division,York University Heights,FALSE,FALSE,FALSE,FALSE,FALSE,FALSE,TRUE,FALSE,TRUE,FALSE,"{""coordinates"": [[-79.51137232814527, 43.772436585493956]], ""type"": ""MultiPoint""}"
18154,2022:2002210376,2022-11-12T20:30:00,SHOREHAM DR,IAN MACDONALD BLVD,,2,Non-Fatal Injury,Intersection-Related,Traffic Signal,Pedestrian Collision(internal code),Clear,Dark with Artificial Lighting,Dry,Minor Arterial,TRUE,-79.51137233,43.772436585493956,1,,Unknown,1,,None,Use Unknown,Other,Unknown,,,Unknown,,,,,driver,,Humber River-Black Creek (7),31 Division,York University Heights,FALSE,FALSE,FALSE,FALSE,FALSE,FALSE,TRUE,FALSE,TRUE,FALSE,"{""coordinates"": [[-79.51137232814527, 43.772436585493956]], ""type"": ""MultiPoint""}"
18155,2022:2002215490,2022-11-13T16:57:00,ROYAL YORK RD,LELAND AVE,180 m South of,1,Non-Fatal Injury,Non-Intersection,No Control,SMV Other,Clear,Daylight,Dry,Minor Arterial,FALSE,-79.50848102,43.63887264901846,1,Delivery Van,South,1,66,Major,Use Unknown,Lost control,Unknown,,,Going Ahead,,,,,driver,,Etobicoke-Lakeshore (3),22 Division,Stonegate-Queensway,FALSE,FALSE,FALSE,FALSE,FALSE,TRUE,FALSE,FALSE,FALSE,TRUE,"{""coordinates"": [[-79.50848101774686, 43.63887264901846]], ""type"": ""MultiPoint""}"
18156,2022:2002216061,2022-11-13T18:38:00,PEARSON AV,SORAUREN AV,,2,Non-Fatal Injury,At Intersection,Stop Sign,Cyclist Collision,Clear,Dusk with Artificial Lighting,Dry,Collector,TRUE,-79.44216619,43.64296572003187,1,Automobile or Station Wagon,East,1,67,None,Lap and Shoulder Belt,Failed to yield right-of-way,Inattentive,,,Going Ahead,,,,,driver,,Parkdale-High Park (4),11 Division,Roncesvalles,TRUE,TRUE,TRUE,FALSE,FALSE,TRUE,FALSE,FALSE,FALSE,FALSE,"{""coordinates"": [[-79.44216618760679, 43.64296572003187]], ""type"": ""MultiPoint""}"
18157,2022:2002216061,2022-11-13T18:38:00,PEARSON AV,SORAUREN AV,,2,Non-Fatal Injury,At Intersection,Stop Sign,Cyclist Collision,Clear,Dusk with Artificial Lighting,Dry,Collector,TRUE,-79.44216619,43.64296572003187,2,Bicycle,South,2,27,Major,No Equipment Available,,,,,Going Ahead,,"Driver without right-of-way drives into path of cyclist (at intersection, laneway, or driveway)",Driving Properly,Normal,cyclist,,Parkdale-High Park (4),11 Division,Roncesvalles,TRUE,TRUE,TRUE,FALSE,FALSE,TRUE,FALSE,FALSE,FALSE,FALSE,"{""coordinates"": [[-79.44216618760679, 43.64296572003187]], ""type"": ""MultiPoint""}"
18158,2022:2002229389,2022-11-15T16:56:00,MARTIN GROVE RD,ALBION RD,60 m North of,2,Non-Fatal Injury,Non-Intersection,No Control,Pedestrian Collision(internal code),Clear,Dusk with Artificial Lighting,Wet,Minor Arterial,FALSE,-79.5946702,43.74289948706737,1,,West,2,33,Major,No Equipment Available,,,Crossing - no traffic control,Inattentive,,Driver hits pedestrian at midblock,,,,pedestrian,,Etobicoke North (1),23 Division,Mount Olive-Silverstone-Jamestown,FALSE,TRUE,FALSE,FALSE,FALSE,TRUE,TRUE,FALSE,FALSE,FALSE,"{""coordinates"": [[-79.59467020401684, 43.74289948706737]], ""type"": ""MultiPoint""}"
18159,2022:2002229389,2022-11-15T16:56:00,MARTIN GROVE RD,ALBION RD,60 m North of,2,Non-Fatal Injury,Non-Intersection,No Control,Pedestrian Collision(internal code),Clear,Dusk with Artificial Lighting,Wet,Minor Arterial,FALSE,-79.5946702,43.74289948706737,1,Automobile or Station Wagon,South,1,83,None,Use Unknown,Driving properly,Normal,,,Going Ahead,,,,,driver,,Etobicoke North (1),23 Division,Mount Olive-Silverstone-Jamestown,FALSE,TRUE,FALSE,FALSE,FALSE,TRUE,TRUE,FALSE,FALSE,FALSE,"{""coordinates"": [[-79.59467020401684, 43.74289948706737]], ""type"": ""MultiPoint""}"
18160,2022:2002229988,2022-11-15T18:25:00,DON MILLS RD,DVP S DON MILLS S RAMP RD,,2,Fatal Injury,Non-Intersection,No Control,Rear End,Rain,Dusk,Wet,Major Arterial,FALSE,-79.33753638,43.701082469290064,,Automobile or Station Wagon,South,1,79,Fatal,,Lost control,Medical or Physical Disability,,,Going Ahead,,,,,driver,46,Toronto-Danforth (14),55 Division,Old East York,FALSE,FALSE,FALSE,FALSE,FALSE,TRUE,FALSE,FALSE,FALSE,FALSE,"{""coordinates"": [[-79.33753638279997, 43.701082469290064]], ""type"": ""MultiPoint""}"
18161,2022:2002229988,2022-11-15T18:25:00,DON MILLS RD,DVP S DON MILLS S RAMP RD,,2,Fatal Injury,Non-Intersection,No Control,Rear End,Rain,Dusk,Wet,Major Arterial,FALSE,-79.33753638,43.701082469290064,,Automobile or Station Wagon,South,2,45,None,,Driving properly,Normal,,,Stopped,,,,,driver,,Toronto-Danforth (14),55 Division,Old East York,FALSE,FALSE,FALSE,FALSE,FALSE,TRUE,FALSE,FALSE,FALSE,FALSE,"{""coordinates"": [[-79.33753638279997, 43.701082469290064]], ""type"": ""MultiPoint""}"
18162,2022:2002230917,2022-11-15T21:27:00,WILSON HEIGHTS BV,REINER RD,1 m South of,2,Non-Fatal Injury,At Intersection,Traffic Signal,Pedestrian Collision(internal code),Snow,Dark with Artificial Lighting,Wet,Minor Arterial,FALSE,-79.45486897,43.74870147680036,1,Automobile or Station Wagon,West,1,54,None,Lap and Shoulder Belt,Failed to yield right-of-way,Inattentive,,,Turning Left,,,,,driver,,York Centre (6),32 Division,Clanton Park,TRUE,TRUE,FALSE,FALSE,FALSE,FALSE,TRUE,FALSE,FALSE,FALSE,"{""coordinates"": [[-79.4548689727758, 43.74870147680036]], ""type"": ""MultiPoint""}"
18163,2023:3001940328,2023-08-20T03:05:00,BAY ST,BLOOR ST,9 m South of,3,Non-Fatal Injury,Intersection-Related,Traffic Signal,Reversing,Clear,Dark,Dry,Major Arterial,FALSE,-79.38947744,43.66967233024834,1,,,2,24,None,Lap and Shoulder Belt,,,,,,,,,,passenger,,University-Rosedale (11),52 Division,Bay-Cloverhill,FALSE,FALSE,FALSE,FALSE,FALSE,FALSE,TRUE,FALSE,FALSE,FALSE,"{""coordinates"": [[-79.38947744372975, 43.66967233024834]], ""type"": ""MultiPoint""}"
18164,2022:2002230917,2022-11-15T21:27:00,WILSON HEIGHTS BV,REINER RD,1 m South of,2,Non-Fatal Injury,At Intersection,Traffic Signal,Pedestrian Collision(internal code),Snow,Dark with Artificial Lighting,Wet,Minor Arterial,FALSE,-79.45486897,43.74870147680036,1,,East,2,27,Major,No Equipment Available,,,Crossing with right-of-way (intersection),Normal,,Driver turns left into pedestrian crossing with right-of-way (at intersection),,,,pedestrian,,York Centre (6),32 Division,Clanton Park,TRUE,TRUE,FALSE,FALSE,FALSE,FALSE,TRUE,FALSE,FALSE,FALSE,"{""coordinates"": [[-79.4548689727758, 43.74870147680036]], ""type"": ""MultiPoint""}"
18165,2022:2002243711,2022-11-17T16:40:00,519 OLD WESTON RD,,10 m West of,4,Non-Fatal Injury,Non-Intersection,No Control,Approaching Head On,Clear,Daylight,Dry,Minor Arterial,FALSE,-79.46415409,43.67722934973882,2,Automobile or Station Wagon,North,2,69,None,Lap and Shoulder Belt,Driving properly,Normal,,,Slowing or Stopping,,,,,driver,,Davenport (9),12 Division,Weston-Pelham Park,FALSE,FALSE,FALSE,FALSE,FALSE,TRUE,FALSE,FALSE,TRUE,FALSE,"{""coordinates"": [[-79.46415408625664, 43.67722934973882]], ""type"": ""MultiPoint""}"
18166,2022:2002243711,2022-11-17T16:40:00,519 OLD WESTON RD,,10 m West of,4,Non-Fatal Injury,Non-Intersection,No Control,Approaching Head On,Clear,Daylight,Dry,Minor Arterial,FALSE,-79.46415409,43.67722934973882,1,Pickup Truck,South,1,43,Major,Lap and Shoulder Belt,Lost control,Medical or Physical Disability,,,Going Ahead,,,,,driver,,Davenport (9),12 Division,Weston-Pelham Park,FALSE,FALSE,FALSE,FALSE,FALSE,TRUE,FALSE,FALSE,TRUE,FALSE,"{""coordinates"": [[-79.46415408625664, 43.67722934973882]], ""type"": ""MultiPoint""}"
18167,2022:2002243711,2022-11-17T16:40:00,519 OLD WESTON RD,,10 m West of,4,Non-Fatal Injury,Non-Intersection,No Control,Approaching Head On,Clear,Daylight,Dry,Minor Arterial,FALSE,-79.46415409,43.67722934973882,1,,,4,13,None,Lap and Shoulder Belt,,,,,,,,,,passenger,,Davenport (9),12 Division,Weston-Pelham Park,FALSE,FALSE,FALSE,FALSE,FALSE,TRUE,FALSE,FALSE,TRUE,FALSE,"{""coordinates"": [[-79.46415408625664, 43.67722934973882]], ""type"": ""MultiPoint""}"
18168,2022:2002243711,2022-11-17T16:40:00,519 OLD WESTON RD,,10 m West of,4,Non-Fatal Injury,Non-Intersection,No Control,Approaching Head On,Clear,Daylight,Dry,Minor Arterial,FALSE,-79.46415409,43.67722934973882,3,Automobile or Station Wagon,North,3,41,None,Lap and Shoulder Belt,Driving properly,Normal,,,Slowing or Stopping,,,,,driver,,Davenport (9),12 Division,Weston-Pelham Park,FALSE,FALSE,FALSE,FALSE,FALSE,TRUE,FALSE,FALSE,TRUE,FALSE,"{""coordinates"": [[-79.46415408625664, 43.67722934973882]], ""type"": ""MultiPoint""}"
18169,2022:2002271059,2022-11-21T14:04:00,KIPLING AVE,REDWATER DR,,4,Non-Fatal Injury,At Intersection,Traffic Signal,Turning Movement,Clear,Daylight,Dry,Major Arterial,FALSE,-79.56848614,43.71551376201968,2,Automobile or Station Wagon,West,2,70,Major,Lap and Shoulder Belt,Driving properly,Normal,,,Turning Left,,,,,driver,,Etobicoke North (1),23 Division,Rexdale-Kipling,FALSE,TRUE,FALSE,FALSE,FALSE,TRUE,FALSE,FALSE,FALSE,FALSE,"{""coordinates"": [[-79.56848614048221, 43.71551376201968]], ""type"": ""MultiPoint""}"
18170,2022:2002271059,2022-11-21T14:04:00,KIPLING AVE,REDWATER DR,,4,Non-Fatal Injury,At Intersection,Traffic Signal,Turning Movement,Clear,Daylight,Dry,Major Arterial,FALSE,-79.56848614,43.71551376201968,3,Automobile or Station Wagon,East,3,36,None,Use Unknown,Driving properly,Unknown,,,Going Ahead,,,,,driver,,Etobicoke North (1),23 Division,Rexdale-Kipling,FALSE,TRUE,FALSE,FALSE,FALSE,TRUE,FALSE,FALSE,FALSE,FALSE,"{""coordinates"": [[-79.56848614048221, 43.71551376201968]], ""type"": ""MultiPoint""}"
18171,2022:2002271059,2022-11-21T14:04:00,KIPLING AVE,REDWATER DR,,4,Non-Fatal Injury,At Intersection,Traffic Signal,Turning Movement,Clear,Daylight,Dry,Major Arterial,FALSE,-79.56848614,43.71551376201968,1,Automobile or Station Wagon,North,1,30,None,Use Unknown,Lost control,Inattentive,,,Going Ahead,,,,,driver,,Etobicoke North (1),23 Division,Rexdale-Kipling,FALSE,TRUE,FALSE,FALSE,FALSE,TRUE,FALSE,FALSE,FALSE,FALSE,"{""coordinates"": [[-79.56848614048221, 43.71551376201968]], ""type"": ""MultiPoint""}"
18172,2022:2002271059,2022-11-21T14:04:00,KIPLING AVE,REDWATER DR,,4,Non-Fatal Injury,At Intersection,Traffic Signal,Turning Movement,Clear,Daylight,Dry,Major Arterial,FALSE,-79.56848614,43.71551376201968,2,,,4,64,Major,Lap and Shoulder Belt,,,,,,,,,,passenger,,Etobicoke North (1),23 Division,Rexdale-Kipling,FALSE,TRUE,FALSE,FALSE,FALSE,TRUE,FALSE,FALSE,FALSE,FALSE,"{""coordinates"": [[-79.56848614048221, 43.71551376201968]], ""type"": ""MultiPoint""}"
18173,2022:2002271976,2022-11-21T16:09:00,KINGSTON RD,SHEPPARD AVE E,1 m East of,2,Non-Fatal Injury,Non-Intersection,No Control,Cyclist Collision,Clear,Daylight,Dry,Major Arterial,TRUE,-79.1377145,43.80380442347846,1,Automobile or Station Wagon,West,1,73,None,Use Unknown,Improper passing,Inattentive,,,Going Ahead,,,,,driver,,Scarborough-Rouge Park (25),42 Division,West Rouge,TRUE,TRUE,TRUE,FALSE,FALSE,TRUE,FALSE,FALSE,FALSE,FALSE,"{""coordinates"": [[-79.13771450373552, 43.80380442347846]], ""type"": ""MultiPoint""}"
18174,2022:2002271976,2022-11-21T16:09:00,KINGSTON RD,SHEPPARD AVE E,1 m East of,2,Non-Fatal Injury,Non-Intersection,No Control,Cyclist Collision,Clear,Daylight,Dry,Major Arterial,TRUE,-79.1377145,43.80380442347846,2,Bicycle,West,2,57,Major,Use Unknown,,,,,Going Ahead,,Rear end with cyclist and driver travelling in same direction,Driving Properly,Normal,cyclist,,Scarborough-Rouge Park (25),42 Division,West Rouge,TRUE,TRUE,TRUE,FALSE,FALSE,TRUE,FALSE,FALSE,FALSE,FALSE,"{""coordinates"": [[-79.13771450373552, 43.80380442347846]], ""type"": ""MultiPoint""}"
18175,2022:2002272909,2022-11-21T18:30:00,JANE ST,SPENVALLEY DR,15 m North of,4,Non-Fatal Injury,Intersection-Related,Traffic Signal,Rear End,Clear,Dark with Artificial Lighting,Dry,Major Arterial,FALSE,-79.51363831,43.74116752518683,1,Automobile or Station Wagon,South,1,57,None,Use Unknown,Other,Inattentive,,,Going Ahead,,,,,driver,,Humber River-Black Creek (7),31 Division,Glenfield-Jane Heights,FALSE,TRUE,FALSE,FALSE,FALSE,TRUE,FALSE,FALSE,FALSE,FALSE,"{""coordinates"": [[-79.51363830616337, 43.74116752518683]], ""type"": ""MultiPoint""}"
18176,2022:2002272909,2022-11-21T18:30:00,JANE ST,SPENVALLEY DR,15 m North of,4,Non-Fatal Injury,Intersection-Related,Traffic Signal,Rear End,Clear,Dark with Artificial Lighting,Dry,Major Arterial,FALSE,-79.51363831,43.74116752518683,3,Automobile or Station Wagon,South,3,43,Minimal,Lap and Shoulder Belt,Driving properly,Normal,,,Slowing or Stopping,,,,,driver,,Humber River-Black Creek (7),31 Division,Glenfield-Jane Heights,FALSE,TRUE,FALSE,FALSE,FALSE,TRUE,FALSE,FALSE,FALSE,FALSE,"{""coordinates"": [[-79.51363830616337, 43.74116752518683]], ""type"": ""MultiPoint""}"
18177,2022:2002272909,2022-11-21T18:30:00,JANE ST,SPENVALLEY DR,15 m North of,4,Non-Fatal Injury,Intersection-Related,Traffic Signal,Rear End,Clear,Dark with Artificial Lighting,Dry,Major Arterial,FALSE,-79.51363831,43.74116752518683,2,Automobile or Station Wagon,South,2,65,None,Use Unknown,Driving properly,Normal,,,Slowing or Stopping,,,,,driver,,Humber River-Black Creek (7),31 Division,Glenfield-Jane Heights,FALSE,TRUE,FALSE,FALSE,FALSE,TRUE,FALSE,FALSE,FALSE,FALSE,"{""coordinates"": [[-79.51363830616337, 43.74116752518683]], ""type"": ""MultiPoint""}"
18178,2022:2002272909,2022-11-21T18:30:00,JANE ST,SPENVALLEY DR,15 m North of,4,Non-Fatal Injury,Intersection-Related,Traffic Signal,Rear End,Clear,Dark with Artificial Lighting,Dry,Major Arterial,FALSE,-79.51363831,43.74116752518683,2,,,4,29,Major,Lap and Shoulder Belt,,,,,,,,,,passenger,,Humber River-Black Creek (7),31 Division,Glenfield-Jane Heights,FALSE,TRUE,FALSE,FALSE,FALSE,TRUE,FALSE,FALSE,FALSE,FALSE,"{""coordinates"": [[-79.51363830616337, 43.74116752518683]], ""type"": ""MultiPoint""}"
18179,2022:2002286735,2022-11-23T16:27:00,ST CLAIR AVE E,YONGE ST,,2,Fatal Injury,At Intersection,Traffic Signal,Cyclist Collision,Clear,Daylight,Dry,Major Arterial,FALSE,-79.39410084,43.68800958215836,,Pickup Truck,West,2,60,None,,Failed to yield right-of-way,Normal,,,Turning Right,,,,,driver,,Toronto-St. Paul's (12),53 Division,Rosedale-Moore Park,TRUE,FALSE,TRUE,FALSE,FALSE,FALSE,FALSE,FALSE,FALSE,FALSE,"{""coordinates"": [[-79.39410083709748, 43.68800958215836]], ""type"": ""MultiPoint""}"
18180,2022:2002286735,2022-11-23T16:27:00,ST CLAIR AVE E,YONGE ST,,2,Fatal Injury,At Intersection,Traffic Signal,Cyclist Collision,Clear,Daylight,Dry,Major Arterial,FALSE,-79.39410084,43.68800958215836,,Bicycle,East,1,20,Fatal,,,,,,,,Driver turns right on green or amber at signalized intersection and hits cyclist,Driving Properly,Normal,cyclist,48,Toronto-St. Paul's (12),53 Division,Rosedale-Moore Park,TRUE,FALSE,TRUE,FALSE,FALSE,FALSE,FALSE,FALSE,FALSE,FALSE,"{""coordinates"": [[-79.39410083709748, 43.68800958215836]], ""type"": ""MultiPoint""}"
18181,2022:2002299583,2022-11-25T12:51:00,1100 QUEEN ST W,,10 m West of 1100 QUEEN ST W,2,Non-Fatal Injury,Non-Intersection,No Control,Pedestrian Collision(internal code),Clear,Daylight,Dry,Major Arterial,FALSE,-79.42290956,43.64328612556955,1,,North,2,20,Major,No Equipment Available,,,Crossing - no traffic control,Inattentive,,Driver hits pedestrian at midblock,,,,pedestrian,,Davenport (9),14 Division,Little Portugal,FALSE,TRUE,FALSE,FALSE,FALSE,TRUE,TRUE,FALSE,FALSE,FALSE,"{""coordinates"": [[-79.4229095572527, 43.64328612556955]], ""type"": ""MultiPoint""}"
18182,2022:2002299583,2022-11-25T12:51:00,1100 QUEEN ST W,,10 m West of 1100 QUEEN ST W,2,Non-Fatal Injury,Non-Intersection,No Control,Pedestrian Collision(internal code),Clear,Daylight,Dry,Major Arterial,FALSE,-79.42290956,43.64328612556955,1,Automobile or Station Wagon,East,1,87,None,Lap and Shoulder Belt,Driving properly,Normal,,,Going Ahead,,,,,driver,,Davenport (9),14 Division,Little Portugal,FALSE,TRUE,FALSE,FALSE,FALSE,TRUE,TRUE,FALSE,FALSE,FALSE,"{""coordinates"": [[-79.4229095572527, 43.64328612556955]], ""type"": ""MultiPoint""}"
18183,2022:2002303433,2022-11-25T22:45:00,PAPE AVE,BROWNING AVE,10 m North of,4,Non-Fatal Injury,Intersection-Related,No Control,Sideswipe,Clear,Dark with Artificial Lighting,Dry,Major Arterial,FALSE,-79.34641704,43.68319155363977,3,Automobile or Station Wagon,North,3,26,Minimal,Lap and Shoulder Belt,Driving properly,Normal,,,Going Ahead,,,,,driver,,Toronto-Danforth (14),55 Division,Danforth East York,FALSE,FALSE,FALSE,FALSE,FALSE,FALSE,FALSE,FALSE,TRUE,FALSE,"{""coordinates"": [[-79.34641703968718, 43.68319155363977]], ""type"": ""MultiPoint""}"
18184,2022:2002303433,2022-11-25T22:45:00,PAPE AVE,BROWNING AVE,10 m North of,4,Non-Fatal Injury,Intersection-Related,No Control,Sideswipe,Clear,Dark with Artificial Lighting,Dry,Major Arterial,FALSE,-79.34641704,43.68319155363977,2,Automobile or Station Wagon,South,2,19,Minor,Lap and Shoulder Belt,Driving properly,Normal,,,Going Ahead,,,,,driver,,Toronto-Danforth (14),55 Division,Danforth East York,FALSE,FALSE,FALSE,FALSE,FALSE,FALSE,FALSE,FALSE,TRUE,FALSE,"{""coordinates"": [[-79.34641703968718, 43.68319155363977]], ""type"": ""MultiPoint""}"
18185,2022:2002303433,2022-11-25T22:45:00,PAPE AVE,BROWNING AVE,10 m North of,4,Non-Fatal Injury,Intersection-Related,No Control,Sideswipe,Clear,Dark with Artificial Lighting,Dry,Major Arterial,FALSE,-79.34641704,43.68319155363977,1,Automobile or Station Wagon,South,1,31,None,Use Unknown,Improper lane change,Normal,,,Changing Lanes,,,,,driver,,Toronto-Danforth (14),55 Division,Danforth East York,FALSE,FALSE,FALSE,FALSE,FALSE,FALSE,FALSE,FALSE,TRUE,FALSE,"{""coordinates"": [[-79.34641703968718, 43.68319155363977]], ""type"": ""MultiPoint""}"
18186,2022:2002303433,2022-11-25T22:45:00,PAPE AVE,BROWNING AVE,10 m North of,4,Non-Fatal Injury,Intersection-Related,No Control,Sideswipe,Clear,Dark with Artificial Lighting,Dry,Major Arterial,FALSE,-79.34641704,43.68319155363977,3,,,4,28,Major,Lap and Shoulder Belt,,,,,,,,,,passenger,,Toronto-Danforth (14),55 Division,Danforth East York,FALSE,FALSE,FALSE,FALSE,FALSE,FALSE,FALSE,FALSE,TRUE,FALSE,"{""coordinates"": [[-79.34641703968718, 43.68319155363977]], ""type"": ""MultiPoint""}"
18187,2022:2002306311,2022-11-26T11:34:00,KINGSTON RD,401 C E 2A W RAMP,3 m East of,4,Non-Fatal Injury,At Intersection,Traffic Signal,Turning Movement,Clear,Daylight,Dry,Major Arterial,FALSE,-79.1525003,43.794813193540776,1,,,3,48,None,Lap and Shoulder Belt,,,,,,,,,,passenger,,Scarborough-Rouge Park (25),43 Division,Centennial Scarborough,TRUE,TRUE,FALSE,FALSE,FALSE,TRUE,FALSE,TRUE,FALSE,FALSE,"{""coordinates"": [[-79.15250029536672, 43.794813193540776]], ""type"": ""MultiPoint""}"
18188,2022:2002306311,2022-11-26T11:34:00,KINGSTON RD,401 C E 2A W RAMP,3 m East of,4,Non-Fatal Injury,At Intersection,Traffic Signal,Turning Movement,Clear,Daylight,Dry,Major Arterial,FALSE,-79.1525003,43.794813193540776,1,Automobile or Station Wagon,West,1,66,None,Lap and Shoulder Belt,Disobeyed traffic control,Inattentive,,,Going Ahead,,,,,driver,,Scarborough-Rouge Park (25),43 Division,Centennial Scarborough,TRUE,TRUE,FALSE,FALSE,FALSE,TRUE,FALSE,TRUE,FALSE,FALSE,"{""coordinates"": [[-79.15250029536672, 43.794813193540776]], ""type"": ""MultiPoint""}"
18189,2022:2002306311,2022-11-26T11:34:00,KINGSTON RD,401 C E 2A W RAMP,3 m East of,4,Non-Fatal Injury,At Intersection,Traffic Signal,Turning Movement,Clear,Daylight,Dry,Major Arterial,FALSE,-79.1525003,43.794813193540776,2,,,4,23,Major,Lap and Shoulder Belt,,,,,,,,,,passenger,,Scarborough-Rouge Park (25),43 Division,Centennial Scarborough,TRUE,TRUE,FALSE,FALSE,FALSE,TRUE,FALSE,TRUE,FALSE,FALSE,"{""coordinates"": [[-79.15250029536672, 43.794813193540776]], ""type"": ""MultiPoint""}"
18190,2022:2002306311,2022-11-26T11:34:00,KINGSTON RD,401 C E 2A W RAMP,3 m East of,4,Non-Fatal Injury,At Intersection,Traffic Signal,Turning Movement,Clear,Daylight,Dry,Major Arterial,FALSE,-79.1525003,43.794813193540776,2,Automobile or Station Wagon,South,2,37,Minor,Lap and Shoulder Belt,Driving properly,Normal,,,Turning Left,,,,,driver,,Scarborough-Rouge Park (25),43 Division,Centennial Scarborough,TRUE,TRUE,FALSE,FALSE,FALSE,TRUE,FALSE,TRUE,FALSE,FALSE,"{""coordinates"": [[-79.15250029536672, 43.794813193540776]], ""type"": ""MultiPoint""}"
18191,2022:2002306761,2022-11-26T12:48:00,LAKE SHORE BV W,LONG BRANCH AV,70 m West of,2,Non-Fatal Injury,Non-Intersection,No Control,Pedestrian Collision(internal code),Clear,Daylight,Dry,Major Arterial,FALSE,-79.53481018,43.594088159602435,1,,Unknown,2,76,Major,Lap and Shoulder Belt,,,Person getting on/off vehicle,Unknown,,Driver reversing hits pedestrian,,,,pedestrian,,Etobicoke-Lakeshore (3),22 Division,Long Branch,FALSE,FALSE,FALSE,FALSE,FALSE,TRUE,TRUE,FALSE,FALSE,FALSE,"{""coordinates"": [[-79.53481017588247, 43.594088159602435]], ""type"": ""MultiPoint""}"
18192,2022:2002306761,2022-11-26T12:48:00,LAKE SHORE BV W,LONG BRANCH AV,70 m West of,2,Non-Fatal Injury,Non-Intersection,No Control,Pedestrian Collision(internal code),Clear,Daylight,Dry,Major Arterial,FALSE,-79.53481018,43.594088159602435,1,Automobile or Station Wagon,West,1,87,None,Lap and Shoulder Belt,,,,,Reversing,,,,,other,,Etobicoke-Lakeshore (3),22 Division,Long Branch,FALSE,FALSE,FALSE,FALSE,FALSE,TRUE,TRUE,FALSE,FALSE,FALSE,"{""coordinates"": [[-79.53481017588247, 43.594088159602435]], ""type"": ""MultiPoint""}"
18193,2022:2002308202,2022-11-26T16:19:00,MARKHAM RD,KINGSTON RD,,2,Non-Fatal Injury,At Intersection,Traffic Signal,Turning Movement,Clear,Daylight,Dry,Major Arterial,FALSE,-79.21697644,43.73867616,1,Automobile or Station Wagon,East,1,55,Major,Lap and Shoulder Belt,Failed to yield right-of-way,Normal,,,Turning Left,,,,,driver,,Scarborough-Guildwood (24),43 Division,Scarborough Village,TRUE,FALSE,FALSE,FALSE,FALSE,FALSE,FALSE,FALSE,FALSE,FALSE,"{""coordinates"": [[-79.21697643958036, 43.7386761599751]], ""type"": ""MultiPoint""}"
18194,2022:2002308202,2022-11-26T16:19:00,MARKHAM RD,KINGSTON RD,,2,Non-Fatal Injury,At Intersection,Traffic Signal,Turning Movement,Clear,Daylight,Dry,Major Arterial,FALSE,-79.21697644,43.73867616,2,Automobile or Station Wagon,West,2,22,Minor,Lap and Shoulder Belt,Driving properly,Normal,,,Going Ahead,,,,,driver,,Scarborough-Guildwood (24),43 Division,Scarborough Village,TRUE,FALSE,FALSE,FALSE,FALSE,FALSE,FALSE,FALSE,FALSE,FALSE,"{""coordinates"": [[-79.21697643958036, 43.7386761599751]], ""type"": ""MultiPoint""}"
18195,2022:2002315818,2022-11-27T18:10:00,BATHURST ST,FORT YORK BLVD,,2,Non-Fatal Injury,At Intersection,Traffic Signal,Pedestrian Collision(internal code),Rain,Dark with Artificial Lighting,Wet,Major Arterial,TRUE,-79.40057828,43.63874660360666,1,,West,2,23,Major,No Equipment Available,,,Crossing with right-of-way (intersection),Normal,,Driver turns left into pedestrian crossing with right-of-way (at intersection),,,,pedestrian,,Spadina-Fort York (10),14 Division,Harbourfront-CityPlace,TRUE,TRUE,FALSE,FALSE,FALSE,FALSE,TRUE,FALSE,FALSE,FALSE,"{""coordinates"": [[-79.40057828251116, 43.63874660360666]], ""type"": ""MultiPoint""}"
18196,2022:2002315818,2022-11-27T18:10:00,BATHURST ST,FORT YORK BLVD,,2,Non-Fatal Injury,At Intersection,Traffic Signal,Pedestrian Collision(internal code),Rain,Dark with Artificial Lighting,Wet,Major Arterial,TRUE,-79.40057828,43.63874660360666,1,Automobile or Station Wagon,West,1,38,None,Lap and Shoulder Belt,Failed to yield right-of-way,Inattentive,,,Turning Left,,,,,driver,,Spadina-Fort York (10),14 Division,Harbourfront-CityPlace,TRUE,TRUE,FALSE,FALSE,FALSE,FALSE,TRUE,FALSE,FALSE,FALSE,"{""coordinates"": [[-79.40057828251116, 43.63874660360666]], ""type"": ""MultiPoint""}"