_id,collision_id,accdate,stname1,stname2,stname3,per_inv,acclass,accloc,traffictl,impactype,visible,light,rdsfcond,road_class,failtorem,longitude,latitude,veh_no,vehtype,initdir,per_no,invage,injury,safequip,drivact,drivcond,pedact,pedcond,manoeuvre,pedtype,cyclistype,cycact,cyccond,road_user,fatal_no,wardname,division,neighbourhood,aggressive,distracted,cyclist,motorcyclist,other_micromobility,older_adult,pedestrian,red_light,school_child,heavy_truck,geometry
18242,2022:2002473250,2022-12-18T22:28:00,LAKE SHORE BLVD E,LOWER JARVIS ST,1 m West of,4,Non-Fatal Injury,At Intersection,Traffic Signal,Cyclist Collision,Clear,Dark with Artificial Lighting,Dry,Major Arterial,FALSE,-79.3697936,43.6455062,1,Bicycle,South,1,40,Major,No Equipment Available,,,,,Going Ahead,,"Cyclist without right-of-way rides into path of driver (at intersection, laneway, or driveway)",Disobeyed Traffic Control,Inattentive,cyclist,,Spadina-Fort York (10),51 Division,St Lawrence-East Bayfront-The Islands,FALSE,TRUE,TRUE,FALSE,FALSE,FALSE,FALSE,FALSE,FALSE,FALSE,"{""coordinates"": [[-79.36979360438878, 43.6455061993761]], ""type"": ""MultiPoint""}"
18243,2022:2002476311,2022-12-19T10:47:00,MORNINGSIDE AVE,PAN AM DR,,3,Non-Fatal Injury,At Intersection,Traffic Signal,Turning Movement,Clear,Daylight,Dry,Major Arterial,FALSE,-79.19551488,43.79205139372493,2,,South,3,,None,Lap and Shoulder Belt,,,,,,,,,,passenger,,Scarborough-Rouge Park (25),43 Division,Highland Creek,TRUE,FALSE,FALSE,FALSE,FALSE,TRUE,FALSE,TRUE,FALSE,FALSE,"{""coordinates"": [[-79.19551488085828, 43.79205139372493]], ""type"": ""MultiPoint""}"
18244,2022:2002476311,2022-12-19T10:47:00,MORNINGSIDE AVE,PAN AM DR,,3,Non-Fatal Injury,At Intersection,Traffic Signal,Turning Movement,Clear,Daylight,Dry,Major Arterial,FALSE,-79.19551488,43.79205139372493,1,Automobile or Station Wagon,North,1,86,Major,Lap and Shoulder Belt,Disobeyed traffic control,Medical or Physical Disability,,,Going Ahead,,,,,driver,,Scarborough-Rouge Park (25),43 Division,Highland Creek,TRUE,FALSE,FALSE,FALSE,FALSE,TRUE,FALSE,TRUE,FALSE,FALSE,"{""coordinates"": [[-79.19551488085828, 43.79205139372493]], ""type"": ""MultiPoint""}"
18245,2022:2002476311,2022-12-19T10:47:00,MORNINGSIDE AVE,PAN AM DR,,3,Non-Fatal Injury,At Intersection,Traffic Signal,Turning Movement,Clear,Daylight,Dry,Major Arterial,FALSE,-79.19551488,43.79205139372493,2,Automobile or Station Wagon,South,2,65,None,Lap and Shoulder Belt,Driving properly,Normal,,,Turning Left,,,,,driver,,Scarborough-Rouge Park (25),43 Division,Highland Creek,TRUE,FALSE,FALSE,FALSE,FALSE,TRUE,FALSE,TRUE,FALSE,FALSE,"{""coordinates"": [[-79.19551488085828, 43.79205139372493]], ""type"": ""MultiPoint""}"
18246,2022:2002484301,2022-12-20T11:50:00,CARLINGVIEW DR,DIXON RD,45 m South of,4,Non-Fatal Injury,Non-Intersection,No Control,Sideswipe,Clear,Daylight,Dry,Major Arterial,FALSE,-79.59536459,43.68624745305208,2,Automobile or Station Wagon,South,2,20,Minor,Use Unknown,Driving properly,Normal,,,Going Ahead,,,,,driver,,Etobicoke North (1),23 Division,West Humber-Clairville,TRUE,TRUE,FALSE,FALSE,FALSE,TRUE,FALSE,FALSE,FALSE,FALSE,"{""coordinates"": [[-79.59536458675666, 43.68624745305208]], ""type"": ""MultiPoint""}"
18247,2022:2002484301,2022-12-20T11:50:00,CARLINGVIEW DR,DIXON RD,45 m South of,4,Non-Fatal Injury,Non-Intersection,No Control,Sideswipe,Clear,Daylight,Dry,Major Arterial,FALSE,-79.59536459,43.68624745305208,2,,,4,21,Major,Use Unknown,,,,,,,,,,passenger,,Etobicoke North (1),23 Division,West Humber-Clairville,TRUE,TRUE,FALSE,FALSE,FALSE,TRUE,FALSE,FALSE,FALSE,FALSE,"{""coordinates"": [[-79.59536458675666, 43.68624745305208]], ""type"": ""MultiPoint""}"
18248,2022:2002484301,2022-12-20T11:50:00,CARLINGVIEW DR,DIXON RD,45 m South of,4,Non-Fatal Injury,Non-Intersection,No Control,Sideswipe,Clear,Daylight,Dry,Major Arterial,FALSE,-79.59536459,43.68624745305208,1,Automobile or Station Wagon,South,1,22,Minor,Use Unknown,Improper passing,Inattentive,,,Changing Lanes,,,,,driver,,Etobicoke North (1),23 Division,West Humber-Clairville,TRUE,TRUE,FALSE,FALSE,FALSE,TRUE,FALSE,FALSE,FALSE,FALSE,"{""coordinates"": [[-79.59536458675666, 43.68624745305208]], ""type"": ""MultiPoint""}"
18249,2022:2002484301,2022-12-20T11:50:00,CARLINGVIEW DR,DIXON RD,45 m South of,4,Non-Fatal Injury,Non-Intersection,No Control,Sideswipe,Clear,Daylight,Dry,Major Arterial,FALSE,-79.59536459,43.68624745305208,3,Automobile or Station Wagon,South,3,67,Minor,Use Unknown,Driving properly,Normal,,,Going Ahead,,,,,driver,,Etobicoke North (1),23 Division,West Humber-Clairville,TRUE,TRUE,FALSE,FALSE,FALSE,TRUE,FALSE,FALSE,FALSE,FALSE,"{""coordinates"": [[-79.59536458675666, 43.68624745305208]], ""type"": ""MultiPoint""}"
18250,2022:2002494669,2022-12-21T17:50:00,GLOUCESTER GRV,WINNETT AVE,,5,Non-Fatal Injury,At Intersection,Stop Sign,Pedestrian Collision(internal code),Clear,Dark,Wet,Local,FALSE,-79.43653559,43.69686355055441,1,,North,4,4,Minor,Use Unknown,,,Crossing with right-of-way (intersection),Normal,,Driver turns left into pedestrian crossing with right-of-way (at intersection),,,,pedestrian,,Toronto-St. Paul's (12),13 Division,Humewood-Cedarvale,TRUE,FALSE,FALSE,FALSE,FALSE,FALSE,TRUE,FALSE,TRUE,FALSE,"{""coordinates"": [[-79.43653559326786, 43.69686355055441]], ""type"": ""MultiPoint""}"
18251,2022:2002494669,2022-12-21T17:50:00,GLOUCESTER GRV,WINNETT AVE,,5,Non-Fatal Injury,At Intersection,Stop Sign,Pedestrian Collision(internal code),Clear,Dark,Wet,Local,FALSE,-79.43653559,43.69686355055441,1,Pickup Truck,North,1,35,None,Lap and Shoulder Belt,Failed to yield right-of-way,Normal,,,Turning Left,,,,,driver,,Toronto-St. Paul's (12),13 Division,Humewood-Cedarvale,TRUE,FALSE,FALSE,FALSE,FALSE,FALSE,TRUE,FALSE,TRUE,FALSE,"{""coordinates"": [[-79.43653559326786, 43.69686355055441]], ""type"": ""MultiPoint""}"
18252,2022:2002494669,2022-12-21T17:50:00,GLOUCESTER GRV,WINNETT AVE,,5,Non-Fatal Injury,At Intersection,Stop Sign,Pedestrian Collision(internal code),Clear,Dark,Wet,Local,FALSE,-79.43653559,43.69686355055441,1,,North,2,34,Major,Use Unknown,,,Crossing with right-of-way (intersection),Normal,,Driver turns left into pedestrian crossing with right-of-way (at intersection),,,,pedestrian,,Toronto-St. Paul's (12),13 Division,Humewood-Cedarvale,TRUE,FALSE,FALSE,FALSE,FALSE,FALSE,TRUE,FALSE,TRUE,FALSE,"{""coordinates"": [[-79.43653559326786, 43.69686355055441]], ""type"": ""MultiPoint""}"
18253,2022:2002494669,2022-12-21T17:50:00,GLOUCESTER GRV,WINNETT AVE,,5,Non-Fatal Injury,At Intersection,Stop Sign,Pedestrian Collision(internal code),Clear,Dark,Wet,Local,FALSE,-79.43653559,43.69686355055441,1,,North,3,6,Minimal,Use Unknown,,,Crossing with right-of-way (intersection),Normal,,Driver turns left into pedestrian crossing with right-of-way (at intersection),,,,pedestrian,,Toronto-St. Paul's (12),13 Division,Humewood-Cedarvale,TRUE,FALSE,FALSE,FALSE,FALSE,FALSE,TRUE,FALSE,TRUE,FALSE,"{""coordinates"": [[-79.43653559326786, 43.69686355055441]], ""type"": ""MultiPoint""}"
18254,2022:2002494669,2022-12-21T17:50:00,GLOUCESTER GRV,WINNETT AVE,,5,Non-Fatal Injury,At Intersection,Stop Sign,Pedestrian Collision(internal code),Clear,Dark,Wet,Local,FALSE,-79.43653559,43.69686355055441,1,,North,5,2,Minimal,Use Unknown,,,Crossing with right-of-way (intersection),Normal,,Driver turns left into pedestrian crossing with right-of-way (at intersection),,,,pedestrian,,Toronto-St. Paul's (12),13 Division,Humewood-Cedarvale,TRUE,FALSE,FALSE,FALSE,FALSE,FALSE,TRUE,FALSE,TRUE,FALSE,"{""coordinates"": [[-79.43653559326786, 43.69686355055441]], ""type"": ""MultiPoint""}"
18255,2022:2002522465,2022-12-26T01:12:00,WESTON ROAD,BIRDSTONE CRESCENT,128 m South of,5,Non-Fatal Injury,Non-Intersection,No Control,SMV Other,Clear,Dark with Artificial Lighting,Wet,Major Shoreline,FALSE,-79.46842656,43.67340321600883,1,,,2,20,Minor,Lap and Shoulder Belt,,,,,,,,,,passenger,,York South-Weston (5),12 Division,Junction Area,FALSE,TRUE,FALSE,FALSE,FALSE,FALSE,FALSE,FALSE,TRUE,FALSE,"{""coordinates"": [[-79.4684265620192, 43.67340321600883]], ""type"": ""MultiPoint""}"
18256,2022:2002522465,2022-12-26T01:12:00,WESTON ROAD,BIRDSTONE CRESCENT,128 m South of,5,Non-Fatal Injury,Non-Intersection,No Control,SMV Other,Clear,Dark with Artificial Lighting,Wet,Major Shoreline,FALSE,-79.46842656,43.67340321600883,1,,,4,21,Minor,Lap and Shoulder Belt,,,,,,,,,,passenger,,York South-Weston (5),12 Division,Junction Area,FALSE,TRUE,FALSE,FALSE,FALSE,FALSE,FALSE,FALSE,TRUE,FALSE,"{""coordinates"": [[-79.4684265620192, 43.67340321600883]], ""type"": ""MultiPoint""}"
18257,2022:2002522465,2022-12-26T01:12:00,WESTON ROAD,BIRDSTONE CRESCENT,128 m South of,5,Non-Fatal Injury,Non-Intersection,No Control,SMV Other,Clear,Dark with Artificial Lighting,Wet,Major Shoreline,FALSE,-79.46842656,43.67340321600883,1,Automobile or Station Wagon,North,1,19,Minor,Lap and Shoulder Belt,Lost control,Inattentive,,,Going Ahead,,,,,driver,,York South-Weston (5),12 Division,Junction Area,FALSE,TRUE,FALSE,FALSE,FALSE,FALSE,FALSE,FALSE,TRUE,FALSE,"{""coordinates"": [[-79.4684265620192, 43.67340321600883]], ""type"": ""MultiPoint""}"
18258,2022:2002522465,2022-12-26T01:12:00,WESTON ROAD,BIRDSTONE CRESCENT,128 m South of,5,Non-Fatal Injury,Non-Intersection,No Control,SMV Other,Clear,Dark with Artificial Lighting,Wet,Major Shoreline,FALSE,-79.46842656,43.67340321600883,1,,,3,20,Minor,Lap and Shoulder Belt,,,,,,,,,,passenger,,York South-Weston (5),12 Division,Junction Area,FALSE,TRUE,FALSE,FALSE,FALSE,FALSE,FALSE,FALSE,TRUE,FALSE,"{""coordinates"": [[-79.4684265620192, 43.67340321600883]], ""type"": ""MultiPoint""}"
18259,2022:2002522465,2022-12-26T01:12:00,WESTON ROAD,BIRDSTONE CRESCENT,128 m South of,5,Non-Fatal Injury,Non-Intersection,No Control,SMV Other,Clear,Dark with Artificial Lighting,Wet,Major Shoreline,FALSE,-79.46842656,43.67340321600883,1,,,5,19,Major,Equipment Not Used But Available,,,,,,,,,,passenger,,York South-Weston (5),12 Division,Junction Area,FALSE,TRUE,FALSE,FALSE,FALSE,FALSE,FALSE,FALSE,TRUE,FALSE,"{""coordinates"": [[-79.4684265620192, 43.67340321600883]], ""type"": ""MultiPoint""}"
18260,2022:2002556621,2022-12-30T22:34:00,BLOOR ST W,MONTROSE AVE,76 m West of,2,Non-Fatal Injury,Non-Intersection,No Control,Pedestrian Collision(internal code),Rain,Dark with Artificial Lighting,Wet,Major Arterial,FALSE,-79.4212692,43.662855514039386,1,Automobile or Station Wagon,East,1,38,None,Lap and Shoulder Belt,Driving properly,Normal,,,Going Ahead,,,,,driver,,University-Rosedale (11),14 Division,Palmerston-Little Italy,FALSE,TRUE,FALSE,FALSE,FALSE,FALSE,TRUE,FALSE,FALSE,FALSE,"{""coordinates"": [[-79.42126920233484, 43.662855514039386]], ""type"": ""MultiPoint""}"
18261,2022:2002556621,2022-12-30T22:34:00,BLOOR ST W,MONTROSE AVE,76 m West of,2,Non-Fatal Injury,Non-Intersection,No Control,Pedestrian Collision(internal code),Rain,Dark with Artificial Lighting,Wet,Major Arterial,FALSE,-79.4212692,43.662855514039386,1,,South,2,41,Major,No Equipment Available,,,Crossing - no traffic control,Inattentive,,Driver hits pedestrian at midblock,,,,pedestrian,,University-Rosedale (11),14 Division,Palmerston-Little Italy,FALSE,TRUE,FALSE,FALSE,FALSE,FALSE,TRUE,FALSE,FALSE,FALSE,"{""coordinates"": [[-79.42126920233484, 43.662855514039386]], ""type"": ""MultiPoint""}"
18262,2023:3000013825,2023-01-02T23:34:00,BATHURST ST,HADDINGTON AVE,,3,Non-Fatal Injury,At Intersection,Stop Sign,Turning Movement,Clear,Dark with Artificial Lighting,Wet,Major Arterial,FALSE,-79.4326598,43.73208844796721,1,Automobile or Station Wagon,West,1,39,Minimal,Lap Belt Only,Improper turn,Inattentive,,,Making U-Turn,,,,,driver,,Eglinton-Lawrence (8),32 Division,Bedford Park-Nortown,FALSE,TRUE,FALSE,FALSE,FALSE,FALSE,FALSE,FALSE,TRUE,TRUE,"{""coordinates"": [[-79.43265979531199, 43.73208844796721]], ""type"": ""MultiPoint""}"
18263,2023:3000013825,2023-01-02T23:34:00,BATHURST ST,HADDINGTON AVE,,3,Non-Fatal Injury,At Intersection,Stop Sign,Turning Movement,Clear,Dark with Artificial Lighting,Wet,Major Arterial,FALSE,-79.4326598,43.73208844796721,1,,,3,13,Major,Lap Belt Only,,,,,,,,,,passenger,,Eglinton-Lawrence (8),32 Division,Bedford Park-Nortown,FALSE,TRUE,FALSE,FALSE,FALSE,FALSE,FALSE,FALSE,TRUE,TRUE,"{""coordinates"": [[-79.43265979531199, 43.73208844796721]], ""type"": ""MultiPoint""}"
18264,2023:3000013825,2023-01-02T23:34:00,BATHURST ST,HADDINGTON AVE,,3,Non-Fatal Injury,At Intersection,Stop Sign,Turning Movement,Clear,Dark with Artificial Lighting,Wet,Major Arterial,FALSE,-79.4326598,43.73208844796721,2,Municipal Transit Bus (TTC),North,2,25,Major,Lap and Shoulder Belt,Driving properly,Normal,,,Going Ahead,,,,,driver,,Eglinton-Lawrence (8),32 Division,Bedford Park-Nortown,FALSE,TRUE,FALSE,FALSE,FALSE,FALSE,FALSE,FALSE,TRUE,TRUE,"{""coordinates"": [[-79.43265979531199, 43.73208844796721]], ""type"": ""MultiPoint""}"
18265,2023:3000027148,2023-01-04T17:10:00,LAKE SHORE BLVD W,SECOND ST,,2,Fatal Injury,At Intersection,No Control,Pedestrian Collision(internal code),Rain,Dark,Wet,Major Arterial,FALSE,-79.49960809,43.60191586903893,,,West,1,59,Fatal,,,,Crossing with right-of-way (intersection),Normal,,Driver turns right into pedestrian crossing with right-of-way (at intersection),,,,pedestrian,1,Etobicoke-Lakeshore (3),22 Division,New Toronto,TRUE,FALSE,FALSE,FALSE,FALSE,FALSE,TRUE,FALSE,FALSE,FALSE,"{""coordinates"": [[-79.499608087985, 43.60191586903893]], ""type"": ""MultiPoint""}"
18266,2023:3000027148,2023-01-04T17:10:00,LAKE SHORE BLVD W,SECOND ST,,2,Fatal Injury,At Intersection,No Control,Pedestrian Collision(internal code),Rain,Dark,Wet,Major Arterial,FALSE,-79.49960809,43.60191586903893,,Pickup Truck,West,2,64,None,,Failed to yield right-of-way,Unknown,,,Turning Right,,,,,driver,,Etobicoke-Lakeshore (3),22 Division,New Toronto,TRUE,FALSE,FALSE,FALSE,FALSE,FALSE,TRUE,FALSE,FALSE,FALSE,"{""coordinates"": [[-79.499608087985, 43.60191586903893]], ""type"": ""MultiPoint""}"
18267,2023:3000027334,2023-01-04T17:30:00,MARKHAM RD,FINCH AVE E,5 m North of,2,Non-Fatal Injury,At Intersection,Traffic Signal,Pedestrian Collision(internal code),Rain,Dark with Artificial Lighting,Wet,Major Arterial,FALSE,-79.24297739,43.81294072555098,1,Automobile or Station Wagon,East,2,24,Major,Use Unknown,,,Crossing with right-of-way (intersection),Normal,Unknown,Driver turns left into pedestrian crossing with right-of-way (at intersection),,,,pedestrian,,Scarborough North (23),42 Division,Malvern West,TRUE,TRUE,FALSE,FALSE,FALSE,TRUE,TRUE,FALSE,FALSE,FALSE,"{""coordinates"": [[-79.24297739103785, 43.81294072555098]], ""type"": ""MultiPoint""}"
18268,2023:3000027334,2023-01-04T17:30:00,MARKHAM RD,FINCH AVE E,5 m North of,2,Non-Fatal Injury,At Intersection,Traffic Signal,Pedestrian Collision(internal code),Rain,Dark with Artificial Lighting,Wet,Major Arterial,FALSE,-79.24297739,43.81294072555098,1,Automobile or Station Wagon,North,1,76,None,Lap and Shoulder Belt,Failed to yield right-of-way,Inattentive,,,Turning Left,,,,,driver,,Scarborough North (23),42 Division,Malvern West,TRUE,TRUE,FALSE,FALSE,FALSE,TRUE,TRUE,FALSE,FALSE,FALSE,"{""coordinates"": [[-79.24297739103785, 43.81294072555098]], ""type"": ""MultiPoint""}"
18269,2023:3000027415,2023-01-04T17:40:00,DON MILLS RD,WYNFORD DR,,2,Non-Fatal Injury,Intersection-Related,Traffic Signal,Pedestrian Collision(internal code),Rain,Dark,Wet,Major Arterial,FALSE,-79.33953526,43.723013163976816,1,,,2,53,Major,Use Unknown,,,Crossing with right-of-way (intersection),Normal,,Driver turns left into pedestrian crossing with right-of-way (at intersection),,,,pedestrian,,Don Valley East (16),33 Division,Banbury-Don Mills,FALSE,FALSE,FALSE,FALSE,FALSE,TRUE,TRUE,FALSE,FALSE,FALSE,"{""coordinates"": [[-79.3395352569361, 43.723013163976816]], ""type"": ""MultiPoint""}"
18270,2023:3000027415,2023-01-04T17:40:00,DON MILLS RD,WYNFORD DR,,2,Non-Fatal Injury,Intersection-Related,Traffic Signal,Pedestrian Collision(internal code),Rain,Dark,Wet,Major Arterial,FALSE,-79.33953526,43.723013163976816,1,Automobile or Station Wagon,South,1,75,None,Lap and Shoulder Belt,,Unknown,,,Turning Left,,,,,driver,,Don Valley East (16),33 Division,Banbury-Don Mills,FALSE,FALSE,FALSE,FALSE,FALSE,TRUE,TRUE,FALSE,FALSE,FALSE,"{""coordinates"": [[-79.3395352569361, 43.723013163976816]], ""type"": ""MultiPoint""}"
18271,2023:3000037155,2023-01-05T22:24:00,488 QUEEN ST W,DENISON AVE,,2,Non-Fatal Injury,Non-Intersection,No Control,Pedestrian Collision(internal code),Rain,Dark with Artificial Lighting,Wet,Major Arterial,FALSE,-79.400769,43.64777980462162,1,Automobile or Station Wagon,East,1,20,None,Lap and Shoulder Belt,Driving properly,Normal,,,Going Ahead,,,,,driver,,Spadina-Fort York (10),14 Division,Wellington Place,FALSE,TRUE,FALSE,FALSE,FALSE,FALSE,TRUE,FALSE,FALSE,FALSE,"{""coordinates"": [[-79.40076900357313, 43.64777980462162]], ""type"": ""MultiPoint""}"
18272,2023:3000037155,2023-01-05T22:24:00,488 QUEEN ST W,DENISON AVE,,2,Non-Fatal Injury,Non-Intersection,No Control,Pedestrian Collision(internal code),Rain,Dark with Artificial Lighting,Wet,Major Arterial,FALSE,-79.400769,43.64777980462162,1,Automobile or Station Wagon,North,2,58,Major,No Equipment Available,,,Crossing - no traffic control,Inattentive,Unknown,Driver hits pedestrian at midblock,,,,pedestrian,,Spadina-Fort York (10),14 Division,Wellington Place,FALSE,TRUE,FALSE,FALSE,FALSE,FALSE,TRUE,FALSE,FALSE,FALSE,"{""coordinates"": [[-79.40076900357313, 43.64777980462162]], ""type"": ""MultiPoint""}"
18273,2023:3000042197,2023-01-06T15:18:00,YONGE ST,HILLSDALE AVE E,,2,Fatal Injury,Intersection-Related,No Control,Pedestrian Collision(internal code),Clear,Daylight,Dry,Major Arterial,FALSE,-79.39764849,43.70332559,,Truck - Open (Flatbed),North,2,27,None,,Other,Inattentive,,,Pulling Away from Shoulder or Curb,,,,,driver,,Toronto-St. Paul's (12),53 Division,South Eglinton-Davisville,FALSE,TRUE,FALSE,FALSE,FALSE,TRUE,TRUE,FALSE,FALSE,TRUE,"{""coordinates"": [[-79.39764848809719, 43.7033255926921]], ""type"": ""MultiPoint""}"
18274,2023:3000042197,2023-01-06T15:18:00,YONGE ST,HILLSDALE AVE E,,2,Fatal Injury,Intersection-Related,No Control,Pedestrian Collision(internal code),Clear,Daylight,Dry,Major Arterial,FALSE,-79.39764849,43.70332559,,,Unknown,1,71,Fatal,,,,On sidewalk or shoulder,Normal,,Other,,,,pedestrian,3,Toronto-St. Paul's (12),53 Division,South Eglinton-Davisville,FALSE,TRUE,FALSE,FALSE,FALSE,TRUE,TRUE,FALSE,FALSE,TRUE,"{""coordinates"": [[-79.39764848809719, 43.7033255926921]], ""type"": ""MultiPoint""}"
18275,2023:3000059883,2023-01-09T01:04:00,QUEEN ST E,BOND ST,13 M EAST OF,3,Non-Fatal Injury,Non-Intersection,No Control,Approaching Head On,Clear,Dark with Artificial Lighting,Dry,Major Arterial,FALSE,-79.37682028,43.65286475944287,2,Streetcar,West,2,46,None,Lap and Shoulder Belt,Driving properly,Normal,,,Going Ahead,,,,,driver,,Toronto Centre (13),51 Division,Downtown Yonge East,TRUE,FALSE,FALSE,FALSE,FALSE,FALSE,FALSE,FALSE,FALSE,TRUE,"{""coordinates"": [[-79.37682027941138, 43.65286475944287]], ""type"": ""MultiPoint""}"
18276,2023:3000059883,2023-01-09T01:04:00,QUEEN ST E,BOND ST,13 M EAST OF,3,Non-Fatal Injury,Non-Intersection,No Control,Approaching Head On,Clear,Dark with Artificial Lighting,Dry,Major Arterial,FALSE,-79.37682028,43.65286475944287,1,Truck - Closed,East,1,35,Major,Lap and Shoulder Belt,Failed to yield right-of-way,Ability Impaired - Alcohol,,,Going Ahead,,,,,driver,,Toronto Centre (13),51 Division,Downtown Yonge East,TRUE,FALSE,FALSE,FALSE,FALSE,FALSE,FALSE,FALSE,FALSE,TRUE,"{""coordinates"": [[-79.37682027941138, 43.65286475944287]], ""type"": ""MultiPoint""}"
18277,2023:3000059883,2023-01-09T01:04:00,QUEEN ST E,BOND ST,13 M EAST OF,3,Non-Fatal Injury,Non-Intersection,No Control,Approaching Head On,Clear,Dark with Artificial Lighting,Dry,Major Arterial,FALSE,-79.37682028,43.65286475944287,1,Truck - Closed,,3,23,Minor,Lap and Shoulder Belt,,,,,,,,,,passenger,,Toronto Centre (13),51 Division,Downtown Yonge East,TRUE,FALSE,FALSE,FALSE,FALSE,FALSE,FALSE,FALSE,FALSE,TRUE,"{""coordinates"": [[-79.37682027941138, 43.65286475944287]], ""type"": ""MultiPoint""}"
18278,2023:3000066042,2023-01-09T18:30:00,4138 LAWRENCE AVE E,,10 m West of,3,Non-Fatal Injury,Non-Intersection,No Control,Pedestrian Collision(internal code),Rain,Dark,Wet,Major Arterial,FALSE,-79.19246314,43.76696975038166,2,Automobile or Station Wagon,West,2,65,None,Lap and Shoulder Belt,Driving properly,Normal,,,Going Ahead,,,,,driver,,Scarborough-Guildwood (24),43 Division,West Hill,FALSE,FALSE,FALSE,FALSE,FALSE,TRUE,TRUE,FALSE,FALSE,FALSE,"{""coordinates"": [[-79.1924631365142, 43.76696975038166]], ""type"": ""MultiPoint""}"
18279,2023:3000066042,2023-01-09T18:30:00,4138 LAWRENCE AVE E,,10 m West of,3,Non-Fatal Injury,Non-Intersection,No Control,Pedestrian Collision(internal code),Rain,Dark,Wet,Major Arterial,FALSE,-79.19246314,43.76696975038166,1,Automobile or Station Wagon,East,1,65,None,Lap and Shoulder Belt,Driving properly,Normal,,,Going Ahead,,,,,driver,,Scarborough-Guildwood (24),43 Division,West Hill,FALSE,FALSE,FALSE,FALSE,FALSE,TRUE,TRUE,FALSE,FALSE,FALSE,"{""coordinates"": [[-79.1924631365142, 43.76696975038166]], ""type"": ""MultiPoint""}"
18280,2023:3000066042,2023-01-09T18:30:00,4138 LAWRENCE AVE E,,10 m West of,3,Non-Fatal Injury,Non-Intersection,No Control,Pedestrian Collision(internal code),Rain,Dark,Wet,Major Arterial,FALSE,-79.19246314,43.76696975038166,1,Automobile or Station Wagon,North,3,74,Major,No Equipment Available,,,Crossing without right-of-way (intersection),Normal,Unknown,Driver hits pedestrian at midblock,,,,pedestrian,,Scarborough-Guildwood (24),43 Division,West Hill,FALSE,FALSE,FALSE,FALSE,FALSE,TRUE,TRUE,FALSE,FALSE,FALSE,"{""coordinates"": [[-79.1924631365142, 43.76696975038166]], ""type"": ""MultiPoint""}"
18281,2023:3000066794,2023-01-09T20:37:00,JANE ST,WILSON AVE,,2,Fatal Injury,Non-Intersection,No Control,Pedestrian Collision(internal code),Rain,Dark with Artificial Lighting,Wet,Major Arterial,FALSE,-79.50874789,43.721510394629334,,Pickup Truck,South,1,57,None,,Driving properly,Normal,,,Going Ahead,,,,,driver,,York Centre (6),31 Division,Oakdale-Beverley Heights,FALSE,FALSE,FALSE,FALSE,FALSE,FALSE,TRUE,FALSE,FALSE,FALSE,"{""coordinates"": [[-79.50874789439393, 43.721510394629334]], ""type"": ""MultiPoint""}"
18282,2023:3000066794,2023-01-09T20:37:00,JANE ST,WILSON AVE,,2,Fatal Injury,Non-Intersection,No Control,Pedestrian Collision(internal code),Rain,Dark with Artificial Lighting,Wet,Major Arterial,FALSE,-79.50874789,43.721510394629334,,,West,2,62,Fatal,,,,Crossing - no traffic control,Had Been Drinking,,Driver hits pedestrian at midblock,,,,pedestrian,2,York Centre (6),31 Division,Oakdale-Beverley Heights,FALSE,FALSE,FALSE,FALSE,FALSE,FALSE,TRUE,FALSE,FALSE,FALSE,"{""coordinates"": [[-79.50874789439393, 43.721510394629334]], ""type"": ""MultiPoint""}"
18283,2023:3000103787,2023-01-14T12:50:00,51 CELESTINE DR,,5 m North of,2,Non-Fatal Injury,Non-Intersection,No Control,SMV Other,Clear,Daylight,Dry,Local,FALSE,-79.56058213,43.68975311680691,1,Automobile or Station Wagon,North,1,79,Major,Lap and Shoulder Belt,Other,Medical or Physical Disability,,,Going Ahead,,,,,driver,,Etobicoke Centre (2),23 Division,Willowridge-Martingrove-Richview,FALSE,FALSE,FALSE,FALSE,FALSE,TRUE,FALSE,FALSE,FALSE,FALSE,"{""coordinates"": [[-79.56058212584821, 43.68975311680691]], ""type"": ""MultiPoint""}"
18284,2023:3000103787,2023-01-14T12:50:00,51 CELESTINE DR,,5 m North of,2,Non-Fatal Injury,Non-Intersection,No Control,SMV Other,Clear,Daylight,Dry,Local,FALSE,-79.56058213,43.68975311680691,1,,North,2,78,Minimal,Lap and Shoulder Belt,,,,,,,,,,passenger,,Etobicoke Centre (2),23 Division,Willowridge-Martingrove-Richview,FALSE,FALSE,FALSE,FALSE,FALSE,TRUE,FALSE,FALSE,FALSE,FALSE,"{""coordinates"": [[-79.56058212584821, 43.68975311680691]], ""type"": ""MultiPoint""}"
18285,2023:3000104809,2023-01-14T15:18:00,MCCOWAN RD,BELLECHASSE ST,26 m North of,3,Non-Fatal Injury,Non-Intersection,No Control,Pedestrian Collision(internal code),Clear,Daylight,Dry,Major Arterial,FALSE,-79.24736434,43.761366014265086,1,Automobile or Station Wagon,North,1,38,None,Lap and Shoulder Belt,Lost control,Inattentive,,,Going Ahead,,,,,driver,,Scarborough-Guildwood (24),43 Division,Woburn North,FALSE,TRUE,FALSE,FALSE,FALSE,FALSE,TRUE,FALSE,FALSE,FALSE,"{""coordinates"": [[-79.247364339706, 43.761366014265086]], ""type"": ""MultiPoint""}"