_id,collision_id,accdate,stname1,stname2,stname3,per_inv,acclass,accloc,traffictl,impactype,visible,light,rdsfcond,road_class,failtorem,longitude,latitude,veh_no,vehtype,initdir,per_no,invage,injury,safequip,drivact,drivcond,pedact,pedcond,manoeuvre,pedtype,cyclistype,cycact,cyccond,road_user,fatal_no,wardname,division,neighbourhood,aggressive,distracted,cyclist,motorcyclist,other_micromobility,older_adult,pedestrian,red_light,school_child,heavy_truck,geometry
18420,2023:3001037077,2023-05-09T15:31:00,BANBURY RD,YORK MILLS RD,,2,Non-Fatal Injury,Intersection-Related,Traffic Signal,Reversing,Clear,Daylight,Dry,Collector,FALSE,-79.36545994,43.75249698815418,1,,,2,11,Major,Use Unknown,,,Crossing without right-of-way (intersection),Normal,,Driver going straight hits pedestrian crossing without right-of-way (at intersection),,,,pedestrian,,Don Valley West (15),33 Division,Banbury-Don Mills,FALSE,FALSE,FALSE,FALSE,FALSE,TRUE,TRUE,FALSE,TRUE,FALSE,"{""coordinates"": [[-79.36545994269758, 43.75249698815418]], ""type"": ""MultiPoint""}"
18421,2023:3001076357,2023-05-13T22:12:00,FINCH AVE W,CHAMPAGNE DR,,2,Fatal Injury,Intersection-Related,Traffic Signal,Turning Movement,Clear,Dark with Artificial Lighting,Dry,Major Arterial,FALSE,-79.47144002,43.767755906097776,1,Motorcycle,East,1,55,Fatal,,,,,,Going Ahead,,,,,motorcyclist,12,York Centre (6),32 Division,York University Heights,TRUE,FALSE,FALSE,TRUE,FALSE,FALSE,FALSE,FALSE,FALSE,FALSE,"{""coordinates"": [[-79.47144002180725, 43.767755906097776]], ""type"": ""MultiPoint""}"
18422,2023:3001076357,2023-05-13T22:12:00,FINCH AVE W,CHAMPAGNE DR,,2,Fatal Injury,Intersection-Related,Traffic Signal,Turning Movement,Clear,Dark with Artificial Lighting,Dry,Major Arterial,FALSE,-79.47144002,43.767755906097776,2,Automobile or Station Wagon,West,2,41,Minor,,Failed to yield right-of-way,Normal,,,Turning Left,,,,,driver,,York Centre (6),32 Division,York University Heights,TRUE,FALSE,FALSE,TRUE,FALSE,FALSE,FALSE,FALSE,FALSE,FALSE,"{""coordinates"": [[-79.47144002180725, 43.767755906097776]], ""type"": ""MultiPoint""}"
18423,2023:3001160562,2023-05-23T17:33:00,YORKWOODS GT,JANE ST,7 m West of,2,Non-Fatal Injury,Intersection-Related,Traffic Signal,Turning Movement,Clear,Daylight,Dry,Collector,FALSE,-79.51601103,43.750727154409276,1,Automobile or Station Wagon,East,1,69,Minor,Lap and Shoulder Belt,Failed to yield right-of-way,Other Condition,,,Turning Left,,,,,driver,,Humber River-Black Creek (7),31 Division,Glenfield-Jane Heights,TRUE,FALSE,FALSE,TRUE,FALSE,TRUE,FALSE,FALSE,FALSE,FALSE,"{""coordinates"": [[-79.51601103358259, 43.750727154409276]], ""type"": ""MultiPoint""}"
18424,2023:3001160562,2023-05-23T17:33:00,YORKWOODS GT,JANE ST,7 m West of,2,Non-Fatal Injury,Intersection-Related,Traffic Signal,Turning Movement,Clear,Daylight,Dry,Collector,FALSE,-79.51601103,43.750727154409276,2,Motorcycle,North,2,27,Major,Helmet,Driving properly,Normal,,,Going Ahead,,,,,motorcyclist,,Humber River-Black Creek (7),31 Division,Glenfield-Jane Heights,TRUE,FALSE,FALSE,TRUE,FALSE,TRUE,FALSE,FALSE,FALSE,FALSE,"{""coordinates"": [[-79.51601103358259, 43.750727154409276]], ""type"": ""MultiPoint""}"
18425,2023:3001165167,2023-05-24T08:30:00,AVENUE RD,BERNARD AVE,20 m East of,2,Non-Fatal Injury,Intersection-Related,Stop Sign,Reversing,Clear,Daylight with Artificial Lighting,Dry,Major Arterial,FALSE,-79.39627524,43.674005835021795,1,Automobile or Station Wagon,East,1,39,None,Lap and Shoulder Belt,,Unknown,,,Turning Left,,,,,driver,,University-Rosedale (11),53 Division,Annex,FALSE,FALSE,FALSE,FALSE,FALSE,TRUE,TRUE,FALSE,FALSE,FALSE,"{""coordinates"": [[-79.39627524039823, 43.674005835021795]], ""type"": ""MultiPoint""}"
18426,2023:3001165167,2023-05-24T08:30:00,AVENUE RD,BERNARD AVE,20 m East of,2,Non-Fatal Injury,Intersection-Related,Stop Sign,Reversing,Clear,Daylight with Artificial Lighting,Dry,Major Arterial,FALSE,-79.39627524,43.674005835021795,1,,West,2,74,Major,No Equipment Available,,,Crossing without right-of-way (intersection),Normal,,Driver hits pedestrian at midblock,,,,pedestrian,,University-Rosedale (11),53 Division,Annex,FALSE,FALSE,FALSE,FALSE,FALSE,TRUE,TRUE,FALSE,FALSE,FALSE,"{""coordinates"": [[-79.39627524039823, 43.674005835021795]], ""type"": ""MultiPoint""}"
18427,2023:3001181189,2023-05-26T00:50:00,STEELES AV WEST,JANE ST,,1,Non-Fatal Injury,Intersection-Related,Traffic Signal,Cyclist Collision,Clear,Dark with Artificial Lighting,Dry,Major Shoreline,FALSE,-79.52173306,43.77533195112312,2,Bicycle,East,1,59,Major,No Equipment Available,,,,,Going Ahead,,Driver turns left into path of cyclist,,Unknown,cyclist,,Humber River-Black Creek (7),31 Division,Black Creek,FALSE,FALSE,TRUE,FALSE,FALSE,FALSE,FALSE,FALSE,FALSE,FALSE,"{""coordinates"": [[-79.52173305502475, 43.77533195112312]], ""type"": ""MultiPoint""}"
18428,2023:3001193849,2023-05-27T12:37:00,FORT YORK BV,LAKE SHORE BV W,,3,Non-Fatal Injury,Intersection-Related,Traffic Signal,Reversing,Clear,Daylight,Dry,Collector,FALSE,-79.40668182,43.635488862214935,1,Motorcycle,East,1,26,None,Helmet,Improper passing,Normal,,,Going Ahead,,,,,motorcyclist,,Spadina-Fort York (10),14 Division,Fort York-Liberty Village,TRUE,FALSE,FALSE,TRUE,FALSE,FALSE,TRUE,FALSE,FALSE,FALSE,"{""coordinates"": [[-79.40668181541369, 43.635488862214935]], ""type"": ""MultiPoint""}"
18429,2023:3001193849,2023-05-27T12:37:00,FORT YORK BV,LAKE SHORE BV W,,3,Non-Fatal Injury,Intersection-Related,Traffic Signal,Reversing,Clear,Daylight,Dry,Collector,FALSE,-79.40668182,43.635488862214935,2,Automobile or Station Wagon,East,2,53,None,Lap and Shoulder Belt,Driving properly,Normal,,,Slowing or Stopping,,,,,driver,,Spadina-Fort York (10),14 Division,Fort York-Liberty Village,TRUE,FALSE,FALSE,TRUE,FALSE,FALSE,TRUE,FALSE,FALSE,FALSE,"{""coordinates"": [[-79.40668181541369, 43.635488862214935]], ""type"": ""MultiPoint""}"
18430,2023:3001193849,2023-05-27T12:37:00,FORT YORK BV,LAKE SHORE BV W,,3,Non-Fatal Injury,Intersection-Related,Traffic Signal,Reversing,Clear,Daylight,Dry,Collector,FALSE,-79.40668182,43.635488862214935,2,,,3,37,Major,No Equipment Available,,,Crossing - pedestrian crossover,Normal,,Driver going straight hits pedestrian crossing without right-of-way (at intersection),,,,pedestrian,,Spadina-Fort York (10),14 Division,Fort York-Liberty Village,TRUE,FALSE,FALSE,TRUE,FALSE,FALSE,TRUE,FALSE,FALSE,FALSE,"{""coordinates"": [[-79.40668181541369, 43.635488862214935]], ""type"": ""MultiPoint""}"
18431,2023:3001197294,2023-05-27T19:20:00,RENFORTH DR,CRENDON DR,100 m North of,5,Non-Fatal Injury,Non-Intersection,Stop Sign,Reversing,Clear,Daylight,Dry,,FALSE,-79.57352168,43.64510594112234,1,Automobile or Station Wagon,North,1,19,None,Lap and Shoulder Belt,Driving properly,Normal,,,Going Ahead,,,,,driver,,Etobicoke Centre (2),22 Division,Etobicoke West Mall,FALSE,FALSE,FALSE,FALSE,FALSE,FALSE,TRUE,FALSE,TRUE,FALSE,"{""coordinates"": [[-79.57352167945571, 43.64510594112234]], ""type"": ""MultiPoint""}"
18432,2023:3001197294,2023-05-27T19:20:00,RENFORTH DR,CRENDON DR,100 m North of,5,Non-Fatal Injury,Non-Intersection,Stop Sign,Reversing,Clear,Daylight,Dry,,FALSE,-79.57352168,43.64510594112234,1,,,4,48,None,Lap and Shoulder Belt,,,,,,,,,,passenger,,Etobicoke Centre (2),22 Division,Etobicoke West Mall,FALSE,FALSE,FALSE,FALSE,FALSE,FALSE,TRUE,FALSE,TRUE,FALSE,"{""coordinates"": [[-79.57352167945571, 43.64510594112234]], ""type"": ""MultiPoint""}"
18433,2023:3001197294,2023-05-27T19:20:00,RENFORTH DR,CRENDON DR,100 m North of,5,Non-Fatal Injury,Non-Intersection,Stop Sign,Reversing,Clear,Daylight,Dry,,FALSE,-79.57352168,43.64510594112234,1,,,2,16,None,Lap and Shoulder Belt,,,,,,,,,,passenger,,Etobicoke Centre (2),22 Division,Etobicoke West Mall,FALSE,FALSE,FALSE,FALSE,FALSE,FALSE,TRUE,FALSE,TRUE,FALSE,"{""coordinates"": [[-79.57352167945571, 43.64510594112234]], ""type"": ""MultiPoint""}"
18434,2023:3001197294,2023-05-27T19:20:00,RENFORTH DR,CRENDON DR,100 m North of,5,Non-Fatal Injury,Non-Intersection,Stop Sign,Reversing,Clear,Daylight,Dry,,FALSE,-79.57352168,43.64510594112234,1,,,5,8,Major,Use Unknown,,,Crossing without right-of-way (intersection),Normal,,Driver hits pedestrian at midblock,,,,pedestrian,,Etobicoke Centre (2),22 Division,Etobicoke West Mall,FALSE,FALSE,FALSE,FALSE,FALSE,FALSE,TRUE,FALSE,TRUE,FALSE,"{""coordinates"": [[-79.57352167945571, 43.64510594112234]], ""type"": ""MultiPoint""}"
18435,2023:3001197294,2023-05-27T19:20:00,RENFORTH DR,CRENDON DR,100 m North of,5,Non-Fatal Injury,Non-Intersection,Stop Sign,Reversing,Clear,Daylight,Dry,,FALSE,-79.57352168,43.64510594112234,1,,,3,50,None,Lap and Shoulder Belt,,,,,,,,,,passenger,,Etobicoke Centre (2),22 Division,Etobicoke West Mall,FALSE,FALSE,FALSE,FALSE,FALSE,FALSE,TRUE,FALSE,TRUE,FALSE,"{""coordinates"": [[-79.57352167945571, 43.64510594112234]], ""type"": ""MultiPoint""}"
18436,2023:3001202915,2023-05-28T13:30:00,GREENHOLM CRCT,LAWRENCE AVE E,GREENCREST CRCT,2,Fatal Injury,At Intersection,Traffic Signal,Turning Movement,Clear,Daylight,Dry,Major Arterial,FALSE,-79.22295024,43.76024065,2,Automobile or Station Wagon,West,2,53,None,,Failed to yield right-of-way,Normal,,,Turning Left,,,,,driver,,Scarborough-Guildwood (24),43 Division,Golfdale-Cedarbrae-Woburn,TRUE,FALSE,FALSE,TRUE,FALSE,FALSE,FALSE,FALSE,FALSE,FALSE,"{""coordinates"": [[-79.22295024413532, 43.7602406536666]], ""type"": ""MultiPoint""}"
18437,2023:3001202915,2023-05-28T13:30:00,GREENHOLM CRCT,LAWRENCE AVE E,GREENCREST CRCT,2,Fatal Injury,At Intersection,Traffic Signal,Turning Movement,Clear,Daylight,Dry,Major Arterial,FALSE,-79.22295024,43.76024065,1,Motorcycle,East,1,24,Fatal,,Speed too fast for conditions,Other Condition,,,Going Ahead,,,,,motorcyclist,13,Scarborough-Guildwood (24),43 Division,Golfdale-Cedarbrae-Woburn,TRUE,FALSE,FALSE,TRUE,FALSE,FALSE,FALSE,FALSE,FALSE,FALSE,"{""coordinates"": [[-79.22295024413532, 43.7602406536666]], ""type"": ""MultiPoint""}"
18438,2023:3001204708,2023-05-28T17:06:00,KEELE ST,SHEPPARD AV W,24 m West of,3,Non-Fatal Injury,Non-Intersection,No Control,Reversing,Clear,Daylight,Dry,Major Arterial,FALSE,-79.4867065,43.74473423332782,1,,North,3,49,Major,Use Unknown,,,Crossing without right-of-way (intersection),Normal,,Driver hits pedestrian at midblock,,,,pedestrian,,York Centre (6),31 Division,Downsview,FALSE,FALSE,FALSE,FALSE,FALSE,FALSE,TRUE,FALSE,FALSE,FALSE,"{""coordinates"": [[-79.48670649714843, 43.74473423332782]], ""type"": ""MultiPoint""}"
18439,2023:3001204708,2023-05-28T17:06:00,KEELE ST,SHEPPARD AV W,24 m West of,3,Non-Fatal Injury,Non-Intersection,No Control,Reversing,Clear,Daylight,Dry,Major Arterial,FALSE,-79.4867065,43.74473423332782,1,Automobile or Station Wagon,,1,36,None,Lap and Shoulder Belt,,,,,,,,,,passenger,,York Centre (6),31 Division,Downsview,FALSE,FALSE,FALSE,FALSE,FALSE,FALSE,TRUE,FALSE,FALSE,FALSE,"{""coordinates"": [[-79.48670649714843, 43.74473423332782]], ""type"": ""MultiPoint""}"
18440,2023:3001204708,2023-05-28T17:06:00,KEELE ST,SHEPPARD AV W,24 m West of,3,Non-Fatal Injury,Non-Intersection,No Control,Reversing,Clear,Daylight,Dry,Major Arterial,FALSE,-79.4867065,43.74473423332782,1,Automobile or Station Wagon,East,2,36,None,Lap and Shoulder Belt,Driving properly,Normal,,,Going Ahead,,,,,driver,,York Centre (6),31 Division,Downsview,FALSE,FALSE,FALSE,FALSE,FALSE,FALSE,TRUE,FALSE,FALSE,FALSE,"{""coordinates"": [[-79.48670649714843, 43.74473423332782]], ""type"": ""MultiPoint""}"
18441,2023:3001205970,2023-05-28T19:27:00,SCARLETT RD,LOCKHEED BLVD,,3,Fatal Injury,At Intersection,No Control,Cyclist Collision,Clear,Daylight,Dry,Major Arterial,FALSE,-79.52503671,43.69963695041989,2,Automobile or Station Wagon,North,3,24,None,,,,,,,,,,,passenger,,Etobicoke Centre (2),23 Division,Humber Heights-Westmount,FALSE,FALSE,TRUE,FALSE,FALSE,FALSE,FALSE,FALSE,FALSE,FALSE,"{""coordinates"": [[-79.52503671286166, 43.69963695041989]], ""type"": ""MultiPoint""}"
18442,2023:3001205970,2023-05-28T19:27:00,SCARLETT RD,LOCKHEED BLVD,,3,Fatal Injury,At Intersection,No Control,Cyclist Collision,Clear,Daylight,Dry,Major Arterial,FALSE,-79.52503671,43.69963695041989,2,Automobile or Station Wagon,North,2,24,None,,Other,Normal,,,Changing Lanes,,,,,driver,,Etobicoke Centre (2),23 Division,Humber Heights-Westmount,FALSE,FALSE,TRUE,FALSE,FALSE,FALSE,FALSE,FALSE,FALSE,FALSE,"{""coordinates"": [[-79.52503671286166, 43.69963695041989]], ""type"": ""MultiPoint""}"
18443,2023:3001985783,2023-08-25T17:57:00,KINGSTON RD,MANSE RD,,4,Non-Fatal Injury,Intersection-Related,Traffic Signal,Turning Movement,Clear,Daylight,Dry,Major Arterial,FALSE,-79.17794437,43.77486235,2,,,3,17,None,Lap and Shoulder Belt,,,,,,,,,,passenger,,Scarborough-Rouge Park (25),43 Division,West Hill,FALSE,FALSE,FALSE,FALSE,FALSE,TRUE,FALSE,FALSE,TRUE,FALSE,"{""coordinates"": [[-79.17794437338408, 43.7748623464089]], ""type"": ""MultiPoint""}"
18444,2023:3001205970,2023-05-28T19:27:00,SCARLETT RD,LOCKHEED BLVD,,3,Fatal Injury,At Intersection,No Control,Cyclist Collision,Clear,Daylight,Dry,Major Arterial,FALSE,-79.52503671,43.69963695041989,1,Bicycle,North,1,32,Fatal,,,,,,Turning Left,,Sideswipe with cyclist and driver travelling in same direction,Other,Normal,cyclist,14,Etobicoke Centre (2),23 Division,Humber Heights-Westmount,FALSE,FALSE,TRUE,FALSE,FALSE,FALSE,FALSE,FALSE,FALSE,FALSE,"{""coordinates"": [[-79.52503671286166, 43.69963695041989]], ""type"": ""MultiPoint""}"
18445,2023:3001211034,2023-05-29T11:26:00,BLOOR ST E,SHERBOURNE ST,25 m West of,2,Non-Fatal Injury,Intersection-Related,Traffic Signal,Other,Clear,Daylight,Dry,Major Arterial,FALSE,-79.3771178,43.67230445304438,2,Bicycle,East,2,47,Major,Helmet,,,,,Going Ahead,,Sideswipe with cyclist and driver travelling in same direction,Driving Properly,Normal,cyclist,,Toronto Centre (13),51 Division,North St.James Town,FALSE,FALSE,TRUE,FALSE,FALSE,TRUE,FALSE,FALSE,FALSE,FALSE,"{""coordinates"": [[-79.3771177970343, 43.67230445304438]], ""type"": ""MultiPoint""}"
18446,2023:3001211034,2023-05-29T11:26:00,BLOOR ST E,SHERBOURNE ST,25 m West of,2,Non-Fatal Injury,Intersection-Related,Traffic Signal,Other,Clear,Daylight,Dry,Major Arterial,FALSE,-79.3771178,43.67230445304438,1,Automobile or Station Wagon,East,1,76,None,Lap and Shoulder Belt,Improper lane change,Other Condition,,,Changing Lanes,,,,,driver,,Toronto Centre (13),51 Division,North St.James Town,FALSE,FALSE,TRUE,FALSE,FALSE,TRUE,FALSE,FALSE,FALSE,FALSE,"{""coordinates"": [[-79.3771177970343, 43.67230445304438]], ""type"": ""MultiPoint""}"
18447,2023:3001211390,2023-05-29T12:11:00,ORIOLE PKWY,GORMLEY AVE,10 m South of,2,Non-Fatal Injury,Non-Intersection,No Control,Other,Clear,Daylight,Dry,Major Arterial,FALSE,-79.40124959,43.692102761144625,1,Automobile or Station Wagon,North,1,79,Major,Lap and Shoulder Belt,Lost control,Fatigue/Fell Asleep,,,Changing Lanes,,,,,driver,,Toronto-St. Paul's (12),53 Division,Yonge-St.Clair,FALSE,FALSE,FALSE,FALSE,FALSE,TRUE,FALSE,FALSE,FALSE,FALSE,"{""coordinates"": [[-79.40124958650124, 43.692102761144625]], ""type"": ""MultiPoint""}"
18448,2023:3001211390,2023-05-29T12:11:00,ORIOLE PKWY,GORMLEY AVE,10 m South of,2,Non-Fatal Injury,Non-Intersection,No Control,Other,Clear,Daylight,Dry,Major Arterial,FALSE,-79.40124959,43.692102761144625,2,Automobile or Station Wagon,North,2,69,None,Lap and Shoulder Belt,Driving properly,Normal,,,Going Ahead,,,,,driver,,Toronto-St. Paul's (12),53 Division,Yonge-St.Clair,FALSE,FALSE,FALSE,FALSE,FALSE,TRUE,FALSE,FALSE,FALSE,FALSE,"{""coordinates"": [[-79.40124958650124, 43.692102761144625]], ""type"": ""MultiPoint""}"
18449,2023:3001223136,2023-05-30T15:12:00,HOLLAND PARK AV,OAKWOOD AV,,2,Non-Fatal Injury,Intersection-Related,Stop Sign,Reversing,Clear,Daylight,Dry,Local,FALSE,-79.43838956,43.686376953972406,1,,,2,58,Major,No Equipment Available,,,Crossing - pedestrian crossover,Normal,,Driver turns left into pedestrian crossing with right-of-way (at intersection),,,,pedestrian,,Toronto-St. Paul's (12),13 Division,Oakwood Village,TRUE,FALSE,FALSE,FALSE,FALSE,FALSE,TRUE,FALSE,FALSE,FALSE,"{""coordinates"": [[-79.43838955712704, 43.686376953972406]], ""type"": ""MultiPoint""}"
18450,2023:3001223136,2023-05-30T15:12:00,HOLLAND PARK AV,OAKWOOD AV,,2,Non-Fatal Injury,Intersection-Related,Stop Sign,Reversing,Clear,Daylight,Dry,Local,FALSE,-79.43838956,43.686376953972406,1,Pickup Truck,East,1,56,None,Lap and Shoulder Belt,Failed to yield right-of-way,Normal,,,Turning Left,,,,,driver,,Toronto-St. Paul's (12),13 Division,Oakwood Village,TRUE,FALSE,FALSE,FALSE,FALSE,FALSE,TRUE,FALSE,FALSE,FALSE,"{""coordinates"": [[-79.43838955712704, 43.686376953972406]], ""type"": ""MultiPoint""}"
18451,2023:3001224496,2023-05-30T17:23:00,DANFORTH AV,VICTORIA PARK AV,22 m North of,2,Non-Fatal Injury,Intersection-Related,Traffic Signal,,Clear,Daylight,Dry,Major Arterial,FALSE,-79.28836486,43.691229039248526,2,Bicycle,North,2,64,Major,Helmet,,,,,Going Ahead,,Sideswipe with cyclist and driver travelling in same direction,Other,Unknown,cyclist,,Beaches-East York (19),55 Division,Taylor-Massey,FALSE,FALSE,TRUE,FALSE,FALSE,FALSE,FALSE,FALSE,FALSE,TRUE,"{""coordinates"": [[-79.2883648582105, 43.691229039248526]], ""type"": ""MultiPoint""}"
18452,2023:3001224496,2023-05-30T17:23:00,DANFORTH AV,VICTORIA PARK AV,22 m North of,2,Non-Fatal Injury,Intersection-Related,Traffic Signal,,Clear,Daylight,Dry,Major Arterial,FALSE,-79.28836486,43.691229039248526,1,Municipal Transit Bus (TTC),North,1,34,None,Lap and Shoulder Belt,Other,Normal,,,Going Ahead,,,,,driver,,Beaches-East York (19),55 Division,Taylor-Massey,FALSE,FALSE,TRUE,FALSE,FALSE,FALSE,FALSE,FALSE,FALSE,TRUE,"{""coordinates"": [[-79.2883648582105, 43.691229039248526]], ""type"": ""MultiPoint""}"
18453,2023:3001239733,2023-06-01T07:44:00,REXDALE BV,QUEEN'S PLATE DR,,3,Non-Fatal Injury,Intersection-Related,Traffic Signal,Reversing,Clear,Daylight,Dry,Major Arterial,FALSE,-79.5925798,43.71653613,1,,North,3,14,Major,No Equipment Available,,,Crossing without right-of-way (intersection),Other Condition,,Driver going straight hits pedestrian crossing without right-of-way (at intersection),,,,pedestrian,,Etobicoke North (1),23 Division,West Humber-Clairville,FALSE,FALSE,FALSE,FALSE,FALSE,FALSE,TRUE,FALSE,TRUE,TRUE,"{""coordinates"": [[-79.59257979703376, 43.7165361278193]], ""type"": ""MultiPoint""}"
18454,2023:3001239733,2023-06-01T07:44:00,REXDALE BV,QUEEN'S PLATE DR,,3,Non-Fatal Injury,Intersection-Related,Traffic Signal,Reversing,Clear,Daylight,Dry,Major Arterial,FALSE,-79.5925798,43.71653613,1,Truck - Tractor,East,1,54,None,Lap and Shoulder Belt,Driving properly,Normal,,,Going Ahead,,,,,driver,,Etobicoke North (1),23 Division,West Humber-Clairville,FALSE,FALSE,FALSE,FALSE,FALSE,FALSE,TRUE,FALSE,TRUE,TRUE,"{""coordinates"": [[-79.59257979703376, 43.7165361278193]], ""type"": ""MultiPoint""}"
18455,2023:3001239733,2023-06-01T07:44:00,REXDALE BV,QUEEN'S PLATE DR,,3,Non-Fatal Injury,Intersection-Related,Traffic Signal,Reversing,Clear,Daylight,Dry,Major Arterial,FALSE,-79.5925798,43.71653613,1,,East,2,35,None,Lap and Shoulder Belt,,,,,,,,,,passenger,,Etobicoke North (1),23 Division,West Humber-Clairville,FALSE,FALSE,FALSE,FALSE,FALSE,FALSE,TRUE,FALSE,TRUE,TRUE,"{""coordinates"": [[-79.59257979703376, 43.7165361278193]], ""type"": ""MultiPoint""}"
18456,2023:3001254670,2023-06-02T14:48:00,MARLEE AVE,GLENCAIRN AVE,70 m North of,2,Non-Fatal Injury,Non-Intersection,No Control,Reversing,Clear,Daylight,Dry,Major Arterial,FALSE,-79.44381403,43.70899810814987,1,,,2,49,Major,No Equipment Available,,,Crossing - no traffic control,Normal,,Driver hits pedestrian at midblock,,,,pedestrian,,Eglinton-Lawrence (8),13 Division,Yorkdale-Glen Park,FALSE,FALSE,FALSE,FALSE,FALSE,FALSE,TRUE,FALSE,FALSE,FALSE,"{""coordinates"": [[-79.44381402848109, 43.70899810814987]], ""type"": ""MultiPoint""}"
18457,2023:3001254670,2023-06-02T14:48:00,MARLEE AVE,GLENCAIRN AVE,70 m North of,2,Non-Fatal Injury,Non-Intersection,No Control,Reversing,Clear,Daylight,Dry,Major Arterial,FALSE,-79.44381403,43.70899810814987,1,Automobile or Station Wagon,North,1,33,None,Lap and Shoulder Belt,Driving properly,Normal,,,Going Ahead,,,,,driver,,Eglinton-Lawrence (8),13 Division,Yorkdale-Glen Park,FALSE,FALSE,FALSE,FALSE,FALSE,FALSE,TRUE,FALSE,FALSE,FALSE,"{""coordinates"": [[-79.44381402848109, 43.70899810814987]], ""type"": ""MultiPoint""}"
18458,2023:3001255637,2023-06-02T16:15:00,CHUDLEIGH AV,DUPLEX AV,2 m East of,2,Non-Fatal Injury,Intersection-Related,Stop Sign,Cyclist Collision,Clear,Daylight,Dry,Major Arterial Ramp,FALSE,-79.40536179,43.72339853468364,1,Automobile or Station Wagon,South,1,68,None,Lap and Shoulder Belt,Driving properly,Normal,,,Going Ahead,,,,,driver,,Eglinton-Lawrence (8),53 Division,Lawrence Park South,FALSE,FALSE,TRUE,FALSE,FALSE,TRUE,FALSE,FALSE,FALSE,FALSE,"{""coordinates"": [[-79.40536178813659, 43.72339853468364]], ""type"": ""MultiPoint""}"
18459,2023:3001255637,2023-06-02T16:15:00,CHUDLEIGH AV,DUPLEX AV,2 m East of,2,Non-Fatal Injury,Intersection-Related,Stop Sign,Cyclist Collision,Clear,Daylight,Dry,Major Arterial Ramp,FALSE,-79.40536179,43.72339853468364,2,Bicycle,West,2,48,Major,Helmet,,,,,Going Ahead,,"Cyclist without right-of-way rides into path of driver (at intersection, laneway, or driveway)",Failed to Yield Right of Way,,cyclist,,Eglinton-Lawrence (8),53 Division,Lawrence Park South,FALSE,FALSE,TRUE,FALSE,FALSE,TRUE,FALSE,FALSE,FALSE,FALSE,"{""coordinates"": [[-79.40536178813659, 43.72339853468364]], ""type"": ""MultiPoint""}"
18460,2023:3001255752,2023-06-02T16:25:00,BLEECKER ST,WELLESLEY ST E,,2,Non-Fatal Injury,At Intersection,,SMV Other,Clear,Daylight,Dry,Minor Arterial,FALSE,-79.37373033,43.66730056479819,1,Automobile or Station Wagon,West,1,33,None,Lap and Shoulder Belt,Failed to yield right-of-way,Normal,,,Turning Right,,,,,driver,,Toronto Centre (13),51 Division,Cabbagetown-South St.James Town,TRUE,FALSE,FALSE,FALSE,TRUE,FALSE,FALSE,FALSE,FALSE,FALSE,"{""coordinates"": [[-79.37373033282289, 43.66730056479819]], ""type"": ""MultiPoint""}"
18461,2023:3001985783,2023-08-25T17:57:00,KINGSTON RD,MANSE RD,,4,Non-Fatal Injury,Intersection-Related,Traffic Signal,Turning Movement,Clear,Daylight,Dry,Major Arterial,FALSE,-79.17794437,43.77486235,2,,,4,2,Minimal,Lap and Shoulder Belt,,,,,,,,,,passenger,,Scarborough-Rouge Park (25),43 Division,West Hill,FALSE,FALSE,FALSE,FALSE,FALSE,TRUE,FALSE,FALSE,TRUE,FALSE,"{""coordinates"": [[-79.17794437338408, 43.7748623464089]], ""type"": ""MultiPoint""}"
18462,2023:3001255752,2023-06-02T16:25:00,BLEECKER ST,WELLESLEY ST E,,2,Non-Fatal Injury,At Intersection,,SMV Other,Clear,Daylight,Dry,Minor Arterial,FALSE,-79.37373033,43.66730056479819,2,E-Scooter (Electric Kick-Style Scooter),West,2,30,Major,Helmet,,,,,Going Ahead,,"Driver turns right at non-signalized intersection (e.g. stop, yield, no control, driveway) and hits cyclist",Driving Properly,Normal,other_micromobility,,Toronto Centre (13),51 Division,Cabbagetown-South St.James Town,TRUE,FALSE,FALSE,FALSE,TRUE,FALSE,FALSE,FALSE,FALSE,FALSE,"{""coordinates"": [[-79.37373033282289, 43.66730056479819]], ""type"": ""MultiPoint""}"
18463,2023:3001259368,2023-06-02T22:00:00,STEELES AVE E,Bluffwood Dr,61 m East of,2,Non-Fatal Injury,Non-Intersection,No Control,Reversing,Clear,Dark,Dry,Major Arterial,FALSE,-79.37533997,43.80787877265501,1,,,2,62,Major,Helmet,,,Walking on roadway with traffic,Normal,,Other,,,,pedestrian,,Don Valley North (17),33 Division,,FALSE,FALSE,FALSE,FALSE,FALSE,FALSE,TRUE,FALSE,FALSE,FALSE,"{""coordinates"": [[-79.37533996779935, 43.80787877265501]], ""type"": ""MultiPoint""}"
18464,2023:3001259368,2023-06-02T22:00:00,STEELES AVE E,Bluffwood Dr,61 m East of,2,Non-Fatal Injury,Non-Intersection,No Control,Reversing,Clear,Dark,Dry,Major Arterial,FALSE,-79.37533997,43.80787877265501,1,Automobile or Station Wagon,West,1,57,None,Use Unknown,Driving properly,Normal,,,Going Ahead,,,,,driver,,Don Valley North (17),33 Division,,FALSE,FALSE,FALSE,FALSE,FALSE,FALSE,TRUE,FALSE,FALSE,FALSE,"{""coordinates"": [[-79.37533996779935, 43.80787877265501]], ""type"": ""MultiPoint""}"
18465,2023:3001266373,2023-06-03T17:50:00,Dufferin St,OVERBROOK PL,,2,Non-Fatal Injury,Intersection-Related,Traffic Signal,Reversing,Clear,Daylight,Dry,Major Arterial,FALSE,-79.46518392,43.76104966199491,1,,East,2,14,Minor,Use Unknown,,,Crossing without right-of-way (intersection),Normal,,Driver going straight hits pedestrian crossing without right-of-way (at intersection),,,,pedestrian,,York Centre (6),32 Division,Bathurst Manor,FALSE,FALSE,FALSE,TRUE,FALSE,FALSE,TRUE,FALSE,TRUE,FALSE,"{""coordinates"": [[-79.4651839160368, 43.76104966199491]], ""type"": ""MultiPoint""}"