_id,collision_id,accdate,stname1,stname2,stname3,per_inv,acclass,accloc,traffictl,impactype,visible,light,rdsfcond,road_class,failtorem,longitude,latitude,veh_no,vehtype,initdir,per_no,invage,injury,safequip,drivact,drivcond,pedact,pedcond,manoeuvre,pedtype,cyclistype,cycact,cyccond,road_user,fatal_no,wardname,division,neighbourhood,aggressive,distracted,cyclist,motorcyclist,other_micromobility,older_adult,pedestrian,red_light,school_child,heavy_truck,geometry
18466,2023:3001266373,2023-06-03T17:50:00,Dufferin St,OVERBROOK PL,,2,Non-Fatal Injury,Intersection-Related,Traffic Signal,Reversing,Clear,Daylight,Dry,Major Arterial,FALSE,-79.46518392,43.76104966199491,1,Motorcycle,North,1,51,Major,Helmet,,Unknown,,,Going Ahead,,,,,motorcyclist,,York Centre (6),32 Division,Bathurst Manor,FALSE,FALSE,FALSE,TRUE,FALSE,FALSE,TRUE,FALSE,TRUE,FALSE,"{""coordinates"": [[-79.4651839160368, 43.76104966199491]], ""type"": ""MultiPoint""}"
18467,2023:3001266525,2023-06-03T18:09:00,DUNDAS ST E,LOGAN AV,2 m East of,2,Non-Fatal Injury,Intersection-Related,Traffic Signal,Cyclist Collision,Clear,Daylight,Dry,Minor Arterial,FALSE,-79.3438307,43.66393114601529,2,Bicycle,West,2,28,Major,Helmet,,,,,Going Ahead,,"Driver without right-of-way drives into path of cyclist (at intersection, laneway, or driveway)",Driving Properly,Normal,cyclist,,Toronto-Danforth (14),55 Division,South Riverdale,FALSE,FALSE,TRUE,FALSE,FALSE,FALSE,FALSE,FALSE,FALSE,FALSE,"{""coordinates"": [[-79.34383069751875, 43.66393114601529]], ""type"": ""MultiPoint""}"
18468,2023:3001266525,2023-06-03T18:09:00,DUNDAS ST E,LOGAN AV,2 m East of,2,Non-Fatal Injury,Intersection-Related,Traffic Signal,Cyclist Collision,Clear,Daylight,Dry,Minor Arterial,FALSE,-79.3438307,43.66393114601529,1,Automobile or Station Wagon,East,1,64,None,Lap and Shoulder Belt,Improper turn,Other Condition,,,Turning Left,,,,,driver,,Toronto-Danforth (14),55 Division,South Riverdale,FALSE,FALSE,TRUE,FALSE,FALSE,FALSE,FALSE,FALSE,FALSE,FALSE,"{""coordinates"": [[-79.34383069751875, 43.66393114601529]], ""type"": ""MultiPoint""}"
18469,2023:3001278941,2023-06-05T07:45:00,WESTON RD,OAK ST,,3,Non-Fatal Injury,Intersection-Related,Traffic Signal,Approaching Head On,Clear,Daylight,Dry,Major Arterial,FALSE,-79.53358926,43.70778896413836,1,Automobile or Station Wagon,South,1,28,Major,Use Unknown,Improper passing,Unknown,,,Going Ahead,,,,,driver,,York South-Weston (5),12 Division,Weston,TRUE,FALSE,FALSE,FALSE,FALSE,FALSE,FALSE,FALSE,FALSE,TRUE,"{""coordinates"": [[-79.53358925994003, 43.70778896413836]], ""type"": ""MultiPoint""}"
18470,2023:3001278941,2023-06-05T07:45:00,WESTON RD,OAK ST,,3,Non-Fatal Injury,Intersection-Related,Traffic Signal,Approaching Head On,Clear,Daylight,Dry,Major Arterial,FALSE,-79.53358926,43.70778896413836,2,Truck - Open (Flatbed),North,2,57,Minor,Lap and Shoulder Belt,Driving properly,Normal,,,Going Ahead,,,,,driver,,York South-Weston (5),12 Division,Weston,TRUE,FALSE,FALSE,FALSE,FALSE,FALSE,FALSE,FALSE,FALSE,TRUE,"{""coordinates"": [[-79.53358925994003, 43.70778896413836]], ""type"": ""MultiPoint""}"
18471,2023:3001278941,2023-06-05T07:45:00,WESTON RD,OAK ST,,3,Non-Fatal Injury,Intersection-Related,Traffic Signal,Approaching Head On,Clear,Daylight,Dry,Major Arterial,FALSE,-79.53358926,43.70778896413836,3,Automobile or Station Wagon,South,3,29,None,Lap and Shoulder Belt,Driving properly,Normal,,,Stopped,,,,,driver,,York South-Weston (5),12 Division,Weston,TRUE,FALSE,FALSE,FALSE,FALSE,FALSE,FALSE,FALSE,FALSE,TRUE,"{""coordinates"": [[-79.53358925994003, 43.70778896413836]], ""type"": ""MultiPoint""}"
18472,2023:3001286165,2023-06-05T21:55:00,SHERBOURNE ST,EARL ST,,4,Non-Fatal Injury,Other Intersection,Pedestrian Crossover,Reversing,Clear,Dark with Artificial Lighting,Dry,Minor Arterial,FALSE,-79.37532489,43.668714821110065,1,,,3,74,None,Lap and Shoulder Belt,,,,,,,,,,passenger,,Toronto Centre (13),51 Division,North St.James Town,FALSE,FALSE,FALSE,FALSE,FALSE,TRUE,TRUE,FALSE,FALSE,FALSE,"{""coordinates"": [[-79.37532489133864, 43.668714821110065]], ""type"": ""MultiPoint""}"
18473,2023:3001286165,2023-06-05T21:55:00,SHERBOURNE ST,EARL ST,,4,Non-Fatal Injury,Other Intersection,Pedestrian Crossover,Reversing,Clear,Dark with Artificial Lighting,Dry,Minor Arterial,FALSE,-79.37532489,43.668714821110065,1,Automobile or Station Wagon,North,1,64,None,Lap and Shoulder Belt,Driving properly,Normal,,,Going Ahead,,,,,driver,,Toronto Centre (13),51 Division,North St.James Town,FALSE,FALSE,FALSE,FALSE,FALSE,TRUE,TRUE,FALSE,FALSE,FALSE,"{""coordinates"": [[-79.37532489133864, 43.668714821110065]], ""type"": ""MultiPoint""}"
18474,2023:3001286165,2023-06-05T21:55:00,SHERBOURNE ST,EARL ST,,4,Non-Fatal Injury,Other Intersection,Pedestrian Crossover,Reversing,Clear,Dark with Artificial Lighting,Dry,Minor Arterial,FALSE,-79.37532489,43.668714821110065,1,,,2,70,None,Lap and Shoulder Belt,,,,,,,,,,passenger,,Toronto Centre (13),51 Division,North St.James Town,FALSE,FALSE,FALSE,FALSE,FALSE,TRUE,TRUE,FALSE,FALSE,FALSE,"{""coordinates"": [[-79.37532489133864, 43.668714821110065]], ""type"": ""MultiPoint""}"
18475,2023:3001286165,2023-06-05T21:55:00,SHERBOURNE ST,EARL ST,,4,Non-Fatal Injury,Other Intersection,Pedestrian Crossover,Reversing,Clear,Dark with Artificial Lighting,Dry,Minor Arterial,FALSE,-79.37532489,43.668714821110065,1,,,4,68,Major,No Equipment Available,,,Crossing - pedestrian crossover,Normal,,Driver hits pedestrian at PXO/pedestrian midblock signal,,,,pedestrian,,Toronto Centre (13),51 Division,North St.James Town,FALSE,FALSE,FALSE,FALSE,FALSE,TRUE,TRUE,FALSE,FALSE,FALSE,"{""coordinates"": [[-79.37532489133864, 43.668714821110065]], ""type"": ""MultiPoint""}"
18476,2023:3001288337,2023-06-06T07:31:00,MOUNT PLEASANT BLOOR RAMP,MOUNT PLEASANT RD,,2,Fatal Injury,Laneway,Stop Sign,Reversing,Clear,Daylight,Dry,Major Arterial Ramp,FALSE,-79.37952869,43.67235786228201,,,North,1,29,Fatal,,,,Crossing with right-of-way (intersection),Normal,,Driver turns right into pedestrian crossing with right-of-way (at intersection),,,,pedestrian,15,University-Rosedale (11),53 Division,Rosedale-Moore Park,TRUE,FALSE,FALSE,FALSE,FALSE,FALSE,TRUE,FALSE,FALSE,TRUE,"{""coordinates"": [[-79.37952869022418, 43.67235786228201]], ""type"": ""MultiPoint""}"
18477,2023:3001292986,2023-06-06T16:37:00,ISLINGTON AV,TITAN RD,,2,Non-Fatal Injury,Intersection-Related,Traffic Signal,Reversing,Clear,Daylight,Dry,Major Arterial,FALSE,-79.5177355,43.630880873770565,1,,,2,0,Major,No Equipment Available,,,Crossing with right-of-way (intersection),Normal,,Driver going straight hits pedestrian crossing with right-of-way (at intersection),,,,pedestrian,,Etobicoke-Lakeshore (3),22 Division,Stonegate-Queensway,FALSE,FALSE,FALSE,FALSE,FALSE,TRUE,TRUE,FALSE,FALSE,FALSE,"{""coordinates"": [[-79.51773550012653, 43.630880873770565]], ""type"": ""MultiPoint""}"
18478,2023:3001292986,2023-06-06T16:37:00,ISLINGTON AV,TITAN RD,,2,Non-Fatal Injury,Intersection-Related,Traffic Signal,Reversing,Clear,Daylight,Dry,Major Arterial,FALSE,-79.5177355,43.630880873770565,1,Automobile or Station Wagon,North,1,69,None,Lap and Shoulder Belt,Driving properly,Normal,,,Going Ahead,,,,,driver,,Etobicoke-Lakeshore (3),22 Division,Stonegate-Queensway,FALSE,FALSE,FALSE,FALSE,FALSE,TRUE,TRUE,FALSE,FALSE,FALSE,"{""coordinates"": [[-79.51773550012653, 43.630880873770565]], ""type"": ""MultiPoint""}"
18479,2023:3001294478,2023-06-06T19:12:00,ORCHID PLACE DR,PROGRESS AVE,65 m west of,2,Non-Fatal Injury,At/Near Private Drive,No Control,Reversing,Clear,Daylight,Dry,Expressway,FALSE,-79.23539378,43.793127177246426,1,,East,2,58,Major,Use Unknown,,,On sidewalk or shoulder,Normal,,Driver hits pedestrian at private driveway,,,,pedestrian,,Scarborough North (23),42 Division,Malvern East,FALSE,FALSE,FALSE,FALSE,FALSE,FALSE,TRUE,FALSE,FALSE,FALSE,"{""coordinates"": [[-79.23539377840343, 43.793127177246426]], ""type"": ""MultiPoint""}"
18480,2023:3001294478,2023-06-06T19:12:00,ORCHID PLACE DR,PROGRESS AVE,65 m west of,2,Non-Fatal Injury,At/Near Private Drive,No Control,Reversing,Clear,Daylight,Dry,Expressway,FALSE,-79.23539378,43.793127177246426,1,Automobile or Station Wagon,West,1,60,None,Lap and Shoulder Belt,Improper turn,Normal,,,Turning Left,,,,,driver,,Scarborough North (23),42 Division,Malvern East,FALSE,FALSE,FALSE,FALSE,FALSE,FALSE,TRUE,FALSE,FALSE,FALSE,"{""coordinates"": [[-79.23539377840343, 43.793127177246426]], ""type"": ""MultiPoint""}"
18481,2023:3001301183,2023-06-07T14:11:00,SAWMILL RD,DOLORES RD,150 m South of,2,Non-Fatal Injury,Non-Intersection,No Control,SMV Other,Clear,Daylight,Dry,Local,FALSE,-79.50872496,43.747129888501064,1,,,2,39,Major,Lap and Shoulder Belt,,,,,,,,,,passenger,,Humber River-Black Creek (7),31 Division,Glenfield-Jane Heights,TRUE,FALSE,FALSE,FALSE,FALSE,FALSE,FALSE,FALSE,FALSE,TRUE,"{""coordinates"": [[-79.50872495888633, 43.747129888501064]], ""type"": ""MultiPoint""}"
18482,2023:3001301183,2023-06-07T14:11:00,SAWMILL RD,DOLORES RD,150 m South of,2,Non-Fatal Injury,Non-Intersection,No Control,SMV Other,Clear,Daylight,Dry,Local,FALSE,-79.50872496,43.747129888501064,1,Truck - Closed,North,1,60,Minor,Lap and Shoulder Belt,Speed too fast for conditions,Normal,,,Turning Right,,,,,driver,,Humber River-Black Creek (7),31 Division,Glenfield-Jane Heights,TRUE,FALSE,FALSE,FALSE,FALSE,FALSE,FALSE,FALSE,FALSE,TRUE,"{""coordinates"": [[-79.50872495888633, 43.747129888501064]], ""type"": ""MultiPoint""}"
18483,2023:3001303438,2023-06-07T18:10:00,FOREST HILL RD,HEATH ST W,,2,Non-Fatal Injury,Intersection-Related,Stop Sign,Cyclist Collision,Clear,Daylight,Dry,Collector,FALSE,-79.40385885,43.68818125701558,1,Bicycle,East,1,24,Major,No Equipment Available,,,,,Going Ahead,,"Cyclist without right-of-way rides into path of driver (at intersection, laneway, or driveway)",Disobeyed Traffic Control,Normal,cyclist,,Toronto-St. Paul's (12),53 Division,Casa Loma,FALSE,FALSE,TRUE,FALSE,FALSE,FALSE,FALSE,FALSE,FALSE,FALSE,"{""coordinates"": [[-79.40385885051354, 43.68818125701558]], ""type"": ""MultiPoint""}"
18484,2023:3001303438,2023-06-07T18:10:00,FOREST HILL RD,HEATH ST W,,2,Non-Fatal Injury,Intersection-Related,Stop Sign,Cyclist Collision,Clear,Daylight,Dry,Collector,FALSE,-79.40385885,43.68818125701558,2,Automobile or Station Wagon,North,2,49,None,Lap and Shoulder Belt,Driving properly,Normal,,,Going Ahead,,,,,driver,,Toronto-St. Paul's (12),53 Division,Casa Loma,FALSE,FALSE,TRUE,FALSE,FALSE,FALSE,FALSE,FALSE,FALSE,FALSE,"{""coordinates"": [[-79.40385885051354, 43.68818125701558]], ""type"": ""MultiPoint""}"
18485,2023:3001305596,2023-06-08T00:18:00,BATHURST ST,STADACONA DR,47 m North of,1,Non-Fatal Injury,Non-Intersection,No Control,Turning Movement,Clear,Dark with Artificial Lighting,Dry,Major Arterial,FALSE,-79.43340747,43.73491895,1,Automobile or Station Wagon,South,1,35,Major,Lap and Shoulder Belt,Improper turn,Normal,,,Making U-Turn,,,,,driver,,Eglinton-Lawrence (8),32 Division,Englemount-Lawrence,FALSE,FALSE,FALSE,FALSE,FALSE,FALSE,FALSE,FALSE,FALSE,FALSE,"{""coordinates"": [[-79.43340747260554, 43.7349189532747]], ""type"": ""MultiPoint""}"
18486,2023:3001307011,2023-06-08T07:42:00,WOODBINE AV,GERRARD ST E,,2,Non-Fatal Injury,Intersection-Related,Traffic Signal,Reversing,Clear,Daylight,Dry,Major Arterial,FALSE,-79.31072667,43.680795873712384,1,Truck - Dump,North,1,44,None,Lap and Shoulder Belt,Improper turn,,,,Turning Right,,,,,driver,,Beaches-East York (19),55 Division,East End-Danforth,FALSE,FALSE,FALSE,FALSE,FALSE,FALSE,TRUE,FALSE,FALSE,TRUE,"{""coordinates"": [[-79.310726668657, 43.680795873712384]], ""type"": ""MultiPoint""}"
18487,2023:3001307011,2023-06-08T07:42:00,WOODBINE AV,GERRARD ST E,,2,Non-Fatal Injury,Intersection-Related,Traffic Signal,Reversing,Clear,Daylight,Dry,Major Arterial,FALSE,-79.31072667,43.680795873712384,1,,,2,51,Major,No Equipment Available,,,On sidewalk or shoulder,Normal,,Transit vehicle driver hits pedestrian anywhere along roadway,,,,pedestrian,,Beaches-East York (19),55 Division,East End-Danforth,FALSE,FALSE,FALSE,FALSE,FALSE,FALSE,TRUE,FALSE,FALSE,TRUE,"{""coordinates"": [[-79.310726668657, 43.680795873712384]], ""type"": ""MultiPoint""}"
18488,2023:3001320528,2023-06-09T17:36:00,YONGE ST,GOULD ST,15 m North of,2,Non-Fatal Injury,Intersection-Related,Traffic Signal,Cyclist Collision,Clear,Daylight,Dry,Major Arterial,FALSE,-79.38132925,43.65740044011068,1,Bus - Other,North,1,45,None,Lap and Shoulder Belt,Improper passing,Normal,,,Overtaking,,,,,driver,,Toronto Centre (13),51 Division,Downtown Yonge East,TRUE,FALSE,TRUE,FALSE,FALSE,FALSE,FALSE,FALSE,FALSE,TRUE,"{""coordinates"": [[-79.38132925349515, 43.65740044011068]], ""type"": ""MultiPoint""}"
18489,2023:3001320528,2023-06-09T17:36:00,YONGE ST,GOULD ST,15 m North of,2,Non-Fatal Injury,Intersection-Related,Traffic Signal,Cyclist Collision,Clear,Daylight,Dry,Major Arterial,FALSE,-79.38132925,43.65740044011068,2,Bicycle,North,2,35,Major,No Equipment Available,,,,,Going Ahead,,"Driver without right-of-way drives into path of cyclist (at intersection, laneway, or driveway)",Driving Properly,Normal,cyclist,,Toronto Centre (13),51 Division,Downtown Yonge East,TRUE,FALSE,TRUE,FALSE,FALSE,FALSE,FALSE,FALSE,FALSE,TRUE,"{""coordinates"": [[-79.38132925349515, 43.65740044011068]], ""type"": ""MultiPoint""}"
18490,2023:3001327997,2023-06-10T14:53:00,205 CHURCH ST,Uphill Ave,2 m South of,2,Non-Fatal Injury,Non-Intersection,No Control,Reversing,Clear,Daylight,Dry,Collector,FALSE,-79.50854192,43.70858620650062,1,,,2,70,Major,Use Unknown,,,On sidewalk or shoulder,Other Condition,,Driver reversing hits pedestrian,,,,pedestrian,,York South-Weston (5),12 Division,Weston,FALSE,FALSE,FALSE,FALSE,FALSE,TRUE,TRUE,FALSE,FALSE,FALSE,"{""coordinates"": [[-79.50854192428243, 43.70858620650062]], ""type"": ""MultiPoint""}"
18491,2023:3001327997,2023-06-10T14:53:00,205 CHURCH ST,Uphill Ave,2 m South of,2,Non-Fatal Injury,Non-Intersection,No Control,Reversing,Clear,Daylight,Dry,Collector,FALSE,-79.50854192,43.70858620650062,1,Pickup Truck,North,1,84,None,Lap and Shoulder Belt,Other,Normal,,,Reversing,,,,,driver,,York South-Weston (5),12 Division,Weston,FALSE,FALSE,FALSE,FALSE,FALSE,TRUE,TRUE,FALSE,FALSE,FALSE,"{""coordinates"": [[-79.50854192428243, 43.70858620650062]], ""type"": ""MultiPoint""}"
18492,2023:3001328893,2023-06-10T16:30:00,DUPONT ST,HURON ST,,2,Non-Fatal Injury,Intersection-Related,Traffic Signal,Turning Movement,Clear,Daylight,Dry,Minor Arterial,FALSE,-79.40471336,43.67537532298767,1,Automobile or Station Wagon,North,1,47,None,Lap and Shoulder Belt,Improper turn,Normal,,,Turning Left,,,,,driver,,University-Rosedale (11),53 Division,Annex,FALSE,FALSE,FALSE,FALSE,FALSE,FALSE,FALSE,FALSE,FALSE,FALSE,"{""coordinates"": [[-79.40471336458768, 43.67537532298767]], ""type"": ""MultiPoint""}"
18493,2023:3001328893,2023-06-10T16:30:00,DUPONT ST,HURON ST,,2,Non-Fatal Injury,Intersection-Related,Traffic Signal,Turning Movement,Clear,Daylight,Dry,Minor Arterial,FALSE,-79.40471336,43.67537532298767,2,Automobile or Station Wagon,South,2,61,Major,Helmet,Driving properly,Normal,,,Going Ahead,,,,,driver,,University-Rosedale (11),53 Division,Annex,FALSE,FALSE,FALSE,FALSE,FALSE,FALSE,FALSE,FALSE,FALSE,FALSE,"{""coordinates"": [[-79.40471336458768, 43.67537532298767]], ""type"": ""MultiPoint""}"
18494,2023:3001330203,2023-06-10T18:59:00,LAWRENCE AVE E,THE DON WAY E,,2,Non-Fatal Injury,Intersection-Related,Traffic Signal,Turning Movement,Clear,Dusk with Artificial Lighting,Dry,Major Arterial,FALSE,-79.34093905,43.73770356310386,2,Motorcycle,East,2,25,Major,Helmet,Driving properly,Normal,,,Going Ahead,,,,,motorcyclist,,Don Valley East (16),33 Division,Banbury-Don Mills,TRUE,FALSE,FALSE,TRUE,FALSE,FALSE,FALSE,FALSE,FALSE,FALSE,"{""coordinates"": [[-79.3409390472527, 43.73770356310386]], ""type"": ""MultiPoint""}"
18495,2023:3001330203,2023-06-10T18:59:00,LAWRENCE AVE E,THE DON WAY E,,2,Non-Fatal Injury,Intersection-Related,Traffic Signal,Turning Movement,Clear,Dusk with Artificial Lighting,Dry,Major Arterial,FALSE,-79.34093905,43.73770356310386,1,Automobile or Station Wagon,West,1,61,None,Lap and Shoulder Belt,Failed to yield right-of-way,Normal,,,Turning Left,,,,,driver,,Don Valley East (16),33 Division,Banbury-Don Mills,TRUE,FALSE,FALSE,TRUE,FALSE,FALSE,FALSE,FALSE,FALSE,FALSE,"{""coordinates"": [[-79.3409390472527, 43.73770356310386]], ""type"": ""MultiPoint""}"
18496,2023:3001334130,2023-06-11T07:27:00,1738 ISLINGTON AV,EGLINTON AVENUE,140 m South of,2,Non-Fatal Injury,Non-Intersection,No Control,Approaching Head On,Clear,Daylight,Dry,Major Arterial,FALSE,-79.53804489,43.677675765290886,1,Automobile or Station Wagon,South,1,30,Minor,Lap and Shoulder Belt,Lost control,Unknown,,,Going Ahead,,,,,driver,,Etobicoke Centre (2),22 Division,Princess-Rosethorn,FALSE,FALSE,FALSE,FALSE,FALSE,FALSE,FALSE,FALSE,FALSE,FALSE,"{""coordinates"": [[-79.53804488801913, 43.677675765290886]], ""type"": ""MultiPoint""}"
18497,2023:3001334130,2023-06-11T07:27:00,1738 ISLINGTON AV,EGLINTON AVENUE,140 m South of,2,Non-Fatal Injury,Non-Intersection,No Control,Approaching Head On,Clear,Daylight,Dry,Major Arterial,FALSE,-79.53804489,43.677675765290886,2,Automobile or Station Wagon,North,2,23,Major,Lap and Shoulder Belt,Driving properly,Normal,,,Going Ahead,,,,,driver,,Etobicoke Centre (2),22 Division,Princess-Rosethorn,FALSE,FALSE,FALSE,FALSE,FALSE,FALSE,FALSE,FALSE,FALSE,FALSE,"{""coordinates"": [[-79.53804488801913, 43.677675765290886]], ""type"": ""MultiPoint""}"
18498,2023:3001338095,2023-06-11T17:35:00,KEELE ST,ROGERS RD,2 m South of,2,Non-Fatal Injury,Intersection-Related,Traffic Signal,Turning Movement,Clear,Daylight,Dry,Major Arterial,FALSE,-79.47156223,43.682142688252966,2,Motorcycle,South,2,31,Major,Helmet,Other,Normal,,,Going Ahead,,,,,motorcyclist,,York South-Weston (5),12 Division,Keelesdale-Eglinton West,FALSE,FALSE,FALSE,TRUE,FALSE,FALSE,FALSE,FALSE,FALSE,FALSE,"{""coordinates"": [[-79.471562233634, 43.682142688252966]], ""type"": ""MultiPoint""}"
18499,2023:3001338095,2023-06-11T17:35:00,KEELE ST,ROGERS RD,2 m South of,2,Non-Fatal Injury,Intersection-Related,Traffic Signal,Turning Movement,Clear,Daylight,Dry,Major Arterial,FALSE,-79.47156223,43.682142688252966,1,Automobile or Station Wagon,North,1,23,None,Lap and Shoulder Belt,Improper turn,Normal,,,Turning Left,,,,,driver,,York South-Weston (5),12 Division,Keelesdale-Eglinton West,FALSE,FALSE,FALSE,TRUE,FALSE,FALSE,FALSE,FALSE,FALSE,FALSE,"{""coordinates"": [[-79.471562233634, 43.682142688252966]], ""type"": ""MultiPoint""}"
18500,2023:3001338848,2023-06-11T19:12:00,SHAW ST,QUEEN ST W,30 m South of,1,Non-Fatal Injury,Non-Intersection,,SMV Other,Rain,Daylight,Wet,Collector,FALSE,-79.41621093,43.64446867138164,1,Motorcycle,North,1,44,Major,Helmet,Driving properly,Normal,,,Going Ahead,,,,,motorcyclist,,Spadina-Fort York (10),14 Division,West Queen West,FALSE,FALSE,FALSE,TRUE,FALSE,FALSE,FALSE,FALSE,FALSE,FALSE,"{""coordinates"": [[-79.41621093371876, 43.64446867138164]], ""type"": ""MultiPoint""}"
18501,2023:3001342046,2023-06-12T08:05:00,KIPLING AV,BURNHAMTHORPE RD,8 m South of,3,Non-Fatal Injury,Intersection-Related,Traffic Signal,Reversing,Rain,Daylight,Wet,Major Arterial,FALSE,-79.53936482,43.65098434446775,1,,,2,13,Major,Use Unknown,,,Crossing without right-of-way (intersection),Normal,,Driver going straight hits pedestrian crossing with right-of-way (at intersection),,,,pedestrian,,Etobicoke-Lakeshore (3),22 Division,Islington,FALSE,FALSE,FALSE,FALSE,FALSE,FALSE,TRUE,FALSE,TRUE,FALSE,"{""coordinates"": [[-79.53936482457924, 43.65098434446775]], ""type"": ""MultiPoint""}"
18502,2023:3001342046,2023-06-12T08:05:00,KIPLING AV,BURNHAMTHORPE RD,8 m South of,3,Non-Fatal Injury,Intersection-Related,Traffic Signal,Reversing,Rain,Daylight,Wet,Major Arterial,FALSE,-79.53936482,43.65098434446775,1,Automobile or Station Wagon,South,1,51,None,Lap and Shoulder Belt,Driving properly,Normal,,,Going Ahead,,,,,driver,,Etobicoke-Lakeshore (3),22 Division,Islington,FALSE,FALSE,FALSE,FALSE,FALSE,FALSE,TRUE,FALSE,TRUE,FALSE,"{""coordinates"": [[-79.53936482457924, 43.65098434446775]], ""type"": ""MultiPoint""}"
18503,2023:3001342046,2023-06-12T08:05:00,KIPLING AV,BURNHAMTHORPE RD,8 m South of,3,Non-Fatal Injury,Intersection-Related,Traffic Signal,Reversing,Rain,Daylight,Wet,Major Arterial,FALSE,-79.53936482,43.65098434446775,1,,,3,15,None,Lap and Shoulder Belt,,,,,,,,,,passenger,,Etobicoke-Lakeshore (3),22 Division,Islington,FALSE,FALSE,FALSE,FALSE,FALSE,FALSE,TRUE,FALSE,TRUE,FALSE,"{""coordinates"": [[-79.53936482457924, 43.65098434446775]], ""type"": ""MultiPoint""}"
18504,2023:3001346279,2023-06-12T16:25:00,MOUNT PLEASANT RD,EGLINTON AV E,20 m West of,2,Non-Fatal Injury,Intersection-Related,Traffic Signal,Reversing,Rain,Daylight,Wet,Major Arterial,FALSE,-79.39017166,43.70841439,1,,,2,32,Major,Use Unknown,,,Crossing without right-of-way (intersection),Other Condition,,Driver going straight hits pedestrian crossing without right-of-way (at intersection),,,,pedestrian,,Don Valley West (15),53 Division,Mount Pleasant East,FALSE,FALSE,FALSE,FALSE,FALSE,FALSE,TRUE,FALSE,FALSE,FALSE,"{""coordinates"": [[-79.39017166008267, 43.7084143874236]], ""type"": ""MultiPoint""}"
18505,2023:3001346279,2023-06-12T16:25:00,MOUNT PLEASANT RD,EGLINTON AV E,20 m West of,2,Non-Fatal Injury,Intersection-Related,Traffic Signal,Reversing,Rain,Daylight,Wet,Major Arterial,FALSE,-79.39017166,43.70841439,1,Automobile or Station Wagon,South,1,49,None,Lap and Shoulder Belt,Driving properly,Normal,,,Going Ahead,,,,,driver,,Don Valley West (15),53 Division,Mount Pleasant East,FALSE,FALSE,FALSE,FALSE,FALSE,FALSE,TRUE,FALSE,FALSE,FALSE,"{""coordinates"": [[-79.39017166008267, 43.7084143874236]], ""type"": ""MultiPoint""}"
18506,2023:3001349626,2023-06-13T02:10:00,FINCH AV W,TORRESDALE AV,60 m West of,2,Non-Fatal Injury,At Intersection,No Control,Turning Movement,Clear,Dusk with Artificial Lighting,Dry,Collector,FALSE,-79.45116868,43.772829427869276,2,Motorcycle,East,2,57,Major,Helmet,Exceeding speed limit,Normal,,,Going Ahead,,,,,motorcyclist,,York Centre (6),32 Division,Westminster-Branson,TRUE,FALSE,FALSE,TRUE,FALSE,FALSE,FALSE,FALSE,FALSE,FALSE,"{""coordinates"": [[-79.45116868111026, 43.772829427869276]], ""type"": ""MultiPoint""}"
18507,2023:3001349626,2023-06-13T02:10:00,FINCH AV W,TORRESDALE AV,60 m West of,2,Non-Fatal Injury,At Intersection,No Control,Turning Movement,Clear,Dusk with Artificial Lighting,Dry,Collector,FALSE,-79.45116868,43.772829427869276,1,Automobile or Station Wagon,West,1,29,Minor,Lap and Shoulder Belt,Other,Normal,,,Turning Left,,,,,driver,,York Centre (6),32 Division,Westminster-Branson,TRUE,FALSE,FALSE,TRUE,FALSE,FALSE,FALSE,FALSE,FALSE,FALSE,"{""coordinates"": [[-79.45116868111026, 43.772829427869276]], ""type"": ""MultiPoint""}"
18508,2023:3001362364,2023-06-14T12:35:00,EGLINTON AVE E,MASON RD,,2,Fatal Injury,Intersection-Related,Traffic Signal,Reversing,Clear,Daylight,Dry,Major Arterial,FALSE,-79.22512464,43.741720297491455,1,Automobile or Station Wagon,East,2,68,None,,Failed to yield right-of-way,Normal,,,Turning Right,,,,,driver,,Scarborough Southwest (20),43 Division,Scarborough Village,TRUE,FALSE,FALSE,FALSE,FALSE,TRUE,TRUE,FALSE,FALSE,FALSE,"{""coordinates"": [[-79.22512464144377, 43.741720297491455]], ""type"": ""MultiPoint""}"
18509,2023:3001362364,2023-06-14T12:35:00,EGLINTON AVE E,MASON RD,,2,Fatal Injury,Intersection-Related,Traffic Signal,Reversing,Clear,Daylight,Dry,Major Arterial,FALSE,-79.22512464,43.741720297491455,,,North,1,65,Fatal,,,,Crossing with right-of-way (intersection),Normal,,Driver turns right into pedestrian crossing with right-of-way (at intersection),,,,pedestrian,16,Scarborough Southwest (20),43 Division,Scarborough Village,TRUE,FALSE,FALSE,FALSE,FALSE,TRUE,TRUE,FALSE,FALSE,FALSE,"{""coordinates"": [[-79.22512464144377, 43.741720297491455]], ""type"": ""MultiPoint""}"
18510,2023:3001387773,2023-06-17T05:39:00,KEELE ST,ROGERS RD,64 m North of,2,Non-Fatal Injury,Non-Intersection,Traffic Signal,Reversing,Clear,Daylight,Dry,Major Arterial,FALSE,-79.47160038,43.68213505890993,1,Automobile or Station Wagon,North,1,74,None,Lap and Shoulder Belt,Driving properly,Normal,,,Pulling Away from Shoulder or Curb,,,,,driver,,York South-Weston (5),12 Division,Keelesdale-Eglinton West,FALSE,FALSE,FALSE,FALSE,FALSE,TRUE,TRUE,FALSE,FALSE,FALSE,"{""coordinates"": [[-79.4716003807188, 43.68213505890993]], ""type"": ""MultiPoint""}"