_id,collision_id,accdate,stname1,stname2,stname3,per_inv,acclass,accloc,traffictl,impactype,visible,light,rdsfcond,road_class,failtorem,longitude,latitude,veh_no,vehtype,initdir,per_no,invage,injury,safequip,drivact,drivcond,pedact,pedcond,manoeuvre,pedtype,cyclistype,cycact,cyccond,road_user,fatal_no,wardname,division,neighbourhood,aggressive,distracted,cyclist,motorcyclist,other_micromobility,older_adult,pedestrian,red_light,school_child,heavy_truck,geometry
18786,2023:3002144420,2023-09-13T18:38:00,ISLINGTON AVE,SPRINGBROOK GRDN,9 m North,10,Non-Fatal Injury,Intersection-Related,Stop Sign,Turning Movement,Clear,Dark with Artificial Lighting,Dry,Major Arterial,FALSE,-79.52170365,43.640694086822286,3,Automobile or Station Wagon,South,3,44,Major,Lap and Shoulder Belt,Driving properly,Normal,,,Going Ahead,,,,,driver,,Etobicoke-Lakeshore (3),22 Division,Stonegate-Queensway,TRUE,FALSE,FALSE,FALSE,FALSE,FALSE,FALSE,FALSE,TRUE,FALSE,"{""coordinates"": [[-79.52170365125647, 43.640694086822286]], ""type"": ""MultiPoint""}"
18787,2023:3002144420,2023-09-13T18:38:00,ISLINGTON AVE,SPRINGBROOK GRDN,9 m North,10,Non-Fatal Injury,Intersection-Related,Stop Sign,Turning Movement,Clear,Dark with Artificial Lighting,Dry,Major Arterial,FALSE,-79.52170365,43.640694086822286,1,,,7,46,Minor,Lap and Shoulder Belt,,,,,,,,,,passenger,,Etobicoke-Lakeshore (3),22 Division,Stonegate-Queensway,TRUE,FALSE,FALSE,FALSE,FALSE,FALSE,FALSE,FALSE,TRUE,FALSE,"{""coordinates"": [[-79.52170365125647, 43.640694086822286]], ""type"": ""MultiPoint""}"
18788,2023:3002144420,2023-09-13T18:38:00,ISLINGTON AVE,SPRINGBROOK GRDN,9 m North,10,Non-Fatal Injury,Intersection-Related,Stop Sign,Turning Movement,Clear,Dark with Artificial Lighting,Dry,Major Arterial,FALSE,-79.52170365,43.640694086822286,4,Automobile or Station Wagon,South,4,41,None,Lap and Shoulder Belt,Driving properly,Normal,,,Going Ahead,,,,,driver,,Etobicoke-Lakeshore (3),22 Division,Stonegate-Queensway,TRUE,FALSE,FALSE,FALSE,FALSE,FALSE,FALSE,FALSE,TRUE,FALSE,"{""coordinates"": [[-79.52170365125647, 43.640694086822286]], ""type"": ""MultiPoint""}"
18789,2023:3002144420,2023-09-13T18:38:00,ISLINGTON AVE,SPRINGBROOK GRDN,9 m North,10,Non-Fatal Injury,Intersection-Related,Stop Sign,Turning Movement,Clear,Dark with Artificial Lighting,Dry,Major Arterial,FALSE,-79.52170365,43.640694086822286,2,,,9,3,None,Child Safety Seat Used Correctly,,,,,,,,,,passenger,,Etobicoke-Lakeshore (3),22 Division,Stonegate-Queensway,TRUE,FALSE,FALSE,FALSE,FALSE,FALSE,FALSE,FALSE,TRUE,FALSE,"{""coordinates"": [[-79.52170365125647, 43.640694086822286]], ""type"": ""MultiPoint""}"
18790,2023:3002144420,2023-09-13T18:38:00,ISLINGTON AVE,SPRINGBROOK GRDN,9 m North,10,Non-Fatal Injury,Intersection-Related,Stop Sign,Turning Movement,Clear,Dark with Artificial Lighting,Dry,Major Arterial,FALSE,-79.52170365,43.640694086822286,2,,,8,42,None,Lap and Shoulder Belt,,,,,,,,,,passenger,,Etobicoke-Lakeshore (3),22 Division,Stonegate-Queensway,TRUE,FALSE,FALSE,FALSE,FALSE,FALSE,FALSE,FALSE,TRUE,FALSE,"{""coordinates"": [[-79.52170365125647, 43.640694086822286]], ""type"": ""MultiPoint""}"
18791,2023:3002151449,2023-09-14T16:12:00,FAIRGLEN AV,HUNTINGWOOD DR,5 m West of,3,Non-Fatal Injury,Intersection-Related,Stop Sign,Reversing,Clear,Daylight,Dry,Local,FALSE,-79.32279627,43.780996539404505,1,Automobile or Station Wagon,South,1,21,Minimal,Lap and Shoulder Belt,Disobeyed traffic control,Fatigue/Fell Asleep,,,Going Ahead,,,,,driver,,Scarborough-Agincourt (22),42 Division,L'Amoreaux West,TRUE,FALSE,FALSE,FALSE,FALSE,FALSE,TRUE,FALSE,TRUE,FALSE,"{""coordinates"": [[-79.32279626997868, 43.780996539404505]], ""type"": ""MultiPoint""}"
18792,2023:3002151449,2023-09-14T16:12:00,FAIRGLEN AV,HUNTINGWOOD DR,5 m West of,3,Non-Fatal Injury,Intersection-Related,Stop Sign,Reversing,Clear,Daylight,Dry,Local,FALSE,-79.32279627,43.780996539404505,2,,,3,15,Major,Lap and Shoulder Belt,,,On sidewalk or shoulder,Normal,,Driver going straight hits pedestrian crossing with right-of-way (at intersection),,,,pedestrian,,Scarborough-Agincourt (22),42 Division,L'Amoreaux West,TRUE,FALSE,FALSE,FALSE,FALSE,FALSE,TRUE,FALSE,TRUE,FALSE,"{""coordinates"": [[-79.32279626997868, 43.780996539404505]], ""type"": ""MultiPoint""}"
18793,2023:3002151449,2023-09-14T16:12:00,FAIRGLEN AV,HUNTINGWOOD DR,5 m West of,3,Non-Fatal Injury,Intersection-Related,Stop Sign,Reversing,Clear,Daylight,Dry,Local,FALSE,-79.32279627,43.780996539404505,2,,,2,18,Major,No Equipment Available,,,On sidewalk or shoulder,Normal,,Driver going straight hits pedestrian crossing with right-of-way (at intersection),,,,pedestrian,,Scarborough-Agincourt (22),42 Division,L'Amoreaux West,TRUE,FALSE,FALSE,FALSE,FALSE,FALSE,TRUE,FALSE,TRUE,FALSE,"{""coordinates"": [[-79.32279626997868, 43.780996539404505]], ""type"": ""MultiPoint""}"
18794,2023:3002174448,2023-09-17T12:50:00,BREMNER BV,VAN DE WATER CR,,2,Non-Fatal Injury,Intersection-Related,Traffic Signal,Reversing,Clear,Daylight,Dry,Minor Arterial,FALSE,-79.38889765,43.64041742299252,1,,,2,26,Major,Other Safety Equipment Used,,,Other,Normal,,Other,,,,pedestrian,,Spadina-Fort York (10),52 Division,Harbourfront-CityPlace,FALSE,FALSE,TRUE,FALSE,FALSE,FALSE,TRUE,FALSE,FALSE,FALSE,"{""coordinates"": [[-79.3888976537337, 43.64041742299252]], ""type"": ""MultiPoint""}"
18795,2023:3002174448,2023-09-17T12:50:00,BREMNER BV,VAN DE WATER CR,,2,Non-Fatal Injury,Intersection-Related,Traffic Signal,Reversing,Clear,Daylight,Dry,Minor Arterial,FALSE,-79.38889765,43.64041742299252,1,Bicycle,West,1,27,None,Helmet,,,,,Going Ahead,,Cyclist hits pedestrian,Disobeyed Traffic Control,,cyclist,,Spadina-Fort York (10),52 Division,Harbourfront-CityPlace,FALSE,FALSE,TRUE,FALSE,FALSE,FALSE,TRUE,FALSE,FALSE,FALSE,"{""coordinates"": [[-79.3888976537337, 43.64041742299252]], ""type"": ""MultiPoint""}"
18796,2023:3002185414,2023-09-18T19:07:00,CARLAW AVE,DUNDAS ST E,,2,Non-Fatal Injury,Intersection-Related,Traffic Signal,Cyclist Collision,Clear,Daylight with Artificial Lighting,Dry,Minor Arterial,FALSE,-79.34157239,43.664854299425144,2,Bicycle,South,2,57,Major,Helmet,,,,,Going Ahead,,Driver turns right on green or amber at signalized intersection and hits cyclist,Driving Properly,Normal,cyclist,,Toronto-Danforth (14),55 Division,South Riverdale,FALSE,FALSE,TRUE,FALSE,FALSE,FALSE,FALSE,FALSE,FALSE,FALSE,"{""coordinates"": [[-79.34157239108053, 43.664854299425144]], ""type"": ""MultiPoint""}"
18797,2023:3002185414,2023-09-18T19:07:00,CARLAW AVE,DUNDAS ST E,,2,Non-Fatal Injury,Intersection-Related,Traffic Signal,Cyclist Collision,Clear,Daylight with Artificial Lighting,Dry,Minor Arterial,FALSE,-79.34157239,43.664854299425144,1,Automobile or Station Wagon,West,1,56,None,Lap and Shoulder Belt,Improper turn,Normal,,,Turning Right,,,,,driver,,Toronto-Danforth (14),55 Division,South Riverdale,FALSE,FALSE,TRUE,FALSE,FALSE,FALSE,FALSE,FALSE,FALSE,FALSE,"{""coordinates"": [[-79.34157239108053, 43.664854299425144]], ""type"": ""MultiPoint""}"
18798,2023:3002194264,2023-09-19T20:27:00,ST CLAIR AV W,OLD WESTON RD,60 m East of,2,Non-Fatal Injury,Intersection-Related,Traffic Signal,Reversing,Clear,Dark with Artificial Lighting,Dry,Major Arterial,FALSE,-79.46230778,43.673700753550236,1,Bus - Other,East,2,77,Major,Use Unknown,,,Other,Normal,,Other,,,,pedestrian,,Davenport (9),11 Division,Weston-Pelham Park,FALSE,FALSE,FALSE,FALSE,FALSE,TRUE,TRUE,FALSE,FALSE,TRUE,"{""coordinates"": [[-79.46230777551897, 43.673700753550236]], ""type"": ""MultiPoint""}"
18799,2023:3002194264,2023-09-19T20:27:00,ST CLAIR AV W,OLD WESTON RD,60 m East of,2,Non-Fatal Injury,Intersection-Related,Traffic Signal,Reversing,Clear,Dark with Artificial Lighting,Dry,Major Arterial,FALSE,-79.46230778,43.673700753550236,1,Bus - Other,East,1,35,None,Lap Belt Only,Driving properly,Normal,,,Slowing or Stopping,,,,,driver,,Davenport (9),11 Division,Weston-Pelham Park,FALSE,FALSE,FALSE,FALSE,FALSE,TRUE,TRUE,FALSE,FALSE,TRUE,"{""coordinates"": [[-79.46230777551897, 43.673700753550236]], ""type"": ""MultiPoint""}"
18800,2023:3002195066,2023-09-19T22:15:00,MORTIMER AV,BROADVIEW AV,13 m East of,1,Non-Fatal Injury,Non-Intersection,Traffic Signal,Reversing,Clear,Dark with Artificial Lighting,Dry,Minor Arterial,FALSE,-79.35691511,43.68393543,1,,,1,88,Major,Use Unknown,,,On sidewalk or shoulder,Other Condition,,Unknown,,,,pedestrian,,Toronto-Danforth (14),55 Division,Broadview North,FALSE,FALSE,FALSE,FALSE,FALSE,TRUE,TRUE,FALSE,FALSE,FALSE,"{""coordinates"": [[-79.35691510509999, 43.683935434273]], ""type"": ""MultiPoint""}"
18801,2023:3002195156,2023-09-19T23:02:00,KINGSTON RD,BRIMLEY RD S,,2,Fatal Injury,At Intersection,Traffic Signal,Turning Movement,Clear,Dark with Artificial Lighting,Dry,Major Arterial,FALSE,-79.24033007,43.71815311107822,,Motorcycle,East,1,33,Fatal,,Driving properly,Normal,,,Turning Left,,,,,motorcyclist,26,Scarborough Southwest (20),43 Division,Cliffcrest,FALSE,FALSE,FALSE,TRUE,FALSE,FALSE,FALSE,FALSE,FALSE,FALSE,"{""coordinates"": [[-79.24033007338313, 43.71815311107822]], ""type"": ""MultiPoint""}"
18802,2023:3002195156,2023-09-19T23:02:00,KINGSTON RD,BRIMLEY RD S,,2,Fatal Injury,At Intersection,Traffic Signal,Turning Movement,Clear,Dark with Artificial Lighting,Dry,Major Arterial,FALSE,-79.24033007,43.71815311107822,,Automobile or Station Wagon,West,2,41,,,Improper turn,Other Condition,,,Going Ahead,,,,,driver,,Scarborough Southwest (20),43 Division,Cliffcrest,FALSE,FALSE,FALSE,TRUE,FALSE,FALSE,FALSE,FALSE,FALSE,FALSE,"{""coordinates"": [[-79.24033007338313, 43.71815311107822]], ""type"": ""MultiPoint""}"
18803,2023:3002203614,2023-09-21T00:15:00,WARDEN AV,FINCH AV E,,2,Non-Fatal Injury,Intersection-Related,Traffic Signal,Reversing,Clear,Dark with Artificial Lighting,Dry,Major Arterial,FALSE,-79.3157238,43.796777934325675,1,,,2,57,Major,No Equipment Available,,,Crossing with right-of-way (intersection),Normal,,Driver turns left into pedestrian crossing with right-of-way (at intersection),,,,pedestrian,,Scarborough-Agincourt (22),42 Division,East L'Amoreaux,TRUE,FALSE,FALSE,FALSE,FALSE,FALSE,TRUE,FALSE,FALSE,FALSE,"{""coordinates"": [[-79.31572379504883, 43.796777934325675]], ""type"": ""MultiPoint""}"
18804,2023:3002203614,2023-09-21T00:15:00,WARDEN AV,FINCH AV E,,2,Non-Fatal Injury,Intersection-Related,Traffic Signal,Reversing,Clear,Dark with Artificial Lighting,Dry,Major Arterial,FALSE,-79.3157238,43.796777934325675,1,Automobile or Station Wagon,South,1,59,None,Lap and Shoulder Belt,Failed to yield right-of-way,Normal,,,Turning Left,,,,,driver,,Scarborough-Agincourt (22),42 Division,East L'Amoreaux,TRUE,FALSE,FALSE,FALSE,FALSE,FALSE,TRUE,FALSE,FALSE,FALSE,"{""coordinates"": [[-79.31572379504883, 43.796777934325675]], ""type"": ""MultiPoint""}"
18805,2023:3002204131,2023-09-21T03:46:00,ALBION RD,WESTMORE DR,65 m East of,2,Non-Fatal Injury,Intersection-Related,,Reversing,Clear,Dark with Artificial Lighting,Dry,Major Arterial,FALSE,-79.60310832,43.74348314480792,1,,,2,40,Major,Use Unknown,,,Crossing without right-of-way (intersection),Normal,,Driver hits pedestrian at midblock,,,,pedestrian,,Etobicoke North (1),23 Division,West Humber-Clairville,FALSE,FALSE,FALSE,FALSE,FALSE,FALSE,TRUE,FALSE,FALSE,FALSE,"{""coordinates"": [[-79.60310832380851, 43.74348314480792]], ""type"": ""MultiPoint""}"
18806,2023:3002204131,2023-09-21T03:46:00,ALBION RD,WESTMORE DR,65 m East of,2,Non-Fatal Injury,Intersection-Related,,Reversing,Clear,Dark with Artificial Lighting,Dry,Major Arterial,FALSE,-79.60310832,43.74348314480792,1,Automobile or Station Wagon,East,1,55,None,Lap and Shoulder Belt,Driving properly,Normal,,,Going Ahead,,,,,driver,,Etobicoke North (1),23 Division,West Humber-Clairville,FALSE,FALSE,FALSE,FALSE,FALSE,FALSE,TRUE,FALSE,FALSE,FALSE,"{""coordinates"": [[-79.60310832380851, 43.74348314480792]], ""type"": ""MultiPoint""}"
18807,2023:3002207754,2023-09-21T14:10:00,HANNA RD,GLENVALE BV,,2,Non-Fatal Injury,Intersection-Related,Stop Sign,Reversing,Clear,Daylight,Dry,Local,FALSE,-79.37388286,43.71673421862269,1,,East,2,45,Major,Use Unknown,,,Crossing with right-of-way (intersection),Normal,,Driver turns left into pedestrian crossing with right-of-way (at intersection),,,,pedestrian,,Don Valley West (15),53 Division,Leaside-Bennington,TRUE,FALSE,FALSE,FALSE,FALSE,FALSE,TRUE,FALSE,FALSE,FALSE,"{""coordinates"": [[-79.37388286099288, 43.71673421862269]], ""type"": ""MultiPoint""}"
18808,2023:3002207754,2023-09-21T14:10:00,HANNA RD,GLENVALE BV,,2,Non-Fatal Injury,Intersection-Related,Stop Sign,Reversing,Clear,Daylight,Dry,Local,FALSE,-79.37388286,43.71673421862269,1,Automobile or Station Wagon,North,1,64,None,Lap and Shoulder Belt,Failed to yield right-of-way,Normal,,,Turning Left,,,,,driver,,Don Valley West (15),53 Division,Leaside-Bennington,TRUE,FALSE,FALSE,FALSE,FALSE,FALSE,TRUE,FALSE,FALSE,FALSE,"{""coordinates"": [[-79.37388286099288, 43.71673421862269]], ""type"": ""MultiPoint""}"
18809,2023:3002219111,2023-09-22T21:55:00,QUEEN'S PARK CR E,QUEENS PARK,4 m North of,1,Non-Fatal Injury,Non-Intersection,Traffic Signal,Sideswipe,Clear,Dark with Artificial Lighting,Dry,Major Arterial,TRUE,-79.39230796,43.666044558096544,2,Motorcycle,North,1,45,Major,Helmet,Driving properly,Normal,,,Going Ahead,,,,,motorcyclist,,University-Rosedale (11),52 Division,Bay-Cloverhill,FALSE,FALSE,FALSE,TRUE,FALSE,FALSE,FALSE,FALSE,FALSE,FALSE,"{""coordinates"": [[-79.39230796004313, 43.666044558096544]], ""type"": ""MultiPoint""}"
18810,2023:3002251378,2023-09-27T00:45:00,EGLINTON AV E,KINGSTON RD,,2,Non-Fatal Injury,Intersection-Related,Traffic Signal,Turning Movement,Clear,Dark with Artificial Lighting,Dry,Major Arterial,FALSE,-79.21162822,43.743730629145745,2,Municipal Transit Bus (TTC),South,2,59,None,Lap and Shoulder Belt,Driving properly,Normal,,,Turning Left,,,,,driver,,Scarborough-Guildwood (24),43 Division,Scarborough Village,TRUE,FALSE,FALSE,FALSE,FALSE,FALSE,FALSE,TRUE,FALSE,TRUE,"{""coordinates"": [[-79.21162822105724, 43.743730629145745]], ""type"": ""MultiPoint""}"
18811,2023:3002251378,2023-09-27T00:45:00,EGLINTON AV E,KINGSTON RD,,2,Non-Fatal Injury,Intersection-Related,Traffic Signal,Turning Movement,Clear,Dark with Artificial Lighting,Dry,Major Arterial,FALSE,-79.21162822,43.743730629145745,1,Pickup Truck,West,1,55,Major,Air Bag Deployed,Disobeyed traffic control,Normal,,,Going Ahead,,,,,driver,,Scarborough-Guildwood (24),43 Division,Scarborough Village,TRUE,FALSE,FALSE,FALSE,FALSE,FALSE,FALSE,TRUE,FALSE,TRUE,"{""coordinates"": [[-79.21162822105724, 43.743730629145745]], ""type"": ""MultiPoint""}"
18812,2023:3002265429,2023-09-28T18:23:00,GERRARD ST E,COXWELL AVE,,2,Non-Fatal Injury,Intersection-Related,Traffic Signal,Reversing,Clear,Dusk with Artificial Lighting,Dry,Minor Arterial,FALSE,-79.31927925,43.67291090715646,1,Automobile or Station Wagon,East,1,54,None,Lap and Shoulder Belt,Failed to yield right-of-way,Normal,,,Turning Left,,,,,driver,,Beaches-East York (19),55 Division,Woodbine Corridor,TRUE,FALSE,FALSE,FALSE,FALSE,FALSE,TRUE,FALSE,TRUE,FALSE,"{""coordinates"": [[-79.31927924665554, 43.67291090715646]], ""type"": ""MultiPoint""}"
18813,2023:3002265429,2023-09-28T18:23:00,GERRARD ST E,COXWELL AVE,,2,Non-Fatal Injury,Intersection-Related,Traffic Signal,Reversing,Clear,Dusk with Artificial Lighting,Dry,Minor Arterial,FALSE,-79.31927925,43.67291090715646,1,,,2,10,Major,Use Unknown,,,Crossing with right-of-way (intersection),Unknown,,Driver turns left into pedestrian crossing with right-of-way (at intersection),,,,pedestrian,,Beaches-East York (19),55 Division,Woodbine Corridor,TRUE,FALSE,FALSE,FALSE,FALSE,FALSE,TRUE,FALSE,TRUE,FALSE,"{""coordinates"": [[-79.31927924665554, 43.67291090715646]], ""type"": ""MultiPoint""}"
18814,2023:3002268726,2023-09-29T06:43:00,KINGSTON RD,CLAREMORE AV,,2,Non-Fatal Injury,Intersection-Related,Traffic Signal,Reversing,Clear,Daylight,Dry,Major Arterial,FALSE,-79.25275076,43.70395482090156,1,Automobile or Station Wagon,West,1,25,None,Lap and Shoulder Belt,Driving properly,Normal,,,Going Ahead,,,,,driver,,Scarborough Southwest (20),41 Division,Birchcliffe-Cliffside,FALSE,FALSE,FALSE,FALSE,FALSE,FALSE,TRUE,FALSE,FALSE,FALSE,"{""coordinates"": [[-79.25275076384911, 43.70395482090156]], ""type"": ""MultiPoint""}"
18815,2023:3002268726,2023-09-29T06:43:00,KINGSTON RD,CLAREMORE AV,,2,Non-Fatal Injury,Intersection-Related,Traffic Signal,Reversing,Clear,Daylight,Dry,Major Arterial,FALSE,-79.25275076,43.70395482090156,1,,,2,0,Major,Use Unknown,,,Crossing - marked crosswalk without right-of-way,Normal,,Driver hits pedestrian at PXO/pedestrian midblock signal,,,,pedestrian,,Scarborough Southwest (20),41 Division,Birchcliffe-Cliffside,FALSE,FALSE,FALSE,FALSE,FALSE,FALSE,TRUE,FALSE,FALSE,FALSE,"{""coordinates"": [[-79.25275076384911, 43.70395482090156]], ""type"": ""MultiPoint""}"
18816,2023:3002269929,2023-09-29T10:00:00,PORT UNION RD,BLUE ANCHOR TL,2 m North of,3,Non-Fatal Injury,Non-Intersection,No Control,Rear End,Clear,Daylight,Dry,Minor Arterial,FALSE,-79.14307035,43.79499247526989,1,Automobile or Station Wagon,North,1,27,Major,Lap and Shoulder Belt,Lost control,Other Condition,,,Going Ahead,,,,,driver,,Scarborough-Rouge Park (25),43 Division,West Rouge,FALSE,FALSE,FALSE,FALSE,FALSE,FALSE,FALSE,FALSE,FALSE,FALSE,"{""coordinates"": [[-79.14307035112954, 43.79499247526989]], ""type"": ""MultiPoint""}"
18817,2023:3002269929,2023-09-29T10:00:00,PORT UNION RD,BLUE ANCHOR TL,2 m North of,3,Non-Fatal Injury,Non-Intersection,No Control,Rear End,Clear,Daylight,Dry,Minor Arterial,FALSE,-79.14307035,43.79499247526989,3,Pickup Truck,North,3,47,None,Lap and Shoulder Belt,,Unknown,,,Stopped,,,,,driver,,Scarborough-Rouge Park (25),43 Division,West Rouge,FALSE,FALSE,FALSE,FALSE,FALSE,FALSE,FALSE,FALSE,FALSE,FALSE,"{""coordinates"": [[-79.14307035112954, 43.79499247526989]], ""type"": ""MultiPoint""}"
18818,2023:3002269929,2023-09-29T10:00:00,PORT UNION RD,BLUE ANCHOR TL,2 m North of,3,Non-Fatal Injury,Non-Intersection,No Control,Rear End,Clear,Daylight,Dry,Minor Arterial,FALSE,-79.14307035,43.79499247526989,2,Automobile or Station Wagon,North,2,53,None,Lap and Shoulder Belt,Driving properly,Normal,,,Slowing or Stopping,,,,,driver,,Scarborough-Rouge Park (25),43 Division,West Rouge,FALSE,FALSE,FALSE,FALSE,FALSE,FALSE,FALSE,FALSE,FALSE,FALSE,"{""coordinates"": [[-79.14307035112954, 43.79499247526989]], ""type"": ""MultiPoint""}"
18819,2023:3002275859,2023-09-29T23:05:00,ISLINGTON AVE,FINCH AVE W,97 m North of,2,Non-Fatal Injury,Non-Intersection,,Approaching Head On,Clear,Dark with Artificial Lighting,Dry,Major Arterial,FALSE,-79.56860815,43.74633268,2,Motorcycle,South,2,28,Major,Helmet,Driving properly,Normal,,,Going Ahead,,,,,motorcyclist,,Humber River-Black Creek (7),31 Division,Humber Summit,FALSE,FALSE,FALSE,TRUE,FALSE,FALSE,FALSE,FALSE,FALSE,FALSE,"{""coordinates"": [[-79.56860815315295, 43.7463326836653]], ""type"": ""MultiPoint""}"
18820,2023:3002275859,2023-09-29T23:05:00,ISLINGTON AVE,FINCH AVE W,97 m North of,2,Non-Fatal Injury,Non-Intersection,,Approaching Head On,Clear,Dark with Artificial Lighting,Dry,Major Arterial,FALSE,-79.56860815,43.74633268,1,Pickup Truck,North,1,47,None,Lap and Shoulder Belt,Other,Other Condition,,,Going Ahead,,,,,driver,,Humber River-Black Creek (7),31 Division,Humber Summit,FALSE,FALSE,FALSE,TRUE,FALSE,FALSE,FALSE,FALSE,FALSE,FALSE,"{""coordinates"": [[-79.56860815315295, 43.7463326836653]], ""type"": ""MultiPoint""}"
18821,2023:3002278272,2023-09-30T09:35:00,LAWRENCE AVE W,CULFORD RD,,2,Non-Fatal Injury,Intersection-Related,Traffic Signal,Reversing,Clear,Daylight,Dry,Major Arterial,FALSE,-79.48764498,43.70637747133336,1,Automobile or Station Wagon,East,1,55,None,Lap and Shoulder Belt,Failed to yield right-of-way,Normal,,,Turning Left,,,,,driver,,York South-Weston (5),12 Division,Brookhaven-Amesbury,TRUE,FALSE,FALSE,FALSE,FALSE,TRUE,TRUE,FALSE,FALSE,FALSE,"{""coordinates"": [[-79.48764498358715, 43.70637747133336]], ""type"": ""MultiPoint""}"
18822,2024:4001454862,2024-07-04T02:04:00,F G GARDINER XY E,DUFFERIN ST,600m East of,6,Fatal Injury,Non-Intersection,No Control,Rear End,Clear,Dark,Dry,Expressway,FALSE,-79.41840707,43.63573383881802,1,,,1,40,Fatal,,,,,,,,,,,passenger,22,Spadina-Fort York (10),14 Division,Fort York-Liberty Village,TRUE,FALSE,FALSE,FALSE,FALSE,FALSE,FALSE,FALSE,FALSE,FALSE,"{""coordinates"": [[-79.41840706930932, 43.63573383881802]], ""type"": ""MultiPoint""}"
18823,2023:3002278272,2023-09-30T09:35:00,LAWRENCE AVE W,CULFORD RD,,2,Non-Fatal Injury,Intersection-Related,Traffic Signal,Reversing,Clear,Daylight,Dry,Major Arterial,FALSE,-79.48764498,43.70637747133336,1,,,2,73,Major,Use Unknown,,,Crossing with right-of-way (intersection),Normal,,Driver turns left into pedestrian crossing with right-of-way (at intersection),,,,pedestrian,,York South-Weston (5),12 Division,Brookhaven-Amesbury,TRUE,FALSE,FALSE,FALSE,FALSE,TRUE,TRUE,FALSE,FALSE,FALSE,"{""coordinates"": [[-79.48764498358715, 43.70637747133336]], ""type"": ""MultiPoint""}"
18824,2023:3002279550,2023-09-30T13:05:00,EVANS AVE,NORTH CARSON ST,,3,Non-Fatal Injury,Intersection-Related,Stop Sign,Turning Movement,Clear,Daylight,Dry,Major Arterial,FALSE,-79.53876217,43.61298997940953,1,Motorcycle,East,1,31,Major,Helmet,Exceeding speed limit,Normal,,,Going Ahead,,,,,motorcyclist,,Etobicoke-Lakeshore (3),22 Division,Alderwood,TRUE,FALSE,FALSE,TRUE,FALSE,FALSE,FALSE,FALSE,FALSE,FALSE,"{""coordinates"": [[-79.53876217237347, 43.61298997940953]], ""type"": ""MultiPoint""}"
18825,2023:3002279550,2023-09-30T13:05:00,EVANS AVE,NORTH CARSON ST,,3,Non-Fatal Injury,Intersection-Related,Stop Sign,Turning Movement,Clear,Daylight,Dry,Major Arterial,FALSE,-79.53876217,43.61298997940953,2,Automobile or Station Wagon,North,2,58,None,Lap and Shoulder Belt,Driving properly,Normal,,,Turning Left,,,,,driver,,Etobicoke-Lakeshore (3),22 Division,Alderwood,TRUE,FALSE,FALSE,TRUE,FALSE,FALSE,FALSE,FALSE,FALSE,FALSE,"{""coordinates"": [[-79.53876217237347, 43.61298997940953]], ""type"": ""MultiPoint""}"
18826,2023:3002279550,2023-09-30T13:05:00,EVANS AVE,NORTH CARSON ST,,3,Non-Fatal Injury,Intersection-Related,Stop Sign,Turning Movement,Clear,Daylight,Dry,Major Arterial,FALSE,-79.53876217,43.61298997940953,2,,,3,58,None,Lap and Shoulder Belt,,,,,,,,,,passenger,,Etobicoke-Lakeshore (3),22 Division,Alderwood,TRUE,FALSE,FALSE,TRUE,FALSE,FALSE,FALSE,FALSE,FALSE,FALSE,"{""coordinates"": [[-79.53876217237347, 43.61298997940953]], ""type"": ""MultiPoint""}"
18827,2023:3002288728,2023-10-01T16:42:00,YONGE ST,BISHOP AV,115 m North of,2,Non-Fatal Injury,Non-Intersection,No Control,Rear End,Clear,Daylight,Dry,Major Arterial,FALSE,-79.41659983,43.783968300662984,1,Motorcycle,North,1,36,Major,Helmet,Following too closely,Normal,,,Going Ahead,,,,,motorcyclist,,Willowdale (18),32 Division,Newtonbrook West,TRUE,FALSE,FALSE,TRUE,FALSE,FALSE,FALSE,FALSE,FALSE,FALSE,"{""coordinates"": [[-79.41659982516985, 43.783968300662984]], ""type"": ""MultiPoint""}"
18828,2023:3002288728,2023-10-01T16:42:00,YONGE ST,BISHOP AV,115 m North of,2,Non-Fatal Injury,Non-Intersection,No Control,Rear End,Clear,Daylight,Dry,Major Arterial,FALSE,-79.41659983,43.783968300662984,2,Automobile or Station Wagon,North,2,52,None,Lap and Shoulder Belt,Driving properly,Normal,,,Going Ahead,,,,,driver,,Willowdale (18),32 Division,Newtonbrook West,TRUE,FALSE,FALSE,TRUE,FALSE,FALSE,FALSE,FALSE,FALSE,FALSE,"{""coordinates"": [[-79.41659982516985, 43.783968300662984]], ""type"": ""MultiPoint""}"
18829,2023:3002302313,2023-10-03T10:07:00,PARK RD,CHURCH ST,5 m West of,2,Non-Fatal Injury,Intersection-Related,Traffic Signal,Cyclist Collision,Clear,Daylight,Dry,Major Arterial,FALSE,-79.38518971,43.67169792792938,1,Truck - Dump,South,1,41,None,Lap and Shoulder Belt,Improper turn,Normal,,,Turning Right,,,,,driver,,University-Rosedale (11),53 Division,Rosedale-Moore Park,FALSE,FALSE,TRUE,FALSE,FALSE,FALSE,FALSE,FALSE,FALSE,TRUE,"{""coordinates"": [[-79.38518971266716, 43.67169792792938]], ""type"": ""MultiPoint""}"
18830,2023:3002302313,2023-10-03T10:07:00,PARK RD,CHURCH ST,5 m West of,2,Non-Fatal Injury,Intersection-Related,Traffic Signal,Cyclist Collision,Clear,Daylight,Dry,Major Arterial,FALSE,-79.38518971,43.67169792792938,2,Bicycle,South,2,26,Major,Helmet,,,,,Going Ahead,,Driver turns right on green or amber at signalized intersection and hits cyclist,Driving Properly,Unknown,cyclist,,University-Rosedale (11),53 Division,Rosedale-Moore Park,FALSE,FALSE,TRUE,FALSE,FALSE,FALSE,FALSE,FALSE,FALSE,TRUE,"{""coordinates"": [[-79.38518971266716, 43.67169792792938]], ""type"": ""MultiPoint""}"