_id,collision_id,accdate,stname1,stname2,stname3,per_inv,acclass,accloc,traffictl,impactype,visible,light,rdsfcond,road_class,failtorem,longitude,latitude,veh_no,vehtype,initdir,per_no,invage,injury,safequip,drivact,drivcond,pedact,pedcond,manoeuvre,pedtype,cyclistype,cycact,cyccond,road_user,fatal_no,wardname,division,neighbourhood,aggressive,distracted,cyclist,motorcyclist,other_micromobility,older_adult,pedestrian,red_light,school_child,heavy_truck,geometry
19102,2024:4000341956,2024-02-14T16:30:00,VAUGHAN RD,HUMEWOOD DR,2 m East of,2,Non-Fatal Injury,Intersection-Related,Stop Sign,Reversing,Clear,Daylight,Dry,Minor Arterial,FALSE,-79.42828822,43.68881453065569,1,,,2,76,Major,Use Unknown,,,Crossing with right-of-way (intersection),Normal,,Driver turns left into pedestrian crossing with right-of-way (at intersection),,,,pedestrian,,Toronto-St. Paul's (12),13 Division,Humewood-Cedarvale,TRUE,FALSE,FALSE,FALSE,FALSE,TRUE,TRUE,FALSE,FALSE,FALSE,"{""coordinates"": [[-79.42828821604151, 43.68881453065569]], ""type"": ""MultiPoint""}"
19103,2024:4000345729,2024-02-15T07:10:00,BRIMORTON DR,BRIMLEY RD,5 m East of,2,Non-Fatal Injury,Intersection-Related,Traffic Signal,Reversing,Clear,Daylight,Dry,Major Arterial,FALSE,-79.25951035,43.765203614590185,1,Automobile or Station Wagon,West,1,59,None,Lap and Shoulder Belt,Failed to yield right-of-way,Normal,,,Turning Left,,,,,driver,,Scarborough Centre (21),43 Division,Bendale-Glen Andrew,TRUE,FALSE,FALSE,FALSE,FALSE,FALSE,TRUE,FALSE,FALSE,FALSE,"{""coordinates"": [[-79.25951035215631, 43.765203614590185]], ""type"": ""MultiPoint""}"
19104,2024:4000345729,2024-02-15T07:10:00,BRIMORTON DR,BRIMLEY RD,5 m East of,2,Non-Fatal Injury,Intersection-Related,Traffic Signal,Reversing,Clear,Daylight,Dry,Major Arterial,FALSE,-79.25951035,43.765203614590185,1,,,2,24,Major,Use Unknown,,,Crossing with right-of-way (intersection),Normal,,Driver turns left into pedestrian crossing with right-of-way (at intersection),,,,pedestrian,,Scarborough Centre (21),43 Division,Bendale-Glen Andrew,TRUE,FALSE,FALSE,FALSE,FALSE,FALSE,TRUE,FALSE,FALSE,FALSE,"{""coordinates"": [[-79.25951035215631, 43.765203614590185]], ""type"": ""MultiPoint""}"
19105,2024:4000348179,2024-02-15T13:19:00,EDDYSTONE AV,OAKDALE RD,75 m East of,4,Non-Fatal Injury,Non-Intersection,No Control,Reversing,Snow,Daylight,Loose Snow,Collector,FALSE,-79.52548676,43.746946801684615,3,Automobile or Station Wagon,,3,34,Major,Use Unknown,,,Other,Normal,,Other,,,,pedestrian,,Humber River-Black Creek (7),31 Division,Glenfield-Jane Heights,TRUE,FALSE,FALSE,FALSE,FALSE,FALSE,TRUE,FALSE,FALSE,FALSE,"{""coordinates"": [[-79.52548676003896, 43.746946801684615]], ""type"": ""MultiPoint""}"
19106,2024:4000348179,2024-02-15T13:19:00,EDDYSTONE AV,OAKDALE RD,75 m East of,4,Non-Fatal Injury,Non-Intersection,No Control,Reversing,Snow,Daylight,Loose Snow,Collector,FALSE,-79.52548676,43.746946801684615,3,Automobile or Station Wagon,West,4,36,None,Use Unknown,,,,,Out of Gear,,,,,passenger,,Humber River-Black Creek (7),31 Division,Glenfield-Jane Heights,TRUE,FALSE,FALSE,FALSE,FALSE,FALSE,TRUE,FALSE,FALSE,FALSE,"{""coordinates"": [[-79.52548676003896, 43.746946801684615]], ""type"": ""MultiPoint""}"
19107,2024:4000348179,2024-02-15T13:19:00,EDDYSTONE AV,OAKDALE RD,75 m East of,4,Non-Fatal Injury,Non-Intersection,No Control,Reversing,Snow,Daylight,Loose Snow,Collector,FALSE,-79.52548676,43.746946801684615,1,Automobile or Station Wagon,West,1,23,None,Use Unknown,Speed too fast for conditions,Normal,,,Going Ahead,,,,,driver,,Humber River-Black Creek (7),31 Division,Glenfield-Jane Heights,TRUE,FALSE,FALSE,FALSE,FALSE,FALSE,TRUE,FALSE,FALSE,FALSE,"{""coordinates"": [[-79.52548676003896, 43.746946801684615]], ""type"": ""MultiPoint""}"
19108,2024:4000348179,2024-02-15T13:19:00,EDDYSTONE AV,OAKDALE RD,75 m East of,4,Non-Fatal Injury,Non-Intersection,No Control,Reversing,Snow,Daylight,Loose Snow,Collector,FALSE,-79.52548676,43.746946801684615,2,Automobile or Station Wagon,West,2,26,None,Use Unknown,Driving properly,Normal,,,Slowing or Stopping,,,,,driver,,Humber River-Black Creek (7),31 Division,Glenfield-Jane Heights,TRUE,FALSE,FALSE,FALSE,FALSE,FALSE,TRUE,FALSE,FALSE,FALSE,"{""coordinates"": [[-79.52548676003896, 43.746946801684615]], ""type"": ""MultiPoint""}"
19109,2024:4000371314,2024-02-18T16:51:00,ELLESMERE RD,BIRKDALE RD,,2,Non-Fatal Injury,At Intersection,Traffic Signal,Turning Movement,Clear,Daylight,Dry,Major Arterial,FALSE,-79.26646074,43.76894584169812,1,Automobile or Station Wagon,West,1,60,Minor,Air Bag Deployed,Failed to yield right-of-way,Other Condition,,,Turning Left,,,,,driver,,Scarborough Centre (21),41 Division,Bendale-Glen Andrew,TRUE,FALSE,FALSE,TRUE,FALSE,FALSE,FALSE,FALSE,TRUE,FALSE,"{""coordinates"": [[-79.26646073906153, 43.76894584169812]], ""type"": ""MultiPoint""}"
19110,2024:4000371314,2024-02-18T16:51:00,ELLESMERE RD,BIRKDALE RD,,2,Non-Fatal Injury,At Intersection,Traffic Signal,Turning Movement,Clear,Daylight,Dry,Major Arterial,FALSE,-79.26646074,43.76894584169812,2,Motorcycle,East,2,19,Major,Helmet,Exceeding speed limit,Other Condition,,,Slowing or Stopping,,,,,motorcyclist,,Scarborough Centre (21),41 Division,Bendale-Glen Andrew,TRUE,FALSE,FALSE,TRUE,FALSE,FALSE,FALSE,FALSE,TRUE,FALSE,"{""coordinates"": [[-79.26646073906153, 43.76894584169812]], ""type"": ""MultiPoint""}"
19111,2024:4000372450,2024-02-18T20:21:00,BAYVIEW AV,BLOOR RAMP,1 m South of,5,Non-Fatal Injury,Non-Intersection,,Cyclist Collision,Clear,Dark with Artificial Lighting,Dry,Major Arterial,FALSE,-79.36817612,43.67865972,3,Pickup Truck,West,3,46,None,Use Unknown,,Unknown,,,Going Ahead,,,,,driver,,University-Rosedale (11),53 Division,Rosedale-Moore Park,FALSE,FALSE,TRUE,FALSE,FALSE,FALSE,FALSE,FALSE,TRUE,FALSE,"{""coordinates"": [[-79.36817612023725, 43.6786597247646]], ""type"": ""MultiPoint""}"
19112,2024:4000372450,2024-02-18T20:21:00,BAYVIEW AV,BLOOR RAMP,1 m South of,5,Non-Fatal Injury,Non-Intersection,,Cyclist Collision,Clear,Dark with Artificial Lighting,Dry,Major Arterial,FALSE,-79.36817612,43.67865972,1,Automobile or Station Wagon,West,1,52,None,Lap and Shoulder Belt,Driving properly,Normal,,,Going Ahead,,,,,driver,,University-Rosedale (11),53 Division,Rosedale-Moore Park,FALSE,FALSE,TRUE,FALSE,FALSE,FALSE,FALSE,FALSE,TRUE,FALSE,"{""coordinates"": [[-79.36817612023725, 43.6786597247646]], ""type"": ""MultiPoint""}"
19113,2024:4000372450,2024-02-18T20:21:00,BAYVIEW AV,BLOOR RAMP,1 m South of,5,Non-Fatal Injury,Non-Intersection,,Cyclist Collision,Clear,Dark with Artificial Lighting,Dry,Major Arterial,FALSE,-79.36817612,43.67865972,1,Automobile or Station Wagon,West,5,30,None,Lap and Shoulder Belt,,,,,,,,,,passenger,,University-Rosedale (11),53 Division,Rosedale-Moore Park,FALSE,FALSE,TRUE,FALSE,FALSE,FALSE,FALSE,FALSE,TRUE,FALSE,"{""coordinates"": [[-79.36817612023725, 43.6786597247646]], ""type"": ""MultiPoint""}"
19114,2024:4000372450,2024-02-18T20:21:00,BAYVIEW AV,BLOOR RAMP,1 m South of,5,Non-Fatal Injury,Non-Intersection,,Cyclist Collision,Clear,Dark with Artificial Lighting,Dry,Major Arterial,FALSE,-79.36817612,43.67865972,2,Bicycle,West,2,18,Major,No Equipment Available,,,,,Changing Lanes,,Rear end with cyclist and driver travelling in same direction,Driving Properly,Normal,cyclist,,University-Rosedale (11),53 Division,Rosedale-Moore Park,FALSE,FALSE,TRUE,FALSE,FALSE,FALSE,FALSE,FALSE,TRUE,FALSE,"{""coordinates"": [[-79.36817612023725, 43.6786597247646]], ""type"": ""MultiPoint""}"
19115,2024:4000372450,2024-02-18T20:21:00,BAYVIEW AV,BLOOR RAMP,1 m South of,5,Non-Fatal Injury,Non-Intersection,,Cyclist Collision,Clear,Dark with Artificial Lighting,Dry,Major Arterial,FALSE,-79.36817612,43.67865972,1,Automobile or Station Wagon,West,4,30,None,Lap and Shoulder Belt,,,,,,,,,,passenger,,University-Rosedale (11),53 Division,Rosedale-Moore Park,FALSE,FALSE,TRUE,FALSE,FALSE,FALSE,FALSE,FALSE,TRUE,FALSE,"{""coordinates"": [[-79.36817612023725, 43.6786597247646]], ""type"": ""MultiPoint""}"
19116,2024:4000383682,2024-02-20T12:47:00,BAYVIEW AV,KILGOUR RD,,2,Non-Fatal Injury,Intersection-Related,Traffic Signal,Reversing,Clear,Daylight,Dry,Major Arterial,FALSE,-79.37806378,43.71672659477371,1,Pickup Truck,South,1,20,None,Lap and Shoulder Belt,Improper turn,Normal,,,Turning Left,,,,,driver,,Don Valley West (15),53 Division,Bridle Path-Sunnybrook-York Mills,FALSE,FALSE,FALSE,FALSE,FALSE,FALSE,TRUE,FALSE,FALSE,FALSE,"{""coordinates"": [[-79.37806377663082, 43.71672659477371]], ""type"": ""MultiPoint""}"
19117,2024:4000383682,2024-02-20T12:47:00,BAYVIEW AV,KILGOUR RD,,2,Non-Fatal Injury,Intersection-Related,Traffic Signal,Reversing,Clear,Daylight,Dry,Major Arterial,FALSE,-79.37806378,43.71672659477371,1,,North,2,56,Major,Use Unknown,,,Crossing with right-of-way (intersection),Normal,,Driver turns left into pedestrian crossing with right-of-way (at intersection),,,,pedestrian,,Don Valley West (15),53 Division,Bridle Path-Sunnybrook-York Mills,FALSE,FALSE,FALSE,FALSE,FALSE,FALSE,TRUE,FALSE,FALSE,FALSE,"{""coordinates"": [[-79.37806377663082, 43.71672659477371]], ""type"": ""MultiPoint""}"
19118,2024:4000385362,2024-02-20T16:20:00,DANFORTH RD,TRUDELLE ST,,5,Non-Fatal Injury,Intersection-Related,Traffic Signal,Approaching Head On,Clear,Daylight,Dry,Major Arterial,FALSE,-79.24550279,43.73992359620813,1,Automobile or Station Wagon,North,1,40,None,Air Bag Deployed,Lost control,Unknown,,,Going Ahead,,,,,driver,,Scarborough Centre (21),43 Division,Eglinton East,FALSE,FALSE,FALSE,FALSE,FALSE,TRUE,FALSE,FALSE,TRUE,FALSE,"{""coordinates"": [[-79.24550278558122, 43.73992359620813]], ""type"": ""MultiPoint""}"
19119,2024:4000385362,2024-02-20T16:20:00,DANFORTH RD,TRUDELLE ST,,5,Non-Fatal Injury,Intersection-Related,Traffic Signal,Approaching Head On,Clear,Daylight,Dry,Major Arterial,FALSE,-79.24550279,43.73992359620813,2,,,5,64,Minor,Air Bag Deployed,,,,,,,,,,passenger,,Scarborough Centre (21),43 Division,Eglinton East,FALSE,FALSE,FALSE,FALSE,FALSE,TRUE,FALSE,FALSE,TRUE,FALSE,"{""coordinates"": [[-79.24550278558122, 43.73992359620813]], ""type"": ""MultiPoint""}"
19120,2024:4000385362,2024-02-20T16:20:00,DANFORTH RD,TRUDELLE ST,,5,Non-Fatal Injury,Intersection-Related,Traffic Signal,Approaching Head On,Clear,Daylight,Dry,Major Arterial,FALSE,-79.24550279,43.73992359620813,2,,,4,91,Major,Air Bag Deployed,,,,,,,,,,passenger,,Scarborough Centre (21),43 Division,Eglinton East,FALSE,FALSE,FALSE,FALSE,FALSE,TRUE,FALSE,FALSE,TRUE,FALSE,"{""coordinates"": [[-79.24550278558122, 43.73992359620813]], ""type"": ""MultiPoint""}"
19121,2024:4000385362,2024-02-20T16:20:00,DANFORTH RD,TRUDELLE ST,,5,Non-Fatal Injury,Intersection-Related,Traffic Signal,Approaching Head On,Clear,Daylight,Dry,Major Arterial,FALSE,-79.24550279,43.73992359620813,2,Automobile or Station Wagon,South,2,60,Minor,Air Bag Deployed,Driving properly,Normal,,,Stopped,,,,,driver,,Scarborough Centre (21),43 Division,Eglinton East,FALSE,FALSE,FALSE,FALSE,FALSE,TRUE,FALSE,FALSE,TRUE,FALSE,"{""coordinates"": [[-79.24550278558122, 43.73992359620813]], ""type"": ""MultiPoint""}"
19122,2024:4000385362,2024-02-20T16:20:00,DANFORTH RD,TRUDELLE ST,,5,Non-Fatal Injury,Intersection-Related,Traffic Signal,Approaching Head On,Clear,Daylight,Dry,Major Arterial,FALSE,-79.24550279,43.73992359620813,1,,,3,10,None,Air Bag Deployed,,,,,,,,,,passenger,,Scarborough Centre (21),43 Division,Eglinton East,FALSE,FALSE,FALSE,FALSE,FALSE,TRUE,FALSE,FALSE,TRUE,FALSE,"{""coordinates"": [[-79.24550278558122, 43.73992359620813]], ""type"": ""MultiPoint""}"
19123,2024:4000385939,2024-02-20T17:25:00,GERRARD ST E,BLANTYRE AVE,17 m West of,2,Non-Fatal Injury,Intersection-Related,Pedestrian Crossover,Reversing,Clear,Daylight,Dry,Minor Arterial,FALSE,-79.28407714,43.687421965370525,1,,South,2,51,Major,Lap and Shoulder Belt,,,Crossing - pedestrian crossover,Normal,,Driver hits pedestrian at PXO/pedestrian midblock signal,,,,pedestrian,,Scarborough Southwest (20),41 Division,Birchcliffe-Cliffside,FALSE,FALSE,FALSE,FALSE,FALSE,FALSE,TRUE,FALSE,FALSE,FALSE,"{""coordinates"": [[-79.2840771352951, 43.687421965370525]], ""type"": ""MultiPoint""}"
19124,2022:2002282330,2022-11-23T03:04:00,STEELES AVE E,SEWELLS RD,,3,Fatal Injury,Non-Intersection,No Control,SMV Other,Clear,Dark,Dry,Minor Arterial,FALSE,-79.21226901,43.84543810934312,,,,1,19,Fatal,,,,,,,,,,,passenger,47,Scarborough-Rouge Park (25),42 Division,Morningside Heights,FALSE,FALSE,FALSE,FALSE,FALSE,FALSE,FALSE,FALSE,TRUE,FALSE,"{""coordinates"": [[-79.21226901437527, 43.84543810934312]], ""type"": ""MultiPoint""}"
19125,2024:4000385939,2024-02-20T17:25:00,GERRARD ST E,BLANTYRE AVE,17 m West of,2,Non-Fatal Injury,Intersection-Related,Pedestrian Crossover,Reversing,Clear,Daylight,Dry,Minor Arterial,FALSE,-79.28407714,43.687421965370525,1,Automobile or Station Wagon,West,1,33,None,Lap and Shoulder Belt,Other,Other Condition,,,Going Ahead,,,,,driver,,Scarborough Southwest (20),41 Division,Birchcliffe-Cliffside,FALSE,FALSE,FALSE,FALSE,FALSE,FALSE,TRUE,FALSE,FALSE,FALSE,"{""coordinates"": [[-79.2840771352951, 43.687421965370525]], ""type"": ""MultiPoint""}"
19126,2024:4000407593,2024-02-23T13:50:00,VICTORIA PARK AVE,WAKEHOOD ST,2 m South of,2,Non-Fatal Injury,Intersection-Related,Stop Sign,Reversing,Clear,Daylight,Dry,Major Arterial,FALSE,-79.28789184,43.69017999679295,1,,,2,65,Major,No Equipment Available,,,Crossing without right-of-way (intersection),Inattentive,,Driver turns left into pedestrian crossing without right-of-way (at intersection),,,,pedestrian,,Scarborough Southwest (20),41 Division,Oakridge,TRUE,TRUE,FALSE,FALSE,FALSE,TRUE,TRUE,FALSE,FALSE,FALSE,"{""coordinates"": [[-79.28789183616992, 43.69017999679295]], ""type"": ""MultiPoint""}"
19127,2024:4000407593,2024-02-23T13:50:00,VICTORIA PARK AVE,WAKEHOOD ST,2 m South of,2,Non-Fatal Injury,Intersection-Related,Stop Sign,Reversing,Clear,Daylight,Dry,Major Arterial,FALSE,-79.28789184,43.69017999679295,1,Pickup Truck,West,1,42,None,Lap and Shoulder Belt,Failed to yield right-of-way,Inattentive,,,Turning Left,,,,,driver,,Scarborough Southwest (20),41 Division,Oakridge,TRUE,TRUE,FALSE,FALSE,FALSE,TRUE,TRUE,FALSE,FALSE,FALSE,"{""coordinates"": [[-79.28789183616992, 43.69017999679295]], ""type"": ""MultiPoint""}"
19128,2024:4000413242,2024-02-24T08:27:00,SHEPPARD AV W,RIVALDA RD,5 m South of,3,Non-Fatal Injury,Intersection-Related,Traffic Signal,Reversing,Clear,Daylight,Dry,Major Arterial,FALSE,-79.53391727,43.73467875,1,Automobile or Station Wagon,South,1,41,None,Lap and Shoulder Belt,Failed to yield right-of-way,Normal,,,Turning Left,,,,,driver,,Humber River-Black Creek (7),31 Division,Pelmo Park-Humberlea,TRUE,FALSE,FALSE,FALSE,FALSE,TRUE,TRUE,FALSE,FALSE,FALSE,"{""coordinates"": [[-79.53391727430063, 43.7346787511776]], ""type"": ""MultiPoint""}"
19129,2024:4000413242,2024-02-24T08:27:00,SHEPPARD AV W,RIVALDA RD,5 m South of,3,Non-Fatal Injury,Intersection-Related,Traffic Signal,Reversing,Clear,Daylight,Dry,Major Arterial,FALSE,-79.53391727,43.73467875,1,,,2,40,None,Lap and Shoulder Belt,,,,,,,,,,passenger,,Humber River-Black Creek (7),31 Division,Pelmo Park-Humberlea,TRUE,FALSE,FALSE,FALSE,FALSE,TRUE,TRUE,FALSE,FALSE,FALSE,"{""coordinates"": [[-79.53391727430063, 43.7346787511776]], ""type"": ""MultiPoint""}"
19130,2024:4000413242,2024-02-24T08:27:00,SHEPPARD AV W,RIVALDA RD,5 m South of,3,Non-Fatal Injury,Intersection-Related,Traffic Signal,Reversing,Clear,Daylight,Dry,Major Arterial,FALSE,-79.53391727,43.73467875,1,,,3,72,Major,No Equipment Available,,,Crossing with right-of-way (intersection),Normal,,Driver turns left into pedestrian crossing with right-of-way (at intersection),,,,pedestrian,,Humber River-Black Creek (7),31 Division,Pelmo Park-Humberlea,TRUE,FALSE,FALSE,FALSE,FALSE,TRUE,TRUE,FALSE,FALSE,FALSE,"{""coordinates"": [[-79.53391727430063, 43.7346787511776]], ""type"": ""MultiPoint""}"
19131,2024:4000416377,2024-02-24T17:05:00,EGLINTON AV W,GLENARDEN RD,5 m West of,3,Non-Fatal Injury,Non-Intersection,,Rear End,Clear,Daylight,Dry,Major Arterial,TRUE,-79.4327514,43.699461353381295,2,Automobile or Station Wagon,West,2,29,None,Lap and Shoulder Belt,Following too closely,Normal,,,Slowing or Stopping,,,,,driver,,Toronto-St. Paul's (12),13 Division,Humewood-Cedarvale,TRUE,FALSE,FALSE,FALSE,FALSE,FALSE,FALSE,FALSE,FALSE,FALSE,"{""coordinates"": [[-79.43275140243135, 43.699461353381295]], ""type"": ""MultiPoint""}"
19132,2024:4000416377,2024-02-24T17:05:00,EGLINTON AV W,GLENARDEN RD,5 m West of,3,Non-Fatal Injury,Non-Intersection,,Rear End,Clear,Daylight,Dry,Major Arterial,TRUE,-79.4327514,43.699461353381295,1,,,3,38,Major,Lap and Shoulder Belt,,,,,,,,,,passenger,,Toronto-St. Paul's (12),13 Division,Humewood-Cedarvale,TRUE,FALSE,FALSE,FALSE,FALSE,FALSE,FALSE,FALSE,FALSE,FALSE,"{""coordinates"": [[-79.43275140243135, 43.699461353381295]], ""type"": ""MultiPoint""}"
19133,2024:4000416377,2024-02-24T17:05:00,EGLINTON AV W,GLENARDEN RD,5 m West of,3,Non-Fatal Injury,Non-Intersection,,Rear End,Clear,Daylight,Dry,Major Arterial,TRUE,-79.4327514,43.699461353381295,1,Automobile or Station Wagon,West,1,34,None,Lap and Shoulder Belt,Driving properly,Normal,,,Slowing or Stopping,,,,,driver,,Toronto-St. Paul's (12),13 Division,Humewood-Cedarvale,TRUE,FALSE,FALSE,FALSE,FALSE,FALSE,FALSE,FALSE,FALSE,FALSE,"{""coordinates"": [[-79.43275140243135, 43.699461353381295]], ""type"": ""MultiPoint""}"
19134,2024:4000431448,2024-02-26T17:34:00,BIRCHMOUNT RD,ST CLAIR AVE E,,6,Fatal Injury,Intersection-Related,No Control,Cyclist Collision,Clear,Daylight,Dry,Major Arterial,FALSE,-79.27371637,43.71356407206618,1,Bicycle,West,1,47,Fatal,,,,,,Going Ahead,,Rear end with cyclist and driver travelling in same direction,Driving Properly,Normal,cyclist,6,Scarborough Southwest (20),41 Division,Clairlea-Birchmount,FALSE,TRUE,TRUE,FALSE,FALSE,FALSE,FALSE,FALSE,FALSE,FALSE,"{""coordinates"": [[-79.2737163661758, 43.71356407206618]], ""type"": ""MultiPoint""}"
19135,2024:4000431448,2024-02-26T17:34:00,BIRCHMOUNT RD,ST CLAIR AVE E,,6,Fatal Injury,Intersection-Related,No Control,Cyclist Collision,Clear,Daylight,Dry,Major Arterial,FALSE,-79.27371637,43.71356407206618,2,Automobile or Station Wagon,West,6,46,None,,,,,,,,,,,passenger,,Scarborough Southwest (20),41 Division,Clairlea-Birchmount,FALSE,TRUE,TRUE,FALSE,FALSE,FALSE,FALSE,FALSE,FALSE,FALSE,"{""coordinates"": [[-79.2737163661758, 43.71356407206618]], ""type"": ""MultiPoint""}"
19136,2024:4000431448,2024-02-26T17:34:00,BIRCHMOUNT RD,ST CLAIR AVE E,,6,Fatal Injury,Intersection-Related,No Control,Cyclist Collision,Clear,Daylight,Dry,Major Arterial,FALSE,-79.27371637,43.71356407206618,2,Automobile or Station Wagon,West,2,43,None,,Other,Inattentive,,,Going Ahead,,,,,driver,,Scarborough Southwest (20),41 Division,Clairlea-Birchmount,FALSE,TRUE,TRUE,FALSE,FALSE,FALSE,FALSE,FALSE,FALSE,FALSE,"{""coordinates"": [[-79.2737163661758, 43.71356407206618]], ""type"": ""MultiPoint""}"
19137,2024:4000431448,2024-02-26T17:34:00,BIRCHMOUNT RD,ST CLAIR AVE E,,6,Fatal Injury,Intersection-Related,No Control,Cyclist Collision,Clear,Daylight,Dry,Major Arterial,FALSE,-79.27371637,43.71356407206618,2,Automobile or Station Wagon,West,4,30,None,,,,,,,,,,,passenger,,Scarborough Southwest (20),41 Division,Clairlea-Birchmount,FALSE,TRUE,TRUE,FALSE,FALSE,FALSE,FALSE,FALSE,FALSE,FALSE,"{""coordinates"": [[-79.2737163661758, 43.71356407206618]], ""type"": ""MultiPoint""}"
19138,2024:4000431448,2024-02-26T17:34:00,BIRCHMOUNT RD,ST CLAIR AVE E,,6,Fatal Injury,Intersection-Related,No Control,Cyclist Collision,Clear,Daylight,Dry,Major Arterial,FALSE,-79.27371637,43.71356407206618,2,Automobile or Station Wagon,West,5,31,None,,,,,,,,,,,passenger,,Scarborough Southwest (20),41 Division,Clairlea-Birchmount,FALSE,TRUE,TRUE,FALSE,FALSE,FALSE,FALSE,FALSE,FALSE,FALSE,"{""coordinates"": [[-79.2737163661758, 43.71356407206618]], ""type"": ""MultiPoint""}"
19139,2024:4000431448,2024-02-26T17:34:00,BIRCHMOUNT RD,ST CLAIR AVE E,,6,Fatal Injury,Intersection-Related,No Control,Cyclist Collision,Clear,Daylight,Dry,Major Arterial,FALSE,-79.27371637,43.71356407206618,3,Automobile or Station Wagon,West,3,31,None,,Other,Inattentive,,,Going Ahead,,,,,driver,,Scarborough Southwest (20),41 Division,Clairlea-Birchmount,FALSE,TRUE,TRUE,FALSE,FALSE,FALSE,FALSE,FALSE,FALSE,FALSE,"{""coordinates"": [[-79.2737163661758, 43.71356407206618]], ""type"": ""MultiPoint""}"
19140,2024:4000445004,2024-02-28T12:10:00,DON VALLEY PARKWAY S,YORK MILLS RD,,4,Fatal Injury,Non-Intersection,No Control,Sideswipe,Clear,Daylight,Dry,Expressway,FALSE,-79.33595702,43.758630984701085,2,,South,3,55,None,,Driving properly,Normal,,,Going Ahead,,,,,driver,,Don Valley East (16),33 Division,Parkwoods-O'Connor Hills,FALSE,FALSE,FALSE,FALSE,FALSE,FALSE,FALSE,FALSE,FALSE,FALSE,"{""coordinates"": [[-79.33595701846377, 43.758630984701085]], ""type"": ""MultiPoint""}"
19141,2024:4000445004,2024-02-28T12:10:00,DON VALLEY PARKWAY S,YORK MILLS RD,,4,Fatal Injury,Non-Intersection,No Control,Sideswipe,Clear,Daylight,Dry,Expressway,FALSE,-79.33595702,43.758630984701085,1,Automobile or Station Wagon,South,2,20,Major,,Improper lane change,Normal,,,Changing Lanes,,,,,driver,,Don Valley East (16),33 Division,Parkwoods-O'Connor Hills,FALSE,FALSE,FALSE,FALSE,FALSE,FALSE,FALSE,FALSE,FALSE,FALSE,"{""coordinates"": [[-79.33595701846377, 43.758630984701085]], ""type"": ""MultiPoint""}"
19142,2024:4000445004,2024-02-28T12:10:00,DON VALLEY PARKWAY S,YORK MILLS RD,,4,Fatal Injury,Non-Intersection,No Control,Sideswipe,Clear,Daylight,Dry,Expressway,FALSE,-79.33595702,43.758630984701085,1,,,1,20,Fatal,,,,,,,,,,,passenger,10,Don Valley East (16),33 Division,Parkwoods-O'Connor Hills,FALSE,FALSE,FALSE,FALSE,FALSE,FALSE,FALSE,FALSE,FALSE,FALSE,"{""coordinates"": [[-79.33595701846377, 43.758630984701085]], ""type"": ""MultiPoint""}"
19143,2024:4000445004,2024-02-28T12:10:00,DON VALLEY PARKWAY S,YORK MILLS RD,,4,Fatal Injury,Non-Intersection,No Control,Sideswipe,Clear,Daylight,Dry,Expressway,FALSE,-79.33595702,43.758630984701085,3,,South,4,42,None,,,,,,,,,,,driver,,Don Valley East (16),33 Division,Parkwoods-O'Connor Hills,FALSE,FALSE,FALSE,FALSE,FALSE,FALSE,FALSE,FALSE,FALSE,FALSE,"{""coordinates"": [[-79.33595701846377, 43.758630984701085]], ""type"": ""MultiPoint""}"
19144,2024:4000478459,2024-03-03T18:37:00,LUELLA ST,MARKHAM RD,,2,Non-Fatal Injury,At Intersection,Traffic Signal,Turning Movement,Clear,Dark with Artificial Lighting,Dry,,FALSE,-79.21972406,43.74494606175982,2,Motorcycle,South,2,23,Major,Use Unknown,Driving properly,Normal,,,Going Ahead,,,,,motorcyclist,,Scarborough-Guildwood (24),43 Division,Scarborough Village,FALSE,FALSE,FALSE,TRUE,FALSE,FALSE,FALSE,FALSE,FALSE,FALSE,"{""coordinates"": [[-79.21972406272887, 43.74494606175982]], ""type"": ""MultiPoint""}"
19145,2024:4000478459,2024-03-03T18:37:00,LUELLA ST,MARKHAM RD,,2,Non-Fatal Injury,At Intersection,Traffic Signal,Turning Movement,Clear,Dark with Artificial Lighting,Dry,,FALSE,-79.21972406,43.74494606175982,1,Automobile or Station Wagon,North,1,46,None,Lap and Shoulder Belt,Improper turn,Normal,,,Turning Left,,,,,driver,,Scarborough-Guildwood (24),43 Division,Scarborough Village,FALSE,FALSE,FALSE,TRUE,FALSE,FALSE,FALSE,FALSE,FALSE,FALSE,"{""coordinates"": [[-79.21972406272887, 43.74494606175982]], ""type"": ""MultiPoint""}"
19146,2024:4000482725,2024-03-04T10:23:00,OSSINGTON AV,COLLEGE ST,1 m East of,1,Non-Fatal Injury,Intersection-Related,Traffic Signal,Reversing,Clear,Daylight,Dry,Major Arterial,FALSE,-79.42267303,43.654402149629384,1,,East,1,67,Major,Lap and Shoulder Belt,,,Crossing with right-of-way (intersection),Normal,,Driver turns left into pedestrian crossing with right-of-way (at intersection),,,,pedestrian,,University-Rosedale (11),14 Division,Trinity-Bellwoods,FALSE,FALSE,FALSE,FALSE,FALSE,TRUE,TRUE,FALSE,FALSE,FALSE,"{""coordinates"": [[-79.4226730274351, 43.654402149629384]], ""type"": ""MultiPoint""}"
19147,2024:4000491609,2024-03-05T11:49:00,EGLINTON AVE W,BLACKTHORN AVE,5 m West of,3,Non-Fatal Injury,Intersection-Related,Traffic Signal,Rear End,Clear,Daylight,Dry,Major Arterial,FALSE,-79.46534425,43.69194644735301,2,,,3,0,None,Lap and Shoulder Belt,,,,,,,,,,passenger,,York South-Weston (5),12 Division,Keelesdale-Eglinton West,FALSE,FALSE,FALSE,FALSE,FALSE,TRUE,FALSE,FALSE,FALSE,FALSE,"{""coordinates"": [[-79.46534424837527, 43.69194644735301]], ""type"": ""MultiPoint""}"