_id,collision_id,accdate,stname1,stname2,stname3,per_inv,acclass,accloc,traffictl,impactype,visible,light,rdsfcond,road_class,failtorem,longitude,latitude,veh_no,vehtype,initdir,per_no,invage,injury,safequip,drivact,drivcond,pedact,pedcond,manoeuvre,pedtype,cyclistype,cycact,cyccond,road_user,fatal_no,wardname,division,neighbourhood,aggressive,distracted,cyclist,motorcyclist,other_micromobility,older_adult,pedestrian,red_light,school_child,heavy_truck,geometry
19148,2024:4000491609,2024-03-05T11:49:00,EGLINTON AVE W,BLACKTHORN AVE,5 m West of,3,Non-Fatal Injury,Intersection-Related,Traffic Signal,Rear End,Clear,Daylight,Dry,Major Arterial,FALSE,-79.46534425,43.69194644735301,2,Automobile or Station Wagon,East,2,40,None,Lap and Shoulder Belt,Driving properly,Normal,,,Stopped,,,,,driver,,York South-Weston (5),12 Division,Keelesdale-Eglinton West,FALSE,FALSE,FALSE,FALSE,FALSE,TRUE,FALSE,FALSE,FALSE,FALSE,"{""coordinates"": [[-79.46534424837527, 43.69194644735301]], ""type"": ""MultiPoint""}"
19149,2024:4000491609,2024-03-05T11:49:00,EGLINTON AVE W,BLACKTHORN AVE,5 m West of,3,Non-Fatal Injury,Intersection-Related,Traffic Signal,Rear End,Clear,Daylight,Dry,Major Arterial,FALSE,-79.46534425,43.69194644735301,1,Automobile or Station Wagon,East,1,74,Major,Lap and Shoulder Belt,Other,Medical or Physical Disability,,,Going Ahead,,,,,driver,,York South-Weston (5),12 Division,Keelesdale-Eglinton West,FALSE,FALSE,FALSE,FALSE,FALSE,TRUE,FALSE,FALSE,FALSE,FALSE,"{""coordinates"": [[-79.46534424837527, 43.69194644735301]], ""type"": ""MultiPoint""}"
19150,2024:4000503642,2024-03-06T21:13:00,ST GEORGE ST,admiral  rd,3 m West of,2,Non-Fatal Injury,Non-Intersection,No Control,Cyclist Collision,Clear,Dawn with Artificial Lighting,Dry,Minor Arterial,FALSE,-79.40298149,43.67438349948805,1,Automobile or Station Wagon,North,1,79,None,Lap and Shoulder Belt,Driving properly,Normal,,,Going Ahead,,,,,driver,,University-Rosedale (11),53 Division,Annex,FALSE,FALSE,TRUE,FALSE,FALSE,TRUE,FALSE,FALSE,FALSE,FALSE,"{""coordinates"": [[-79.40298149028541, 43.67438349948805]], ""type"": ""MultiPoint""}"
19151,2024:4000503642,2024-03-06T21:13:00,ST GEORGE ST,admiral  rd,3 m West of,2,Non-Fatal Injury,Non-Intersection,No Control,Cyclist Collision,Clear,Dawn with Artificial Lighting,Dry,Minor Arterial,FALSE,-79.40298149,43.67438349948805,2,Bicycle,South,2,42,Major,Equipment Not Used But Available,,,,,Going Ahead,,Insufficient information to describe collision,Lost control,Normal,cyclist,,University-Rosedale (11),53 Division,Annex,FALSE,FALSE,TRUE,FALSE,FALSE,TRUE,FALSE,FALSE,FALSE,FALSE,"{""coordinates"": [[-79.40298149028541, 43.67438349948805]], ""type"": ""MultiPoint""}"
19152,2024:4000503890,2024-03-06T22:06:00,GARDINER XWY,,,3,Fatal Injury,Non-Intersection,No Control,Reversing,Clear,Dark with Artificial Lighting,Dry,Expressway,FALSE,-79.47578139,43.63180015639375,,,South,1,65,Fatal,,,,Running onto roadway,Medical or Physical Disability,,Driver hits pedestrian at midblock,,,,pedestrian,7,Etobicoke-Lakeshore (3),22 Division,Humber Bay Shores,TRUE,FALSE,FALSE,FALSE,FALSE,TRUE,TRUE,FALSE,FALSE,FALSE,"{""coordinates"": [[-79.47578138612354, 43.63180015639375]], ""type"": ""MultiPoint""}"
19153,2024:4000503890,2024-03-06T22:06:00,GARDINER XWY,,,3,Fatal Injury,Non-Intersection,No Control,Reversing,Clear,Dark with Artificial Lighting,Dry,Expressway,FALSE,-79.47578139,43.63180015639375,1,Automobile or Station Wagon,,3,64,None,,,,,,,,,,,passenger,,Etobicoke-Lakeshore (3),22 Division,Humber Bay Shores,TRUE,FALSE,FALSE,FALSE,FALSE,TRUE,TRUE,FALSE,FALSE,FALSE,"{""coordinates"": [[-79.47578138612354, 43.63180015639375]], ""type"": ""MultiPoint""}"
19154,2024:4000503890,2024-03-06T22:06:00,GARDINER XWY,,,3,Fatal Injury,Non-Intersection,No Control,Reversing,Clear,Dark with Artificial Lighting,Dry,Expressway,FALSE,-79.47578139,43.63180015639375,1,Automobile or Station Wagon,West,2,63,None,,Following too closely,Normal,,,Going Ahead,,,,,driver,,Etobicoke-Lakeshore (3),22 Division,Humber Bay Shores,TRUE,FALSE,FALSE,FALSE,FALSE,TRUE,TRUE,FALSE,FALSE,FALSE,"{""coordinates"": [[-79.47578138612354, 43.63180015639375]], ""type"": ""MultiPoint""}"
19155,2024:4000526431,2024-03-09T20:30:00,O'CONNOR DR,PAPE AV,,2,Non-Fatal Injury,Intersection-Related,Traffic Signal,Reversing,Clear,Dark with Artificial Lighting,Dry,Major Arterial,FALSE,-79.35025462,43.69325091427151,1,,,2,57,Major,Use Unknown,,,Crossing - pedestrian crossover,Normal,,Driver turns left into pedestrian crossing with right-of-way (at intersection),,,,pedestrian,,Toronto-Danforth (14),55 Division,Old East York,TRUE,FALSE,FALSE,FALSE,FALSE,FALSE,TRUE,FALSE,FALSE,FALSE,"{""coordinates"": [[-79.35025461788713, 43.69325091427151]], ""type"": ""MultiPoint""}"
19156,2024:4000526431,2024-03-09T20:30:00,O'CONNOR DR,PAPE AV,,2,Non-Fatal Injury,Intersection-Related,Traffic Signal,Reversing,Clear,Dark with Artificial Lighting,Dry,Major Arterial,FALSE,-79.35025462,43.69325091427151,1,Automobile or Station Wagon,West,1,58,None,Lap and Shoulder Belt,Failed to yield right-of-way,Normal,,,Turning Left,,,,,driver,,Toronto-Danforth (14),55 Division,Old East York,TRUE,FALSE,FALSE,FALSE,FALSE,FALSE,TRUE,FALSE,FALSE,FALSE,"{""coordinates"": [[-79.35025461788713, 43.69325091427151]], ""type"": ""MultiPoint""}"
19157,2024:4000534624,2024-03-11T05:36:00,640 LAWRENCE AVE W,,,5,Fatal Injury,Non-Intersection,No Control,Reversing,Clear,Dark with Artificial Lighting,Dry,Major Arterial,FALSE,-79.43983909,43.717024223065245,1,Automobile or Station Wagon,West,2,19,,,Lost control,Ability Impaired - Alcohol,,,Going Ahead,,,,,driver,,Eglinton-Lawrence (8),32 Division,Englemount-Lawrence,FALSE,FALSE,FALSE,FALSE,FALSE,FALSE,TRUE,FALSE,TRUE,FALSE,"{""coordinates"": [[-79.43983909336131, 43.717024223065245]], ""type"": ""MultiPoint""}"
19158,2024:4000534624,2024-03-11T05:36:00,640 LAWRENCE AVE W,,,5,Fatal Injury,Non-Intersection,No Control,Reversing,Clear,Dark with Artificial Lighting,Dry,Major Arterial,FALSE,-79.43983909,43.717024223065245,1,Automobile or Station Wagon,,5,24,,,,,,,,,,,,passenger,,Eglinton-Lawrence (8),32 Division,Englemount-Lawrence,FALSE,FALSE,FALSE,FALSE,FALSE,FALSE,TRUE,FALSE,TRUE,FALSE,"{""coordinates"": [[-79.43983909336131, 43.717024223065245]], ""type"": ""MultiPoint""}"
19159,2024:4000534624,2024-03-11T05:36:00,640 LAWRENCE AVE W,,,5,Fatal Injury,Non-Intersection,No Control,Reversing,Clear,Dark with Artificial Lighting,Dry,Major Arterial,FALSE,-79.43983909,43.717024223065245,,,West,1,54,Fatal,,,,On sidewalk or shoulder,Normal,Going Ahead,Driver hits pedestrian on sidewalk or shoulder,,,,pedestrian,8,Eglinton-Lawrence (8),32 Division,Englemount-Lawrence,FALSE,FALSE,FALSE,FALSE,FALSE,FALSE,TRUE,FALSE,TRUE,FALSE,"{""coordinates"": [[-79.43983909336131, 43.717024223065245]], ""type"": ""MultiPoint""}"
19160,2024:4000534624,2024-03-11T05:36:00,640 LAWRENCE AVE W,,,5,Fatal Injury,Non-Intersection,No Control,Reversing,Clear,Dark with Artificial Lighting,Dry,Major Arterial,FALSE,-79.43983909,43.717024223065245,1,Automobile or Station Wagon,,4,23,,,,,,,,,,,,passenger,,Eglinton-Lawrence (8),32 Division,Englemount-Lawrence,FALSE,FALSE,FALSE,FALSE,FALSE,FALSE,TRUE,FALSE,TRUE,FALSE,"{""coordinates"": [[-79.43983909336131, 43.717024223065245]], ""type"": ""MultiPoint""}"
19161,2024:4000534624,2024-03-11T05:36:00,640 LAWRENCE AVE W,,,5,Fatal Injury,Non-Intersection,No Control,Reversing,Clear,Dark with Artificial Lighting,Dry,Major Arterial,FALSE,-79.43983909,43.717024223065245,1,Automobile or Station Wagon,,3,21,,,,,,,,,,,,passenger,,Eglinton-Lawrence (8),32 Division,Englemount-Lawrence,FALSE,FALSE,FALSE,FALSE,FALSE,FALSE,TRUE,FALSE,TRUE,FALSE,"{""coordinates"": [[-79.43983909336131, 43.717024223065245]], ""type"": ""MultiPoint""}"
19162,2024:4000550957,2024-03-13T06:34:00,MARKHAM RD,MILNER AVE,,6,Fatal Injury,At Intersection,Traffic Signal,Angle,Clear,Dark with Artificial Lighting,Dry,Major Arterial,FALSE,-79.23709455,43.78960858737409,2,,East,2,50,,,Driving properly,Normal,,,Going Ahead,,,,,driver,,Scarborough North (23),42 Division,Agincourt South-Malvern West,TRUE,FALSE,FALSE,FALSE,FALSE,FALSE,FALSE,FALSE,TRUE,FALSE,"{""coordinates"": [[-79.23709455091222, 43.78960858737409]], ""type"": ""MultiPoint""}"
19163,2024:4000550957,2024-03-13T06:34:00,MARKHAM RD,MILNER AVE,,6,Fatal Injury,At Intersection,Traffic Signal,Angle,Clear,Dark with Artificial Lighting,Dry,Major Arterial,FALSE,-79.23709455,43.78960858737409,1,,South,1,19,Fatal,,Failed to yield right-of-way,Other Condition,,,Going Ahead,,,,,driver,9,Scarborough North (23),42 Division,Agincourt South-Malvern West,TRUE,FALSE,FALSE,FALSE,FALSE,FALSE,FALSE,FALSE,TRUE,FALSE,"{""coordinates"": [[-79.23709455091222, 43.78960858737409]], ""type"": ""MultiPoint""}"
19164,2024:4000550957,2024-03-13T06:34:00,MARKHAM RD,MILNER AVE,,6,Fatal Injury,At Intersection,Traffic Signal,Angle,Clear,Dark with Artificial Lighting,Dry,Major Arterial,FALSE,-79.23709455,43.78960858737409,3,,,3,58,,,,,,,,,,,,driver,,Scarborough North (23),42 Division,Agincourt South-Malvern West,TRUE,FALSE,FALSE,FALSE,FALSE,FALSE,FALSE,FALSE,TRUE,FALSE,"{""coordinates"": [[-79.23709455091222, 43.78960858737409]], ""type"": ""MultiPoint""}"
19165,2024:4000550957,2024-03-13T06:34:00,MARKHAM RD,MILNER AVE,,6,Fatal Injury,At Intersection,Traffic Signal,Angle,Clear,Dark with Artificial Lighting,Dry,Major Arterial,FALSE,-79.23709455,43.78960858737409,5,,,5,28,,,,,,,,,,,,driver,,Scarborough North (23),42 Division,Agincourt South-Malvern West,TRUE,FALSE,FALSE,FALSE,FALSE,FALSE,FALSE,FALSE,TRUE,FALSE,"{""coordinates"": [[-79.23709455091222, 43.78960858737409]], ""type"": ""MultiPoint""}"
19166,2024:4000550957,2024-03-13T06:34:00,MARKHAM RD,MILNER AVE,,6,Fatal Injury,At Intersection,Traffic Signal,Angle,Clear,Dark with Artificial Lighting,Dry,Major Arterial,FALSE,-79.23709455,43.78960858737409,4,,,4,51,,,,,,,,,,,,driver,,Scarborough North (23),42 Division,Agincourt South-Malvern West,TRUE,FALSE,FALSE,FALSE,FALSE,FALSE,FALSE,FALSE,TRUE,FALSE,"{""coordinates"": [[-79.23709455091222, 43.78960858737409]], ""type"": ""MultiPoint""}"
19167,2024:4000550957,2024-03-13T06:34:00,MARKHAM RD,MILNER AVE,,6,Fatal Injury,At Intersection,Traffic Signal,Angle,Clear,Dark with Artificial Lighting,Dry,Major Arterial,FALSE,-79.23709455,43.78960858737409,6,,,6,33,,,,,,,,,,,,driver,,Scarborough North (23),42 Division,Agincourt South-Malvern West,TRUE,FALSE,FALSE,FALSE,FALSE,FALSE,FALSE,FALSE,TRUE,FALSE,"{""coordinates"": [[-79.23709455091222, 43.78960858737409]], ""type"": ""MultiPoint""}"
19168,2024:4000571660,2024-03-15T18:36:00,QUEEN ST E,COADY AV,11 m West of,2,Non-Fatal Injury,Non-Intersection,Pedestrian Crossover,SMV Other,Glare,Dusk,Dry,,FALSE,-79.33423586,43.662369408370914,1,,,2,26,Major,Use Unknown,,,Crossing - pedestrian crossover,Normal,,Driver hits pedestrian at PXO/pedestrian midblock signal,,,,pedestrian,,Toronto-Danforth (14),55 Division,South Riverdale,TRUE,FALSE,FALSE,FALSE,FALSE,FALSE,TRUE,FALSE,FALSE,FALSE,"{""coordinates"": [[-79.33423586428938, 43.662369408370914]], ""type"": ""MultiPoint""}"
19169,2024:4000571660,2024-03-15T18:36:00,QUEEN ST E,COADY AV,11 m West of,2,Non-Fatal Injury,Non-Intersection,Pedestrian Crossover,SMV Other,Glare,Dusk,Dry,,FALSE,-79.33423586,43.662369408370914,1,Automobile or Station Wagon,West,1,42,None,Use Unknown,Failed to yield right-of-way,Normal,,,Going Ahead,,,,,driver,,Toronto-Danforth (14),55 Division,South Riverdale,TRUE,FALSE,FALSE,FALSE,FALSE,FALSE,TRUE,FALSE,FALSE,FALSE,"{""coordinates"": [[-79.33423586428938, 43.662369408370914]], ""type"": ""MultiPoint""}"
19170,2024:4000600433,2024-03-19T16:09:00,REDPATH AV,BROADWAY AV,10 m West of,2,Non-Fatal Injury,Intersection-Related,Stop Sign,Reversing,Snow,Daylight,Loose Snow,Collector,FALSE,-79.39381851,43.71060784279395,1,,,2,49,Major,No Equipment Available,,,Crossing with right-of-way (intersection),Normal,,Driver turns left into pedestrian crossing with right-of-way (at intersection),,,,pedestrian,,Don Valley West (15),53 Division,North Toronto,FALSE,FALSE,FALSE,FALSE,FALSE,FALSE,TRUE,FALSE,FALSE,FALSE,"{""coordinates"": [[-79.39381851383105, 43.71060784279395]], ""type"": ""MultiPoint""}"
19171,2024:4000600433,2024-03-19T16:09:00,REDPATH AV,BROADWAY AV,10 m West of,2,Non-Fatal Injury,Intersection-Related,Stop Sign,Reversing,Snow,Daylight,Loose Snow,Collector,FALSE,-79.39381851,43.71060784279395,1,Passenger Van,North,1,45,None,Lap and Shoulder Belt,Improper turn,Unknown,,,Turning Left,,,,,driver,,Don Valley West (15),53 Division,North Toronto,FALSE,FALSE,FALSE,FALSE,FALSE,FALSE,TRUE,FALSE,FALSE,FALSE,"{""coordinates"": [[-79.39381851383105, 43.71060784279395]], ""type"": ""MultiPoint""}"
19172,2024:4000676858,2024-03-29T16:47:00,HUMBERLINE DR,FINCH AVE W,5 m East of,2,Non-Fatal Injury,Intersection-Related,Traffic Signal,Angle,Clear,Daylight,Dry,Major Arterial,FALSE,-79.6179399,43.73489628324781,2,Truck - Closed,East,2,61,Minor,Lap and Shoulder Belt,Driving properly,Normal,,,Going Ahead,,,,,driver,,Etobicoke North (1),23 Division,West Humber-Clairville,TRUE,FALSE,FALSE,FALSE,FALSE,FALSE,FALSE,TRUE,FALSE,TRUE,"{""coordinates"": [[-79.61793990173761, 43.73489628324781]], ""type"": ""MultiPoint""}"
19173,2024:4000676858,2024-03-29T16:47:00,HUMBERLINE DR,FINCH AVE W,5 m East of,2,Non-Fatal Injury,Intersection-Related,Traffic Signal,Angle,Clear,Daylight,Dry,Major Arterial,FALSE,-79.6179399,43.73489628324781,1,Police Vehicle,South,1,51,Major,Equipment Not Used But Available,Disobeyed traffic control,Normal,,,Going Ahead,,,,,driver,,Etobicoke North (1),23 Division,West Humber-Clairville,TRUE,FALSE,FALSE,FALSE,FALSE,FALSE,FALSE,TRUE,FALSE,TRUE,"{""coordinates"": [[-79.61793990173761, 43.73489628324781]], ""type"": ""MultiPoint""}"
19174,2024:4000683485,2024-03-30T15:28:00,DUNDAS ST W,AUKLAND RD,150 m West of,2,Non-Fatal Injury,Non-Intersection,Traffic Signal,Reversing,Clear,Daylight,Dry,,FALSE,-79.53852561,43.63793427117223,1,Municipal Transit Bus (TTC),West,2,,None,,,,,,Going Ahead,,,,,driver,,Etobicoke-Lakeshore (3),22 Division,Islington,FALSE,FALSE,FALSE,FALSE,FALSE,FALSE,TRUE,FALSE,FALSE,TRUE,"{""coordinates"": [[-79.538525614362, 43.63793427117223]], ""type"": ""MultiPoint""}"
19175,2024:4000683485,2024-03-30T15:28:00,DUNDAS ST W,AUKLAND RD,150 m West of,2,Non-Fatal Injury,Non-Intersection,Traffic Signal,Reversing,Clear,Daylight,Dry,,FALSE,-79.53852561,43.63793427117223,1,,,1,44,Major,Use Unknown,,,,Medical or Physical Disability,,Other,,,,pedestrian,,Etobicoke-Lakeshore (3),22 Division,Islington,FALSE,FALSE,FALSE,FALSE,FALSE,FALSE,TRUE,FALSE,FALSE,TRUE,"{""coordinates"": [[-79.538525614362, 43.63793427117223]], ""type"": ""MultiPoint""}"
19176,2024:4000684035,2024-03-30T16:51:00,SHEPPARD AV W,BEECROFT RD,15 m East of,3,Non-Fatal Injury,Intersection-Related,Traffic Signal,Angle,Clear,Daylight,Dry,Major Arterial,FALSE,-79.41312847,43.76103052438657,2,,,3,43,None,Lap and Shoulder Belt,,,,,,,,,,passenger,,Willowdale (18),32 Division,Lansing-Westgate,TRUE,FALSE,FALSE,FALSE,FALSE,FALSE,FALSE,TRUE,FALSE,FALSE,"{""coordinates"": [[-79.41312847042913, 43.76103052438657]], ""type"": ""MultiPoint""}"
19177,2024:4000684035,2024-03-30T16:51:00,SHEPPARD AV W,BEECROFT RD,15 m East of,3,Non-Fatal Injury,Intersection-Related,Traffic Signal,Angle,Clear,Daylight,Dry,Major Arterial,FALSE,-79.41312847,43.76103052438657,2,Automobile or Station Wagon,North,2,36,Major,Lap and Shoulder Belt,Driving properly,Normal,,,Going Ahead,,,,,driver,,Willowdale (18),32 Division,Lansing-Westgate,TRUE,FALSE,FALSE,FALSE,FALSE,FALSE,FALSE,TRUE,FALSE,FALSE,"{""coordinates"": [[-79.41312847042913, 43.76103052438657]], ""type"": ""MultiPoint""}"
19178,2024:4000684035,2024-03-30T16:51:00,SHEPPARD AV W,BEECROFT RD,15 m East of,3,Non-Fatal Injury,Intersection-Related,Traffic Signal,Angle,Clear,Daylight,Dry,Major Arterial,FALSE,-79.41312847,43.76103052438657,1,Automobile or Station Wagon,East,1,48,None,Lap and Shoulder Belt,Disobeyed traffic control,Normal,,,Going Ahead,,,,,driver,,Willowdale (18),32 Division,Lansing-Westgate,TRUE,FALSE,FALSE,FALSE,FALSE,FALSE,FALSE,TRUE,FALSE,FALSE,"{""coordinates"": [[-79.41312847042913, 43.76103052438657]], ""type"": ""MultiPoint""}"
19179,2024:4000714445,2024-04-03T16:34:00,DUNDAS ST W,RUSHOLME DR,,2,Non-Fatal Injury,Intersection-Related,Stop Sign,Reversing,Clear,Daylight,Dry,Minor Arterial,FALSE,-79.42809755,43.649561308294466,1,,North,2,0,Major,Use Unknown,,,Crossing - no traffic control,Normal,,Driver turns left into pedestrian crossing without right-of-way (at intersection),,,,pedestrian,,Davenport (9),14 Division,Little Portugal,FALSE,FALSE,FALSE,FALSE,FALSE,TRUE,TRUE,FALSE,FALSE,FALSE,"{""coordinates"": [[-79.42809754545617, 43.649561308294466]], ""type"": ""MultiPoint""}"
19180,2024:4000714445,2024-04-03T16:34:00,DUNDAS ST W,RUSHOLME DR,,2,Non-Fatal Injury,Intersection-Related,Stop Sign,Reversing,Clear,Daylight,Dry,Minor Arterial,FALSE,-79.42809755,43.649561308294466,1,Automobile or Station Wagon,North,1,83,None,Lap and Shoulder Belt,Driving properly,Normal,,,Turning Left,,,,,driver,,Davenport (9),14 Division,Little Portugal,FALSE,FALSE,FALSE,FALSE,FALSE,TRUE,TRUE,FALSE,FALSE,FALSE,"{""coordinates"": [[-79.42809754545617, 43.649561308294466]], ""type"": ""MultiPoint""}"
19181,2024:4000724712,2024-04-04T22:11:00,AVENUE RD,WILSON AVE,,2,Fatal Injury,At Intersection,Traffic Signal,Reversing,Clear,Dark,Wet,Major Arterial,FALSE,-79.42157761,43.74002271118523,1,Automobile or Station Wagon,East,2,69,Minimal,,Failed to yield right-of-way,Normal,,,Turning Left,,,,,driver,,Eglinton-Lawrence (8),32 Division,Bedford Park-Nortown,TRUE,FALSE,FALSE,FALSE,FALSE,TRUE,TRUE,FALSE,FALSE,FALSE,"{""coordinates"": [[-79.42157760565347, 43.74002271118523]], ""type"": ""MultiPoint""}"
19182,2024:4000724712,2024-04-04T22:11:00,AVENUE RD,WILSON AVE,,2,Fatal Injury,At Intersection,Traffic Signal,Reversing,Clear,Dark,Wet,Major Arterial,FALSE,-79.42157761,43.74002271118523,,,,1,65,Fatal,,,,Crossing with right-of-way (intersection),Normal,,Driver turns left into pedestrian crossing with right-of-way (at intersection),,,,pedestrian,11,Eglinton-Lawrence (8),32 Division,Bedford Park-Nortown,TRUE,FALSE,FALSE,FALSE,FALSE,TRUE,TRUE,FALSE,FALSE,FALSE,"{""coordinates"": [[-79.42157760565347, 43.74002271118523]], ""type"": ""MultiPoint""}"
19183,2024:4000733098,2024-04-05T21:52:00,119 BELLEFONTAINE ST,119 BELLEFONTAINE ST,10 m South of,2,Non-Fatal Injury,At/Near Private Drive,No Control,SMV Other,Clear,Dark,Dry,Local,FALSE,-79.29266103,43.80150795151584,1,Automobile or Station Wagon,South,1,60,None,Lap and Shoulder Belt,Failed to yield right-of-way,Normal,,,Reversing,,,,,driver,,Scarborough-Agincourt (22),42 Division,East L'Amoreaux,TRUE,FALSE,FALSE,FALSE,FALSE,TRUE,TRUE,FALSE,FALSE,FALSE,"{""coordinates"": [[-79.2926610264832, 43.80150795151584]], ""type"": ""MultiPoint""}"
19184,2024:4000733098,2024-04-05T21:52:00,119 BELLEFONTAINE ST,119 BELLEFONTAINE ST,10 m South of,2,Non-Fatal Injury,At/Near Private Drive,No Control,SMV Other,Clear,Dark,Dry,Local,FALSE,-79.29266103,43.80150795151584,1,,,2,71,Major,Use Unknown,,,On sidewalk or shoulder,Unknown,,Driver hits pedestrian on sidewalk or shoulder,,,,pedestrian,,Scarborough-Agincourt (22),42 Division,East L'Amoreaux,TRUE,FALSE,FALSE,FALSE,FALSE,TRUE,TRUE,FALSE,FALSE,FALSE,"{""coordinates"": [[-79.2926610264832, 43.80150795151584]], ""type"": ""MultiPoint""}"
19185,2024:4000750096,2024-04-08T09:25:00,BAYVIEW AVE,BLOOR RAMP,,2,Fatal Injury,Non-Intersection,,Cyclist Collision,Clear,Daylight,Dry,Major Arterial,FALSE,-79.36790909,43.68115072122248,2,Bicycle,North,1,59,Fatal,,,,,,Going Ahead,,Sideswipe with cyclist and driver travelling in same direction,Driving Properly,Normal,cyclist,12,University-Rosedale (11),53 Division,Leaside-Bennington,FALSE,FALSE,TRUE,FALSE,FALSE,FALSE,FALSE,FALSE,FALSE,FALSE,"{""coordinates"": [[-79.36790908723557, 43.68115072122248]], ""type"": ""MultiPoint""}"
19186,2024:4000750096,2024-04-08T09:25:00,BAYVIEW AVE,BLOOR RAMP,,2,Fatal Injury,Non-Intersection,,Cyclist Collision,Clear,Daylight,Dry,Major Arterial,FALSE,-79.36790909,43.68115072122248,1,Automobile or Station Wagon,North,2,38,,,Improper lane change,Normal,,,Merging,,,,,driver,,University-Rosedale (11),53 Division,Leaside-Bennington,FALSE,FALSE,TRUE,FALSE,FALSE,FALSE,FALSE,FALSE,FALSE,FALSE,"{""coordinates"": [[-79.36790908723557, 43.68115072122248]], ""type"": ""MultiPoint""}"
19187,2024:4000756234,2024-04-09T01:10:00,DON VALLEY PY N,SPANBRIDGE RD,5 m North of,2,Non-Fatal Injury,Non-Intersection,Traffic Controller,Reversing,Clear,Dark with Artificial Lighting,Dry,Expressway,TRUE,-79.32577945,43.71286224,1,Automobile or Station Wagon,North,1,47,None,Use Unknown,Failed to yield right-of-way,Unknown,,,Unknown,,,,,driver,,Don Valley East (16),55 Division,Flemingdon Park,TRUE,FALSE,FALSE,FALSE,FALSE,FALSE,TRUE,FALSE,FALSE,FALSE,"{""coordinates"": [[-79.32577944826065, 43.7128622374162]], ""type"": ""MultiPoint""}"
19188,2024:4000756234,2024-04-09T01:10:00,DON VALLEY PY N,SPANBRIDGE RD,5 m North of,2,Non-Fatal Injury,Non-Intersection,Traffic Controller,Reversing,Clear,Dark with Artificial Lighting,Dry,Expressway,TRUE,-79.32577945,43.71286224,1,,,2,46,Major,Use Unknown,,,Playing or working on highway,Normal,,Driver hits pedestrian on sidewalk or shoulder,,,,pedestrian,,Don Valley East (16),55 Division,Flemingdon Park,TRUE,FALSE,FALSE,FALSE,FALSE,FALSE,TRUE,FALSE,FALSE,FALSE,"{""coordinates"": [[-79.32577944826065, 43.7128622374162]], ""type"": ""MultiPoint""}"
19189,2024:4000761609,2024-04-09T17:19:00,MEADOWVALE RD,SHEPPARD AV E,150 m North of,1,Non-Fatal Injury,Non-Intersection,No Control,SMV Other,Clear,Daylight,Dry,Collector,FALSE,-79.17145173,43.80946165320997,1,Motorcycle,South,1,22,Major,Helmet,Speed too fast for conditions,Normal,,,Going Ahead,,,,,motorcyclist,,Scarborough-Rouge Park (25),42 Division,Morningside Heights,TRUE,FALSE,FALSE,TRUE,FALSE,FALSE,FALSE,FALSE,FALSE,FALSE,"{""coordinates"": [[-79.17145172696839, 43.80946165320997]], ""type"": ""MultiPoint""}"
19190,2024:4000767961,2024-04-10T13:18:00,FINCH AVE E,MCCOWAN RD,100 m West of,2,Non-Fatal Injury,Non-Intersection,No Control,Reversing,Clear,Daylight,Dry,,FALSE,-79.26766615,43.80777565163637,1,Automobile or Station Wagon,West,1,71,None,Lap and Shoulder Belt,Driving properly,Normal,,,Going Ahead,,,,,driver,,Scarborough North (23),42 Division,Agincourt North,FALSE,FALSE,FALSE,FALSE,FALSE,TRUE,TRUE,FALSE,FALSE,FALSE,"{""coordinates"": [[-79.26766615288152, 43.80777565163637]], ""type"": ""MultiPoint""}"
19191,2024:4000767961,2024-04-10T13:18:00,FINCH AVE E,MCCOWAN RD,100 m West of,2,Non-Fatal Injury,Non-Intersection,No Control,Reversing,Clear,Daylight,Dry,,FALSE,-79.26766615,43.80777565163637,1,,North,2,66,Major,No Equipment Available,,,Crossing without right-of-way (intersection),Normal,,Driver hits pedestrian at midblock,,,,pedestrian,,Scarborough North (23),42 Division,Agincourt North,FALSE,FALSE,FALSE,FALSE,FALSE,TRUE,TRUE,FALSE,FALSE,FALSE,"{""coordinates"": [[-79.26766615288152, 43.80777565163637]], ""type"": ""MultiPoint""}"
19192,2024:4000778617,2024-04-11T20:22:00,BROWN'S LI,EVANS AV,1 m South of,3,Non-Fatal Injury,Intersection-Related,Traffic Signal,Reversing,Rain,Dark with Artificial Lighting,Wet,Major Arterial,FALSE,-79.54887877,43.61067065760417,1,Automobile or Station Wagon,West,1,41,None,Lap and Shoulder Belt,Driving properly,Normal,,,Turning Left,,,,,driver,,Etobicoke-Lakeshore (3),22 Division,Alderwood,FALSE,FALSE,FALSE,FALSE,FALSE,FALSE,TRUE,FALSE,FALSE,FALSE,"{""coordinates"": [[-79.54887876715154, 43.61067065760417]], ""type"": ""MultiPoint""}"
19193,2024:4000778617,2024-04-11T20:22:00,BROWN'S LI,EVANS AV,1 m South of,3,Non-Fatal Injury,Intersection-Related,Traffic Signal,Reversing,Rain,Dark with Artificial Lighting,Wet,Major Arterial,FALSE,-79.54887877,43.61067065760417,1,,East,3,62,Major,No Equipment Available,,,Crossing with right-of-way (intersection),Normal,,Driver turns left into pedestrian crossing with right-of-way (at intersection),,,,pedestrian,,Etobicoke-Lakeshore (3),22 Division,Alderwood,FALSE,FALSE,FALSE,FALSE,FALSE,FALSE,TRUE,FALSE,FALSE,FALSE,"{""coordinates"": [[-79.54887876715154, 43.61067065760417]], ""type"": ""MultiPoint""}"
19194,2024:4000778617,2024-04-11T20:22:00,BROWN'S LI,EVANS AV,1 m South of,3,Non-Fatal Injury,Intersection-Related,Traffic Signal,Reversing,Rain,Dark with Artificial Lighting,Wet,Major Arterial,FALSE,-79.54887877,43.61067065760417,1,,East,2,25,Minimal,No Equipment Available,,,Crossing with right-of-way (intersection),Normal,,Driver turns left into pedestrian crossing with right-of-way (at intersection),,,,pedestrian,,Etobicoke-Lakeshore (3),22 Division,Alderwood,FALSE,FALSE,FALSE,FALSE,FALSE,FALSE,TRUE,FALSE,FALSE,FALSE,"{""coordinates"": [[-79.54887876715154, 43.61067065760417]], ""type"": ""MultiPoint""}"