_id,collision_id,accdate,stname1,stname2,stname3,per_inv,acclass,accloc,traffictl,impactype,visible,light,rdsfcond,road_class,failtorem,longitude,latitude,veh_no,vehtype,initdir,per_no,invage,injury,safequip,drivact,drivcond,pedact,pedcond,manoeuvre,pedtype,cyclistype,cycact,cyccond,road_user,fatal_no,wardname,division,neighbourhood,aggressive,distracted,cyclist,motorcyclist,other_micromobility,older_adult,pedestrian,red_light,school_child,heavy_truck,geometry
19561,2024:4002565747,2024-11-25T22:31:00,BRIMLEY RD,EGLINTON AV E,10 m North of,6,Non-Fatal Injury,Non-Intersection,Traffic Signal,Rear End,Rain,Daylight,Wet,Major Arterial,TRUE,-79.24815451,43.736914890512985,1,,,6,,None,Equipment Not Used But Available,,,,,,,,,,passenger,,Scarborough Centre (21),43 Division,Eglinton East,TRUE,FALSE,FALSE,FALSE,FALSE,FALSE,FALSE,FALSE,TRUE,FALSE,"{""coordinates"": [[-79.24815451260034, 43.736914890512985]], ""type"": ""MultiPoint""}"
19562,2024:4002216274,2024-10-09T20:12:00,VICTORIA PARK AVE,CONSUMERS RD,,2,Non-Fatal Injury,At Intersection,Traffic Signal,SMV Other,Clear,Dark with Artificial Lighting,Dry,Major Arterial,FALSE,-79.3215076,43.77205668,1,,,2,30,Major,Use Unknown,,,Crossing with right-of-way (intersection),Normal,,Driver turns left into pedestrian crossing with right-of-way (at intersection),,,,pedestrian,,Scarborough-Agincourt (22),42 Division,Tam O'Shanter-Sullivan,TRUE,FALSE,FALSE,FALSE,FALSE,FALSE,TRUE,FALSE,FALSE,TRUE,"{""coordinates"": [[-79.32150759995163, 43.7720566838953]], ""type"": ""MultiPoint""}"
19563,2024:4002218526,2024-10-10T06:50:00,THE QUEENSWAY,NORTH QUEEN ST,,2,Non-Fatal Injury,Intersection-Related,Traffic Signal,Turning Movement,Clear,Dark with Artificial Lighting,Dry,Major Arterial,FALSE,-79.55618545,43.61429524415315,1,Automobile or Station Wagon,East,1,64,None,Lap and Shoulder Belt,Failed to yield right-of-way,Normal,,,Turning Left,,,,,driver,,Etobicoke-Lakeshore (3),22 Division,Etobicoke City Centre,TRUE,FALSE,FALSE,TRUE,FALSE,FALSE,FALSE,FALSE,FALSE,FALSE,"{""coordinates"": [[-79.55618544562965, 43.61429524415315]], ""type"": ""MultiPoint""}"
19564,2024:4002218526,2024-10-10T06:50:00,THE QUEENSWAY,NORTH QUEEN ST,,2,Non-Fatal Injury,Intersection-Related,Traffic Signal,Turning Movement,Clear,Dark with Artificial Lighting,Dry,Major Arterial,FALSE,-79.55618545,43.61429524415315,2,Motorcycle,West,2,25,Major,Helmet,Driving properly,Normal,,,Going Ahead,,,,,motorcyclist,,Etobicoke-Lakeshore (3),22 Division,Etobicoke City Centre,TRUE,FALSE,FALSE,TRUE,FALSE,FALSE,FALSE,FALSE,FALSE,FALSE,"{""coordinates"": [[-79.55618544562965, 43.61429524415315]], ""type"": ""MultiPoint""}"
19565,2024:4002227902,2024-10-11T11:05:00,GLEN CEDAR RD,EGLINTON AVE W,,2,Non-Fatal Injury,Intersection-Related,Traffic Signal,SMV Other,Clear,Daylight,Dry,Major Arterial,FALSE,-79.43077719,43.69985243625162,1,Automobile or Station Wagon,South,1,79,None,Lap and Shoulder Belt,Failed to yield right-of-way,Normal,,,Turning Left,,,,,driver,,Toronto-St. Paul's (12),13 Division,Humewood-Cedarvale,TRUE,FALSE,FALSE,FALSE,FALSE,TRUE,TRUE,FALSE,TRUE,FALSE,"{""coordinates"": [[-79.43077718788567, 43.69985243625162]], ""type"": ""MultiPoint""}"
19566,2024:4002227902,2024-10-11T11:05:00,GLEN CEDAR RD,EGLINTON AVE W,,2,Non-Fatal Injury,Intersection-Related,Traffic Signal,SMV Other,Clear,Daylight,Dry,Major Arterial,FALSE,-79.43077719,43.69985243625162,1,,,2,4,Major,Use Unknown,,,Crossing with right-of-way (intersection),Normal,,Driver turns left into pedestrian crossing with right-of-way (at intersection),,,,pedestrian,,Toronto-St. Paul's (12),13 Division,Humewood-Cedarvale,TRUE,FALSE,FALSE,FALSE,FALSE,TRUE,TRUE,FALSE,TRUE,FALSE,"{""coordinates"": [[-79.43077718788567, 43.69985243625162]], ""type"": ""MultiPoint""}"
19567,2024:4002233011,2024-10-11T23:22:00,DON VALLEY PY N,YORK MILLS RD,1000 m South of,3,Non-Fatal Injury,Non-Intersection,,Same Direction,Clear,Dark with Artificial Lighting,Dry,,FALSE,-79.33341224,43.74946959793181,2,Automobile or Station Wagon,North,2,72,None,Lap and Shoulder Belt,Driving properly,Normal,,,Going Ahead,,,,,driver,,Don Valley East (16),33 Division,Parkwoods-O'Connor Hills,TRUE,FALSE,FALSE,TRUE,FALSE,TRUE,FALSE,FALSE,FALSE,FALSE,"{""coordinates"": [[-79.33341224142484, 43.74946959793181]], ""type"": ""MultiPoint""}"
19568,2024:4002233011,2024-10-11T23:22:00,DON VALLEY PY N,YORK MILLS RD,1000 m South of,3,Non-Fatal Injury,Non-Intersection,,Same Direction,Clear,Dark with Artificial Lighting,Dry,,FALSE,-79.33341224,43.74946959793181,1,Motorcycle,North,1,35,Major,No Equipment Available,Exceeding speed limit,Road Rage/Aggression,,,Going Ahead,,,,,motorcyclist,,Don Valley East (16),33 Division,Parkwoods-O'Connor Hills,TRUE,FALSE,FALSE,TRUE,FALSE,TRUE,FALSE,FALSE,FALSE,FALSE,"{""coordinates"": [[-79.33341224142484, 43.74946959793181]], ""type"": ""MultiPoint""}"
19569,2024:4002233011,2024-10-11T23:22:00,DON VALLEY PY N,YORK MILLS RD,1000 m South of,3,Non-Fatal Injury,Non-Intersection,,Same Direction,Clear,Dark with Artificial Lighting,Dry,,FALSE,-79.33341224,43.74946959793181,2,,,3,67,None,Lap and Shoulder Belt,,,,,,,,,,passenger,,Don Valley East (16),33 Division,Parkwoods-O'Connor Hills,TRUE,FALSE,FALSE,TRUE,FALSE,TRUE,FALSE,FALSE,FALSE,FALSE,"{""coordinates"": [[-79.33341224142484, 43.74946959793181]], ""type"": ""MultiPoint""}"
19570,2024:4002244092,2024-10-13T15:18:00,SHEPPARD AV E,Agincourt Rd,1 m East of,2,Non-Fatal Injury,Intersection-Related,Traffic Signal,Turning Movement,Clear,Daylight,Dry,,FALSE,-79.28843904,43.78325034484924,2,Automobile or Station Wagon,East,2,67,None,Lap and Shoulder Belt,Driving properly,Normal,,,Turning Left,,,,,driver,,Scarborough-Agincourt (22),42 Division,Tam O'Shanter-Sullivan,FALSE,FALSE,FALSE,FALSE,FALSE,TRUE,FALSE,FALSE,FALSE,FALSE,"{""coordinates"": [[-79.2884390357409, 43.78325034484924]], ""type"": ""MultiPoint""}"
19571,2024:4002244092,2024-10-13T15:18:00,SHEPPARD AV E,Agincourt Rd,1 m East of,2,Non-Fatal Injury,Intersection-Related,Traffic Signal,Turning Movement,Clear,Daylight,Dry,,FALSE,-79.28843904,43.78325034484924,1,Automobile or Station Wagon,East,1,58,Major,Lap and Shoulder Belt,Lost control,Medical or Physical Disability - Sudden Incapacitation,,,Going Ahead,,,,,driver,,Scarborough-Agincourt (22),42 Division,Tam O'Shanter-Sullivan,FALSE,FALSE,FALSE,FALSE,FALSE,TRUE,FALSE,FALSE,FALSE,FALSE,"{""coordinates"": [[-79.2884390357409, 43.78325034484924]], ""type"": ""MultiPoint""}"
19572,2024:4002247839,2024-10-14T05:34:00,GARDINER XWY W,ROYAL YORK RD,56 m West of,2,Non-Fatal Injury,Non-Intersection,,Same Direction,Clear,Dark with Artificial Lighting,Dry,,FALSE,-79.50192846,43.62278477,2,Fire Vehicle,West,2,32,None,Lap and Shoulder Belt,Driving properly,Normal,,,Stopped,,,,,driver,,Etobicoke-Lakeshore (3),22 Division,Stonegate-Queensway,FALSE,FALSE,FALSE,FALSE,FALSE,FALSE,FALSE,FALSE,FALSE,FALSE,"{""coordinates"": [[-79.50192845841721, 43.6227847712898]], ""type"": ""MultiPoint""}"
19573,2024:4002247839,2024-10-14T05:34:00,GARDINER XWY W,ROYAL YORK RD,56 m West of,2,Non-Fatal Injury,Non-Intersection,,Same Direction,Clear,Dark with Artificial Lighting,Dry,,FALSE,-79.50192846,43.62278477,1,Automobile or Station Wagon,West,1,22,Major,Equipment Not Used But Available,Improper lane change,Normal,,,Going Ahead,,,,,driver,,Etobicoke-Lakeshore (3),22 Division,Stonegate-Queensway,FALSE,FALSE,FALSE,FALSE,FALSE,FALSE,FALSE,FALSE,FALSE,FALSE,"{""coordinates"": [[-79.50192845841721, 43.6227847712898]], ""type"": ""MultiPoint""}"
19574,2024:4002252114,2024-10-14T19:40:00,SPADINA RD,BERNARD AVE,150 m South of,4,Non-Fatal Injury,Non-Intersection,,Angle,Clear,Dark with Artificial Lighting,Dry,Minor Arterial,FALSE,-79.40555629,43.670789809743056,2,Automobile or Station Wagon,South,2,29,None,Lap and Shoulder Belt,Driving properly,Normal,,,Slowing or Stopping,,,,,driver,,University-Rosedale (11),14 Division,Annex,FALSE,FALSE,FALSE,FALSE,FALSE,TRUE,FALSE,FALSE,FALSE,FALSE,"{""coordinates"": [[-79.40555628805484, 43.670789809743056]], ""type"": ""MultiPoint""}"
19575,2024:4002252114,2024-10-14T19:40:00,SPADINA RD,BERNARD AVE,150 m South of,4,Non-Fatal Injury,Non-Intersection,,Angle,Clear,Dark with Artificial Lighting,Dry,Minor Arterial,FALSE,-79.40555629,43.670789809743056,1,Automobile or Station Wagon,East,1,67,Major,Use Unknown,Lost control,Normal,,,Out of Gear,,,,,driver,,University-Rosedale (11),14 Division,Annex,FALSE,FALSE,FALSE,FALSE,FALSE,TRUE,FALSE,FALSE,FALSE,FALSE,"{""coordinates"": [[-79.40555628805484, 43.670789809743056]], ""type"": ""MultiPoint""}"
19576,2024:4002252114,2024-10-14T19:40:00,SPADINA RD,BERNARD AVE,150 m South of,4,Non-Fatal Injury,Non-Intersection,,Angle,Clear,Dark with Artificial Lighting,Dry,Minor Arterial,FALSE,-79.40555629,43.670789809743056,2,,,4,27,None,Lap and Shoulder Belt,,,,,,,,,,passenger,,University-Rosedale (11),14 Division,Annex,FALSE,FALSE,FALSE,FALSE,FALSE,TRUE,FALSE,FALSE,FALSE,FALSE,"{""coordinates"": [[-79.40555628805484, 43.670789809743056]], ""type"": ""MultiPoint""}"
19577,2024:4002252114,2024-10-14T19:40:00,SPADINA RD,BERNARD AVE,150 m South of,4,Non-Fatal Injury,Non-Intersection,,Angle,Clear,Dark with Artificial Lighting,Dry,Minor Arterial,FALSE,-79.40555629,43.670789809743056,1,,,3,28,None,Lap and Shoulder Belt,,,,,,,,,,passenger,,University-Rosedale (11),14 Division,Annex,FALSE,FALSE,FALSE,FALSE,FALSE,TRUE,FALSE,FALSE,FALSE,FALSE,"{""coordinates"": [[-79.40555628805484, 43.670789809743056]], ""type"": ""MultiPoint""}"
19578,2024:4002255012,2024-10-15T08:55:00,65 SKYMARK DR,FINCH AVE E,5 m North of,3,Non-Fatal Injury,Non-Intersection,,SMV Other,Clear,Daylight,Dry,,FALSE,-79.35334463,43.79490112224151,1,,,3,0,None,Use Unknown,,,,,,,,,,passenger,,Don Valley North (17),33 Division,Hillcrest Village,FALSE,FALSE,FALSE,FALSE,FALSE,TRUE,FALSE,FALSE,FALSE,FALSE,"{""coordinates"": [[-79.35334462959423, 43.79490112224151]], ""type"": ""MultiPoint""}"
19579,2024:4002255012,2024-10-15T08:55:00,65 SKYMARK DR,FINCH AVE E,5 m North of,3,Non-Fatal Injury,Non-Intersection,,SMV Other,Clear,Daylight,Dry,,FALSE,-79.35334463,43.79490112224151,1,Automobile or Station Wagon,West,1,86,None,Lap and Shoulder Belt,Other,Normal,,,Going Ahead,,,,,driver,,Don Valley North (17),33 Division,Hillcrest Village,FALSE,FALSE,FALSE,FALSE,FALSE,TRUE,FALSE,FALSE,FALSE,FALSE,"{""coordinates"": [[-79.35334462959423, 43.79490112224151]], ""type"": ""MultiPoint""}"
19580,2024:4002256618,2024-10-15T12:36:00,IAN MACDONALD BLVD,FINE ARTS RD,20 m West of,2,Non-Fatal Injury,At/Near Private Drive,Stop Sign,SMV Other,Clear,Daylight,Dry,Other,FALSE,-79.49962819,43.772324099929065,1,,,2,20,Major,Use Unknown,,,Crossing without right-of-way (intersection),Normal,,Driver hits pedestrian walking or running out from between parked vehicles (at midblock),,,,pedestrian,,Humber River-Black Creek (7),31 Division,York University Heights,FALSE,FALSE,FALSE,FALSE,FALSE,FALSE,TRUE,FALSE,FALSE,FALSE,"{""coordinates"": [[-79.49962819272582, 43.772324099929065]], ""type"": ""MultiPoint""}"
19581,2024:4002256618,2024-10-15T12:36:00,IAN MACDONALD BLVD,FINE ARTS RD,20 m West of,2,Non-Fatal Injury,At/Near Private Drive,Stop Sign,SMV Other,Clear,Daylight,Dry,Other,FALSE,-79.49962819,43.772324099929065,1,Pickup Truck,East,1,48,None,Lap and Shoulder Belt,Driving properly,Normal,,,Going Ahead,,,,,driver,,Humber River-Black Creek (7),31 Division,York University Heights,FALSE,FALSE,FALSE,FALSE,FALSE,FALSE,TRUE,FALSE,FALSE,FALSE,"{""coordinates"": [[-79.49962819272582, 43.772324099929065]], ""type"": ""MultiPoint""}"
19582,2024:4002269765,2024-10-17T06:45:00,STEELES AVE E,KELVIN GROVE AVE,,3,Non-Fatal Injury,Four-way,Traffic Signal,Rear End,Clear,Dawn with Artificial Lighting,Dry,Major Arterial,FALSE,-79.31233824,43.822582475605444,2,,,3,70,Major,No Equipment Available,,,Crossing without right-of-way (intersection),Had Been Drinking,,Driver going straight hits pedestrian crossing without right-of-way (at intersection),,,,pedestrian,,,,,TRUE,TRUE,FALSE,FALSE,FALSE,TRUE,TRUE,FALSE,FALSE,FALSE,"{""coordinates"": [[-79.3123382384083, 43.822582475605444]], ""type"": ""MultiPoint""}"
19583,2024:4002269765,2024-10-17T06:45:00,STEELES AVE E,KELVIN GROVE AVE,,3,Non-Fatal Injury,Four-way,Traffic Signal,Rear End,Clear,Dawn with Artificial Lighting,Dry,Major Arterial,FALSE,-79.31233824,43.822582475605444,2,Automobile or Station Wagon,West,2,51,None,Lap and Shoulder Belt,Driving properly,Normal,,,Stopped,,,,,driver,,,,,TRUE,TRUE,FALSE,FALSE,FALSE,TRUE,TRUE,FALSE,FALSE,FALSE,"{""coordinates"": [[-79.3123382384083, 43.822582475605444]], ""type"": ""MultiPoint""}"
19584,2024:4002269765,2024-10-17T06:45:00,STEELES AVE E,KELVIN GROVE AVE,,3,Non-Fatal Injury,Four-way,Traffic Signal,Rear End,Clear,Dawn with Artificial Lighting,Dry,Major Arterial,FALSE,-79.31233824,43.822582475605444,1,Automobile or Station Wagon,West,1,56,None,Lap and Shoulder Belt,Following too closely,Inattentive - Other,,,Going Ahead,,,,,driver,,,,,TRUE,TRUE,FALSE,FALSE,FALSE,TRUE,TRUE,FALSE,FALSE,FALSE,"{""coordinates"": [[-79.3123382384083, 43.822582475605444]], ""type"": ""MultiPoint""}"
19585,2024:4002288272,2024-10-19T15:02:00,LAWRENCE AVE E,MARCOS BLVD,25 m W of,2,Fatal Injury,Non-Intersection,Pedestrian Crossover,SMV Other,Clear,Daylight,Dry,,FALSE,-79.25924181,43.75265680554706,1,Automobile or Station Wagon,East,2,72,None,,Disobeyed traffic control,Normal,,,Going Ahead,,,,,driver,,Scarborough Centre (21),41 Division,Bendale South,TRUE,FALSE,FALSE,FALSE,FALSE,TRUE,TRUE,FALSE,FALSE,FALSE,"{""coordinates"": [[-79.25924181340615, 43.75265680554706]], ""type"": ""MultiPoint""}"
19586,2024:4002288272,2024-10-19T15:02:00,LAWRENCE AVE E,MARCOS BLVD,25 m W of,2,Fatal Injury,Non-Intersection,Pedestrian Crossover,SMV Other,Clear,Daylight,Dry,,FALSE,-79.25924181,43.75265680554706,,,,1,53,Fatal,,,,Crossing - pedestrian crossover,Normal,,Driver hits pedestrian at PXO/pedestrian midblock signal,,,,pedestrian,36,Scarborough Centre (21),41 Division,Bendale South,TRUE,FALSE,FALSE,FALSE,FALSE,TRUE,TRUE,FALSE,FALSE,FALSE,"{""coordinates"": [[-79.25924181340615, 43.75265680554706]], ""type"": ""MultiPoint""}"
19587,2024:4002297784,2024-10-20T21:15:00,PARLIAMENT ST,WELLESLEY ST E,64 m South of,2,Non-Fatal Injury,Non-Intersection,No Control,SMV Other,Clear,Dark with Artificial Lighting,Dry,,FALSE,-79.36921632,43.66751185824797,2,E-Bike (Power-Assisted Bicycle),North,2,39,Major,Helmet,Driving properly,Normal,,,Going Ahead,,,,,cyclist,,Toronto Centre (13),51 Division,Cabbagetown-South St.James Town,FALSE,FALSE,TRUE,FALSE,FALSE,FALSE,FALSE,FALSE,FALSE,TRUE,"{""coordinates"": [[-79.36921632388925, 43.66751185824797]], ""type"": ""MultiPoint""}"
19588,2024:4002313277,2024-10-22T20:05:00,FAIRVIEW MALL DR,GODSTONE RD,2 m North of,2,Non-Fatal Injury,Four-way,Traffic Signal,SMV Other,Clear,Dark with Artificial Lighting,Dry,,FALSE,-79.34570603,43.77972001325746,1,,,2,29,Major,Use Unknown,,,Crossing with right-of-way (intersection),Normal,,Driver going straight hits pedestrian crossing with right-of-way (at intersection),,,,pedestrian,,Don Valley North (17),33 Division,Don Valley Village,TRUE,TRUE,FALSE,FALSE,FALSE,FALSE,TRUE,FALSE,FALSE,FALSE,"{""coordinates"": [[-79.3457060322503, 43.77972001325746]], ""type"": ""MultiPoint""}"
19589,2024:4002313277,2024-10-22T20:05:00,FAIRVIEW MALL DR,GODSTONE RD,2 m North of,2,Non-Fatal Injury,Four-way,Traffic Signal,SMV Other,Clear,Dark with Artificial Lighting,Dry,,FALSE,-79.34570603,43.77972001325746,1,Automobile or Station Wagon,West,1,59,None,Lap and Shoulder Belt,Failed to yield right-of-way,Inattentive - Other,,,Turning Right,,,,,driver,,Don Valley North (17),33 Division,Don Valley Village,TRUE,TRUE,FALSE,FALSE,FALSE,FALSE,TRUE,FALSE,FALSE,FALSE,"{""coordinates"": [[-79.3457060322503, 43.77972001325746]], ""type"": ""MultiPoint""}"
19590,2024:4002322227,2024-10-24T00:13:00,LAKESHORE BLVD E,DON RDWY,,5,Fatal Injury,Non-Intersection,No Control,SMV Other,Clear,Dark with Artificial Lighting,,,FALSE,-79.34916151,43.650092431820234,1,Automobile or Station Wagon,,2,32,Fatal,,,,,,,,,,,passenger,38,Spadina-Fort York (10),51 Division,St Lawrence-East Bayfront-The Islands,FALSE,FALSE,FALSE,FALSE,FALSE,FALSE,FALSE,FALSE,FALSE,FALSE,"{""coordinates"": [[-79.34916151060222, 43.650092431820234]], ""type"": ""MultiPoint""}"
19591,2024:4002322227,2024-10-24T00:13:00,LAKESHORE BLVD E,DON RDWY,,5,Fatal Injury,Non-Intersection,No Control,SMV Other,Clear,Dark with Artificial Lighting,,,FALSE,-79.34916151,43.650092431820234,1,Automobile or Station Wagon,,5,,Major,,,,,,,,,,,passenger,,Spadina-Fort York (10),51 Division,St Lawrence-East Bayfront-The Islands,FALSE,FALSE,FALSE,FALSE,FALSE,FALSE,FALSE,FALSE,FALSE,FALSE,"{""coordinates"": [[-79.34916151060222, 43.650092431820234]], ""type"": ""MultiPoint""}"
19592,2024:4002322227,2024-10-24T00:13:00,LAKESHORE BLVD E,DON RDWY,,5,Fatal Injury,Non-Intersection,No Control,SMV Other,Clear,Dark with Artificial Lighting,,,FALSE,-79.34916151,43.650092431820234,1,Automobile or Station Wagon,,3,26,Fatal,,,,,,,,,,,passenger,39,Spadina-Fort York (10),51 Division,St Lawrence-East Bayfront-The Islands,FALSE,FALSE,FALSE,FALSE,FALSE,FALSE,FALSE,FALSE,FALSE,FALSE,"{""coordinates"": [[-79.34916151060222, 43.650092431820234]], ""type"": ""MultiPoint""}"
19593,2024:4002322227,2024-10-24T00:13:00,LAKESHORE BLVD E,DON RDWY,,5,Fatal Injury,Non-Intersection,No Control,SMV Other,Clear,Dark with Artificial Lighting,,,FALSE,-79.34916151,43.650092431820234,1,Automobile or Station Wagon,,4,30,Fatal,,,,,,,,,,,passenger,40,Spadina-Fort York (10),51 Division,St Lawrence-East Bayfront-The Islands,FALSE,FALSE,FALSE,FALSE,FALSE,FALSE,FALSE,FALSE,FALSE,FALSE,"{""coordinates"": [[-79.34916151060222, 43.650092431820234]], ""type"": ""MultiPoint""}"
19594,2024:4002322227,2024-10-24T00:13:00,LAKESHORE BLVD E,DON RDWY,,5,Fatal Injury,Non-Intersection,No Control,SMV Other,Clear,Dark with Artificial Lighting,,,FALSE,-79.34916151,43.650092431820234,1,Automobile or Station Wagon,East,1,29,Fatal,,,,,,Going Ahead,,,,,driver,37,Spadina-Fort York (10),51 Division,St Lawrence-East Bayfront-The Islands,FALSE,FALSE,FALSE,FALSE,FALSE,FALSE,FALSE,FALSE,FALSE,FALSE,"{""coordinates"": [[-79.34916151060222, 43.650092431820234]], ""type"": ""MultiPoint""}"
19595,2024:4002332821,2024-10-25T11:30:00,LEDUC DR,ISLINGTON AV,,2,Non-Fatal Injury,T Intersection,Stop Sign,SMV Other,Clear,Daylight,Dry,,TRUE,-79.55680565,43.718356386639314,1,,,2,27,Major,Use Unknown,,,Crossing with right-of-way (intersection),Normal,,Driver turns right into pedestrian crossing with right-of-way (at intersection),,,,pedestrian,,Etobicoke North (1),23 Division,Rexdale-Kipling,TRUE,FALSE,FALSE,FALSE,FALSE,FALSE,TRUE,FALSE,FALSE,FALSE,"{""coordinates"": [[-79.55680565194366, 43.718356386639314]], ""type"": ""MultiPoint""}"
19596,2024:4002332821,2024-10-25T11:30:00,LEDUC DR,ISLINGTON AV,,2,Non-Fatal Injury,T Intersection,Stop Sign,SMV Other,Clear,Daylight,Dry,,TRUE,-79.55680565,43.718356386639314,1,Automobile or Station Wagon,East,1,62,None,Lap and Shoulder Belt,Disobeyed traffic control,Normal,,,Turning Right,,,,,driver,,Etobicoke North (1),23 Division,Rexdale-Kipling,TRUE,FALSE,FALSE,FALSE,FALSE,FALSE,TRUE,FALSE,FALSE,FALSE,"{""coordinates"": [[-79.55680565194366, 43.718356386639314]], ""type"": ""MultiPoint""}"
19597,2024:4002347399,2024-10-27T12:02:00,CHURCH ST,WELLESLEY ST E,44 m South of,2,Non-Fatal Injury,Non-Intersection,No Control,SMV Other,Clear,Daylight,Dry,Major Arterial,FALSE,-79.38067395,43.66515707527536,1,Automobile or Station Wagon,North,1,60,None,Lap and Shoulder Belt,Driving properly,Normal,,,Stopped,,,,,driver,,Toronto Centre (13),51 Division,Church-Wellesley,FALSE,FALSE,TRUE,FALSE,FALSE,FALSE,FALSE,FALSE,FALSE,FALSE,"{""coordinates"": [[-79.38067394933853, 43.66515707527536]], ""type"": ""MultiPoint""}"
19598,2024:4002347399,2024-10-27T12:02:00,CHURCH ST,WELLESLEY ST E,44 m South of,2,Non-Fatal Injury,Non-Intersection,No Control,SMV Other,Clear,Daylight,Dry,Major Arterial,FALSE,-79.38067395,43.66515707527536,2,Bicycle,North,2,40,Major,Helmet,,,,,Going Ahead,,Rear end with cyclist and driver travelling in same direction,,Unknown,cyclist,,Toronto Centre (13),51 Division,Church-Wellesley,FALSE,FALSE,TRUE,FALSE,FALSE,FALSE,FALSE,FALSE,FALSE,FALSE,"{""coordinates"": [[-79.38067394933853, 43.66515707527536]], ""type"": ""MultiPoint""}"
19599,2024:4002356040,2024-10-28T15:40:00,JANE ST,ANNETTE ST,,2,Non-Fatal Injury,Intersection-Related,Traffic Signal,Turning Movement,Clear,Daylight,Dry,Major Arterial,FALSE,-79.48821387,43.65830693409977,2,Bicycle,East,2,84,Major,Helmet,,,,,Going Ahead,,Driver turns right on green or amber at signalized intersection and hits cyclist,Driving Properly,Normal,cyclist,,Parkdale-High Park (4),11 Division,Lambton Baby Point,FALSE,FALSE,TRUE,FALSE,FALSE,TRUE,FALSE,FALSE,FALSE,TRUE,"{""coordinates"": [[-79.4882138676905, 43.65830693409977]], ""type"": ""MultiPoint""}"
19600,2024:4002356040,2024-10-28T15:40:00,JANE ST,ANNETTE ST,,2,Non-Fatal Injury,Intersection-Related,Traffic Signal,Turning Movement,Clear,Daylight,Dry,Major Arterial,FALSE,-79.48821387,43.65830693409977,1,School Bus,East,1,64,None,Lap and Shoulder Belt,Other,Normal,,,Turning Right,,,,,driver,,Parkdale-High Park (4),11 Division,Lambton Baby Point,FALSE,FALSE,TRUE,FALSE,FALSE,TRUE,FALSE,FALSE,FALSE,TRUE,"{""coordinates"": [[-79.4882138676905, 43.65830693409977]], ""type"": ""MultiPoint""}"
19601,2024:4002366012,2024-10-29T20:46:00,SIR WILLIAM HEARST AV,KEELE ST,5 m East of,2,Non-Fatal Injury,Intersection-Related,Traffic Signal,Turning Movement,Clear,Daylight,Dry,,FALSE,-79.48175584,43.724333894877866,1,Pickup Truck,North,1,22,None,Lap and Shoulder Belt,Improper turn,Normal,,,Turning Left,,,,,driver,,York Centre (6),31 Division,Oakdale-Beverley Heights,FALSE,FALSE,TRUE,FALSE,FALSE,FALSE,FALSE,FALSE,FALSE,FALSE,"{""coordinates"": [[-79.48175583688489, 43.724333894877866]], ""type"": ""MultiPoint""}"
19602,2024:4002366012,2024-10-29T20:46:00,SIR WILLIAM HEARST AV,KEELE ST,5 m East of,2,Non-Fatal Injury,Intersection-Related,Traffic Signal,Turning Movement,Clear,Daylight,Dry,,FALSE,-79.48175584,43.724333894877866,2,E-Bike (Power-Assisted Bicycle),South,2,0,Major,Helmet,Driving properly,Normal,,,Going Ahead,,,,,cyclist,,York Centre (6),31 Division,Oakdale-Beverley Heights,FALSE,FALSE,TRUE,FALSE,FALSE,FALSE,FALSE,FALSE,FALSE,FALSE,"{""coordinates"": [[-79.48175583688489, 43.724333894877866]], ""type"": ""MultiPoint""}"
19603,2024:4002367877,2024-10-30T06:19:00,HWY 27,STEELES AVE W,,2,Non-Fatal Injury,Intersection-Related,Traffic Signal,SMV Other,Clear,Dark with Artificial Lighting,Dry,Major Arterial,FALSE,-79.61444166,43.75550133040505,1,,,2,60,Major,Use Unknown,,,Crossing with right-of-way (intersection),Normal,,Driver turns right into pedestrian crossing with right-of-way (at intersection),,,,pedestrian,,,,,TRUE,FALSE,FALSE,FALSE,FALSE,FALSE,TRUE,FALSE,FALSE,TRUE,"{""coordinates"": [[-79.6144416575203, 43.75550133040505]], ""type"": ""MultiPoint""}"
19604,2024:4002367877,2024-10-30T06:19:00,HWY 27,STEELES AVE W,,2,Non-Fatal Injury,Intersection-Related,Traffic Signal,SMV Other,Clear,Dark with Artificial Lighting,Dry,Major Arterial,FALSE,-79.61444166,43.75550133040505,1,Truck - Closed,South,1,56,None,Lap and Shoulder Belt,Failed to yield right-of-way,Normal,,,Turning Right,,,,,driver,,,,,TRUE,FALSE,FALSE,FALSE,FALSE,FALSE,TRUE,FALSE,FALSE,TRUE,"{""coordinates"": [[-79.6144416575203, 43.75550133040505]], ""type"": ""MultiPoint""}"
19605,2024:4002375764,2024-10-31T04:20:00,YONGE ST,FINCH AVE E,,5,Non-Fatal Injury,Intersection-Related,Traffic Signal,Angle,Clear,Dark with Artificial Lighting,Dry,Major Arterial,TRUE,-79.41541095,43.77976369693059,2,,,5,0,Major,Use Unknown,,,,,,,,,,passenger,,Willowdale (18),32 Division,Yonge-Doris,TRUE,FALSE,FALSE,FALSE,FALSE,FALSE,FALSE,TRUE,FALSE,TRUE,"{""coordinates"": [[-79.41541094591268, 43.77976369693059]], ""type"": ""MultiPoint""}"
19606,2024:4002375764,2024-10-31T04:20:00,YONGE ST,FINCH AVE E,,5,Non-Fatal Injury,Intersection-Related,Traffic Signal,Angle,Clear,Dark with Artificial Lighting,Dry,Major Arterial,TRUE,-79.41541095,43.77976369693059,1,Pickup Truck,East,1,35,Minor,Use Unknown,Disobeyed traffic control,Unknown,,,Going Ahead,,,,,driver,,Willowdale (18),32 Division,Yonge-Doris,TRUE,FALSE,FALSE,FALSE,FALSE,FALSE,FALSE,TRUE,FALSE,TRUE,"{""coordinates"": [[-79.41541094591268, 43.77976369693059]], ""type"": ""MultiPoint""}"