_id,collision_id,accdate,stname1,stname2,stname3,per_inv,acclass,accloc,traffictl,impactype,visible,light,rdsfcond,road_class,failtorem,longitude,latitude,veh_no,vehtype,initdir,per_no,invage,injury,safequip,drivact,drivcond,pedact,pedcond,manoeuvre,pedtype,cyclistype,cycact,cyccond,road_user,fatal_no,wardname,division,neighbourhood,aggressive,distracted,cyclist,motorcyclist,other_micromobility,older_adult,pedestrian,red_light,school_child,heavy_truck,geometry
19838,2025:5000967937,2025-05-09T13:23:00,SHERBOURNE ST,GERRARD ST E,105 m North of,3,Non-Fatal Injury,At/Near Private Drive,No Control,SMV Other,Clear,Daylight,Dry,Minor Arterial,TRUE,-79.37259274,43.662146364173815,1,Automobile or Station Wagon,West,1,71,None,Lap and Shoulder Belt,Other,Inattentive - Other,,,Going Ahead,,,,,driver,,Toronto Centre (13),51 Division,Moss Park,FALSE,TRUE,FALSE,FALSE,FALSE,TRUE,TRUE,FALSE,FALSE,FALSE,"{""coordinates"": [[-79.37259273837152, 43.662146364173815]], ""type"": ""MultiPoint""}"
19839,2025:5000967937,2025-05-09T13:23:00,SHERBOURNE ST,GERRARD ST E,105 m North of,3,Non-Fatal Injury,At/Near Private Drive,No Control,SMV Other,Clear,Daylight,Dry,Minor Arterial,TRUE,-79.37259274,43.662146364173815,1,,,2,69,None,No Equipment Available,,,,,,,,,,passenger,,Toronto Centre (13),51 Division,Moss Park,FALSE,TRUE,FALSE,FALSE,FALSE,TRUE,TRUE,FALSE,FALSE,FALSE,"{""coordinates"": [[-79.37259273837152, 43.662146364173815]], ""type"": ""MultiPoint""}"
19840,2025:5000966040,2025-05-09T22:59:00,SHEPPARD AVE E,HWY 404 NB RAMP,,3,Non-Fatal Injury,Four-way,Traffic Signal,Turning Movement,Clear,Dark with Artificial Lighting,Dry,Expressway Ramp,FALSE,-79.33768742,43.77590380357854,1,Automobile or Station Wagon,East,1,39,None,Lap and Shoulder Belt,Failed to yield right-of-way,Normal,,,Turning Left,,,,,driver,,Don Valley North (17),33 Division,Pleasant View,TRUE,FALSE,FALSE,FALSE,FALSE,TRUE,FALSE,FALSE,FALSE,FALSE,"{""coordinates"": [[-79.33768742285825, 43.77590380357854]], ""type"": ""MultiPoint""}"
19841,2025:5000966040,2025-05-09T22:59:00,SHEPPARD AVE E,HWY 404 NB RAMP,,3,Non-Fatal Injury,Four-way,Traffic Signal,Turning Movement,Clear,Dark with Artificial Lighting,Dry,Expressway Ramp,FALSE,-79.33768742,43.77590380357854,2,Automobile or Station Wagon,West,2,72,Minor,Lap and Shoulder Belt,Driving properly,Normal,,,Going Ahead,,,,,driver,,Don Valley North (17),33 Division,Pleasant View,TRUE,FALSE,FALSE,FALSE,FALSE,TRUE,FALSE,FALSE,FALSE,FALSE,"{""coordinates"": [[-79.33768742285825, 43.77590380357854]], ""type"": ""MultiPoint""}"
19842,2025:5000966040,2025-05-09T22:59:00,SHEPPARD AVE E,HWY 404 NB RAMP,,3,Non-Fatal Injury,Four-way,Traffic Signal,Turning Movement,Clear,Dark with Artificial Lighting,Dry,Expressway Ramp,FALSE,-79.33768742,43.77590380357854,2,,,3,74,Major,Lap and Shoulder Belt,,,,,,,,,,passenger,,Don Valley North (17),33 Division,Pleasant View,TRUE,FALSE,FALSE,FALSE,FALSE,TRUE,FALSE,FALSE,FALSE,FALSE,"{""coordinates"": [[-79.33768742285825, 43.77590380357854]], ""type"": ""MultiPoint""}"
19843,2025:5000970927,2025-05-10T16:30:00,3465 DUNDAS ST W,WILLARD AVE,80 m East of,2,Non-Fatal Injury,Non-Intersection,No Control,Same Direction,Clear,Daylight,Dry,Major Arterial,FALSE,-79.48747625,43.66562632962275,1,Automobile or Station Wagon,East,1,30,None,Lap and Shoulder Belt,,Normal,,,Changing Lanes,,,,,driver,,Parkdale-High Park (4),11 Division,Runnymede-Bloor West Village,FALSE,FALSE,FALSE,TRUE,FALSE,FALSE,FALSE,FALSE,FALSE,FALSE,"{""coordinates"": [[-79.48747625303535, 43.66562632962275]], ""type"": ""MultiPoint""}"
19844,2025:5000970927,2025-05-10T16:30:00,3465 DUNDAS ST W,WILLARD AVE,80 m East of,2,Non-Fatal Injury,Non-Intersection,No Control,Same Direction,Clear,Daylight,Dry,Major Arterial,FALSE,-79.48747625,43.66562632962275,2,Motorcycle,East,2,31,Major,Use Unknown,,Normal,,,Going Ahead,,,,,motorcyclist,,Parkdale-High Park (4),11 Division,Runnymede-Bloor West Village,FALSE,FALSE,FALSE,TRUE,FALSE,FALSE,FALSE,FALSE,FALSE,FALSE,"{""coordinates"": [[-79.48747625303535, 43.66562632962275]], ""type"": ""MultiPoint""}"
19845,2025:5000971580,2025-05-10T18:02:00,3929 KEELE ST,,,2,Non-Fatal Injury,At/Near Private Drive,No Control,Turning Movement,Clear,Daylight,Dry,Major Arterial,FALSE,-79.49065509,43.76251199141217,2,Bicycle,North,2,0,Major,Other Safety Equipment Used,,,,,Going Ahead,,"Driver without right-of-way drives into path of cyclist (at intersection, laneway, or driveway)",Driving Properly,Normal,cyclist,,York Centre (6),31 Division,York University Heights,FALSE,FALSE,TRUE,FALSE,FALSE,FALSE,FALSE,FALSE,FALSE,FALSE,"{""coordinates"": [[-79.49065509024395, 43.76251199141217]], ""type"": ""MultiPoint""}"
19846,2025:5000971580,2025-05-10T18:02:00,3929 KEELE ST,,,2,Non-Fatal Injury,At/Near Private Drive,No Control,Turning Movement,Clear,Daylight,Dry,Major Arterial,FALSE,-79.49065509,43.76251199141217,1,Automobile or Station Wagon,North,1,34,None,Lap and Shoulder Belt,Improper turn,Normal,,,Turning Right,,,,,driver,,York Centre (6),31 Division,York University Heights,FALSE,FALSE,TRUE,FALSE,FALSE,FALSE,FALSE,FALSE,FALSE,FALSE,"{""coordinates"": [[-79.49065509024395, 43.76251199141217]], ""type"": ""MultiPoint""}"
19847,2025:5000991732,2025-05-13T11:01:00,MILNER AVE,PROGRESS AVE,,3,Non-Fatal Injury,Four-way,Traffic Signal,Angle,Clear,Daylight,Dry,Minor Arterial,FALSE,-79.23411195,43.79028708459056,2,Automobile or Station Wagon,West,2,56,None,Lap and Shoulder Belt,Driving properly,Normal,,,Going Ahead,,,,,driver,,Scarborough North (23),42 Division,Malvern East,TRUE,FALSE,FALSE,FALSE,FALSE,FALSE,FALSE,TRUE,TRUE,FALSE,"{""coordinates"": [[-79.23411194639603, 43.79028708459056]], ""type"": ""MultiPoint""}"
19848,2025:5000991732,2025-05-13T11:01:00,MILNER AVE,PROGRESS AVE,,3,Non-Fatal Injury,Four-way,Traffic Signal,Angle,Clear,Daylight,Dry,Minor Arterial,FALSE,-79.23411195,43.79028708459056,2,,,3,19,Major,Lap and Shoulder Belt,,,,,,,,,,passenger,,Scarborough North (23),42 Division,Malvern East,TRUE,FALSE,FALSE,FALSE,FALSE,FALSE,FALSE,TRUE,TRUE,FALSE,"{""coordinates"": [[-79.23411194639603, 43.79028708459056]], ""type"": ""MultiPoint""}"
19849,2025:5000991732,2025-05-13T11:01:00,MILNER AVE,PROGRESS AVE,,3,Non-Fatal Injury,Four-way,Traffic Signal,Angle,Clear,Daylight,Dry,Minor Arterial,FALSE,-79.23411195,43.79028708459056,1,Automobile or Station Wagon,North,1,54,Minor,Lap and Shoulder Belt,Disobeyed traffic control,Normal,,,Going Ahead,,,,,driver,,Scarborough North (23),42 Division,Malvern East,TRUE,FALSE,FALSE,FALSE,FALSE,FALSE,FALSE,TRUE,TRUE,FALSE,"{""coordinates"": [[-79.23411194639603, 43.79028708459056]], ""type"": ""MultiPoint""}"
19850,2025:5001010866,2025-05-15T18:22:00,KINGSTON RD,MANSE RD,,3,Fatal Injury,Intersection-Related,Traffic Signal,Turning Movement,Clear,Daylight,Dry,Major Arterial,FALSE,-79.17782938,43.77495392591787,1,Motorcycle,South,1,47,Fatal,,Driving properly,Normal,,,Going Ahead,,,,,motorcyclist,11,Scarborough-Rouge Park (25),43 Division,West Hill,FALSE,FALSE,FALSE,TRUE,FALSE,TRUE,FALSE,FALSE,TRUE,FALSE,"{""coordinates"": [[-79.17782938146557, 43.77495392591787]], ""type"": ""MultiPoint""}"
19851,2025:5001010866,2025-05-15T18:22:00,KINGSTON RD,MANSE RD,,3,Fatal Injury,Intersection-Related,Traffic Signal,Turning Movement,Clear,Daylight,Dry,Major Arterial,FALSE,-79.17782938,43.77495392591787,1,,,2,11,Fatal,,,,,,,,,,,motorcyclist,12,Scarborough-Rouge Park (25),43 Division,West Hill,FALSE,FALSE,FALSE,TRUE,FALSE,TRUE,FALSE,FALSE,TRUE,FALSE,"{""coordinates"": [[-79.17782938146557, 43.77495392591787]], ""type"": ""MultiPoint""}"
19852,2025:5001010866,2025-05-15T18:22:00,KINGSTON RD,MANSE RD,,3,Fatal Injury,Intersection-Related,Traffic Signal,Turning Movement,Clear,Daylight,Dry,Major Arterial,FALSE,-79.17782938,43.77495392591787,2,Automobile or Station Wagon,North,3,68,None,,Improper turn,Normal,,,Turning Left,,,,,driver,,Scarborough-Rouge Park (25),43 Division,West Hill,FALSE,FALSE,FALSE,TRUE,FALSE,TRUE,FALSE,FALSE,TRUE,FALSE,"{""coordinates"": [[-79.17782938146557, 43.77495392591787]], ""type"": ""MultiPoint""}"
19853,2025:5001019765,2025-05-16T21:07:00,SHEPPARD AVE E,BRIDLEWOOD BLVD,,2,Fatal Injury,Non-Intersection,No Control,SMV Other,Clear,Dark with Artificial Lighting,Dry,Major Arterial,TRUE,-79.31597999,43.776848077428745,,,,1,32,Fatal,,,,Crossing - no traffic control,Normal,,Driver hits pedestrian at midblock,,,,pedestrian,13,Scarborough-Agincourt (22),42 Division,Tam O'Shanter-Sullivan,FALSE,FALSE,FALSE,FALSE,FALSE,FALSE,TRUE,FALSE,FALSE,FALSE,"{""coordinates"": [[-79.31597998641767, 43.776848077428745]], ""type"": ""MultiPoint""}"
19854,2025:5001019765,2025-05-16T21:07:00,SHEPPARD AVE E,BRIDLEWOOD BLVD,,2,Fatal Injury,Non-Intersection,No Control,SMV Other,Clear,Dark with Artificial Lighting,Dry,Major Arterial,TRUE,-79.31597999,43.776848077428745,1,Automobile or Station Wagon,East,2,,,,,Unknown,,,,,,,,driver,,Scarborough-Agincourt (22),42 Division,Tam O'Shanter-Sullivan,FALSE,FALSE,FALSE,FALSE,FALSE,FALSE,TRUE,FALSE,FALSE,FALSE,"{""coordinates"": [[-79.31597998641767, 43.776848077428745]], ""type"": ""MultiPoint""}"
19855,2025:5001025340,2025-05-17T17:01:00,KIPLING AVE,HORNER AVE,,3,Non-Fatal Injury,Four-way,Traffic Signal,SMV Other,Clear,Daylight,Dry,Major Arterial,FALSE,-79.52069291,43.607106602963036,1,,,2,74,None,Lap and Shoulder Belt,,,,,,,,,,passenger,,Etobicoke-Lakeshore (3),22 Division,Mimico-Queensway,TRUE,TRUE,FALSE,FALSE,FALSE,TRUE,TRUE,FALSE,FALSE,FALSE,"{""coordinates"": [[-79.52069291211738, 43.607106602963036]], ""type"": ""MultiPoint""}"
19856,2025:5001025340,2025-05-17T17:01:00,KIPLING AVE,HORNER AVE,,3,Non-Fatal Injury,Four-way,Traffic Signal,SMV Other,Clear,Daylight,Dry,Major Arterial,FALSE,-79.52069291,43.607106602963036,1,Pickup Truck,West,1,48,None,Lap and Shoulder Belt,Failed to yield right-of-way,Inattentive - Other,,,Turning Left,,,,,driver,,Etobicoke-Lakeshore (3),22 Division,Mimico-Queensway,TRUE,TRUE,FALSE,FALSE,FALSE,TRUE,TRUE,FALSE,FALSE,FALSE,"{""coordinates"": [[-79.52069291211738, 43.607106602963036]], ""type"": ""MultiPoint""}"
19857,2025:5001025340,2025-05-17T17:01:00,KIPLING AVE,HORNER AVE,,3,Non-Fatal Injury,Four-way,Traffic Signal,SMV Other,Clear,Daylight,Dry,Major Arterial,FALSE,-79.52069291,43.607106602963036,1,,,3,63,Major,Use Unknown,,,Crossing with right-of-way (intersection),Normal,,Driver turns left into pedestrian crossing with right-of-way (at intersection),,,,pedestrian,,Etobicoke-Lakeshore (3),22 Division,Mimico-Queensway,TRUE,TRUE,FALSE,FALSE,FALSE,TRUE,TRUE,FALSE,FALSE,FALSE,"{""coordinates"": [[-79.52069291211738, 43.607106602963036]], ""type"": ""MultiPoint""}"
19858,2025:5001027926,2025-05-18T00:32:00,HWY 401 EB OFF RAMP RAMP E,RENFORTH DR,,7,Fatal Injury,Intersection-Related,Traffic Signal,Angle,Clear,Dark with Artificial Lighting,Dry,Expressway Ramp,FALSE,-79.59050489,43.66763466,1,Automobile or Station Wagon,,5,35,Major,,,,,,,,,,,passenger,,Etobicoke Centre (2),23 Division,Eringate-Centennial-West Deane,FALSE,FALSE,FALSE,FALSE,FALSE,FALSE,FALSE,FALSE,TRUE,FALSE,"{""coordinates"": [[-79.5905048903176, 43.6676346555808]], ""type"": ""MultiPoint""}"
19859,2025:5001027926,2025-05-18T00:32:00,HWY 401 EB OFF RAMP RAMP E,RENFORTH DR,,7,Fatal Injury,Intersection-Related,Traffic Signal,Angle,Clear,Dark with Artificial Lighting,Dry,Expressway Ramp,FALSE,-79.59050489,43.66763466,1,Automobile or Station Wagon,,4,10,Minor,,,,,,,,,,,passenger,,Etobicoke Centre (2),23 Division,Eringate-Centennial-West Deane,FALSE,FALSE,FALSE,FALSE,FALSE,FALSE,FALSE,FALSE,TRUE,FALSE,"{""coordinates"": [[-79.5905048903176, 43.6676346555808]], ""type"": ""MultiPoint""}"
19860,2025:5001027926,2025-05-18T00:32:00,HWY 401 EB OFF RAMP RAMP E,RENFORTH DR,,7,Fatal Injury,Intersection-Related,Traffic Signal,Angle,Clear,Dark with Artificial Lighting,Dry,Expressway Ramp,FALSE,-79.59050489,43.66763466,1,Automobile or Station Wagon,,1,15,Fatal,,,,,,,,,,,passenger,14,Etobicoke Centre (2),23 Division,Eringate-Centennial-West Deane,FALSE,FALSE,FALSE,FALSE,FALSE,FALSE,FALSE,FALSE,TRUE,FALSE,"{""coordinates"": [[-79.5905048903176, 43.6676346555808]], ""type"": ""MultiPoint""}"
19861,2025:5001027926,2025-05-18T00:32:00,HWY 401 EB OFF RAMP RAMP E,RENFORTH DR,,7,Fatal Injury,Intersection-Related,Traffic Signal,Angle,Clear,Dark with Artificial Lighting,Dry,Expressway Ramp,FALSE,-79.59050489,43.66763466,1,Automobile or Station Wagon,East,6,30,Major,,Lost control,Ability Impaired - Alcohol Over .08,,,Going Ahead,,,,,driver,,Etobicoke Centre (2),23 Division,Eringate-Centennial-West Deane,FALSE,FALSE,FALSE,FALSE,FALSE,FALSE,FALSE,FALSE,TRUE,FALSE,"{""coordinates"": [[-79.5905048903176, 43.6676346555808]], ""type"": ""MultiPoint""}"
19862,2025:5001027926,2025-05-18T00:32:00,HWY 401 EB OFF RAMP RAMP E,RENFORTH DR,,7,Fatal Injury,Intersection-Related,Traffic Signal,Angle,Clear,Dark with Artificial Lighting,Dry,Expressway Ramp,FALSE,-79.59050489,43.66763466,2,Automobile or Station Wagon,North,7,19,None,,Driving properly,Normal,,,Stopped,,,,,driver,,Etobicoke Centre (2),23 Division,Eringate-Centennial-West Deane,FALSE,FALSE,FALSE,FALSE,FALSE,FALSE,FALSE,FALSE,TRUE,FALSE,"{""coordinates"": [[-79.5905048903176, 43.6676346555808]], ""type"": ""MultiPoint""}"
19863,2025:5001027926,2025-05-18T00:32:00,HWY 401 EB OFF RAMP RAMP E,RENFORTH DR,,7,Fatal Injury,Intersection-Related,Traffic Signal,Angle,Clear,Dark with Artificial Lighting,Dry,Expressway Ramp,FALSE,-79.59050489,43.66763466,1,Automobile or Station Wagon,,2,13,Fatal,,,,,,,,,,,passenger,15,Etobicoke Centre (2),23 Division,Eringate-Centennial-West Deane,FALSE,FALSE,FALSE,FALSE,FALSE,FALSE,FALSE,FALSE,TRUE,FALSE,"{""coordinates"": [[-79.5905048903176, 43.6676346555808]], ""type"": ""MultiPoint""}"
19864,2025:5001027926,2025-05-18T00:32:00,HWY 401 EB OFF RAMP RAMP E,RENFORTH DR,,7,Fatal Injury,Intersection-Related,Traffic Signal,Angle,Clear,Dark with Artificial Lighting,Dry,Expressway Ramp,FALSE,-79.59050489,43.66763466,1,Automobile or Station Wagon,,3,6,Fatal,,,,,,,,,,,passenger,16,Etobicoke Centre (2),23 Division,Eringate-Centennial-West Deane,FALSE,FALSE,FALSE,FALSE,FALSE,FALSE,FALSE,FALSE,TRUE,FALSE,"{""coordinates"": [[-79.5905048903176, 43.6676346555808]], ""type"": ""MultiPoint""}"
19865,2025:5001028283,2025-05-18T05:27:00,GARDINER EXPY,STRACHAN AVE,50 m West of,2,Non-Fatal Injury,Non-Intersection,No Control,SMV Other,Clear,Dark with Artificial Lighting,Dry,Expressway,FALSE,-79.41093065,43.63751683,1,Automobile or Station Wagon,West,1,29,None,Use Unknown,Other,Ability Impaired - Alcohol Over .08,,,Going Ahead,,,,,driver,,Spadina-Fort York (10),14 Division,Fort York-Liberty Village,FALSE,FALSE,FALSE,FALSE,FALSE,FALSE,FALSE,FALSE,FALSE,FALSE,"{""coordinates"": [[-79.41093065154327, 43.6375168269763]], ""type"": ""MultiPoint""}"
19866,2025:5001028283,2025-05-18T05:27:00,GARDINER EXPY,STRACHAN AVE,50 m West of,2,Non-Fatal Injury,Non-Intersection,No Control,SMV Other,Clear,Dark with Artificial Lighting,Dry,Expressway,FALSE,-79.41093065,43.63751683,1,,,2,29,Major,Equipment Not Used But Available,,,,,,,,,,passenger,,Spadina-Fort York (10),14 Division,Fort York-Liberty Village,FALSE,FALSE,FALSE,FALSE,FALSE,FALSE,FALSE,FALSE,FALSE,FALSE,"{""coordinates"": [[-79.41093065154327, 43.6375168269763]], ""type"": ""MultiPoint""}"
19867,2025:5001041457,2025-05-19T23:52:00,QUEEN ST E,JONES AVE,,2,Non-Fatal Injury,T Intersection,Traffic Signal,SMV Other,Clear,Dark with Artificial Lighting,Dry,Minor Arterial,TRUE,-79.33271146,43.66269920612046,1,,,2,34,Major,No Equipment Available,,,Crossing with right-of-way (intersection),Had Been Drinking,,Driver turns left into pedestrian crossing with right-of-way (at intersection),,,,pedestrian,,Toronto-Danforth (14),55 Division,South Riverdale,TRUE,FALSE,FALSE,FALSE,FALSE,FALSE,TRUE,FALSE,TRUE,FALSE,"{""coordinates"": [[-79.33271146089983, 43.66269920612046]], ""type"": ""MultiPoint""}"
19868,2025:5001041457,2025-05-19T23:52:00,QUEEN ST E,JONES AVE,,2,Non-Fatal Injury,T Intersection,Traffic Signal,SMV Other,Clear,Dark with Artificial Lighting,Dry,Minor Arterial,TRUE,-79.33271146,43.66269920612046,1,Automobile or Station Wagon,South,1,17,None,Lap and Shoulder Belt,Failed to yield right-of-way,Road Rage/Aggression,,,Turning Left,,,,,driver,,Toronto-Danforth (14),55 Division,South Riverdale,TRUE,FALSE,FALSE,FALSE,FALSE,FALSE,TRUE,FALSE,TRUE,FALSE,"{""coordinates"": [[-79.33271146089983, 43.66269920612046]], ""type"": ""MultiPoint""}"
19869,2025:5001083551,2025-05-25T15:30:00,BLACK CREEK DR,TODD BAYLIS BLVD,,7,Non-Fatal Injury,Intersection-Related,Traffic Signal,Rear End,Clear,Daylight,Wet,Major Arterial,FALSE,-79.4838682,43.69106471280947,1,,,4,0,Minor,Lap and Shoulder Belt,,,,,,,,,,passenger,,York South-Weston (5),12 Division,Beechborough-Greenbrook,TRUE,FALSE,FALSE,FALSE,FALSE,FALSE,FALSE,FALSE,TRUE,FALSE,"{""coordinates"": [[-79.48386820040037, 43.69106471280947]], ""type"": ""MultiPoint""}"
19870,2025:5001083551,2025-05-25T15:30:00,BLACK CREEK DR,TODD BAYLIS BLVD,,7,Non-Fatal Injury,Intersection-Related,Traffic Signal,Rear End,Clear,Daylight,Wet,Major Arterial,FALSE,-79.4838682,43.69106471280947,1,Automobile or Station Wagon,North,1,19,None,Lap and Shoulder Belt,Following too closely,Normal,,,Slowing or Stopping,,,,,driver,,York South-Weston (5),12 Division,Beechborough-Greenbrook,TRUE,FALSE,FALSE,FALSE,FALSE,FALSE,FALSE,FALSE,TRUE,FALSE,"{""coordinates"": [[-79.48386820040037, 43.69106471280947]], ""type"": ""MultiPoint""}"
19871,2025:5001083551,2025-05-25T15:30:00,BLACK CREEK DR,TODD BAYLIS BLVD,,7,Non-Fatal Injury,Intersection-Related,Traffic Signal,Rear End,Clear,Daylight,Wet,Major Arterial,FALSE,-79.4838682,43.69106471280947,2,Automobile or Station Wagon,North,2,47,None,Lap and Shoulder Belt,Driving properly,Normal,,,Stopped,,,,,driver,,York South-Weston (5),12 Division,Beechborough-Greenbrook,TRUE,FALSE,FALSE,FALSE,FALSE,FALSE,FALSE,FALSE,TRUE,FALSE,"{""coordinates"": [[-79.48386820040037, 43.69106471280947]], ""type"": ""MultiPoint""}"
19872,2025:5001083551,2025-05-25T15:30:00,BLACK CREEK DR,TODD BAYLIS BLVD,,7,Non-Fatal Injury,Intersection-Related,Traffic Signal,Rear End,Clear,Daylight,Wet,Major Arterial,FALSE,-79.4838682,43.69106471280947,1,,,3,20,None,Lap and Shoulder Belt,,,,,,,,,,passenger,,York South-Weston (5),12 Division,Beechborough-Greenbrook,TRUE,FALSE,FALSE,FALSE,FALSE,FALSE,FALSE,FALSE,TRUE,FALSE,"{""coordinates"": [[-79.48386820040037, 43.69106471280947]], ""type"": ""MultiPoint""}"
19873,2025:5001083551,2025-05-25T15:30:00,BLACK CREEK DR,TODD BAYLIS BLVD,,7,Non-Fatal Injury,Intersection-Related,Traffic Signal,Rear End,Clear,Daylight,Wet,Major Arterial,FALSE,-79.4838682,43.69106471280947,2,,,6,0,Minor,Lap and Shoulder Belt,,,,,,,,,,passenger,,York South-Weston (5),12 Division,Beechborough-Greenbrook,TRUE,FALSE,FALSE,FALSE,FALSE,FALSE,FALSE,FALSE,TRUE,FALSE,"{""coordinates"": [[-79.48386820040037, 43.69106471280947]], ""type"": ""MultiPoint""}"
19874,2025:5001083551,2025-05-25T15:30:00,BLACK CREEK DR,TODD BAYLIS BLVD,,7,Non-Fatal Injury,Intersection-Related,Traffic Signal,Rear End,Clear,Daylight,Wet,Major Arterial,FALSE,-79.4838682,43.69106471280947,2,,,5,16,Minor,Lap and Shoulder Belt,,,,,,,,,,passenger,,York South-Weston (5),12 Division,Beechborough-Greenbrook,TRUE,FALSE,FALSE,FALSE,FALSE,FALSE,FALSE,FALSE,TRUE,FALSE,"{""coordinates"": [[-79.48386820040037, 43.69106471280947]], ""type"": ""MultiPoint""}"
19875,2025:5001083551,2025-05-25T15:30:00,BLACK CREEK DR,TODD BAYLIS BLVD,,7,Non-Fatal Injury,Intersection-Related,Traffic Signal,Rear End,Clear,Daylight,Wet,Major Arterial,FALSE,-79.4838682,43.69106471280947,2,,,7,35,Major,Lap and Shoulder Belt,,,,,,,,,,passenger,,York South-Weston (5),12 Division,Beechborough-Greenbrook,TRUE,FALSE,FALSE,FALSE,FALSE,FALSE,FALSE,FALSE,TRUE,FALSE,"{""coordinates"": [[-79.48386820040037, 43.69106471280947]], ""type"": ""MultiPoint""}"
19876,2025:5001101234,2025-05-27T21:57:00,ISLINGTON AVE,E/B HWY 401 RAMP,,2,Non-Fatal Injury,Four-way,Traffic Signal,Turning Movement,Clear,Dark with Artificial Lighting,Dry,Expressway Ramp,FALSE,-79.55169046,43.708108986472766,2,Bicycle,North,2,15,Major,Use Unknown,,,,,Going Ahead,,"Driver without right-of-way drives into path of cyclist (at intersection, laneway, or driveway)",Speed too Fast For Condition,Normal,cyclist,,Etobicoke North (1),23 Division,Kingsview Village-The Westway,FALSE,FALSE,TRUE,FALSE,FALSE,FALSE,FALSE,FALSE,TRUE,FALSE,"{""coordinates"": [[-79.55169046458634, 43.708108986472766]], ""type"": ""MultiPoint""}"
19877,2025:5001101234,2025-05-27T21:57:00,ISLINGTON AVE,E/B HWY 401 RAMP,,2,Non-Fatal Injury,Four-way,Traffic Signal,Turning Movement,Clear,Dark with Artificial Lighting,Dry,Expressway Ramp,FALSE,-79.55169046,43.708108986472766,1,Automobile or Station Wagon,South,1,54,None,Lap and Shoulder Belt,Improper turn,Normal,,,Turning Left,,,,,driver,,Etobicoke North (1),23 Division,Kingsview Village-The Westway,FALSE,FALSE,TRUE,FALSE,FALSE,FALSE,FALSE,FALSE,TRUE,FALSE,"{""coordinates"": [[-79.55169046458634, 43.708108986472766]], ""type"": ""MultiPoint""}"
19878,2025:5001103620,2025-05-28T09:00:00,HUNTINGWOOD DR,KENNEDY RD,,2,Non-Fatal Injury,Four-way,Traffic Signal,Angle,Clear,Daylight,Dry,Major Arterial,FALSE,-79.29351813,43.795064651950035,2,Automobile or Station Wagon,South,2,25,None,Lap and Shoulder Belt,Driving properly,Normal,,,Going Ahead,,,,,driver,,Scarborough-Agincourt (22),42 Division,Tam O'Shanter-Sullivan,FALSE,FALSE,TRUE,FALSE,FALSE,TRUE,FALSE,FALSE,FALSE,FALSE,"{""coordinates"": [[-79.2935181335449, 43.795064651950035]], ""type"": ""MultiPoint""}"
19879,2025:5001103620,2025-05-28T09:00:00,HUNTINGWOOD DR,KENNEDY RD,,2,Non-Fatal Injury,Four-way,Traffic Signal,Angle,Clear,Daylight,Dry,Major Arterial,FALSE,-79.29351813,43.795064651950035,1,Bicycle,East,1,71,Major,No Equipment Available,,,,,Going Ahead,,,Disobeyed Traffic Control,Normal,cyclist,,Scarborough-Agincourt (22),42 Division,Tam O'Shanter-Sullivan,FALSE,FALSE,TRUE,FALSE,FALSE,TRUE,FALSE,FALSE,FALSE,FALSE,"{""coordinates"": [[-79.2935181335449, 43.795064651950035]], ""type"": ""MultiPoint""}"
19880,2025:5001112459,2025-05-29T12:15:00,MCCOWAN RD,FINCH AVE E,,2,Non-Fatal Injury,Four-way,Traffic Signal,SMV Other,Clear,Daylight,Dry,Minor Arterial,FALSE,-79.26645238,43.80800512186646,1,,,2,30,Major,Use Unknown,,,Crossing with right-of-way (intersection),Normal,,Driver turns left into pedestrian crossing with right-of-way (at intersection),,,,pedestrian,,Scarborough North (23),42 Division,Agincourt North,TRUE,FALSE,FALSE,FALSE,FALSE,FALSE,TRUE,FALSE,FALSE,FALSE,"{""coordinates"": [[-79.2664523793735, 43.80800512186646]], ""type"": ""MultiPoint""}"
19881,2025:5001112459,2025-05-29T12:15:00,MCCOWAN RD,FINCH AVE E,,2,Non-Fatal Injury,Four-way,Traffic Signal,SMV Other,Clear,Daylight,Dry,Minor Arterial,FALSE,-79.26645238,43.80800512186646,1,Automobile or Station Wagon,South,1,38,None,Lap and Shoulder Belt,Failed to yield right-of-way,Unknown,,,Turning Left,,,,,driver,,Scarborough North (23),42 Division,Agincourt North,TRUE,FALSE,FALSE,FALSE,FALSE,FALSE,TRUE,FALSE,FALSE,FALSE,"{""coordinates"": [[-79.2664523793735, 43.80800512186646]], ""type"": ""MultiPoint""}"
19882,2025:5001124655,2025-05-30T22:27:00,KEELE ST,LAWRENCE AVE W,82 m South of,3,Non-Fatal Injury,Non-Intersection,Traffic Signal,Turning Movement,Clear,Dark with Artificial Lighting,Dry,Major Arterial,FALSE,-79.47785176,43.707741797096034,1,Motorcycle,North,1,33,Major,Helmet,Failed to yield right-of-way,Normal,,,Going Ahead,,,,,motorcyclist,,York South-Weston (5),12 Division,Brookhaven-Amesbury,TRUE,FALSE,FALSE,TRUE,FALSE,FALSE,FALSE,FALSE,FALSE,FALSE,"{""coordinates"": [[-79.47785175958819, 43.707741797096034]], ""type"": ""MultiPoint""}"
19883,2025:5001124655,2025-05-30T22:27:00,KEELE ST,LAWRENCE AVE W,82 m South of,3,Non-Fatal Injury,Non-Intersection,Traffic Signal,Turning Movement,Clear,Dark with Artificial Lighting,Dry,Major Arterial,FALSE,-79.47785176,43.707741797096034,2,,,3,20,None,Lap and Shoulder Belt,,,,,,,,,,passenger,,York South-Weston (5),12 Division,Brookhaven-Amesbury,TRUE,FALSE,FALSE,TRUE,FALSE,FALSE,FALSE,FALSE,FALSE,FALSE,"{""coordinates"": [[-79.47785175958819, 43.707741797096034]], ""type"": ""MultiPoint""}"
19884,2025:5001124655,2025-05-30T22:27:00,KEELE ST,LAWRENCE AVE W,82 m South of,3,Non-Fatal Injury,Non-Intersection,Traffic Signal,Turning Movement,Clear,Dark with Artificial Lighting,Dry,Major Arterial,FALSE,-79.47785176,43.707741797096034,2,Automobile or Station Wagon,South,2,51,None,Lap and Shoulder Belt,Driving properly,Normal,,,Turning Left,,,,,driver,,York South-Weston (5),12 Division,Brookhaven-Amesbury,TRUE,FALSE,FALSE,TRUE,FALSE,FALSE,FALSE,FALSE,FALSE,FALSE,"{""coordinates"": [[-79.47785175958819, 43.707741797096034]], ""type"": ""MultiPoint""}"