_id,collision_id,accdate,stname1,stname2,stname3,per_inv,acclass,accloc,traffictl,impactype,visible,light,rdsfcond,road_class,failtorem,longitude,latitude,veh_no,vehtype,initdir,per_no,invage,injury,safequip,drivact,drivcond,pedact,pedcond,manoeuvre,pedtype,cyclistype,cycact,cyccond,road_user,fatal_no,wardname,division,neighbourhood,aggressive,distracted,cyclist,motorcyclist,other_micromobility,older_adult,pedestrian,red_light,school_child,heavy_truck,geometry
20298,2026:6000021617,2026-01-04T03:27:00,F G Gardiner EXPY W,BATHURST ST,80 m West of,9,Non-Fatal Injury,Non-Intersection,No Control,Rear End,Clear,Dusk with Artificial Lighting,Dry,Expressway,FALSE,-79.40150713,43.63795701261668,2,,,6,36,Minor,Lap and Shoulder Belt,,,,,,,,,,passenger,,Spadina-Fort York (10),14 Division,Fort York-Liberty Village,TRUE,FALSE,FALSE,FALSE,FALSE,FALSE,FALSE,FALSE,FALSE,FALSE,"{""coordinates"": [[-79.4015071321004, 43.63795701261668]], ""type"": ""MultiPoint""}"
20299,2026:6000021617,2026-01-04T03:27:00,F G Gardiner EXPY W,BATHURST ST,80 m West of,9,Non-Fatal Injury,Non-Intersection,No Control,Rear End,Clear,Dusk with Artificial Lighting,Dry,Expressway,FALSE,-79.40150713,43.63795701261668,2,,,9,24,Minor,Lap and Shoulder Belt,,,,,,,,,,passenger,,Spadina-Fort York (10),14 Division,Fort York-Liberty Village,TRUE,FALSE,FALSE,FALSE,FALSE,FALSE,FALSE,FALSE,FALSE,FALSE,"{""coordinates"": [[-79.4015071321004, 43.63795701261668]], ""type"": ""MultiPoint""}"
20300,2007:1009018,2007-12-16T00:58:00,DON VALLEY PARKWAY S,LAWRENCE AVE E,,4,Non-Fatal Injury,,No Control,SMV Other,Snow,Dark,Loose Snow,,FALSE,-79.33259065,43.743644097510796,1,Tow Truck,South,2,43,None,Lap and Shoulder Belt,Driving properly,Normal,,,Going Ahead,,,,,driver,,Don Valley East (16),33 Division,Parkwoods-O'Connor Hills,FALSE,FALSE,FALSE,FALSE,FALSE,FALSE,FALSE,FALSE,FALSE,TRUE,"{""coordinates"": [[-79.33259064813664, 43.743644097510796]], ""type"": ""MultiPoint""}"
20301,2026:6000025654,2026-01-04T17:54:00,REXDALE BLVD,HIGHWAY 27,,4,Non-Fatal Injury,Four-way,Traffic Signal,SMV Other,Clear,Dark with Artificial Lighting,Dry,Major Arterial,FALSE,-79.5958787,43.71723713197145,1,,,3,78,None,Lap and Shoulder Belt,,,,,,,,,,passenger,,Etobicoke North (1),23 Division,West Humber-Clairville,FALSE,FALSE,FALSE,FALSE,FALSE,TRUE,TRUE,FALSE,FALSE,FALSE,"{""coordinates"": [[-79.5958787035954, 43.71723713197145]], ""type"": ""MultiPoint""}"
20302,2026:6000025654,2026-01-04T17:54:00,REXDALE BLVD,HIGHWAY 27,,4,Non-Fatal Injury,Four-way,Traffic Signal,SMV Other,Clear,Dark with Artificial Lighting,Dry,Major Arterial,FALSE,-79.5958787,43.71723713197145,1,,,2,42,None,Lap and Shoulder Belt,,,,,,,,,,passenger,,Etobicoke North (1),23 Division,West Humber-Clairville,FALSE,FALSE,FALSE,FALSE,FALSE,TRUE,TRUE,FALSE,FALSE,FALSE,"{""coordinates"": [[-79.5958787035954, 43.71723713197145]], ""type"": ""MultiPoint""}"
20303,2026:6000026490,2026-01-04T20:41:00,QUEEN'S PARK CRES E,ST JOSEPH ST,128 m North of,2,Non-Fatal Injury,Non-Intersection,Traffic Signal,SMV Other,Clear,Dark with Artificial Lighting,Dry,Major Arterial,FALSE,-79.39188007,43.66593799130397,1,Automobile or Station Wagon,North,1,40,None,Lap and Shoulder Belt,Speed too fast for conditions,Road Rage/Aggression,,,Going Ahead,,,,,driver,,University-Rosedale (11),52 Division,Bay-Cloverhill,TRUE,FALSE,FALSE,FALSE,FALSE,TRUE,TRUE,FALSE,FALSE,FALSE,"{""coordinates"": [[-79.39188006958985, 43.66593799130397]], ""type"": ""MultiPoint""}"
20304,2026:6000039556,2026-01-06T15:24:00,RICHMOND ST E,JARVIS ST,,2,Non-Fatal Injury,Four-way,Traffic Signal,SMV Other,Rain,Daylight,Wet,Major Arterial,FALSE,-79.37274135,43.65259496627656,1,,,2,37,Major,Use Unknown,,,Crossing with right-of-way (intersection),Normal,,Driver turns left into pedestrian crossing with right-of-way (at intersection),,,,pedestrian,,Toronto Centre (13),51 Division,Moss Park,TRUE,FALSE,FALSE,FALSE,FALSE,FALSE,TRUE,FALSE,FALSE,TRUE,"{""coordinates"": [[-79.37274135296875, 43.65259496627656]], ""type"": ""MultiPoint""}"
20305,2026:6000051257,2026-01-08T05:44:00,FIRGROVE CRES,JANE ST,,2,Non-Fatal Injury,Four-way,Traffic Signal,SMV Other,Clear,Dark with Artificial Lighting,Dry,Major Arterial,FALSE,-79.51704094,43.75486232359443,1,Automobile or Station Wagon,East,1,44,None,Lap and Shoulder Belt,Improper turn,Inattentive - Other,,,Turning Right,,,,,driver,,Humber River-Black Creek (7),31 Division,Glenfield-Jane Heights,FALSE,TRUE,FALSE,FALSE,FALSE,FALSE,TRUE,FALSE,FALSE,FALSE,"{""coordinates"": [[-79.51704093677205, 43.75486232359443]], ""type"": ""MultiPoint""}"
20306,2024:4001454862,2024-07-04T02:04:00,F G GARDINER XY E,DUFFERIN ST,600m East of,6,Fatal Injury,Non-Intersection,No Control,Rear End,Clear,Dark,Dry,Expressway,FALSE,-79.41840707,43.63573383881802,1,,,4,20,Minor,,,,,,,,,,,passenger,,Spadina-Fort York (10),14 Division,Fort York-Liberty Village,TRUE,FALSE,FALSE,FALSE,FALSE,FALSE,FALSE,FALSE,FALSE,FALSE,"{""coordinates"": [[-79.41840706930932, 43.63573383881802]], ""type"": ""MultiPoint""}"
20307,2026:6000072479,2026-01-10T20:37:00,JONES AVE,GERRARD ST E,2 m South of,2,Non-Fatal Injury,Four-way,Traffic Signal,SMV Other,Clear,Dark with Artificial Lighting,Dry,Minor Arterial,FALSE,-79.33562556,43.66924470962622,1,Passenger Van,South,1,56,None,Lap and Shoulder Belt,Disobeyed traffic control,Normal,,,Turning Right,,,,,driver,,Toronto-Danforth (14),55 Division,South Riverdale,TRUE,FALSE,FALSE,FALSE,FALSE,FALSE,TRUE,TRUE,FALSE,FALSE,"{""coordinates"": [[-79.33562555734696, 43.66924470962622]], ""type"": ""MultiPoint""}"
20308,2026:6000133807,2026-01-19T10:50:00,MARTIN GROVE RD,DIXON RD,15 m East of,2,Non-Fatal Injury,Four-way,Traffic Signal,SMV Other,Clear,Daylight,Wet,Major Arterial,FALSE,-79.57080512,43.691603418067274,1,Delivery Van,North,1,22,None,Lap and Shoulder Belt,Failed to yield right-of-way,Normal,,,Turning Right,,,,,driver,,Etobicoke North (1),23 Division,West Humber-Clairville,TRUE,FALSE,FALSE,FALSE,FALSE,FALSE,TRUE,FALSE,FALSE,TRUE,"{""coordinates"": [[-79.5708051198823, 43.691603418067274]], ""type"": ""MultiPoint""}"
20309,2026:6000141410,2026-01-20T10:37:00,THE WESTWAY,KIPLING AVE,,4,Non-Fatal Injury,Four-way,Traffic Signal,Rear End,Clear,Daylight,Dry,Major Arterial,FALSE,-79.55480091,43.6859043,1,Automobile or Station Wagon,East,1,60,Major,Equipment Not Used But Available,Speed too fast for conditions,Normal,,,Going Ahead,,,,,driver,,Etobicoke Centre (2),23 Division,Kingsview Village-The Westway,TRUE,FALSE,FALSE,FALSE,FALSE,FALSE,FALSE,FALSE,FALSE,TRUE,"{""coordinates"": [[-79.55480091002715, 43.6859043024524]], ""type"": ""MultiPoint""}"
20310,2026:6000141410,2026-01-20T10:37:00,THE WESTWAY,KIPLING AVE,,4,Non-Fatal Injury,Four-way,Traffic Signal,Rear End,Clear,Daylight,Dry,Major Arterial,FALSE,-79.55480091,43.6859043,2,,,4,24,None,Lap and Shoulder Belt,,,,,,,,,,passenger,,Etobicoke Centre (2),23 Division,Kingsview Village-The Westway,TRUE,FALSE,FALSE,FALSE,FALSE,FALSE,FALSE,FALSE,FALSE,TRUE,"{""coordinates"": [[-79.55480091002715, 43.6859043024524]], ""type"": ""MultiPoint""}"
20311,2026:6000191337,2026-01-27T06:30:00,DON VALLEY PKWY S,WYNFORD DR,10 m North of,2,Non-Fatal Injury,Non-Intersection,No Control,Rear End,Clear,Dawn with Artificial Lighting,Wet,Expressway,FALSE,-79.33056837,43.726938196615244,1,Automobile or Station Wagon,South,1,25,Major,Lap and Shoulder Belt,Following too closely,Normal,,,Going Ahead,,,,,driver,,Don Valley East (16),33 Division,Banbury-Don Mills,TRUE,FALSE,FALSE,FALSE,FALSE,FALSE,FALSE,FALSE,FALSE,FALSE,"{""coordinates"": [[-79.33056836782497, 43.726938196615244]], ""type"": ""MultiPoint""}"
20312,2025:5002348522,2025-11-08T18:08:00,KINGSTON RD,FALAISE RD,11 m South of,2,Non-Fatal Injury,Intersection-Related,Stop Sign,Turning Movement,Clear,Dawn with Artificial Lighting,Dry,Major Arterial,FALSE,-79.1887854,43.768506935258316,2,Automobile or Station Wagon,South,2,37,None,Lap and Shoulder Belt,Driving properly,Normal,,,Turning Left,,,,,driver,,Scarborough-Guildwood (24),43 Division,West Hill,TRUE,FALSE,FALSE,TRUE,FALSE,FALSE,FALSE,FALSE,FALSE,FALSE,"{""coordinates"": [[-79.18878540087825, 43.768506935258316]], ""type"": ""MultiPoint""}"
20313,2025:5002348522,2025-11-08T18:08:00,KINGSTON RD,FALAISE RD,11 m South of,2,Non-Fatal Injury,Intersection-Related,Stop Sign,Turning Movement,Clear,Dawn with Artificial Lighting,Dry,Major Arterial,FALSE,-79.1887854,43.768506935258316,1,Motorcycle,West,1,43,Major,Helmet,Speed too fast for conditions,Normal,,,Going Ahead,,,,,motorcyclist,,Scarborough-Guildwood (24),43 Division,West Hill,TRUE,FALSE,FALSE,TRUE,FALSE,FALSE,FALSE,FALSE,FALSE,FALSE,"{""coordinates"": [[-79.18878540087825, 43.768506935258316]], ""type"": ""MultiPoint""}"
20314,2026:6000267204,2026-02-05T21:05:00,BIRCHMOUNT RD,BONIS AVE,11 m South of,3,Non-Fatal Injury,Intersection-Related,Traffic Signal,SMV Other,Clear,Dark,Dry,Major Arterial,FALSE,-79.29926235,43.78340575779065,1,,,3,70,Major,Use Unknown,,,Crossing without right-of-way (intersection),Normal,,Driver turns left into pedestrian crossing without right-of-way (at intersection),,,,pedestrian,,Scarborough-Agincourt (22),42 Division,Tam O'Shanter-Sullivan,FALSE,FALSE,FALSE,FALSE,FALSE,TRUE,TRUE,FALSE,FALSE,FALSE,"{""coordinates"": [[-79.29926235318692, 43.78340575779065]], ""type"": ""MultiPoint""}"
20315,2026:6000267204,2026-02-05T21:05:00,BIRCHMOUNT RD,BONIS AVE,11 m South of,3,Non-Fatal Injury,Intersection-Related,Traffic Signal,SMV Other,Clear,Dark,Dry,Major Arterial,FALSE,-79.29926235,43.78340575779065,1,,,2,21,None,Lap and Shoulder Belt,,,,,,,,,,passenger,,Scarborough-Agincourt (22),42 Division,Tam O'Shanter-Sullivan,FALSE,FALSE,FALSE,FALSE,FALSE,TRUE,TRUE,FALSE,FALSE,FALSE,"{""coordinates"": [[-79.29926235318692, 43.78340575779065]], ""type"": ""MultiPoint""}"
20316,2026:6000267204,2026-02-05T21:05:00,BIRCHMOUNT RD,BONIS AVE,11 m South of,3,Non-Fatal Injury,Intersection-Related,Traffic Signal,SMV Other,Clear,Dark,Dry,Major Arterial,FALSE,-79.29926235,43.78340575779065,1,Automobile or Station Wagon,West,1,20,None,Lap and Shoulder Belt,Driving properly,Normal,,,Turning Left,,,,,driver,,Scarborough-Agincourt (22),42 Division,Tam O'Shanter-Sullivan,FALSE,FALSE,FALSE,FALSE,FALSE,TRUE,TRUE,FALSE,FALSE,FALSE,"{""coordinates"": [[-79.29926235318692, 43.78340575779065]], ""type"": ""MultiPoint""}"
20317,2026:6000526230,2026-03-12T19:46:00,Lake Shore Blvd W,LONG BRANCH LOOP,,3,Non-Fatal Injury,Non-Intersection,Traffic Signal,SMV Other,Clear,Dark with Artificial Lighting,Dry,Major Arterial,FALSE,-79.54391907,43.591539141034836,1,,,3,41,Fatal,Use Unknown,,,Crossing - no traffic control,Medical or Physical Disability - Vision Impairment,,Driver hits pedestrian at midblock,,,,pedestrian,8,Etobicoke-Lakeshore (3),22 Division,Long Branch,FALSE,FALSE,FALSE,FALSE,FALSE,FALSE,TRUE,FALSE,FALSE,FALSE,"{""coordinates"": [[-79.54391907183772, 43.591539141034836]], ""type"": ""MultiPoint""}"
20318,2026:6000481059,2026-03-06T20:19:00,EGLINTON AVE E,BRIMLEY RD,,2,Non-Fatal Injury,At Intersection,Traffic Signal,SMV Other,Rain,Dark,Wet,Major Arterial,FALSE,-79.24805851,43.73670399039213,1,Truck - Tractor,North,1,55,None,Lap and Shoulder Belt,Failed to yield right-of-way,Normal,,,Turning Left,,,,,driver,,Scarborough Centre (21),43 Division,Eglinton East,TRUE,FALSE,FALSE,FALSE,FALSE,FALSE,TRUE,FALSE,FALSE,TRUE,"{""coordinates"": [[-79.24805851270602, 43.73670399039213]], ""type"": ""MultiPoint""}"
20319,2026:6000455396,2026-03-03T12:12:00,Sewells RD,1216 Sewells RD,,2,Non-Fatal Injury,At/Near Private Drive,No Control,SMV Other,Clear,Daylight,Dry,Local,FALSE,-79.20740937,43.842259969775576,1,,,2,42,Major,No Equipment Available,,,Crossing - no traffic control,Normal,,Driver reversing hits pedestrian,,,,pedestrian,,Scarborough-Rouge Park (25),42 Division,Morningside Heights,TRUE,FALSE,FALSE,FALSE,FALSE,FALSE,TRUE,FALSE,FALSE,FALSE,"{""coordinates"": [[-79.2074093729733, 43.842259969775576]], ""type"": ""MultiPoint""}"
20320,2026:6000432489,2026-02-28T07:44:00,DIXON RD,ROYAL YORK RD,,2,Non-Fatal Injury,Four-way,Traffic Signal,Angle,Clear,Daylight,Wet,Major Arterial,TRUE,-79.53424846,43.69977127,1,Delivery Van,West,1,48,Minor,Other Safety Equipment Used,Disobeyed traffic control,Normal,,,Going Ahead,,,,,driver,,Etobicoke Centre (2),23 Division,Humber Heights-Westmount,TRUE,FALSE,FALSE,FALSE,FALSE,FALSE,FALSE,TRUE,FALSE,TRUE,"{""coordinates"": [[-79.53424845787613, 43.6997712707787]], ""type"": ""MultiPoint""}"
20321,2026:6000402676,2026-02-24T09:18:00,DONLANDS AVE,DANFORTH AVE,,3,Non-Fatal Injury,T Intersection,Traffic Signal,Turning Movement,Clear,Daylight,Dry,,FALSE,-79.33722524,43.680424410640796,2,,,3,9,Minimal,Helmet,,,,,,,,,,cyclist,,Toronto-Danforth (14),55 Division,Blake-Jones,TRUE,FALSE,TRUE,FALSE,FALSE,FALSE,FALSE,FALSE,TRUE,FALSE,"{""coordinates"": [[-79.33722524471125, 43.680424410640796]], ""type"": ""MultiPoint""}"
20322,2026:6000402676,2026-02-24T09:18:00,DONLANDS AVE,DANFORTH AVE,,3,Non-Fatal Injury,T Intersection,Traffic Signal,Turning Movement,Clear,Daylight,Dry,,FALSE,-79.33722524,43.680424410640796,2,Bicycle,North,2,49,Major,Helmet,,,,,Going Ahead,,Driver turns left into path of cyclist,Driving Properly,Normal,cyclist,,Toronto-Danforth (14),55 Division,Blake-Jones,TRUE,FALSE,TRUE,FALSE,FALSE,FALSE,FALSE,FALSE,TRUE,FALSE,"{""coordinates"": [[-79.33722524471125, 43.680424410640796]], ""type"": ""MultiPoint""}"
20323,2026:6000373958,2026-02-14T18:15:00,LAWRENCE AVE E,GREENCEDAR CRCT,100 m South of,2,Non-Fatal Injury,At/Near Private Drive,Stop Sign,SMV Other,Clear,Dark,Dry,Collector,FALSE,-79.23263017,43.75727087712379,1,Automobile or Station Wagon,West,1,72,None,Lap and Shoulder Belt,Failed to yield right-of-way,Normal,,,Turning Right,,,,,driver,,Scarborough-Guildwood (24),43 Division,Golfdale-Cedarbrae-Woburn,TRUE,FALSE,FALSE,FALSE,FALSE,TRUE,TRUE,FALSE,FALSE,FALSE,"{""coordinates"": [[-79.23263016989573, 43.75727087712379]], ""type"": ""MultiPoint""}"
20324,2026:6000184663,2026-01-26T09:15:00,LAWRENCE AVE E,KENNEDY RD,37.4m East,2,Non-Fatal Injury,At/Near Private Drive,No Control,Turning Movement,Clear,Daylight,Loose Snow,Major Arterial,FALSE,-79.27442554,43.74968072413251,2,Automobile or Station Wagon,North,2,32,None,Lap and Shoulder Belt,Driving properly,Normal,,,Going Ahead,,,,,driver,,Scarborough Centre (21),41 Division,Dorset Park,TRUE,FALSE,FALSE,FALSE,FALSE,TRUE,FALSE,FALSE,FALSE,FALSE,"{""coordinates"": [[-79.27442554158948, 43.74968072413251]], ""type"": ""MultiPoint""}"
20325,2026:6000059007,2026-01-09T04:04:00,WESTON RD,WRIGHT AVE,89 NE,1,Non-Fatal Injury,At/Near Private Drive,No Control,SMV Other,Rain,Dark with Artificial Lighting,Wet,Major Arterial,FALSE,-79.51127103,43.69834934473696,1,Automobile or Station Wagon,,1,33,Major,,,,,Normal,,Driver hits pedestrian on sidewalk or shoulder,,,,pedestrian,,York South-Weston (5),12 Division,Weston,FALSE,FALSE,FALSE,FALSE,FALSE,FALSE,TRUE,FALSE,FALSE,FALSE,"{""coordinates"": [[-79.51127103115975, 43.69834934473696]], ""type"": ""MultiPoint""}"
20326,2026:6000039154,2026-01-06T14:29:00,2571 KINGSTON RD,MIDLAND AVE,,2,Fatal Injury,At/Near Private Drive,No Control,Reversing,Freezing Rain or Hail,Daylight,Wet,Major Arterial,FALSE,-79.24669934,43.71229378662489,,,,1,80,Fatal,,,,On sidewalk or shoulder,Normal,,Driver hits pedestrian at private driveway,,,,pedestrian,1,Scarborough Southwest (20),41 Division,Cliffcrest,FALSE,FALSE,FALSE,FALSE,FALSE,TRUE,TRUE,FALSE,FALSE,FALSE,"{""coordinates"": [[-79.24669933898437, 43.71229378662489]], ""type"": ""MultiPoint""}"
20327,2010:1200768,2010-02-19T09:10:00,BARTLETT AVE,DUPONT ST,67 m North,2,Non-Fatal Injury,At Railway Crossing,Traffic Gate,Other,Clear,Daylight,Dry,Major Arterial,FALSE,-79.43668805,43.669524254827685,1,Railway Train,West,2,52,None,Other Safety Equipment Used,,,,,Going Ahead,,,,,other,,Davenport (9),13 Division,Junction-Wallace Emerson,FALSE,FALSE,FALSE,FALSE,FALSE,TRUE,TRUE,FALSE,FALSE,FALSE,"{""coordinates"": [[-79.43668804931947, 43.669524254827685]], ""type"": ""MultiPoint""}"
20328,2017:7003025582,2017-11-19T01:45:00,MARKHAM RD,HIGHWAY 401 C E,,5,Non-Fatal Injury,At Intersection,Traffic Signal,Turning Movement,Rain,Dark with Artificial Lighting,Wet,Major Arterial,FALSE,-79.23468345,43.78384898398926,0,,,5,4,Major,Lap and Shoulder Belt,,,,,,,,,,passenger,,Scarborough-Guildwood (24),43 Division,Woburn North,TRUE,FALSE,FALSE,FALSE,FALSE,FALSE,FALSE,TRUE,TRUE,FALSE,"{""coordinates"": [[-79.23468345215268, 43.78384898398926]], ""type"": ""MultiPoint""}"
20329,2020:0001064375,2020-06-09T22:01:00,DANFORTH AVE,BARRINGTON AVE,27 m West of,4,Non-Fatal Injury,Non-Intersection,No Control,Rear End,Clear,Dark,Dry,Major Arterial,FALSE,-79.30100679,43.68825359296948,2,Automobile or Station Wagon,West,2,27,Minimal,Lap and Shoulder Belt,Driving properly,Normal,,,Stopped,,,,,driver,,Beaches-East York (19),55 Division,East End-Danforth,FALSE,TRUE,FALSE,TRUE,FALSE,FALSE,FALSE,FALSE,FALSE,FALSE,"{""coordinates"": [[-79.30100679211769, 43.68825359296948]], ""type"": ""MultiPoint""}"
20330,2020:0001064375,2020-06-09T22:01:00,DANFORTH AVE,BARRINGTON AVE,27 m West of,4,Non-Fatal Injury,Non-Intersection,No Control,Rear End,Clear,Dark,Dry,Major Arterial,FALSE,-79.30100679,43.68825359296948,3,Automobile or Station Wagon,Unknown,3,0,None,Use Unknown,,Unknown,,,Parked,,,,,driver,,Beaches-East York (19),55 Division,East End-Danforth,FALSE,TRUE,FALSE,TRUE,FALSE,FALSE,FALSE,FALSE,FALSE,FALSE,"{""coordinates"": [[-79.30100679211769, 43.68825359296948]], ""type"": ""MultiPoint""}"
20331,2026:6000039154,2026-01-06T14:29:00,2571 KINGSTON RD,MIDLAND AVE,,2,Fatal Injury,At/Near Private Drive,No Control,Reversing,Freezing Rain or Hail,Daylight,Wet,Major Arterial,FALSE,-79.24669934,43.71229378662489,1,Automobile or Station Wagon,West,2,81,None,,Other,Unknown,,,Reversing,,,,,driver,,Scarborough Southwest (20),41 Division,Cliffcrest,FALSE,FALSE,FALSE,FALSE,FALSE,TRUE,TRUE,FALSE,FALSE,FALSE,"{""coordinates"": [[-79.24669933898437, 43.71229378662489]], ""type"": ""MultiPoint""}"
20332,2026:6000184663,2026-01-26T09:15:00,LAWRENCE AVE E,KENNEDY RD,37.4m East,2,Non-Fatal Injury,At/Near Private Drive,No Control,Turning Movement,Clear,Daylight,Loose Snow,Major Arterial,FALSE,-79.27442554,43.74968072413251,1,Automobile or Station Wagon,West,1,87,Major,Lap and Shoulder Belt,Failed to yield right-of-way,Normal,,,Turning Right,,,,,driver,,Scarborough Centre (21),41 Division,Dorset Park,TRUE,FALSE,FALSE,FALSE,FALSE,TRUE,FALSE,FALSE,FALSE,FALSE,"{""coordinates"": [[-79.27442554158948, 43.74968072413251]], ""type"": ""MultiPoint""}"
20333,2026:6000373958,2026-02-14T18:15:00,LAWRENCE AVE E,GREENCEDAR CRCT,100 m South of,2,Non-Fatal Injury,At/Near Private Drive,Stop Sign,SMV Other,Clear,Dark,Dry,Collector,FALSE,-79.23263017,43.75727087712379,1,,,2,78,Major,Use Unknown,,,Crossing with right-of-way (intersection),Normal,,Driver turns right into pedestrian crossing with right-of-way (at intersection),,,,pedestrian,,Scarborough-Guildwood (24),43 Division,Golfdale-Cedarbrae-Woburn,TRUE,FALSE,FALSE,FALSE,FALSE,TRUE,TRUE,FALSE,FALSE,FALSE,"{""coordinates"": [[-79.23263016989573, 43.75727087712379]], ""type"": ""MultiPoint""}"
20334,2026:6000402676,2026-02-24T09:18:00,DONLANDS AVE,DANFORTH AVE,,3,Non-Fatal Injury,T Intersection,Traffic Signal,Turning Movement,Clear,Daylight,Dry,,FALSE,-79.33722524,43.680424410640796,1,Automobile or Station Wagon,South,1,34,None,Lap and Shoulder Belt,Failed to yield right-of-way,Normal,,,Turning Left,,,,,driver,,Toronto-Danforth (14),55 Division,Blake-Jones,TRUE,FALSE,TRUE,FALSE,FALSE,FALSE,FALSE,FALSE,TRUE,FALSE,"{""coordinates"": [[-79.33722524471125, 43.680424410640796]], ""type"": ""MultiPoint""}"
20335,2026:6000432489,2026-02-28T07:44:00,DIXON RD,ROYAL YORK RD,,2,Non-Fatal Injury,Four-way,Traffic Signal,Angle,Clear,Daylight,Wet,Major Arterial,TRUE,-79.53424846,43.69977127,2,Automobile or Station Wagon,North,2,31,Major,Air Bag Deployed,Driving properly,Normal,,,Going Ahead,,,,,driver,,Etobicoke Centre (2),23 Division,Humber Heights-Westmount,TRUE,FALSE,FALSE,FALSE,FALSE,FALSE,FALSE,TRUE,FALSE,TRUE,"{""coordinates"": [[-79.53424845787613, 43.6997712707787]], ""type"": ""MultiPoint""}"
20336,2026:6000455396,2026-03-03T12:12:00,Sewells RD,1216 Sewells RD,,2,Non-Fatal Injury,At/Near Private Drive,No Control,SMV Other,Clear,Daylight,Dry,Local,FALSE,-79.20740937,43.842259969775576,1,Automobile or Station Wagon,North,1,63,None,Lap Belt Only,Failed to yield right-of-way,Normal,,,Reversing,,,,,driver,,Scarborough-Rouge Park (25),42 Division,Morningside Heights,TRUE,FALSE,FALSE,FALSE,FALSE,FALSE,TRUE,FALSE,FALSE,FALSE,"{""coordinates"": [[-79.2074093729733, 43.842259969775576]], ""type"": ""MultiPoint""}"
20337,2026:6000481059,2026-03-06T20:19:00,EGLINTON AVE E,BRIMLEY RD,,2,Non-Fatal Injury,At Intersection,Traffic Signal,SMV Other,Rain,Dark,Wet,Major Arterial,FALSE,-79.24805851,43.73670399039213,1,,,2,54,Major,Use Unknown,,,Crossing with right-of-way (intersection),Normal,,Driver turns left into pedestrian crossing with right-of-way (at intersection),,,,pedestrian,,Scarborough Centre (21),43 Division,Eglinton East,TRUE,FALSE,FALSE,FALSE,FALSE,FALSE,TRUE,FALSE,FALSE,TRUE,"{""coordinates"": [[-79.24805851270602, 43.73670399039213]], ""type"": ""MultiPoint""}"
20338,2026:6000526230,2026-03-12T19:46:00,Lake Shore Blvd W,LONG BRANCH LOOP,,3,Non-Fatal Injury,Non-Intersection,Traffic Signal,SMV Other,Clear,Dark with Artificial Lighting,Dry,Major Arterial,FALSE,-79.54391907,43.591539141034836,1,Automobile or Station Wagon,East,1,39,None,Lap and Shoulder Belt,Driving properly,Normal,,,Going Ahead,,,,,driver,,Etobicoke-Lakeshore (3),22 Division,Long Branch,FALSE,FALSE,FALSE,FALSE,FALSE,FALSE,TRUE,FALSE,FALSE,FALSE,"{""coordinates"": [[-79.54391907183772, 43.591539141034836]], ""type"": ""MultiPoint""}"
20339,2008:1040898,2008-05-30T11:38:00,331 TRUDELLE St,,,3,Non-Fatal Injury,,No Control,Pedestrian Collision(internal code),Rain,Daylight,Wet,Collector,FALSE,-79.23449049,43.741543976656025,3,,,3,11,Major,Other Safety Equipment Used,,,On sidewalk or shoulder,Normal,,Driver hits pedestrian on sidewalk or shoulder,,,,pedestrian,,Scarborough Centre (21),43 Division,Eglinton East,FALSE,FALSE,FALSE,FALSE,FALSE,FALSE,TRUE,FALSE,TRUE,FALSE,"{""coordinates"": [[-79.23449048759123, 43.741543976656025]], ""type"": ""MultiPoint""}"
20340,2020:0001064375,2020-06-09T22:01:00,DANFORTH AVE,BARRINGTON AVE,27 m West of,4,Non-Fatal Injury,Non-Intersection,No Control,Rear End,Clear,Dark,Dry,Major Arterial,FALSE,-79.30100679,43.68825359296948,1,Motorcycle,West,1,38,Major,Helmet,Lost control,Inattentive,,,Going Ahead,,,,,motorcyclist,,Beaches-East York (19),55 Division,East End-Danforth,FALSE,TRUE,FALSE,TRUE,FALSE,FALSE,FALSE,FALSE,FALSE,FALSE,"{""coordinates"": [[-79.30100679211769, 43.68825359296948]], ""type"": ""MultiPoint""}"
20341,2020:0001064375,2020-06-09T22:01:00,DANFORTH AVE,BARRINGTON AVE,27 m West of,4,Non-Fatal Injury,Non-Intersection,No Control,Rear End,Clear,Dark,Dry,Major Arterial,FALSE,-79.30100679,43.68825359296948,0,,,4,32,Minimal,Lap and Shoulder Belt,,,,,,,,,,passenger,,Beaches-East York (19),55 Division,East End-Danforth,FALSE,TRUE,FALSE,TRUE,FALSE,FALSE,FALSE,FALSE,FALSE,FALSE,"{""coordinates"": [[-79.30100679211769, 43.68825359296948]], ""type"": ""MultiPoint""}"
20342,2017:7003025582,2017-11-19T01:45:00,MARKHAM RD,HIGHWAY 401 C E,,5,Non-Fatal Injury,At Intersection,Traffic Signal,Turning Movement,Rain,Dark with Artificial Lighting,Wet,Major Arterial,FALSE,-79.23468345,43.78384898398926,0,,,4,7,Minor,Lap and Shoulder Belt,,,,,,,,,,passenger,,Scarborough-Guildwood (24),43 Division,Woburn North,TRUE,FALSE,FALSE,FALSE,FALSE,FALSE,FALSE,TRUE,TRUE,FALSE,"{""coordinates"": [[-79.23468345215268, 43.78384898398926]], ""type"": ""MultiPoint""}"
20343,2026:6000861635,2026-04-27T07:36:00,FUNDY BAY BLVD,BIRCHMOUNT RD,,2,Fatal Injury,Four-way,Traffic Signal,Turning Movement,Clear,Daylight,Dry,Major Arterial,FALSE,-79.31221555,43.810729474799494,3,Delivery Van,North,3,79,,,,,,,,,,,,passenger,,Scarborough-Agincourt (22),42 Division,Steeles,FALSE,TRUE,FALSE,TRUE,FALSE,TRUE,FALSE,FALSE,FALSE,TRUE,"{""coordinates"": [[-79.3122155491131, 43.810729474799494]], ""type"": ""MultiPoint""}"
20344,2012:1323727,2012-11-03T02:22:00,ST CLAIR AVE W,OLD WESTON RD,,7,Non-Fatal Injury,,Traffic Signal,SMV Other,Clear,Dark with Artificial Lighting,Dry,Major Arterial,FALSE,-79.46299099,43.67354429098915,2,Automobile or Station Wagon,West,2,23,Major,Use Unknown,Exceeding speed limit,Had Been Drinking,,,Going Ahead,,,,,driver,,Davenport (9),11 Division,Weston-Pelham Park,TRUE,FALSE,FALSE,FALSE,FALSE,FALSE,FALSE,FALSE,FALSE,FALSE,"{""coordinates"": [[-79.4629909923842, 43.67354429098915]], ""type"": ""MultiPoint""}"